﻿編號,土地區段位置,土地移轉面積(平方公尺),使用分區或編定
The serial number,land sector position,land shifting area (square meter),the use zoning or compiles and checks
RPUPMLLLNHNFFCA38CC,西湖段四小段,.00,都市：工
RPPOMLLLNHNFFCA77CC,中山段二小段,.00,都市：商
RPWQMLLLNHNFFCA68CC,德惠段四小段,.00,都市：商
RPQQMLLLNHNFFCA08CC,文德段二小段,.00,都市：住
RPOQMLLLNHNFFCA87CC,吉林段二小段,374.91,都市：商
RPVPMLLLNHNFFCA48CC,金泰段,.00,都市：商
RPXPMLLLNHNFFCA68CC,石潭段三小段,.00,都市：住
RPWPMLLLNHNFFCA58CC,金泰段,.00,都市：商
RPSRMLLLNHNFFCA38CC,吉林段四小段,.00,都市：商
RPSPMLLLNHNFFCA18CC,西湖段四小段,.00,都市：工
RPQNMLLLNHNFFBA67CC,福星段三小段,.00,都市：商
RPQNMLLLNHNFFBA67CC,福星段三小段,.00,都市：商
RPTNMLLLNHNFFBA97CC,臨沂段三小段,.00,都市：住
RPTNMLLLNHNFFBA97CC,臨沂段三小段,.00,都市：住
RPSNMLLLNHNFFBA87CC,城中段一小段,.00,都市：商
RPSNMLLLNHNFFBA87CC,城中段一小段,.00,都市：商
RPVNMLLLNHNFFBA18CC,城中段一小段,.00,都市：商
RPOOMLLLNHNFFBA57CC,臨沂段二小段,.00,都市：住
RPXNMLLLNHNFFBA38CC,福星段二小段,.00,都市：商
RPVOMLLLNHNFFBA28CC,圓環段三小段,.00,都市：商
RPVNMLLLNHNFFDA38CC,信義段四小段,.00,都市：商
RPWOMLLLNHNFFBA38CC,成功段一小段,.00,都市：商
RPQNMLLLNHNFFDA87CC,永春段二小段,.00,都市：住
RPTNMLLLNHNFFDA18CC,寶清段四小段,8.50,都市：住
RPWNMLLLNHNFFDA48CC,逸仙段二小段,.00,非都市： ; 非都市編定：
RPPOMLLLNHNFFDA87CC,永春段一小段,.00,都市：住
RPTOMLLLNHNFFDA28CC,雅祥段四小段,.00,都市：住
RPPNMLLLNHNFFFA97CC,復興段二小段,.00,都市：住
RPRNMLLLNHNFFDA97CC,寶清段四小段,12.75,都市：住
RPUOMLLLNHNFFDA38CC,雅祥段四小段,.00,都市：住
RPUNMLLLNHNFFFA48CC,仁愛段一小段,42.72,都市：住
RPTPMLLLNHNFFFA58CC,仁愛段四小段,108.05,都市：住
RPQPMLLLNHNFFFA28CC,辛亥段六小段,.00,都市：住
RPRPMLLLNHNFFFA38CC,仁愛段六小段,.00,都市：住
RPWOMLLLNHNFFFA78CC,通化段一小段,.00,非都市： ; 非都市編定：
RPWPMLLLNHNFFFA88CC,學府段二小段,.00,都市：住
RPSPMLLLNHNFFEA38CC,大業段四小段,.00,都市：工
RPUNMLLLNHNFFEA38CC,天母段二小段,.00,都市：住
RPQPMLMLNHNFFEA28CC,振興段四小段,.00,都市：商
RPUPMLLLNHNFFEA58CC,文林段四小段,103.00,都市：住
RPRNMLMLNHNFFEA18CC,三合段,.00,都市：住
RPPNMLMLNHNFFAA57CC,永昌段一小段,.00,都市：住
RPVOMLMLNHNFFCA58DC,中山段一小段,.00,都市：商
RPRNMLMLNHNFFFA28CC,復興段二小段,.00,都市：商
RPVOMLMLNHNFFFA78CC,仁愛段二小段,.00,都市：住
RPWNMLMLNHNFFFA78CC,仁愛段三小段,.00,都市：住
RPSOMLMLNHNFFFA48CC,學府段二小段,.00,都市：住
RPRNMLMLNHNFFDA08CC,信義段一小段,18.67,都市：住
RPQOMLMLNHNFFDA08CC,寶清段四小段,.00,都市：其他
RPTOMLMLNHNFFDA38CC,南港段一小段,.00,都市：住
RPWNMLMLNHNFFCA48CC,榮星段五小段,.00,都市：商
RPWNMLMLNHNFFCA48CC,榮星段五小段,.00,都市：商
RPUNMLMLNHNFFBA18CC,公園段二小段,.00,都市：商
RPXNMLMLNHNFFCA58CC,德惠段四小段,.00,都市：商
RPUNMLMLNHNFFCA28CC,德惠段四小段,.00,都市：商
RPXOMLMLNHNFFDA78CC,南港段一小段,6.60,都市：住
RPXOMLMLNHNFFDA78CC,南港段一小段,15.80,都市：住
RPXOMLMLNHNFFDA78CC,南港段一小段,6.60,都市：住
RPSOMLMLNHNFFDA28CC,逸仙段三小段,.00,都市：住
RPSOMLMLNHNFFDA28CC,逸仙段三小段,.00,都市：住
RPOOMLMLNHNFFCA77CC,碧湖段三小段,.00,都市：商
RPPOMLMLNHNFFCA87CC,正義段三小段,.00,都市：商
RPQPMLMLNHNFFCA08CC,長安段四小段,.00,都市：商
RPTNMLNLNHNFFCA28CC,潭美段五小段,.00,都市：其他
RPSNMLNLNHNFFCA18CC,潭美段五小段,.00,都市：其他
RPUNMLNLNHNFFCA38CC,中山段三小段,.00,都市：商
RPQPMLNLNHNFFCA18CC,碧湖段一小段,.00,都市：其他
RPOPMLNLNHNFFCA97CC,正義段三小段,.00,都市：商
RPQQMLNLNHNFFCA28CC,吉林段二小段,.00,都市：商
RPVPMLNLNHNFFCA68CC,中山段二小段,.00,都市：住
RPQQMLNLNHNFFCA28CC,吉林段二小段,.00,都市：商
RPROMLNLNHNFFCA18CC,吉林段五小段,.00,都市：商
RPPQMLNLNHNFFCA18CC,正義段三小段,.00,都市：商
RPUPMLNLNHNFFCA58CC,中山段四小段,.00,都市：商
RPOQMLNLNHNFFCA08CC,長安段二小段,.00,都市：商
RPSQMLNLNHNFFCA48CC,吉林段四小段,.00,都市：商
RPTQMLNLNHNFFCA58CC,文德段五小段,.00,都市：工
RPVQMLNLNHNFFCA78CC,中山段三小段,.00,都市：商
RPUNMLNLNHNFFBA28CC,雙園段一小段,.00,都市：住
RPUNMLNLNHNFFBA28CC,雙園段一小段,.00,都市：住
RPQNMLNLNHNFFDA08CC,西松段一小段,.00,都市：商
RPQNMLNLNHNFFDA08CC,西松段一小段,.00,都市：商
RPXQMLNLNHNFFCA98CC,中山段三小段,.00,都市：商
RPPNMLNLNHNFFBA77CC,市府段一小段,.00,都市：其他
RPXNMLNLNHNFFDA78CC,逸仙段二小段,.00,都市：住
RPXNMLNLNHNFFDA78CC,逸仙段二小段,.00,都市：住
RPXNMLNLNHNFFDA78CC,逸仙段二小段,.00,都市：住
RPXNMLNLNHNFFDA78CC,逸仙段二小段,.00,都市：住
RPVNMLNLNHNFFBA38CC,青年段一小段,.00,都市：住
RPSNMLNLNHNFFDA28CC,祥和段二小段,147.00,都市：住
RPXOMLNLNHNFFBA68CC,萬華段一小段,.00,都市：商
RPXOMLNLNHNFFBA68CC,萬華段一小段,.00,都市：商
RPVOMLNLNHNFFBA48CC,成功段三小段,.00,都市：商
RPROMLNLNHNFFDA28CC,美仁段一小段,.00,都市：商
RPPOMLNLNHNFFDA08CC,吳興段一小段,.00,都市：住
RPPOMLNLNHNFFDA08CC,吳興段一小段,.00,都市：住
RPWOMLNLNHNFFDA78CC,敦化段四小段,.00,都市：住
RPXOMLNLNHNFFDA88CC,三興段一小段,.00,都市：商
RPROMLNLNHNFFAA97CC,政大段四小段,.00,都市：住
RPOOMLNLNHNFFAA67CC,萬隆段二小段,.00,都市：商
RPOOMLNLNHNFFAA67CC,萬隆段二小段,.00,都市：住
RPOOMLNLNHNFFAA67CC,萬隆段二小段,.00,都市：其他
RPOOMLNLNHNFFAA67CC,萬隆段二小段,.00,都市：住
RPVNMLNLNHNFFFA78CC,通化段六小段,.00,都市：住
RPSNMLNLNHNFFEA38CC,光華段四小段,.00,都市：住
RPXOMLNLNHNFFEA98CC,天玉段一小段,.00,都市：住
RPQOMLNLNHNFFAA87CC,萬芳段一小段,.00,都市：住
RPQNMLNLNHNFFEA18CC,蘭雅段三小段,.00,都市：住
RPTNMLOLNHNFFEA58CC,文林段三小段,.00,都市：住
RPQNMLOLNHNFFEA28CC,陽明段三小段,.00,都市：住
RPUNMLOLNHNFFEA68CC,海光段三小段,125.00,都市：商
RPUNMLOLNHNFFEA68CC,海光段三小段,26.00,都市：商
RPRNMLOLNHNFFDA28CC,美仁段一小段,.00,都市：商
RPRNMLOLNHNFFDA28CC,美仁段一小段,.00,都市：商
RPRNMLOLNHNFFDA28CC,美仁段一小段,.00,都市：商
RPRNMLOLNHNFFDA28CC,美仁段一小段,.00,都市：商
RPRNMLOLNHNFFFA48CC,復興段二小段,45.75,都市：商
RPOOMLOLNHNFFFA28CC,仁愛段六小段,.00,都市：其他
RPOOMLOLNHNFFFA28CC,仁愛段六小段,.00,都市：其他
RPOOMLOLNHNFFAA77CC,永昌段一小段,.00,都市：住
RPSNMLOLNHNFFDA38CC,永吉段一小段,.00,都市：住
RPQNMLOLNHNFFFA38CC,仁愛段一小段,.00,都市：商
RPWNMLOLNHNFFDA78CC,祥和段三小段,.00,都市：住
RPQOMLOLNHNFFDA28CC,逸仙段二小段,.00,都市：工
RPXNMLOLNHNFFDA88CC,敦化段五小段,32.80,都市：住
RPVNMLOLNHNFFDA68CC,美仁段二小段,.00,都市：商
RPTOMLOLNHNFFDA58CC,敦化段二小段,25.70,都市：住
RPUOMLOLNHNFFDA68CC,西松段二小段,2.05,都市：住
RPOOMLOLNHNFFBA87CC,玉泉段一小段,.00,都市：商
RPTNMLOLNHNFFBA28CC,文昌段二小段,48.50,都市：住
RPVOMLOLNHNFFDA78CC,美仁段一小段,15.37,都市：商
RPUNMLOLNHNFFDA58CC,敦化段四小段,.00,都市：住
RPXOMLOLNHNFFBA78CC,市府段一小段,.00,都市：商
RPPNMLOLNHNFFCA97CC,金泰段,.00,都市：其他
RPQNMLOLNHNFFCA08CC,長安段四小段,.00,都市：住
RPTNMLOLNHNFFCA38CC,中山段三小段,.00,都市：商
RPRNMLOLNHNFFCA18CC,榮星段六小段,.00,都市：商
RPSOMLOLNHNFFCA38CC,吉林段三小段,.00,都市：商
RPUOMLOLNHNFFCA58CC,德惠段三小段,.00,都市：住
RPVOMLOLNHNFFCA68CC,金泰段,.00,都市：住
RPXOMLOLNHNFFCA88CC,長安段一小段,.00,都市：商
RPPQMLOLNHNFFCA28CC,西湖段四小段,.00,非都市： ; 非都市編定：
RPTPMLOLNHNFFCA58CC,正義段二小段,.00,都市：商
RPUOMLPLNHNFFCA68CC,碧湖段三小段,.00,都市：住
RPTPMLOLNHNFFCA58CC,正義段二小段,.00,都市：商
RPSPMLPLNHNFFCA58CC,文德段二小段,.00,都市：住
RPQPMLOLNHNFFCA28CC,吉林段一小段,.00,都市：住
RPOPMLPLNHNFFCA18CC,舊宗段,.00,都市：其他
RPOPMLPLNHNFFCA18CC,舊宗段,.00,都市：其他
RPVPMLPLNHNFFCA88CC,長安段一小段,.00,都市：商
RPUPMLPLNHNFFCA78CC,中山段二小段,.00,都市：商
RPWPMLPLNHNFFCA98CC,中山段三小段,19.67,都市：商
RPSQMLPLNHNFFCA68CC,德惠段四小段,.00,都市：商
RPXQMLPLNHNFFCA56CC,中山段一小段,.00,都市：商
RPUQMLPLNHNFFCA88CC,中山段三小段,.00,都市：商
RPWQMLPLNHNFFCA09CC,吉林段四小段,.00,都市：住
RPWQMLPLNHNFFCA09CC,吉林段四小段,.00,都市：住
RPTSMLPLNHNFFCA98CC,碧湖段一小段,96.25,非都市： ; 非都市編定：
RPOTMLPLNHNFFCA58CC,西湖段一小段,.00,都市：住
RPPTMLPLNHNFFCA68CC,康寧段三小段,9.43,都市：商
RPVTMLPLNHNFFCA66CC,文德段五小段,.00,都市：住
RPPQMLPLNHNFFCA38CC,榮星段三小段,.00,都市：商
RPWUMLPLNHNFFCA86CC,長安段二小段,.00,都市：商
RPOUMLPLNHNFFCA68CC,東湖段二小段,.00,都市：商
RPRUMLPLNHNFFCA98CC,吉林段三小段,.00,都市：商
RPQRMLPLNHNFFCA58CC,中山段二小段,.00,都市：商
RPQNMLPLNHNFFBA08CC,市府段二小段,.00,都市：商
RPROMLPLNHNFFBA28CC,市府段一小段,.00,都市：其他
RPROMLPLNHNFFBA28CC,市府段一小段,.00,都市：其他
RPROMLPLNHNFFBA28CC,公園段一小段,.00,都市：其他
RPTOMLPLNHNFFDA68CC,玉成段一小段,.00,都市：工
RPWOMLPLNHNFFDA98CC,信義段一小段,.00,非都市： ; 非都市編定：
RPTNMLPLNHNFFDA58CC,雅祥段四小段,.00,都市：商
RPXUMLPLNHNFFCA96CC,西湖段二小段,.00,都市：住
RPSQMLPLNHNFFDA78CC,三興段三小段,.00,都市：商
RPXUMLPLNHNFFCA96CC,西湖段二小段,.00,都市：住
RPQSMLPLNHNFFCA68CC,榮星段六小段,.00,都市：住
RPQSMLPLNHNFFCA68CC,榮星段六小段,.00,都市：住
RPPQMLPLNHNFFDA48CC,信義段五小段,.00,都市：其他
RPTOMLPLNHNFFAA38CC,景美段四小段,.00,都市：商
RPUOMLPLNHNFFAA48CC,興安段三小段,.00,都市：住
RPPOMLPLNHNFFBA08CC,市府段一小段,.00,都市：其他
RPPOMLPLNHNFFBA08CC,市府段一小段,.00,都市：其他
RPPOMLPLNHNFFBA08CC,公園段一小段,.00,都市：其他
RPPOMLPLNHNFFEA38CC,三玉段二小段,.00,都市：住
RPSNMLPLNHNFFEA58CC,天母段一小段,.00,都市：住
RPPOMLPLNHNFFEA38CC,三玉段二小段,.00,都市：住
RPPOMLPLNHNFFEA38CC,三玉段二小段,.00,都市：住
RPPOMLPLNHNFFEA38CC,三玉段二小段,.00,都市：住
RPQNMLPLNHNFFFA48CC,懷生段一小段,.00,都市：其他
RPQNMLPLNHNFFFA48CC,懷生段一小段,.00,都市：其他
RPQNMLPLNHNFFFA48CC,懷生段一小段,.00,都市：其他
RPQNMLPLNHNFFFA48CC,懷生段一小段,.00,都市：其他
RPVNMLPLNHNFFBA58CC,玉泉段二小段,.00,都市：住
RPVNMLPLNHNFFBA58CC,玉泉段二小段,.00,都市：住
RPVNMLPLNHNFFBA58CC,玉泉段二小段,.00,都市：住
RPOPMLPLNHNFFEA38CC,天玉段一小段,.00,都市：住
RPSNMLPLNHNFFAA18CC,興隆段二小段,.00,非都市： ; 非都市編定：
RPSNMLPLNHNFFAA18CC,興隆段二小段,.00,非都市： ; 非都市編定：
RPRNMLQLNHNFFCA38CC,金泰段,.00,都市：商
RPXOMLPLNHNFFEA56CC,天母段四小段,.00,都市：住
RPUPMLPLNHNFFEA98CC,芝蘭段一小段,.00,都市：住
RPWNMLSLNHNFFEA66CC,百齡段三小段,.00,都市：工
RPPNMLRLNHNFFEA48CC,行義段三小段,.00,都市：住
RPXOMLSLNHNFFEA86CC,行義段三小段,.00,都市：住
RPXOMLSLNHNFFEA86CC,行義段三小段,.00,都市：住
RPXOMLSLNHNFFEA86CC,行義段三小段,.00,都市：住
RPXOMLSLNHNFFEA86CC,行義段三小段,.00,都市：住
RPPPMLSLNHNFFEA78CC,芝山段一小段,.00,都市：商
RPWOMLPLNHNFFEA09CC,三玉段二小段,.00,都市：住
RPWNMLSLNHNFFAA88CC,福和段一小段,.00,都市：商
RPQOMLSLNHNFFFA88CC,金華段一小段,.00,都市：商
RPQOMLSLNHNFFFA88CC,金華段一小段,.00,都市：商
RPTOMLSLNHNFFFA56CC,辛亥段一小段,.00,都市：其他
RPSOMLSLNHNFFFA09CC,懷生段一小段,.00,都市：商
RPVOMLSLNHNFFFA76CC,金華段四小段,.00,都市：商
RPRNMLSLNHNFFCA58CC,德惠段四小段,.00,都市：商
RPVNMLSLNHNFFCA98CC,石潭段五小段,.00,都市：住
RPPOMLSLNHNFFFA78CC,辛亥段四小段,.00,都市：住
RPROMLSLNHNFFFA98CC,通化段五小段,.00,都市：住
RPPNMLSLNHNFFDA48CC,民生段,.00,都市：其他
RPRQMLSLNHNFFCA88CC,中山段二小段,.00,都市：商
RPWNMLSLNHNFFCA09CC,德惠段四小段,.00,都市：商
RPXNMLSLNHNFFCA56CC,正義段二小段,.00,都市：商
RPXNMLSLNHNFFCA56CC,正義段二小段,.00,都市：商
RPUNMLSLNHNFFDA98CC,祥和段三小段,.00,都市：住
RPQNMLSLNHNFFDA58CC,寶清段一小段,.00,都市：商
RPVNMLSLNHNFFDA09CC,美仁段一小段,.00,都市：商
RPTOMLSLNHNFFDA98CC,信義段五小段,.00,都市：住
RPUOMLSLNHNFFDA09CC,雅祥段四小段,.00,非都市： ; 非都市編定：
RPRNMLSLNHNFFAA38CC,河堤段二小段,.00,都市：商
RPTPMLSLNHNFFBA88CC,市府段一小段,.00,都市：商
RPOQMLSLNHNFFCA58CC,長春段二小段,.00,都市：商
RPOQMLSLNHNFFCA58CC,長春段二小段,.00,都市：商
RPWQMLSLNHNFFCA76CC,德惠段四小段,.00,都市：商
RPSQMLSLNHNFFBA88CC,成功段一小段,.00,都市：商
RPOOMLKMNHNFFFA97CC,學府段三小段,.00,都市：住
RPOOMLKMNHNFFFA97CC,學府段三小段,.00,都市：住
RPTOMLKMNHNFFFA48CC,懷生段一小段,.00,都市：商
RPSOMLKMNHNFFFA38CC,通化段二小段,.00,都市：商
RPSOMLKMNHNFFFA38CC,通化段二小段,.00,都市：商
RPXOMLKMNHNFFFA88CC,通化段五小段,.00,都市：其他
RPOPMLKMNHNFFFA08CC,復興段三小段,.00,都市：商
RPOPMLKMNHNFFFA08CC,復興段三小段,.00,都市：商
RPPPMLKMNHNFFFA18CC,大安段二小段,.00,非都市： ; 非都市編定：
RPUPMLKMNHNFFFA68CC,復興段二小段,2968.00,都市：住
RPWNMLKMNHNFFAA18CC,景美段四小段,.00,都市：商
RPRPMLKMNHNFFAA87CC,政大段一小段,.00,都市：住
RPVPMLSLNHNFFDA66CC,三興段三小段,.00,都市：住
RPUOMLKMNHNFFAA08CC,興泰段二小段,.00,都市：住
RPTNMLKMNHNFFEA28CC,天山段二小段,.00,都市：住
RPXPMLSLNHNFFBA66CC,城中段一小段,.00,都市：商
RPTPMLKMNHNFFEA48CC,蘭雅段一小段,.00,都市：工
RPXNMLTLNHNFFCA66CC,吉林段三小段,.00,都市：商
RPPQMLKMNHNFFEA18CC,文林段三小段,.00,都市：住
RPPNMLTLNHNFFFA78CC,通化段六小段,.00,都市：住
RPVQMLKMNHNFFEA78CC,天母段四小段,.00,都市：住
RPVNMLKMNHNFFCA28CC,東湖段一小段,.00,都市：住
RPSPMLKMNHNFFEA38CC,光華段四小段,.00,都市：住
RPQOMLKMNHNFFCA87CC,金泰段,21.28,都市：商
RPRNMLKMNHNFFCA87CC,文德段五小段,.00,都市：工
RPOPMLKMNHNFFCA77CC,正義段三小段,.00,都市：商
RPOPMLKMNHNFFCA77CC,正義段三小段,.00,都市：商
RPQPMLKMNHNFFCA97CC,長安段三小段,.00,都市：商
RPQPMLKMNHNFFCA97CC,長安段三小段,.00,都市：商
RPQQMLKMNHNFFEA28CC,文林段一小段,.00,都市：住
RPVPMLKMNHNFFCA48CC,北安段三小段,.00,都市：住
RPPRMLKMNHNFFCA08CC,長春段二小段,.00,都市：住
RPQRMLKMNHNFFCA18CC,金泰段,.00,都市：住
RPRRMLKMNHNFFCA28CC,文德段一小段,.00,都市：住
RPSNMLKMNHNFFBA87CC,玉泉段一小段,.00,都市：商
RPTRMLKMNHNFFCA48CC,東湖段二小段,.00,都市：商
RPQOMLKMNHNFFBA77CC,圓環段二小段,.00,都市：商
RPSOMLKMNHNFFBA97CC,中正段一小段,.00,都市：住
RPQOMLKMNHNFFBA77CC,圓環段二小段,.00,都市：商
RPSOMLKMNHNFFBA97CC,中正段一小段,.00,都市：住
RPXOMLKMNHNFFBA48CC,臨沂段三小段,.00,都市：住
RPXOMLKMNHNFFBA48CC,臨沂段四小段,.00,都市：住
RPQPMLKMNHNFFBA87CC,成功段三小段,.00,都市：商
RPOQMLKMNHNFFBA77CC,臨沂段三小段,.00,都市：商
RPSOMLKMNHNFFDA18CC,民生段,.00,都市：商
RPUNMLKMNHNFFDA28CC,西松段三小段,.00,都市：住
RPSPMLKMNHNFFBA08CC,圓環段三小段,.00,都市：商
RPSPMLKMNHNFFCA18CC,榮星段六小段,.00,都市：其他
RPVOMLKMNHNFFDA48CC,逸仙段二小段,.00,都市：住
RPVOMLKMNHNFFDA48CC,逸仙段二小段,.00,都市：住
RPQPMLKMNHNFFDA08CC,逸仙段三小段,.00,都市：住
RPXPMLKMNHNFFCA68CC,北安段三小段,.00,都市：住
RPVQMLKMNHNFFCA58CC,康寧段三小段,.00,都市：住
RPUOMLLMNHNFFDA48CC,敦化段三小段,.00,都市：商
RPOQMLKMNHNFFCA87CC,吉林段三小段,.00,都市：商
RPXOMLLMNHNFFDA78CC,三興段三小段,.00,都市：住
RPOPMLLMNHNFFDA97CC,吳興段三小段,31.82,都市：住
RPQNMLLMNHNFFCA87CC,東湖段二小段,.00,都市：商
RPPPMLLMNHNFFDA08CC,三興段一小段,.00,都市：商
RPPPMLLMNHNFFDA08CC,三興段一小段,.00,都市：商
RPPPMLLMNHNFFDA08CC,三興段一小段,.00,都市：商
RPPPMLLMNHNFFDA08CC,三興段一小段,.00,都市：商
RPPPMLLMNHNFFDA08CC,三興段一小段,.00,都市：商
RPPPMLLMNHNFFDA08CC,三興段一小段,.00,都市：商
RPPQMLKMNHNFFDA08CC,敦化段一小段,.00,都市：商
RPPQMLKMNHNFFDA08CC,敦化段一小段,.00,都市：商
RPPQMLKMNHNFFDA08CC,敦化段一小段,.00,都市：商
RPPQMLKMNHNFFDA08CC,敦化段一小段,.00,都市：商
RPPQMLKMNHNFFDA08CC,敦化段一小段,.00,都市：商
RPWNMLLMNHNFFBA38CC,雙園段二小段,.00,都市：住
RPSNMLLMNHNFFCA08CC,中山段三小段,.00,都市：住
RPVPMLLMNHNFFBA48CC,市府段一小段,.00,都市：商
RPPOMLLMNHNFFBA77CC,市府段一小段,.00,都市：商
RPQPMLLMNHNFFDA18CC,三興段三小段,.00,都市：住
RPXOMLLMNHNFFCA68CC,榮星段五小段,.00,都市：商
RPUNMLLMNHNFFCA28CC,康寧段二小段,.00,都市：住
RPPPMLLMNHNFFCA97CC,中山段四小段,.00,都市：住
RPVPMLLMNHNFFCA58CC,金泰段,61.87,都市：其他
RPTOMLLMNHNFFEA48CC,振興段一小段,.00,都市：住
RPTPMLLMNHNFFCA38CC,長安段三小段,.00,都市：商
RPTPMLLMNHNFFCA38CC,長安段三小段,.00,都市：商
RPXPMLLMNHNFFFA09CC,仁愛段二小段,.00,都市：住
RPXPMLLMNHNFFFA09CC,仁愛段二小段,.00,都市：其他
RPOQMLLMNHNFFFA28CC,金華段二小段,.00,都市：住
RPQQMLLMNHNFFFA48CC,仁愛段二小段,.00,都市：住
RPQPMLLMNHNFFCA08CC,正義段三小段,.00,都市：商
RPQQMLLMNHNFFFA48CC,仁愛段二小段,.00,都市：住
RPQQMLLMNHNFFFA48CC,仁愛段二小段,.00,都市：住
RPQQMLLMNHNFFFA48CC,仁愛段二小段,.00,都市：住
RPSQMLLMNHNFFFA68CC,瑞安段一小段,.00,都市：商
RPXQMLLMNHNFFFA56CC,龍泉段三小段,.00,都市：住
RPSQMLLMNHNFFFA68CC,瑞安段一小段,.00,都市：商
