﻿編號,土地區段位置,土地移轉面積(平方公尺),使用分區或編定
The serial number,land sector position,land shifting area (square meter),the use zoning or compiles and checks
RPPOMLNLNHNFFAA57CA,實踐段一小段,42.24,都市：住
RPQOMLLLNHNFFAA47CA,華興段一小段,21.88,都市：住
RPTOMLMKOHNFFAA87CA,木柵段三小段,32.33,都市：住
RPTNMLPLNHNFFBA18CA,玉泉段一小段,.14,都市：商
RPPNMLPLNHNFFAA67CA,永昌段一小段,18.58,都市：住
RPUNMLPLNHNFFAA18CA,實踐段二小段,1.70,都市：住
RPUNMLPLNHNFFAA18CA,實踐段二小段,46.95,都市：住
RPXNMLLKOHNFFAA08CA,永昌段二小段,21.90,都市：住
RPUNMLTKOHNFFAA58CA,華興段四小段,32.10,都市：住
RPWOMLNLNHNFFBA38CA,臨沂段一小段,23.62,都市：住
RPTNMLTLNHNFFBA58CA,市府段三小段,.01,都市：其他
RPTNMLTLNHNFFBA58CA,市府段三小段,4.76,都市：商
RPTNMLLMNHNFFAA77CA,木柵段一小段,14.06,都市：商
RPXNMLSLNHNFFBA88CA,直興段一小段,5.12,都市：商
RPOOMLSLNHNFFBA08CA,直興段一小段,4.72,都市：商
RPROMLSLNHNFFBA38CA,直興段一小段,4.72,都市：商
RPPNMLNKOHNFFBA57CA,城中段三小段,.23,都市：商
RPOOMLKLOHNFFBA37CA,福星段二小段,.04,都市：商
RPUNMLQLNHNFFAA28CA,萬隆段二小段,53.93,都市：住
RPOOMLKMNHNFFBA37CA,中正段二小段,13.96,都市：商
RPOOMLKMNHNFFBA37CA,中正段二小段,2.77,都市：住
RPOOMLKMNHNFFBA37CA,中正段二小段,.60,都市：商
RPTPMLKMNHNFFBA97CA,公園段二小段,9.22,都市：商
RPSOMLNJOHNFFBA87CA,大龍段一小段,21.71,都市：住
RPSQMLLLNHNFFCA08CA,石潭段四小段,92.06,都市：住
RPSNMLKLOHNFFBA67CA,福星段二小段,14.25,都市：商
RPORMLLLNHNFFCA77CA,榮星段七小段,.37,都市：住
RPUNMLKLOHNFFBA87CA,福星段二小段,7.06,都市：商
RPVNMLKLOHNFFBA97CA,福星段二小段,6.81,都市：商
RPVQMLLLNHNFFCA38CA,北安段二小段,24.36,都市：住
RPTRMLPLNHNFFCA68CA,北安段四小段,37.79,都市：住
RPUPMLOLNHNFFCA48CA,西湖段一小段,14.72,都市：住
RPUPMLOLNHNFFCA48CA,西湖段一小段,7.97,都市：住
RPUPMLOLNHNFFCA48CA,西湖段一小段,3.01,都市：住
RPWQMLNLNHNFFCA68CA,中山段一小段,25.50,都市：商
RPORMLNLNHNFFCA97CA,長春段二小段,23.75,都市：住
RPXNMLOLNHNFFCA58CA,吉林段四小段,10.62,都市：商
RPTNMLMLNHNFFCA97CA,德惠段四小段,19.93,都市：商
RPWPMLMLNHNFFCA48CA,榮星段七小段,19.04,都市：住
RPVQMLMLNHNFFCA48CA,正義段一小段,5.55,都市：商
RPSQMLMLNHNFFCA18CA,康寧段三小段,5.41,都市：商
RPTNMLQKOHNFFCA38CA,舊宗段,94.68,都市：其他
RPUQMLSLNHNFFCA98CA,正義段三小段,8.73,都市：商
RPUNMLQKOHNFFCA48CA,西湖段二小段,81.41,都市：工
RPUPMLLLNHNFFDA28CA,玉成段五小段,4.90,都市：住
RPVNMLKLOHNFFCA08CA,德惠段三小段,24.25,都市：住
RPWNMLRJOHNFFCA68CA,吉林段五小段,.23,都市：商
RPWNMLRJOHNFFCA68CA,吉林段五小段,2.80,都市：商
RPPPMLLLNHNFFDA77CA,民生段,1.95,都市：商
RPWPMLLLNHNFFDA48CA,玉成段五小段,25.70,都市：住
RPVPMLLLNHNFFEA48CA,立農段五小段,50.30,都市：住
RPSOMLOLNHNFFDA28CA,南港段一小段,30.73,都市：住
RPXNMLKMNHNFFDA38CA,雅祥段四小段,3.23,都市：商
RPQOMLPLNHNFFDA18CA,三興段二小段,33.00,都市：住
RPXNMLKMNHNFFDA38CA,雅祥段四小段,1.36,都市：住
RPOQMLSLNHNFFDA48CA,信義段三小段,79.55,都市：住
RPROMLNLNHNFFEA18CA,三合段,43.94,都市：住
RPXNMLNLNHNFFEA68CA,立農段五小段,18.55,都市：住
RPQOMLNLNHNFFEA08CA,開明段一小段,41.89,都市：住
RPOOMLNLNHNFFFA97CA,復興段一小段,9.19,都市：其他
RPTNMLQJOHNFFEA48CA,軟橋段,47.73,都市：其他
RPPQMLLLNHNFFFA08CA,龍泉段二小段,30.50,都市：住
RPWPMLLMNHNFFCA48CA,石潭段四小段,130.83,都市：住
RPPOMLLLNHNFFAA47DA,萬隆段一小段,18.28,都市：商
RPPOMLLLNHNFFAA47DA,萬隆段一小段,33.25,都市：商
RPUNMLOKOHNFFFA58CA,仁愛段五小段,58.00,都市：住
RPRNMLPLNHNFFAA97DA,公訓段三小段,15.85,都市：住
RPRNMLPLNHNFFAA97DA,公訓段三小段,.21,都市：住
RPRNMLPLNHNFFAA97DA,公訓段三小段,.42,都市：住
RPRNMLPLNHNFFAA97DA,公訓段三小段,.71,都市：住
RPRNMLPLNHNFFAA97DA,公訓段三小段,.19,都市：住
RPRNMLPLNHNFFAA97DA,公訓段三小段,10.93,都市：住
RPRNMLPLNHNFFAA97DA,公訓段三小段,.03,都市：住
RPUPMLOJOHNFFDA48CA,民生段,.01,都市：其他
RPUPMLOJOHNFFDA48CA,民生段,.01,都市：其他
RPUPMLOJOHNFFDA48CA,民生段,.02,都市：其他
RPUPMLOJOHNFFDA48CA,民生段,7.21,都市：住
RPUPMLOJOHNFFDA48CA,民生段,.01,都市：其他
RPSNMLTKOHNFFFA88CA,通化段二小段,1.68,都市：商
RPSNMLTKOHNFFFA88CA,通化段二小段,1.54,都市：商
RPSNMLTKOHNFFFA88CA,通化段二小段,.04,都市：商
RPPNMLMLNHNFFCA67DA,西湖段二小段,167.00,都市：其他
RPQNMLRLNHNFFCA28DA,康寧段二小段,.81,都市：住
RPRNMLNLNHNFFCA97DA,文德段一小段,39.88,都市：住
RPUNMLMLNHNFFFA38CA,仁愛段二小段,7.56,都市：其他
RPUNMLMLNHNFFFA38CA,仁愛段二小段,2.48,都市：其他
RPQOMLNLNHNFFFA18CA,通化段二小段,3.62,都市：商
RPQOMLNLNHNFFFA18CA,通化段二小段,.10,都市：商
RPQOMLNLNHNFFFA18CA,通化段二小段,3.95,都市：商
RPOQMLKMNHNFFDA77CA,西松段二小段,19.17,都市：住
RPSNMLTLNHNFFFA88CA,通化段二小段,29.14,都市：住
RPSNMLTLNHNFFFA88CA,通化段二小段,4.57,都市：其他
RPOQMLKMNHNFFDA77CA,西松段二小段,9.58,都市：住
RPOQMLKMNHNFFDA77CA,西松段二小段,9.58,都市：住
RPSOMLNLNHNFFFA38CA,辛亥段六小段,20.74,都市：住
RPWNMLPJOHNFFBA48DA,華江段二小段,3.32,都市：住
RPWNMLPJOHNFFBA48DA,華江段二小段,1.10,都市：住
RPRNMLRLNHNFFCA38DA,康寧段二小段,35.07,都市：住
RPQOMLPJOHNFFDA18DA,敦化段二小段,40.75,都市：其他
RPXPMLLLNHNFFEA78DA,三玉段四小段,24.12,都市：住
RPVOMLLLNHNFFEA48DA,三合段,39.19,都市：住
RPTOMLPJOHNFFFA58CA,復興段一小段,19.00,都市：其他
RPPNMLMLNHNFFDA77DA,三興段三小段,15.48,都市：住
RPWNMLPJOHNFFCA58DA,德惠段四小段,8.02,都市：商
RPWNMLPJOHNFFCA58DA,德惠段四小段,.21,都市：商
RPPNMLPJOHNFFFA18DA,仁愛段二小段,15.23,都市：商
RPXOMLMLNHNFFFA88DA,仁愛段六小段,6.44,都市：商
RPQNMLRLNHNFFFA58DA,懷生段二小段,9.15,都市：住
RPQNMLRLNHNFFFA58DA,懷生段二小段,6.98,都市：商
RPUOMLPJOHNFFFA78DA,龍泉段一小段,8.51,都市：商
RPROMLPJOHNFFDA28DA,吳興段二小段,.35,都市：住
RPROMLPJOHNFFDA28DA,吳興段二小段,.05,都市：其他
RPWPMLLMNHNFFFA88DA,金華段二小段,.22,都市：商
RPROMLPJOHNFFDA28DA,吳興段二小段,17.10,都市：住
RPROMLPJOHNFFDA28DA,吳興段二小段,.96,都市：其他
RPROMLPJOHNFFDA28DA,吳興段二小段,6.44,都市：住
RPROMLPJOHNFFDA28DA,吳興段二小段,1.01,都市：住
RPROMLPJOHNFFDA28DA,吳興段二小段,1.21,都市：住
RPROMLPJOHNFFDA28DA,吳興段二小段,.96,都市：住
RPPOMLNKOHNFFEA08DA,大屯段一小段,2198.25,都市：其他
RPOOMLNLNHNFFEA97DA,溫泉段一小段,22.03,都市：其他
RPTNMLOLNHNFFFA58DA,懷生段四小段,28.69,都市：住
RPPQMLPLNHNFFEA48DA,行義段二小段,28.53,都市：住
RPWNMLNJOHNFFFA68DA,金華段四小段,4.88,都市：住
RPWNMLNJOHNFFFA68DA,金華段四小段,4.99,都市：住
RPXPMLPLNHNFFEA56DA,振興段二小段,14.74,都市：商
RPXPMLPLNHNFFEA56DA,振興段二小段,.04,都市：其他
RPSPMLPLNHNFFEA68DA,華岡段一小段,242.74,都市：住
RPSQMLKMNHNFFDA28DA,寶清段七小段,6.33,都市：商
RPWNMLKMNHNFFFA58DA,大安段一小段,1.34,都市：商
RPWNMLKMNHNFFFA58DA,大安段一小段,2.24,都市：住
RPWPMLPJOHNFFAA58DA,永昌段五小段,45.75,都市：住
RPSOMLPJOHNFFDA38DA,美仁段一小段,.69,都市：住
RPSOMLPJOHNFFDA38DA,美仁段一小段,24.54,都市：住
RPSOMLPJOHNFFDA38DA,美仁段一小段,.99,都市：住
RPSNMLRLNHNFFCA48DA,吉林段四小段,10.34,都市：商
RPUQMLOLNHNFFCA68DA,榮星段五小段,11.59,都市：住
RPURMLPLNHNFFCA88DA,中山段三小段,32.61,都市：商
RPVOMLOJOHNFFCA48DA,東湖段二小段,45.50,都市：住
RPWPMLKMNHNFFEA68DA,芝山段一小段,16.12,都市：住
RPWPMLKMNHNFFEA68DA,芝山段一小段,29.19,都市：住
RPVQMLPLNHNFFEA09DA,行義段二小段,28.68,都市：住
RPQNMLRLNHNFFEA48DA,振興段三小段,19.25,都市：住
RPXNMLLKOHNFFCA38DA,東湖段一小段,59.03,都市：住
RPWNMLOLNHNFFFA78CA,懷生段二小段,8.77,都市：商
RPWNMLOLNHNFFFA78CA,懷生段二小段,11.50,都市：住
RPQNMLQLNHNFFCA18DA,康寧段二小段,18.57,都市：住
RPXRMLSLNHNFFCA86DA,北安段四小段,44.54,都市：住
RPVRMLSLNHNFFCA66DA,長春段三小段,4.84,都市：商
RPPNMLQJOHNFFAA77DA,南海段一小段,4.26,都市：住
RPPNMLQJOHNFFAA77DA,南海段一小段,4.73,都市：商
RPPNMLQJOHNFFAA77DA,南海段一小段,.34,都市：商
RPROMLSJOHNFFFA68CA,龍泉段三小段,18.38,都市：商
RPROMLSJOHNFFFA68CA,龍泉段三小段,.17,都市：住
RPROMLSJOHNFFFA68CA,龍泉段三小段,.07,都市：住
RPVNMLMLNHNFFEA48DA,華岡段三小段,41.10,都市：商
RPUOMLMLNHNFFEA38CA,奇岩段四小段,38.13,都市：住
RPWOMLMLNHNFFEA58CA,蘭雅段二小段,15.76,都市：商
RPXOMLMLNHNFFEA68CA,大業段二小段,23.25,都市：住
RPQOMLSLOHNFFEA68CA,大業段四小段,8.44,都市：工
RPOPMLSLNHNFFEA48CA,雙溪段重劃一小段,97.50,都市：住
RPPNMLOLNHNFFEA97CA,行義段二小段,16.56,都市：住
RPOPMLMLNHNFFEA87CA,秀山段二小段,.01,都市：其他
RPOPMLMLNHNFFEA87CA,秀山段二小段,45.20,都市：住
RPWOMLSLNHNFFAA88DA,興安段一小段,35.95,都市：住
RPPPMLMLNHNFFEA97CA,桃源段二小段,.14,都市：住
RPPPMLMLNHNFFEA97CA,桃源段二小段,24.63,都市：住
RPSPMLMLNHNFFEA28CA,桃源段五小段,26.39,都市：住
RPRNMLNLNHNFFEA08CA,雙溪段重劃一小段,64.81,都市：住
RPTNMLNLNHNFFEA28CA,三玉段二小段,71.75,都市：住
RPVOMLMLNHNFFEA48CA,行義段二小段,33.74,都市：住
RPTOMLPLNHNFFEA58CA,福林段三小段,37.25,都市：住
RPUNMLPLNHNFFEA58CA,新民段一小段,.13,都市：其他
RPUNMLPLNHNFFEA58CA,新民段一小段,.06,都市：其他
RPUNMLPLNHNFFEA58CA,新民段一小段,1.34,都市：其他
RPUNMLPLNHNFFEA58CA,新民段一小段,.01,都市：其他
RPUNMLPLNHNFFEA58CA,新民段一小段,.04,都市：其他
RPUNMLPLNHNFFEA58CA,新民段一小段,9.73,都市：其他
RPUNMLPLNHNFFEA58CA,新民段一小段,.12,都市：其他
RPUNMLPLNHNFFEA58CA,新民段一小段,.13,都市：其他
RPXNMLPLNHNFFDA78CA,南港段一小段,26.25,都市：商
RPUOMLPLNHNFFEA68CA,光華段四小段,85.00,都市：商
RPWOMLPJOHNFFDA68CA,永吉段二小段,5.45,都市：住
RPWOMLPJOHNFFDA68CA,永吉段二小段,8.70,都市：商
RPTPMLLMNHNFFDA28CA,民生段,35.75,都市：住
RPWOMLLMNHNFFDA48CA,吳興段二小段,22.44,都市：住
RPWOMLLMNHNFFDA48CA,吳興段二小段,3.55,都市：住
RPQNMLOLNHNFFDA97CA,玉成段四小段,8.94,都市：住
RPQNMLOLNHNFFDA97CA,玉成段四小段,28.19,都市：住
RPUPMLOLNHNFFDA58CA,濱江段四小段,20.52,都市：住
RPSOMLRJOHNFFCA38CA,碧湖段四小段,21.75,都市：住
RPQOMLMKOHNFFDA87CA,永春段一小段,28.75,都市：住
RPQNMLMKOHNFFDA77CA,祥和段三小段,4.57,都市：住
RPTNMLLKOHNFFCA87CA,長春段三小段,14.53,都市：商
RPVOMLLMNHNFFCA28CA,正義段二小段,.12,都市：商
RPVOMLKLOHNFFDA28CA,信義段三小段,44.54,都市：其他
RPSQMLRJOHNFFCA58CA,文德段五小段,15.72,都市：工
RPPNMLOLNHNFFDA87CA,中南段五小段,44.75,都市：住
RPRRMLSLNHNFFCA78CA,吉林段五小段,.92,都市：住
RPRRMLSLNHNFFCA78CA,吉林段五小段,3.17,都市：商
RPRRMLSLNHNFFCA78CA,吉林段五小段,15.08,都市：商
RPXNMLNJOHNFFCA38CA,中山段二小段,20.27,都市：商
RPPRMLPLNHNFFCA28CA,北安段二小段,147.22,都市：其他
RPPRMLPLNHNFFCA28CA,北安段二小段,5.87,都市：其他
RPPQMLSLNHNFFCA48CA,吉林段五小段,.46,都市：住
RPPQMLSLNHNFFCA48CA,吉林段五小段,.46,都市：住
RPPQMLSLNHNFFCA48CA,吉林段五小段,1.57,都市：商
RPPQMLSLNHNFFCA48CA,吉林段五小段,1.57,都市：商
RPPQMLSLNHNFFCA48CA,吉林段五小段,7.47,都市：商
RPPQMLSLNHNFFCA48CA,吉林段五小段,7.47,都市：商
RPSPMLOLNHNFFCA28CA,康寧段三小段,27.25,都市：商
RPSPMLOLNHNFFCA28CA,康寧段三小段,.13,都市：住
RPROMLPLNHNFFCA18CA,康寧段三小段,18.83,都市：住
RPTOMLPLNHNFFCA38CA,文德段四小段,3.12,都市：商
RPVQMLPLNHNFFCA78CA,正義段三小段,7.10,都市：商
RPVNMLNLNHNFFDA38CA,向陽段,20.38,都市：住
RPPNMLNLNHNFFDA77CA,中南段四小段,21.00,都市：住
RPSNMLOLNHNFFCA08CA,吉林段一小段,40.00,都市：住
RPWOMLOLNHNFFCA58CA,中山段三小段,19.25,都市：商
RPTPMLKMNHNFFCA08CA,康寧段二小段,31.23,都市：住
RPUQMLNLNHNFFCA48CA,長春段一小段,21.02,都市：住
RPXPMLMLNHNFFCA58CA,文德段四小段,10.51,都市：商
RPXPMLMLNHNFFCA58CA,文德段四小段,20.16,都市：商
RPVOMLNLNHNFFCA38CA,西湖段二小段,14.08,都市：商
RPOPMLNLNHNFFBA67CA,漢中段三小段,3.46,都市：商
RPOOMLLKOHNFFAA27CA,南海段五小段,29.00,都市：住
RPSNMLNLNHNFFBA87CA,青年段一小段,16.78,都市：住
RPPOMLLKOHNFFAA37CA,興泰段一小段,30.52,都市：住
RPPOMLLKOHNFFAA37CA,博嘉段三小段,47.63,都市：住
RPTPMLLMNHNFFBA08CA,市府段一小段,.08,都市：商
RPVNMLLMNHNFFAA97CA,永昌段二小段,22.67,都市：住
RPSOMLNLNHNFFAA87CA,景美段二小段,2.66,都市：住
RPSOMLNLNHNFFAA87CA,景美段二小段,30.10,都市：住
RPVOMLKMNHNFFCA18CA,西湖段一小段,54.47,都市：住
RPQOMLPLNHNFFAA87CA,實踐段一小段,.27,都市：住
RPVOMLOJOHNFFAA18CA,景美段二小段,32.69,都市：住
RPQNMLOLNHNFFAA67CA,景美段五小段,20.12,都市：其他
RPXNMLOLNHNFFAA38CA,指南段二小段,716.50,都市：其他
RPXNMLOLNHNFFAA38CA,指南段二小段,36.08,都市：其他
RPXNMLOLNHNFFAA38CA,指南段二小段,21.50,都市：其他
RPTOMLMLNHNFFBA97CA,臨沂段三小段,38.00,都市：住
RPSOMLMLNHNFFBA87CA,玉泉段二小段,3.11,都市：住
RPSOMLMLNHNFFBA87CA,玉泉段二小段,14.85,都市：住
RPXPMLMLNHNFFAA38CA,實踐段一小段,39.87,都市：住
RPOQMLMLNHNFFAA57CA,南海段四小段,25.75,都市：其他
RPQOMLOLNHNFFAA77CA,南海段一小段,.22,都市：商
RPQOMLOLNHNFFAA77CA,南海段一小段,3.05,都市：商
RPQOMLOLNHNFFAA77CA,南海段一小段,2.75,都市：住
RPTNMLPJOHNFFAA97CA,永昌段六小段,13.87,都市：住
RPTNMLQLNHNFFAA18CA,萬芳段一小段,58.78,都市：住
RPXNMLPJOHNFFAA38CA,華興段四小段,50.74,都市：住
RPROMLOLNHNFFAA87CA,福和段一小段,21.62,都市：商
RPRNMLQLNHNFFAA97CA,木柵段三小段,30.00,都市：住
RPWNMLNLNHNFFAA18CA,河堤段六小段,164.00,都市：住
RPWNMLNLNHNFFAA18CA,河堤段六小段,6.00,都市：住
RPWNMLNLNHNFFAA18CA,河堤段六小段,2.00,都市：其他
RPWNMLNLNHNFFAA18CA,河堤段六小段,2.00,都市：其他
RPXNMLSJOHNFFAA68CA,景美段三小段,30.25,都市：住
RPXNMLPLNHNFFAA48CA,華興段四小段,26.55,都市：住
RPROMLPLNHNFFAA97CA,興隆段四小段,33.25,都市：住
RPVNMLNLNHNFFCA28CA,長安段一小段,24.75,都市：商
RPUNMLRJOHNFFAA28CA,福和段一小段,25.50,都市：住
RPUNMLRJOHNFFAA28CA,福和段一小段,19.00,都市：住
RPUOMLMKOHNFFAA97CA,萬芳段一小段,74.34,都市：住
RPSOMLNLNHNFFBA97CA,迪化段二小段,5.67,都市：其他
RPSOMLNLNHNFFBA97CA,迪化段二小段,2.33,都市：其他
RPSOMLNLNHNFFBA97CA,迪化段二小段,.67,都市：其他
RPPOMLKMNHNFFBA47CA,華江段二小段,25.36,都市：住
RPRNMLPJOHNFFBA87CA,圓環段三小段,3.80,都市：商
RPRNMLPJOHNFFBA87CA,圓環段三小段,18.00,都市：商
RPPNMLPLNHNFFBA77CA,華江段三小段,6.33,都市：其他
RPPNMLPLNHNFFBA77CA,華江段三小段,26.67,都市：其他
RPPPMLNLNHNFFBA77CA,青年段一小段,21.60,都市：住
RPRNMLKMNHNFFBA57CA,華中段三小段,12.16,都市：住
RPUOMLLMNHNFFCA18CA,德惠段二小段,34.25,都市：住
RPPOMLMKOHNFFCA67CA,長春段二小段,1.30,都市：商
RPPOMLMKOHNFFCA67CA,長春段二小段,.14,都市：商
RPPOMLMKOHNFFCA67CA,長春段二小段,.11,都市：商
RPOPMLNLNHNFFDA87CA,永春段一小段,37.00,都市：住
RPPOMLLKOHNFFCA57CA,康寧段四小段,35.91,都市：住
RPWNMLNLNHNFFDA48CA,敦化段一小段,29.16,都市：其他
RPVOMLNLNHNFFDA48CA,雅祥段三小段,9.22,都市：商
RPVOMLNLNHNFFDA48CA,雅祥段三小段,.09,都市：商
RPVOMLNLNHNFFDA48CA,雅祥段三小段,.30,都市：商
RPVOMLNLNHNFFDA48CA,雅祥段三小段,.56,都市：商
RPTPMLOLNHNFFDA48CA,玉成段三小段,15.83,都市：商
RPPPMLOLNHNFFCA97CA,榮星段三小段,34.75,都市：住
RPPPMLOLNHNFFCA97CA,榮星段三小段,3.00,都市：其他
RPVNMLPLNHNFFDA58CA,經貿段,33.09,都市：住
RPRQMLPLNHNFFDA48CA,雅祥段四小段,13.19,都市：住
RPRQMLPLNHNFFDA48CA,雅祥段四小段,3.44,都市：住
RPUPMLSLNHNFFDA98CA,玉成段一小段,57.38,都市：工
RPSQMLKMNHNFFEA28CA,海光段三小段,25.50,都市：其他
RPOPMLSLNHNFFDA38CA,西松段一小段,36.20,都市：住
RPOPMLSLNHNFFDA38CA,西松段一小段,.80,都市：住
RPUQMLKLOHNFFDA38CA,信義段五小段,16.67,都市：住
RPXNMLOLNHNFFFA88CA,懷生段二小段,.01,都市：其他
RPXNMLOLNHNFFFA88CA,懷生段二小段,12.05,都市：住
RPXNMLOLNHNFFEA78CA,立農段一小段,64.25,都市：住
RPQOMLKMNHNFFEA87CA,永平段一小段,24.52,都市：住
RPVNMLLKOHNFFCA08CA,西湖段四小段,58.67,都市：其他
RPVNMLOJOHNFFEA48CA,大業段三小段,30.49,都市：住
RPUNMLPJOHNFFCA28CA,長春段一小段,6.70,都市：商
RPUNMLPJOHNFFCA28CA,長春段一小段,.71,都市：商
RPROMLKMNHNFFEA97CA,永平段一小段,26.62,都市：住
RPTOMLOLNHNFFEA48CA,立農段二小段,12.35,都市：住
RPWNMLPJOHNFFEA68CA,光華段四小段,7.10,都市：住
RPWNMLPJOHNFFEA68CA,光華段四小段,1.17,都市：住
RPWNMLPJOHNFFEA68CA,光華段四小段,23.60,都市：住
RPWNMLPJOHNFFEA68CA,光華段四小段,4.66,都市：住
RPWNMLPJOHNFFEA68CA,光華段四小段,13.62,都市：住
RPWNMLPJOHNFFEA68CA,光華段四小段,2.09,都市：住
RPVNMLLJOHNFFEA18CA,福順段一小段,27.05,都市：住
RPVNMLLJOHNFFEA18CA,福順段一小段,2.39,都市：住
RPWNMLPLNHNFFAA48DA,興隆段一小段,13.02,都市：住
RPWNMLPLNHNFFAA48DA,興隆段一小段,.00,都市：住
RPSNMLRJOHNFFAA18DA,景美段四小段,4.87,都市：商
RPPNMLLMNHNFFFA87CA,復興段一小段,1.37,都市：商
RPPNMLLMNHNFFFA87CA,復興段一小段,5.45,都市：商
RPSNMLQLNHNFFCA38DA,金泰段,20.35,都市：商
RPWOMLPLNHNFFCA78DA,文德段二小段,33.39,都市：住
RPRNMLMLOHNFFFA18CA,懷生段一小段,3.42,都市：其他
RPRNMLMLOHNFFFA18CA,懷生段一小段,.11,都市：其他
RPRNMLMLOHNFFFA18CA,懷生段一小段,.01,都市：其他
RPRNMLMLOHNFFFA18CA,懷生段一小段,.05,都市：其他
RPRNMLMLOHNFFFA18CA,懷生段一小段,.04,都市：其他
RPRNMLMLOHNFFFA18CA,懷生段一小段,.09,都市：其他
RPRNMLMLOHNFFFA18CA,懷生段一小段,.01,都市：其他
RPRNMLMLOHNFFFA18CA,懷生段一小段,.29,都市：其他
RPRNMLMLOHNFFFA18CA,懷生段一小段,.03,都市：其他
RPRNMLMLOHNFFFA18CA,懷生段一小段,.01,都市：其他
RPUNMLNJOHNFFCA18DA,榮星段七小段,19.04,都市：住
RPXNMLPJOHNFFCA68DA,中山段三小段,5.90,都市：商
RPROMLSLNHNFFDA68DA,經貿段,46.10,都市：住
RPQOMLNKOHNFFEA18DA,泉源段二小段,315.14,都市：其他
RPQOMLNKOHNFFEA18DA,泉源段二小段,145.94,都市：其他
RPPOMLOLNHNFFFA18CA,瑞安段一小段,21.06,都市：住
RPTPMLSLNHNFFEA09DA,天母段三小段,51.16,都市：住
RPPOMLLJOHNFFCA57DA,榮星段五小段,2.80,都市：住
RPPOMLLJOHNFFCA57DA,榮星段五小段,25.00,都市：住
RPQOMLLKOHNFFEA97DA,福順段一小段,27.05,都市：住
RPQOMLLKOHNFFEA97DA,福順段一小段,2.39,都市：住
RPQNMLQKOHNFFBA08DA,青年段一小段,38.90,都市：住
RPTNMLMKOHNFFFA38DA,金華段三小段,13.45,都市：住
RPWOMLPLNHNFFFA98CA,懷生段四小段,25.21,都市：住
RPOPMLKMNHNFFAA47DA,景美段一小段,22.00,都市：商
RPVPMLKMNHNFFAA18DA,博嘉段四小段,30.14,都市：住
RPXPMLLJOHNFFEA68DA,光華段二小段,24.00,都市：住
RPXNMLLJOHNFFDA38DA,延吉段一小段,2.60,都市：商
RPXNMLLJOHNFFDA38DA,延吉段一小段,1.17,都市：住
RPPNMLQLNHNFFFA38DA,仁愛段五小段,.14,都市：住
RPRPMLSJOHNFFDA68DA,敦化段一小段,12.04,都市：住
RPQNMLLJOHNFFFA87DA,辛亥段一小段,30.81,都市：住
RPQNMLLJOHNFFFA87DA,辛亥段一小段,17.87,都市：住
RPQNMLQLNHNFFFA48DA,大安段二小段,21.76,都市：住
RPOQMLOJOHNFFDA08DA,逸仙段三小段,2.60,都市：商
RPOQMLOJOHNFFDA08DA,逸仙段三小段,16.95,都市：住
RPOQMLOJOHNFFDA08DA,逸仙段三小段,2.22,都市：商
RPPNMLLJOHNFFDA57DA,永吉段三小段,11.35,都市：住
RPWQMLKMNHNFFEA78DA,百齡段一小段,4.78,都市：住
RPWQMLKMNHNFFEA78DA,百齡段一小段,4.85,都市：住
RPWQMLKMNHNFFEA78DA,百齡段一小段,12.68,都市：住
RPWQMLKMNHNFFEA78DA,百齡段一小段,9.68,都市：住
RPSQMLPLNHNFFEA78DA,立農段四小段,12.91,都市：住
RPQQMLPLNHNFFEA58DA,行義段四小段,23.59,都市：住
RPRNMLRLNHNFFEA58DA,海光段一小段,21.33,都市：住
RPPNMLLLNHNFFAA57CD,興隆段二小段,28.60,都市：住
RPWPMLSLNHNFFDA66DA,敦化段二小段,3.75,都市：商
RPXNMLLMNHNFFCA48DA,中山段二小段,.41,都市：商
RPOOMLLJOHNFFCA47DA,東湖段一小段,36.11,都市：住
RPOVMLPLNHNFFCA68DA,德惠段四小段,4.78,都市：商
RPUNMLQLNHNFFCA58DA,康寧段三小段,27.50,都市：住
RPVOMLSLNHNFFCA98DA,北安段二小段,33.56,都市：住
RPUSMLKMNHNFFCA58DA,東湖段七小段,26.70,都市：住
RPUOMLPJOHNFFBA38DA,莒光段一小段,26.19,都市：住
RPQNMLOJOHNFFFA18DA,復興段三小段,33.58,都市：住
RPRQMLOLNHNFFCA38DA,文德段一小段,37.91,都市：住
RPPNMLOKOHNFFFA08CA,通化段六小段,10.02,都市：其他
RPPNMLOKOHNFFFA08CA,通化段六小段,1.85,都市：其他
RPVOMLPLNHNFFFA88CA,懷生段三小段,46.60,都市：住
RPRNMLQKOHNFFFA48CA,龍泉段三小段,.05,都市：商
RPRNMLQKOHNFFFA48CA,龍泉段三小段,.13,都市：商
RPUNMLRLNHNFFAA48DA,景美段五小段,12.38,都市：商
RPSPMLLMNHNFFBA08DA,圓環段三小段,7.63,都市：商
RPRNMLRLNHNFFAA18DA,景美段四小段,2.04,都市：商
RPQNMLQKOHNFFFA38CA,龍泉段三小段,5.20,都市：商
RPQNMLQKOHNFFFA38CA,龍泉段三小段,14.32,都市：商
RPUOMLKLOHNFFFA38CA,大安段三小段,19.94,都市：住
RPRNMLMLOHNFFEA08CA,大業段三小段,2.58,都市：商
RPOOMLLJOHNFFEA57CA,光華段四小段,34.00,都市：商
RPOOMLLJOHNFFEA57CA,光華段四小段,3.00,都市：其他
RPPNMLPLNHNFFFA18CA,大安段三小段,.01,都市：住
RPUNMLOLNHNFFFA58CA,通化段三小段,23.08,都市：住
RPUNMLOLNHNFFFA58CA,通化段三小段,6.71,都市：商
RPTOMLPLNHNFFFA68CA,龍泉段一小段,9.92,都市：商
RPPQMLQJOHNFFEA38CA,三玉段一小段,18.00,都市：住
RPPQMLQJOHNFFEA38CA,三玉段一小段,.99,都市：住
RPOOMLNKOHNFFCA77DA,吉林段二小段,11.25,都市：其他
RPQOMLPJOHNFFEA18CA,開明段二小段,39.80,都市：商
RPTOMLLLOHNFFCA18DA,正義段四小段,12.36,都市：商
RPTOMLLLOHNFFCA18DA,正義段四小段,2.26,都市：商
RPWOMLKMNHNFFEA48CA,新民段二小段,.66,都市：其他
RPUOMLOJOHNFFEA48CA,陽明段四小段,8.50,都市：住
RPVOMLOJOHNFFEA58CA,三合段,24.45,都市：住
RPXPMLKMNHNFFEA68CA,關渡段二小段,12.67,都市：住
RPTPMLLLOHNFFCA28DA,德惠段四小段,10.00,都市：商
RPXOMLOLNHNFFEA88CA,芝山段二小段,3.97,都市：住
RPSOMLPLNHNFFEA48CA,富安段二小段,80.60,都市：住
RPOQMLPLNHNFFEA28CA,永平段一小段,34.58,都市：住
RPWQMLPLNHNFFEA09CA,振興段一小段,.07,都市：住
RPUOMLOLNHNFFEA58CA,芝山段二小段,1.56,都市：住
RPUOMLOLNHNFFEA58CA,芝山段二小段,18.78,都市：住
RPUOMLOLNHNFFEA58CA,芝山段二小段,11.22,都市：其他
RPUOMLOLNHNFFEA58CA,芝山段二小段,.61,都市：其他
RPUOMLOLNHNFFEA58CA,芝山段二小段,1.03,都市：其他
RPUOMLOLNHNFFEA58CA,芝山段二小段,.04,都市：住
RPUOMLOLNHNFFEA58CA,芝山段二小段,.08,都市：住
RPUOMLOLNHNFFEA58CA,芝山段二小段,.28,都市：其他
RPUOMLOLNHNFFEA58CA,芝山段二小段,22.44,都市：住
RPUOMLOLNHNFFEA58CA,芝山段二小段,.50,都市：其他
RPPNMLPLNHNFFEA08CA,新民段一小段,31.49,都市：住
RPPNMLPLNHNFFEA08CA,新民段一小段,.17,都市：其他
RPPNMLPLNHNFFEA08CA,新民段一小段,.14,都市：其他
RPPPMLPLNHNFFEA28CA,大業段四小段,11.11,都市：住
RPQNMLSLNHNFFEA48CA,天母段三小段,7.36,都市：住
RPQPMLPLNHNFFEA38CA,大業段四小段,11.11,都市：住
RPVOMLPLNHNFFEA78CA,福順段一小段,23.45,都市：住
RPVOMLPLNHNFFEA78CA,福順段一小段,1.98,都市：住
RPROMLLMNHNFFDA97CA,民生段,4.49,都市：商
RPOOMLLJOHNFFDA47CA,南港段二小段,28.00,都市：工
RPPOMLLMNHNFFDA77CA,永吉段二小段,6.49,都市：商
RPPOMLLMNHNFFDA77CA,永吉段二小段,4.06,都市：住
RPOOMLSLNHNFFFA48CA,通化段一小段,3.29,都市：住
RPOOMLSLNHNFFFA48CA,通化段一小段,14.29,都市：住
RPOOMLSLNHNFFFA48CA,通化段一小段,6.00,都市：住
RPQPMLSLNHNFFDA58CA,南港段一小段,16.77,都市：住
RPROMLPKOHNFFDA28CA,濱江段四小段,20.12,都市：住
RPTNMLLKOHNFFDA97CA,三興段二小段,37.80,都市：住
RPWNMLOKOHNFFEA68CA,桃源段一小段,63.13,都市：住
RPTNMLOKOHNFFDA28CA,寶清段七小段,8.53,都市：商
RPVOMLPKOHNFFDA68CA,雅祥段一小段,20.20,都市：住
RPQQMLPLNHNFFDA38CA,延吉段三小段,.69,都市：住
RPQQMLPLNHNFFDA38CA,延吉段三小段,3.60,都市：住
RPQQMLPLNHNFFDA38CA,延吉段三小段,13.02,都市：住
RPQQMLPLNHNFFDA38CA,延吉段三小段,4.80,都市：住
RPQQMLPLNHNFFDA38CA,延吉段三小段,3.43,都市：住
RPQQMLPLNHNFFDA38CA,延吉段三小段,2.06,都市：住
RPQQMLPLNHNFFDA38CA,延吉段三小段,.69,都市：住
RPRQMLOKOHNFFDA38CA,南港段一小段,13.81,都市：商
RPSPMLPLNHNFFDA48CA,敦化段五小段,25.17,都市：住
RPQOMLSLNHNFFDA48CA,三興段一小段,28.12,都市：住
RPTPMLPLNHNFFDA58CA,信義段五小段,20.92,都市：住
RPTPMLPLNHNFFDA58CA,信義段五小段,20.26,都市：住
RPTNMLTLNHNFFEA88CA,陽明段一小段,27.69,都市：商
RPUOMLPLNHNFFDA58CA,信義段三小段,8.54,都市：其他
RPPNMLPLNHNFFDA97CA,經貿段,12.13,都市：住
RPOPMLPLNHNFFDA08CA,信義段三小段,7.92,都市：其他
RPSNMLTLNHNFFEA78CA,陽明段一小段,27.69,都市：商
RPRPMLOLNHNFFDA28CA,民生段,24.93,都市：住
RPRPMLOLNHNFFDA28CA,民生段,20.82,都市：住
RPPNMLTKOHNFFDA38CA,吳興段二小段,4.67,都市：住
RPPNMLTKOHNFFDA38CA,吳興段二小段,4.67,都市：住
RPPNMLTKOHNFFDA38CA,吳興段二小段,4.67,都市：住
RPPNMLTKOHNFFDA38CA,吳興段二小段,4.67,都市：住
RPVQMLLMNHNFFCA48CA,長春段一小段,26.46,都市：住
RPQQMLKMNHNFFCA87CA,德惠段四小段,30.29,都市：商
RPXRMLKMNHNFFCA68CA,德惠段三小段,8.29,都市：商
RPOOMLNJOHNFFCA57CA,石潭段三小段,28.44,都市：商
RPQSMLKMNHNFFCA08CA,德惠段四小段,6.57,都市：商
RPVPMLSLNHNFFCA98CA,東湖段五小段,35.30,都市：住
RPTTMLPLNHNFFCA88CA,東湖段一小段,31.88,都市：住
RPWRMLOLNHNFFCA88CA,中山段一小段,39.70,都市：商
RPWSMLPLNHNFFCA09CA,西湖段一小段,17.09,都市：商
RPRPMLSLNHNFFCA58CA,長春段二小段,.60,都市：商
RPRPMLSLNHNFFCA58CA,長春段二小段,.61,都市：商
RPRPMLSLNHNFFCA58CA,長春段二小段,1.32,都市：商
RPRPMLSLNHNFFCA58CA,長春段二小段,3.16,都市：其他
RPRPMLSLNHNFFCA58CA,長春段二小段,.62,都市：商
RPRPMLSLNHNFFCA58CA,長春段二小段,3.36,都市：商
RPRPMLPLNHNFFCA28CA,吉林段三小段,7.84,都市：商
RPWNMLTLNHNFFCA98CA,榮星段六小段,14.43,都市：住
RPQNMLOKOHNFFCA87CA,榮星段七小段,16.60,都市：住
RPSNMLQJOHNFFCA18CA,吉林段一小段,8.60,都市：商
RPXOMLSLNHNFFCA09CA,長春段三小段,.50,都市：商
RPWQMLOLNHNFFCA78CA,碧湖段二小段,21.60,都市：住
RPXOMLSLNHNFFCA09CA,長春段三小段,7.29,都市：商
RPWQMLOLNHNFFCA78CA,碧湖段二小段,12.80,都市：住
RPXQMLOLNHNFFCA88CA,碧湖段四小段,26.50,都市：住
RPVQMLOLNHNFFCA68CA,東湖段七小段,28.66,都市：住
RPQRMLOLNHNFFCA28CA,西湖段一小段,49.87,都市：住
RPRRMLOLNHNFFCA38CA,西湖段一小段,75.50,都市：住
RPXOMLNKOHNFFBA48CA,莒光段三小段,22.79,都市：住
RPTNMLSLNHNFFCA58CA,文德段四小段,33.10,都市：住
RPQNMLSLNHNFFCA28CA,碧湖段二小段,16.46,都市：商
RPSNMLLMNHNFFAA67CA,政大段一小段,73.92,都市：住
RPSNMLMKOHNFFBA77CA,臨沂段四小段,17.69,都市：住
RPUPMLSLNHNFFBA78CA,臨沂段三小段,30.00,都市：住
RPUOMLLMNHNFFBA08CA,福星段四小段,5.75,都市：商
RPPNMLSLNHNFFBA08CA,大同段二小段,.12,都市：商
RPPNMLSLNHNFFBA08CA,大同段二小段,9.79,都市：商
RPPNMLSLNHNFFBA08CA,大同段二小段,13.79,都市：商
RPRPMLKMNHNFFBA77CA,華江段一小段,68.00,都市：住
RPPOMLSJOHNFFAA97CA,萬芳段三小段,59.00,都市：住
RPSOMLPJOHNFFAA97CA,景美段三小段,6.46,都市：商
RPSNMLSLNHNFFAA28CA,南海段四小段,21.75,都市：住
RPTNMLTLNHNFFAA48CA,南海段二小段,5.71,都市：商
RPTNMLTLNHNFFAA48CA,南海段二小段,3.16,都市：住
RPQNMLQLNHNFFAA87CA,華興段四小段,11.79,都市：住
RPQNMLQLNHNFFAA87CA,華興段四小段,6.17,都市：住
RPUOMLLJOHNFFBA87CA,臨沂段一小段,11.82,都市：住
RPWNMLOLNHNFFAA28CA,政大段二小段,9.36,都市：住
RPTNMLPLNHNFFAA08CA,興安段二小段,35.26,都市：住
RPPNMLKMNHNFFAA27CA,木柵段三小段,10.54,都市：住
RPPNMLQLNHNFFAA77CA,公訓段二小段,5.79,都市：住
RPPOMLSLNHNFFAA08CA,河堤段五小段,2.75,都市：商
RPPOMLSLNHNFFAA08CA,河堤段五小段,.43,都市：住
RPPOMLSLNHNFFAA08CA,河堤段五小段,5.38,都市：商
RPQNMLLJOHNFFBA37CA,福星段三小段,249.39,都市：商
RPQNMLLJOHNFFBA37CA,福星段三小段,.97,都市：其他
RPQNMLLJOHNFFBA37CA,福星段三小段,.97,都市：其他
RPVNMLOLNHNFFBA28CA,青年段一小段,8.41,都市：住
RPVNMLOLNHNFFBA28CA,青年段一小段,1.97,都市：住
RPTOMLSLNHNFFAA48CA,興隆段二小段,13.30,都市：住
RPWNMLQLNHNFFAA48CA,南海段二小段,80.92,都市：住
RPSOMLSLNHNFFAA38CA,河堤段四小段,.41,都市：其他
RPSOMLSLNHNFFAA38CA,河堤段四小段,20.45,都市：住
RPTPMLKMNHNFFAA87CA,萬隆段二小段,.66,都市：商
RPTPMLKMNHNFFAA87CA,萬隆段二小段,.31,都市：商
RPTPMLKMNHNFFAA87CA,萬隆段二小段,.36,都市：商
RPTPMLKMNHNFFAA87CA,萬隆段二小段,.29,都市：商
RPTPMLKMNHNFFAA87CA,萬隆段二小段,.38,都市：商
RPTPMLKMNHNFFAA87CA,萬隆段二小段,.67,都市：商
RPTPMLKMNHNFFAA87CA,萬隆段二小段,23.32,都市：商
RPXNMLKMNHNFFAA08CA,福和段二小段,39.32,都市：住
RPPOMLKMNHNFFAA37CA,興泰段一小段,80.64,都市：住
RPPNMLSLNHNFFAA97CA,永昌段四小段,14.74,都市：住
RPXNMLQLNHNFFAA58CA,南海段二小段,79.31,都市：住
RPWOMLOLNHNFFBA48CA,文昌段二小段,.03,都市：住
RPWOMLOLNHNFFBA48CA,文昌段二小段,26.57,都市：住
RPVNMLOJOHNFFAA08CA,景美段四小段,5.86,都市：住
RPTNMLSJOHNFFAA28CA,公訓段三小段,.88,都市：住
RPTNMLSJOHNFFAA28CA,萬芳段三小段,22.51,都市：住
RPQOMLQJOHNFFAA87CA,河堤段二小段,3.27,都市：商
RPUOMLSLNHNFFBA68CA,雙園段一小段,15.45,都市：商
RPTNMLOJOHNFFAA87CA,河堤段五小段,34.75,都市：住
RPPQMLSLNHNFFBA38CA,大龍段二小段,18.03,都市：住
RPPNMLKLOHNFFBA37CA,延平段一小段,24.67,都市：商
RPTOMLPKOHNFFBA28CA,雙連段二小段,4.74,都市：商
RPPNMLKLOHNFFBA37CA,延平段一小段,5.67,都市：商
RPTOMLPKOHNFFBA28CA,雙連段二小段,6.11,都市：住
RPTOMLQJOHNFFBA28CA,萬華段一小段,1.96,都市：商
RPQOMLSLNHNFFCA38CA,吉林段四小段,6.59,都市：商
RPWTMLPLNHNFFCA56CA,德惠段四小段,7.49,都市：商
RPXOMLQJOHNFFBA68CA,福星段一小段,9.00,都市：商
RPXTMLPLNHNFFCA66CA,德惠段四小段,7.92,都市：商
RPSUMLPLNHNFFCA88CA,德惠段四小段,.44,都市：其他
RPSUMLPLNHNFFCA88CA,德惠段四小段,11.01,都市：商
RPUUMLPLNHNFFCA09CA,榮星段四小段,26.28,都市：商
RPURMLSLNHNFFCA09CA,長春段一小段,21.32,都市：住
RPWPMLKMNHNFFCA38CA,康寧段四小段,12.71,都市：住
RPROMLKMNHNFFCA77CA,文德段二小段,14.83,都市：住
RPSOMLLMNHNFFCA97CA,舊宗段,91.09,都市：其他
RPOOMLOJOHNFFCA67CA,康寧段三小段,17.31,都市：商
RPOOMLOJOHNFFCA67CA,康寧段三小段,.01,都市：其他
RPXPMLLMNHNFFCA58CA,文德段四小段,14.26,都市：商
RPUQMLOKOHNFFCA58CA,吉林段四小段,33.50,都市：商
RPTQMLOKOHNFFCA48CA,吉林段四小段,33.50,都市：商
RPOOMLSLNHNFFDA28CA,玉成段三小段,2.51,都市：住
RPWOMLSLNHNFFDA09CA,玉成段四小段,1.69,都市：住
RPWNMLSLNHNFFDA98CA,向陽段,10.49,都市：住
RPTNMLSLNHNFFDA68CA,永春段三小段,28.56,都市：住
RPOQMLPLNHNFFDA18CA,美仁段一小段,35.23,都市：住
RPOOMLOJOHNFFBA57CA,華江段一小段,25.48,都市：住
RPXOMLSLNHNFFDA56CA,玉成段四小段,1.69,都市：住
RPSNMLPKOHNFFCA18CA,西湖段二小段,51.96,都市：住
RPSPMLSLNHNFFDA78CA,敦化段五小段,25.27,都市：住
RPOOMLKMNHNFFDA57CA,寶清段一小段,5.71,都市：商
RPTPMLSLNHNFFDA88CA,福德段一小段,24.95,都市：住
RPSNMLLMNHNFFDA97CA,西松段一小段,57.96,都市：住
RPRPMLLMNHNFFDA08CA,向陽段,83.99,都市：住
RPSOMLLJOHNFFAA57CA,河堤段四小段,18.18,都市：住
RPVPMLLJOHNFFDA28CA,民生段,41.75,都市：住
RPUNMLOKOHNFFAA08CA,萬隆段一小段,21.00,都市：住
RPUOMLKMNHNFFDA18CA,吳興段一小段,2.00,都市：住
RPRNMLTLNHNFFDA58CA,永吉段一小段,20.34,都市：住
RPVNMLPKOHNFFCA48CA,吉林段四小段,11.26,都市：商
RPTNMLSLNHNFFEA78CA,翠山段一小段,97.44,都市：住
RPXNMLSLNHNFFEA56CA,溫泉段二小段,35.12,都市：住
RPRNMLLMNHNFFEA97CA,蘭雅段二小段,.17,都市：住
RPUQMLPLNHNFFEA88CA,陽明段一小段,27.00,都市：住
RPUQMLPLNHNFFEA88CA,陽明段一小段,6.67,都市：住
RPUNMLTLNHNFFEA98CA,文林段三小段,22.31,都市：住
RPWNMLLJOHNFFAA87CA,興泰段三小段,.05,都市：其他
RPWNMLLJOHNFFAA87CA,興泰段三小段,1.06,都市：其他
RPWNMLLJOHNFFAA87CA,興泰段三小段,10.44,都市：其他
RPWPMLPLNHNFFEA98CA,崇仰段四小段,30.92,都市：住
RPWNMLOKOHNFFFA78CA,仁愛段六小段,1.51,都市：住
RPUOMLPLNHNFFFA78CA,通化段五小段,15.03,都市：其他
RPPPMLSLNHNFFFA68CA,龍泉段一小段,35.25,都市：住
RPXOMLSLNHNFFFA76CA,瑞安段二小段,10.60,都市：住
RPPOMLKMNHNFFFA87CA,仁愛段二小段,27.80,都市：住
RPOOMLRJOHNFFDA08CA,永吉段二小段,6.15,都市：商
RPOOMLRJOHNFFDA08CA,永吉段二小段,3.85,都市：住
RPXNMLKMNHNFFFA58CA,懷生段一小段,24.46,都市：住
RPXNMLKMNHNFFFA58CA,懷生段一小段,8.44,都市：住
RPTOMLRJOHNFFDA58CA,南港段二小段,24.25,都市：住
RPPNMLKMNHNFFFA77CA,仁愛段四小段,18.51,都市：住
RPVNMLNJOHNFFDA28CA,永吉段一小段,14.45,都市：住
RPQNMLQJOHNFFFA28CA,懷生段二小段,9.15,都市：住
RPQNMLQJOHNFFFA28CA,懷生段二小段,6.98,都市：商
RPTNMLQLNHNFFCA48DA,中山段一小段,5.42,都市：商
RPWRMLSLNHNFFCA76DA,中山段三小段,3.56,都市：商
RPVSMLKMNHNFFCA68DA,長安段三小段,2.20,都市：商
RPVSMLKMNHNFFCA68DA,長安段三小段,2.19,都市：商
RPVSMLKMNHNFFCA68DA,長安段三小段,2.25,都市：商
RPPNMLNJOHNFFCA67DA,東湖段二小段,12.50,都市：商
RPVNMLPJOHNFFCA48DA,長春段二小段,.51,都市：住
RPVNMLPJOHNFFCA48DA,長春段二小段,.63,都市：住
RPVNMLPJOHNFFCA48DA,長春段二小段,2.87,都市：住
RPVNMLPJOHNFFCA48DA,長春段二小段,2.31,都市：住
RPVNMLPJOHNFFCA48DA,長春段二小段,3.37,都市：住
RPSOMLLMNHNFFDA18DA,中南段四小段,125.00,都市：住
RPQNMLNJOHNFFCA77DA,碧湖段四小段,14.99,都市：其他
RPRNMLSLNHNFFDA58DA,寶清段一小段,13.20,都市：商
RPTQMLPLNHNFFEA88DA,天母段三小段,32.55,都市：住
RPTNMLMKOHNFFDA18DA,雅祥段一小段,11.30,都市：住
RPTNMLMKOHNFFDA18DA,雅祥段一小段,11.93,都市：住
RPTNMLMKOHNFFDA18DA,雅祥段一小段,.01,都市：住
RPTNMLMKOHNFFDA18DA,雅祥段一小段,14.05,都市：住
RPSNMLNJOHNFFFA28DA,金華段四小段,8.99,都市：住
RPOOMLNKOHNFFDA87DA,永春段三小段,27.46,都市：住
RPSNMLTLNHNFFDA78DA,福德段二小段,22.75,都市：住
RPSPMLPJOHNFFDA48DA,民生段,34.25,都市：其他
RPPNMLKKOHNFFFA77DA,龍泉段三小段,8.10,都市：商
RPPNMLKKOHNFFFA77DA,龍泉段三小段,7.16,都市：商
RPTOMLNJOHNFFCA18DA,吉林段四小段,24.37,都市：商
RPUNMLQKOHNFFAA38DA,興泰段一小段,49.76,都市：住
RPUNMLQKOHNFFAA38DA,興泰段一小段,12.68,都市：住
RPUNMLQKOHNFFAA38DA,興泰段一小段,1.48,都市：住
RPVQMLPJOHNFFCA78DA,榮星段七小段,80.06,都市：住
RPRPMLLMNHNFFCA08DA,中山段一小段,3.50,都市：商
RPVNMLKMNHNFFFA38CA,懷生段二小段,59.00,都市：其他
RPPOMLPJOHNFFFA28DA,龍泉段三小段,4.57,都市：商
RPWOMLSLNHNFFCA09DA,金泰段,11.10,都市：商
RPRPMLKMNHNFFFA18CA,復興段三小段,11.71,都市：其他
RPXNMLQJOHNFFEA88CA,軟橋段,47.54,都市：其他
RPSPMLSLNHNFFEA98DA,行義段三小段,26.14,都市：住
RPRNMLKMNHNFFFA97CA,瑞安段一小段,.01,都市：其他
RPRNMLKMNHNFFFA97CA,瑞安段一小段,32.89,都市：住
RPVNMLQJOHNFFEA68CA,軟橋段,46.59,都市：其他
RPPOMLQJOHNFFEA18CA,軟橋段,47.54,都市：其他
RPQOMLQJOHNFFEA28CA,三合段,24.45,都市：住
RPSOMLQJOHNFFEA48CA,軟橋段,47.73,都市：其他
RPVOMLOKOHNFFEA68CA,關渡段三小段,20.62,都市：住
RPRNMLKKOHNFFCA67DA,正義段一小段,7.70,都市：商
RPTNMLLJOHNFFEA97CA,永平段四小段,18.30,都市：住
RPXOMLMKOHNFFEA68CA,福林段一小段,45.20,都市：住
RPSNMLLMNHNFFEA08CA,軟橋段,47.54,都市：其他
RPTNMLLMNHNFFEA18CA,新洲美段,47.49,都市：住
RPPNMLMKOHNFFBA57DA,市府段一小段,14.83,都市：商
RPUNMLLMNHNFFEA28CA,軟橋段,46.40,都市：其他
RPQPMLPJOHNFFEA28CA,新民段二小段,4.65,都市：其他
RPQPMLPJOHNFFEA28CA,開明段二小段,1.07,都市：其他
RPQPMLPJOHNFFEA28CA,大業段一小段,.03,都市：其他
RPRNMLQJOHNFFEA28CA,新洲美段,46.79,都市：其他
RPRPMLSLNHNFFEA78CA,海光段二小段,31.00,都市：住
RPTOMLKMNHNFFEA18CA,百齡段五小段,.47,都市：住
RPTOMLKMNHNFFEA18CA,百齡段五小段,.09,都市：其他
RPTOMLKMNHNFFEA18CA,百齡段五小段,13.76,都市：住
RPTOMLKMNHNFFEA18CA,百齡段五小段,.24,都市：其他
RPTOMLKMNHNFFEA18CA,百齡段五小段,.00,都市：其他
RPTOMLKMNHNFFEA18CA,百齡段五小段,21.00,都市：住
RPTOMLKMNHNFFEA18CA,百齡段五小段,.93,都市：住
RPTOMLKMNHNFFEA18CA,百齡段五小段,1.64,都市：住
RPTOMLKMNHNFFEA18CA,百齡段五小段,.16,都市：其他
RPQNMLTJOHNFFCA38DA,榮星段七小段,4.75,都市：住
RPUPMLKMNHNFFDA28CA,延吉段三小段,26.33,都市：其他
RPVNMLLKOHNFFDA18CA,玉成段二小段,18.36,都市：工
RPVNMLLKOHNFFDA18CA,玉成段二小段,4.00,都市：工
RPVNMLLKOHNFFDA18CA,玉成段二小段,.50,都市：工
RPVNMLLKOHNFFDA18CA,玉成段二小段,.30,都市：工
RPXOMLKMNHNFFDA48CA,西松段一小段,5.52,都市：其他
RPQPMLLMNHNFFEA08CA,溫泉段一小段,12.25,都市：其他
RPVOMLLMNHNFFEA48CA,新洲美段,48.11,都市：住
RPUOMLLMNHNFFEA38CA,軟橋段,47.73,都市：住
RPQOMLKMNHNFFDA77CA,新光段三小段,31.76,都市：住
RPPOMLKMNHNFFDA67CA,福德段一小段,21.64,都市：住
RPROMLKMNHNFFDA87CA,美仁段二小段,27.38,都市：住
RPUOMLOJOHNFFCA28CA,榮星段七小段,.37,都市：住
RPOQMLPKOHNFFCA08CA,中山段一小段,1.70,都市：商
RPOQMLPKOHNFFCA08CA,中山段一小段,5.44,都市：商
RPPPMLSLNHNFFDA48CA,西松段二小段,3.76,都市：其他
RPVQMLRJOHNFFCA88CA,正義段一小段,13.37,都市：其他
RPRNMLKKOHNFFAA47DA,政大段三小段,37.46,都市：住
RPQNMLLKOHNFFCA57CA,金泰段,30.44,都市：商
RPPNMLPJOHNFFCA77CA,北安段四小段,33.55,都市：住
RPRNMLPJOHNFFCA97CA,中山段一小段,.29,都市：商
RPTOMLKMNHNFFCA97CA,中山段三小段,5.55,都市：商
RPRNMLPJOHNFFCA97CA,中山段一小段,1.26,都市：商
RPRNMLPJOHNFFCA97CA,中山段一小段,1.50,都市：商
RPWQMLKMNHNFFCA48CA,德惠段四小段,3.72,都市：商
RPWQMLKMNHNFFCA48CA,德惠段四小段,.03,都市：其他
RPROMLSJOHNFFCA38CA,中山段三小段,30.61,都市：商
RPOOMLOJOHNFFDA77CA,西松段三小段,31.55,都市：住
RPOOMLOJOHNFFDA77CA,西松段三小段,41.05,都市：住
RPOOMLOJOHNFFDA77CA,西松段三小段,.14,都市：住
RPSNMLTLNHNFFCA58CA,正義段三小段,3.84,都市：商
RPSNMLTLNHNFFCA58CA,正義段三小段,.01,都市：商
RPRNMLTLNHNFFCA48CA,長安段四小段,21.80,都市：商
RPRPMLLMNHNFFBA87CA,文昌段一小段,10.00,都市：其他
RPXQMLSLNHNFFCA66CA,北安段三小段,34.75,都市：住
RPPPMLSLNHNFFCA38CA,金泰段,47.09,都市：住
RPPOMLLJOHNFFBA37CA,大龍段一小段,16.72,都市：商
RPPOMLLJOHNFFBA37CA,大龍段一小段,12.64,都市：商
RPSOMLLMNHNFFBA87CA,文昌段二小段,30.96,都市：住
RPRQMLSLNHNFFBA58CA,中正段一小段,7.62,都市：住
RPRQMLSLNHNFFBA58CA,中正段一小段,1.17,都市：住
RPVPMLKMNHNFFBA18CA,玉泉段一小段,4.92,都市：商
RPROMLKMNHNFFBA67CA,直興段一小段,49.37,都市：住
RPSNMLTLNHNFFBA48CA,雙園段二小段,4.00,都市：住
RPSNMLTLNHNFFBA48CA,雙園段二小段,54.50,都市：住
RPQNMLQLOHNFFBA08CA,雙園段二小段,26.75,都市：住
RPUNMLKMNHNFFCA97CA,碧湖段二小段,47.00,都市：住
RPWOMLLLOHNFFDA48CA,玉成段三小段,16.59,都市：商
RPXNMLQJOHNFFAA48CA,萬慶段三小段,34.75,都市：住
RPRNMLNLOHNFFBA87CA,雙園段二小段,17.11,都市：住
RPTQMLSLNHNFFBA78CA,中正段一小段,7.62,都市：住
RPTQMLSLNHNFFBA78CA,中正段一小段,1.17,都市：住
RPXNMLKMNHNFFBA18CA,臨沂段二小段,23.48,都市：住
RPORMLSLNHNFFCA48CA,石潭段四小段,195.30,都市：住
RPQNMLKMNHNFFBA47CA,文昌段一小段,22.05,都市：住
RPTOMLTKOHNFFAA58CA,萬隆段二小段,2.83,都市：商
RPTOMLLJOHNFFAA67CA,公訓段三小段,24.12,都市：住
RPTOMLTKOHNFFAA58CA,萬隆段二小段,1.67,都市：商
RPTOMLTKOHNFFAA58CA,萬隆段二小段,15.09,都市：商
RPTOMLTKOHNFFAA58CA,萬隆段二小段,10.45,都市：商
RPVNMLQLOHNFFAA48CA,永昌段四小段,.00,都市：其他
RPVNMLQLOHNFFAA48CA,永昌段四小段,13.15,都市：住
RPRNMLLJOHNFFAA37CA,南海段四小段,40.00,都市：其他
RPRNMLLJOHNFFAA37CA,南海段四小段,23.00,都市：其他
RPSNMLLJOHNFFAA47CA,南海段四小段,4.50,都市：其他
RPSNMLLJOHNFFAA47CA,南海段四小段,18.00,都市：其他
RPQOMLLJOHNFFAA37CA,萬芳段三小段,38.60,都市：住
RPQOMLLJOHNFFAA37CA,公訓段三小段,1.50,都市：住
RPPNMLLJOHNFFAA17CA,南海段四小段,2.61,都市：其他
RPTNMLSLNHNFFAA38CA,政大段一小段,57.76,都市：住
RPQNMLLJOHNFFAA27CA,南海段四小段,2.61,都市：其他
RPSNMLKMNHNFFAA57CA,興隆段三小段,18.94,都市：住
RPRNMLTLNHNFFAA28CA,河堤段一小段,59.00,都市：住
RPROMLSLNHNFFAA28CA,興安段二小段,15.96,都市：住
RPVNMLKMNHNFFAA87CA,木柵段一小段,20.77,都市：住
RPSPMLKMNHNFFAA77CA,南海段三小段,6.24,都市：住
RPSPMLKMNHNFFAA77CA,南海段三小段,22.94,都市：住
RPSPMLKMNHNFFAA77CA,南海段三小段,6.44,都市：住
RPSPMLKMNHNFFAA77CA,南海段三小段,.40,都市：住
RPSPMLKMNHNFFAA77CA,南海段三小段,6.24,都市：住
RPSPMLKMNHNFFAA77CA,南海段三小段,1.01,都市：住
RPVOMLKMNHNFFAA97CA,興安段一小段,34.40,都市：住
RPOOMLKMNHNFFAA27CA,博嘉段三小段,495.00,都市：住
RPTNMLKMNHNFFAA67CA,福和段一小段,.40,都市：商
RPTNMLKMNHNFFAA67CA,福和段一小段,.09,都市：商
RPTNMLKMNHNFFAA67CA,福和段一小段,.09,都市：商
RPTNMLKMNHNFFAA67CA,福和段一小段,.01,都市：商
RPQPMLTKOHNFFAA38CA,政大段二小段,6.13,都市：住
RPXOMLOJOHNFFAA38CA,頭廷段二小段,71.40,都市：住
RPPOMLPJOHNFFAA67CA,華興段四小段,51.39,都市：住
RPUPMLKMNHNFFAA97CA,河堤段五小段,8.72,都市：商
RPQQMLKMNHNFFAA67CA,南海段四小段,3.13,都市：其他
RPWNMLQJOHNFFAA38CA,木柵段四小段,28.55,都市：住
RPPOMLOJOHNFFAA57CA,萬芳段二小段,27.42,都市：住
RPROMLOKOHNFFAA87CA,政大段二小段,33.33,都市：住
RPQOMLLJOHNFFBA47CA,大龍段一小段,.27,都市：商
RPQOMLLJOHNFFBA47CA,大龍段一小段,.21,都市：商
RPSNMLPLOHNFFAA08CA,景美段一小段,.14,都市：住
RPSNMLPLOHNFFAA08CA,景美段一小段,.80,都市：住
RPVOMLPKOHNFFAA38CA,興安段四小段,5.20,都市：住
RPVOMLPKOHNFFAA38CA,興安段四小段,47.48,都市：住
RPXPMLKMNHNFFBA38CA,雙連段三小段,.91,都市：商
RPXPMLKMNHNFFBA38CA,雙連段三小段,4.67,都市：商
RPUPMLKMNHNFFBA08CA,圓環段三小段,11.71,都市：商
RPXNMLMKOHNFFBA28CA,福星段二小段,2.59,都市：商
RPSNMLLJOHNFFCA67CA,潭美段四小段,33.51,都市：住
RPOPMLOKOHNFFCA87CA,中山段二小段,19.36,都市：住
RPSSMLKMNHNFFCA28CA,中山段一小段,.14,都市：商
RPSSMLKMNHNFFCA28CA,中山段一小段,4.93,都市：商
RPXNMLKMNHNFFCA28CA,文德段二小段,25.15,都市：住
RPWNMLKMNHNFFCA18CA,德惠段四小段,10.49,都市：商
RPPNMLKMNHNFFCA47CA,石潭段四小段,1.51,都市：住
RPPNMLKMNHNFFCA47CA,石潭段四小段,11.62,都市：住
RPPNMLLKOHNFFBA37CA,華中段二小段,32.00,都市：住
RPPNMLLKOHNFFBA37CA,華中段二小段,2.50,都市：其他
RPVNMLLMNHNFFCA18CA,中山段一小段,3.31,都市：商
RPSPMLRJOHNFFCA48CA,碧湖段三小段,11.22,都市：住
RPUNMLLKOHNFFCA97CA,西湖段四小段,66.39,都市：其他
RPSNMLPJOHNFFDA18CA,永吉段二小段,8.10,都市：商
RPSNMLPJOHNFFDA18CA,永吉段二小段,6.43,都市：住
RPSQMLOKOHNFFDA48CA,南港段一小段,15.56,都市：商
RPUNMLPLOHNFFCA48CA,長春段一小段,12.09,都市：商
RPUNMLPLOHNFFCA48CA,長春段一小段,.75,都市：商
RPUNMLPLOHNFFCA48CA,長春段一小段,10.40,都市：商
RPUNMLPLOHNFFCA48CA,長春段一小段,.64,都市：商
RPUNMLSLOHNFFCA78CA,榮星段二小段,5.90,都市：住
RPUNMLSLOHNFFCA78CA,榮星段二小段,1.49,都市：住
RPWNMLKMNHNFFDA28CA,新光段二小段,22.20,都市：住
RPOQMLOKOHNFFCA97CA,德惠段三小段,7.88,都市：住
RPOQMLOKOHNFFCA97CA,德惠段三小段,7.88,都市：住
RPOQMLOKOHNFFCA97CA,德惠段三小段,7.88,都市：住
RPOQMLOKOHNFFCA97CA,德惠段三小段,7.88,都市：住
RPWNMLOJOHNFFDA48CA,麗山段二小段,85.16,都市：其他
RPWNMLOJOHNFFDA48CA,麗山段二小段,19.59,都市：其他
RPPNMLRJOHNFFDA08CA,美仁段一小段,34.85,都市：住
RPVNMLKMNHNFFDA18CA,美仁段一小段,22.63,都市：住
RPSPMLKMNHNFFDA08CA,三興段三小段,53.00,都市：住
RPQQMLKMNHNFFDA97CA,新光段二小段,22.20,都市：住
RPUOMLLLOHNFFDA28CA,新光段二小段,.44,都市：住
RPUOMLLLOHNFFDA28CA,新光段二小段,.30,都市：住
RPUOMLLLOHNFFDA28CA,新光段二小段,.00,都市：住
RPRPMLKMNHNFFDA97CA,經貿段,30.11,都市：住
RPXNMLLMNHNFFDA48CA,逸仙段二小段,48.03,都市：工
RPXNMLLMNHNFFDA48CA,逸仙段二小段,.08,都市：工
RPXOMLKMNHNFFEA58CA,天玉段三小段,5.05,都市：住
RPXOMLKMNHNFFEA58CA,天玉段三小段,7.66,都市：住
RPOOMLLLOHNFFDA67CA,經貿段,56.29,都市：住
RPWNMLKMNHNFFEA38CA,富安段二小段,605.00,都市：住
RPSPMLLMNHNFFEA28CA,三玉段五小段,23.00,都市：其他
RPTOMLMLOHNFFCA18CA,正義段一小段,9.36,都市：商
RPTQMLKMNHNFFEA38CA,立農段二小段,35.25,都市：住
RPVPMLQLOHNFFDA98CA,中南段四小段,21.80,都市：住
RPPNMLLMNHNFFEA77CA,豐年段四小段,15.03,都市：其他
RPTNMLPLOHNFFDA48CA,玉成段一小段,42.50,都市：工
RPPNMLKMNHNFFEA67CA,芝山段三小段,34.48,都市：住
RPSNMLKMNHNFFEA97CA,海光段一小段,.09,都市：住
RPSNMLKMNHNFFEA97CA,海光段一小段,9.88,都市：住
RPUNMLQJOHNFFDA48CA,玉成段四小段,6.75,都市：住
RPUNMLQJOHNFFDA48CA,玉成段四小段,8.75,都市：住
RPUNMLQJOHNFFDA48CA,玉成段四小段,8.75,都市：住
RPUNMLQJOHNFFDA48CA,玉成段四小段,1.00,都市：住
RPVNMLLMNHNFFEA38CA,大業段二小段,8.41,都市：商
RPQNMLLJOHNFFEA67CA,桃源段一小段,11.51,都市：住
RPUOMLLJOHNFFEA18CA,文林段五小段,29.00,都市：住
RPUPMLOKOHNFFEA68CA,天母段三小段,15.03,都市：商
RPVPMLOJOHNFFEA68CA,振興段三小段,15.53,都市：住
RPSNMLKMNHNFFFA08CA,瑞安段二小段,52.25,都市：住
RPVOMLRJOHNFFEA88CA,三玉段二小段,5.87,都市：商
RPVOMLRJOHNFFEA88CA,三玉段二小段,10.48,都市：商
RPWNMLSJOHNFFEA98CA,立農段四小段,33.50,都市：住
RPOQMLSJOHNFFEA48CA,新民段二小段,13.74,都市：商
RPVNMLPJOHNFFAA28DA,木柵段一小段,14.95,都市：商
RPROMLPKOHNFFAA08DA,河堤段六小段,1.69,都市：住
RPROMLPKOHNFFAA08DA,河堤段六小段,11.11,都市：商
RPXPMLSJOHNFFEA66CA,立農段四小段,31.98,都市：住
RPXPMLSJOHNFFEA66CA,立農段四小段,1.48,都市：住
RPSOMLPLOHNFFFA68CA,懷生段三小段,37.40,都市：住
RPOOMLQJOHNFFFA18CA,龍泉段一小段,3.85,都市：住
RPOOMLQJOHNFFFA18CA,龍泉段一小段,25.33,都市：住
RPOOMLQJOHNFFFA18CA,龍泉段一小段,3.31,都市：其他
RPOOMLQJOHNFFFA18CA,龍泉段一小段,.04,都市：住
RPOOMLQJOHNFFFA18CA,龍泉段一小段,.44,都市：其他
RPOOMLQJOHNFFFA18CA,龍泉段一小段,.12,都市：住
RPTOMLOJOHNFFFA48CA,復興段一小段,48.00,都市：商
RPSPMLOJOHNFFFA48CA,通化段一小段,7.77,都市：商
RPXOMLSJOHNFFFA66CA,復興段二小段,7.64,都市：商
RPUNMLOJOHNFFBA18DA,莒光段四小段,69.00,都市：住
RPVOMLLMNHNFFBA28DA,華中段二小段,10.96,都市：住
RPVOMLLMNHNFFBA28DA,華中段二小段,5.11,都市：住
RPPOMLKLOHNFFFA87CA,懷生段三小段,41.30,都市：住
RPSOMLKLOHNFFFA18CA,懷生段三小段,37.40,都市：住
RPPNMLNJOHNFFBA57DA,漢中段二小段,9.21,都市：商
RPSNMLTJOHNFFCA58DA,潭美段四小段,20.50,都市：住
RPTSMLKMNHNFFCA48DA,北安段三小段,44.26,都市：住
RPTOMLPJOHNFFCA38DA,文德段二小段,51.38,都市：住
RPRNMLNJOHNFFCA87DA,康寧段三小段,28.40,都市：住
RPXNMLRLOHNFFCA09DA,吉林段三小段,10.15,都市：商
RPXNMLRLOHNFFCA09DA,吉林段三小段,10.71,都市：商
RPXNMLNJOHNFFAA28DA,華興段四小段,.94,都市：住
RPXNMLNJOHNFFAA28DA,華興段四小段,.46,都市：住
RPXNMLNJOHNFFAA28DA,華興段四小段,1.68,都市：住
RPXNMLNJOHNFFAA28DA,華興段四小段,1.26,都市：住
RPXNMLNJOHNFFAA28DA,華興段四小段,4.40,都市：住
RPXNMLNJOHNFFAA28DA,華興段四小段,1.84,都市：住
RPXNMLNJOHNFFAA28DA,華興段四小段,.34,都市：住
RPXNMLNJOHNFFAA28DA,華興段四小段,1.36,都市：住
RPXNMLNJOHNFFAA28DA,華興段四小段,.22,都市：住
RPSOMLMKOHNFFDA18DA,敦化段五小段,21.47,都市：住
RPORMLKMNHNFFEA08DA,文林段五小段,32.00,都市：住
RPPNMLOJOHNFFEA97DA,桃源段五小段,21.83,都市：住
RPPNMLOJOHNFFEA97DA,桃源段五小段,.29,都市：住
RPPNMLLJOHNFFFA77DA,通化段四小段,2.16,都市：住
RPPNMLLJOHNFFFA77DA,通化段四小段,5.29,都市：住
RPQNMLPJOHNFFFA28DA,通化段一小段,4.61,都市：商
RPQNMLPJOHNFFFA28DA,通化段一小段,.00,都市：住
RPQNMLPJOHNFFFA28DA,通化段一小段,1.57,都市：住
RPQNMLPJOHNFFFA28DA,通化段一小段,.13,都市：住
RPPNMLNLNHNFFDA08CD,福德段一小段,20.09,都市：住
RPPNMLNLNHNFFDA08CD,福德段一小段,.84,都市：其他
RPPNMLNLNHNFFDA08CD,福德段一小段,.72,都市：住
RPPNMLNLNHNFFDA08CD,福德段一小段,.58,都市：其他
RPPNMLNLNHNFFDA08CD,福德段一小段,.32,都市：住
RPPNMLNLNHNFFDA08CD,福德段一小段,.53,都市：住
RPPNMLNLNHNFFDA08CD,福德段一小段,.12,都市：住
RPPNMLNLNHNFFDA08CD,福德段一小段,.37,都市：住
RPPNMLNLNHNFFDA08CD,福德段一小段,.59,都市：住
RPPNMLNLNHNFFDA08CD,福德段一小段,1.70,都市：住
RPPNMLNLNHNFFDA08CD,福德段一小段,.51,都市：住
RPSNMLMKOHNFFCA97DA,碧湖段三小段,39.93,都市：住
