﻿鄉鎮市區,交易標的,土地區段位置/建物區段門牌,土地面積(平方公尺),都市土地使用分區,非都市土地使用分區,非都市土地使用編定,租賃年月日,租賃筆棟數,租賃層次,總樓層數,建物型態,主要用途,主要建材,建築完成年月,建物總面積(平方公尺),建物現況格局-房,建物現況格局-廳,建物現況格局-衛,建物現況格局-隔間,有無管理組織,有無附傢俱,總額(元),單價(元/平方公尺),車位類別,車位面積(平方公尺),車位總額(元),備註,編號
The villages and towns urban district,transaction sign,land sector position/building sector house number plate,land shifting total area (square meter),the use zoning or compiles and checks,the non-metropolis land use district,non-metropolis land use,transaction year, month and day,transaction pen number,shifting level,total floor number,building state,main use,main building materials,construction to complete the years,building shifting total area,Building present situation pattern - room,building present situation pattern - hall,building present situation pattern - health,building present situation pattern - compartmented,Whether there is manages the organization,Whether there is attaches the furniture,total price (Yuan),the unit price (a Yuan/square meter),the berth category,berth shifting total area (square meter),the berth total price (Yuan),the note,serial number
中山區,建物,臺北市中山區民權西路9巷1~30號,0.0,商,,,1070416,土地0建物1車位0,九層,14,住宅大樓(11層含以上有電梯),見其他登記事項,鋼筋混凝土造,1011112,77.27,1,1,1,有,有,有,40000,518,,0.0,0,,RPPOMLLLNHNFFCA77CC
內湖區,房地(土地+建物),臺北市內湖區基湖路31~60號,0.0,工,,,1070425,土地1建物1車位0,五層,12,辦公商業大樓,工業用,鋼筋混凝土造,0900326,872.86,1,0,0,有,有,無,346552,397,,0.0,0,,RPSPMLLLNHNFFCA18CC
內湖區,建物,臺北市內湖區瑞光路358巷38弄31~60號,0.0,工,,,1070416,土地0建物1車位0,三層,11,廠辦,見其他登記事項,見其他登記事項,0960215,185.6,0,0,0,無,有,有,131250,707,,0.0,0,,RPUPMLLLNHNFFCA38CC
中山區,建物,臺北市中山區樂群二路91~120號,0.0,商,,,1070509,土地0建物1車位0,一層,11,辦公商業大樓,商業用,鋼筋混凝土造,0971121,240.39,0,0,0,無,有,無,160970,670,坡道平面,0.0,0,含一個車位,RPVPMLLLNHNFFCA48CC
中山區,建物,臺北市中山區樂群二路91~120號,0.0,商,,,1070509,土地0建物1車位0,一層,11,辦公商業大樓,商業用,鋼筋混凝土造,0971121,259.26,0,0,0,無,有,無,206120,795,,0.0,0,,RPWPMLLLNHNFFCA58CC
內湖區,建物,臺北市內湖區成功路二段115巷1~30號,0.0,住,,,1070509,土地0建物1車位0,五層,11,住宅大樓(11層含以上有電梯),住家用,鋼筋混凝土造,1041118,94.22,2,1,1,有,無,有,40000,425,,0.0,0,,RPXPMLLLNHNFFCA68CC
中山區,房地(土地+建物),臺北市中山區松江路151~180號,374.91,商,,,1070413,土地1建物1車位0,十層,11,辦公商業大樓,商業用,鋼筋混凝土造,0670130,76.03,0,0,0,無,無,有,30000,395,,0.0,0,分租約23坪,RPOQMLLLNHNFFCA87CC
內湖區,建物,臺北市內湖區文德路22巷9弄31~60號,0.0,住,,,1070508,土地0建物1車位0,地下一層,13,辦公商業大樓,商業用,鋼筋混凝土造,0800108,264.46,0,0,0,無,有,無,65000,246,,0.0,0,,RPQQMLLLNHNFFCA08CC
中山區,建物,臺北市中山區林森北路571~600號,0.0,商,,,1070425,土地0建物1車位0,十三層,13,住宅大樓(11層含以上有電梯),住家用,鋼筋混凝土造,1000726,89.86,2,1,2,有,有,有,65000,723,,0.0,0,,RPWQMLLLNHNFFCA68CC
中山區,建物,臺北市中山區新生北路二段60巷31~60號,0.0,商,,,1060427,土地0建物1車位0,三層,6,套房(1房1廳1衛),商業用,鋼筋混凝土造,0860628,27.919999999999998,1,1,1,有,有,有,16500,591,,0.0,0,租金含管理費。,RPSRMLLLNHNFFCA38CC
萬華區,建物,臺北市萬華區漢中街91~120號,0.0,商,,,1070410,土地0建物1車位0,一層,6,店面(店鋪),商業用,鋼筋混凝土造,,171.39,0,0,0,無,無,無,1050000,6126,,0.0,0,本租賃案件含地下室,RPQNMLLLNHNFFBA67CC
中正區,建物,臺北市中正區漢口街一段91~120號,0.0,商,,,1070425,土地0建物1車位0,六層,9,華廈(10層含以下有電梯),商業用,鋼筋混凝土造,,56.199999999999996,0,0,0,無,有,有,19490,347,,0.0,0,含租賃所得稅,RPSNMLLLNHNFFBA87CC
中正區,建物,臺北市中正區仁愛路二段91~120號,0.0,住,,,1070411,土地0建物1車位0,地下一層,7,店面(店鋪),見使用執照,鋼筋混凝土造,,825.13,0,0,0,無,無,無,430000,521,,0.0,0,承租範圍：1樓及地下室,RPTNMLLLNHNFFBA97CC
中正區,建物,臺北市中正區延平南路61~90號,0.0,商,,,1070430,土地0建物1車位0,九層,10,華廈(10層含以下有電梯),住家用,鋼筋混凝土造,0700402,59.150000000000006,0,0,0,無,有,有,22000,372,,0.0,0,含租賃所得稅,RPVNMLLLNHNFFBA18CC
萬華區,建物,臺北市萬華區中華路一段61~90號,0.0,商,,,1070516,土地0建物1車位0,十三層,14,辦公商業大樓,住家用,鋼筋混凝土造,0870604,30.980000000000004,0,0,0,無,有,有,13000,420,,0.0,0,含租賃所得稅,RPXNMLLLNHNFFBA38CC
中正區,建物,臺北市中正區臨沂街29巷1~30號,0.0,住,,,1070518,土地0建物1車位0,二層,5,公寓(5樓含以下無電梯),住家用,鋼筋混凝土造,0930102,37.5,2,1,1,有,無,有,26000,693,,0.0,0,,RPOOMLLLNHNFFBA57CC
大同區,建物,臺北市大同區太原路151~180號,0.0,商,,,1070430,土地0建物1車位0,二層,19,住宅大樓(11層含以上有電梯),住家用,鋼筋混凝土造,0910225,201.48000000000002,3,1,2,有,有,有,60000,298,,0.0,0,,RPVOMLLLNHNFFBA28CC
中正區,建物,臺北市中正區忠孝東路一段31~60號,0.0,商,,,1070426,土地0建物1車位0,三層,14,套房(1房1廳1衛),見其他登記事項,鋼筋混凝土造,0960511,35.19,1,0,1,有,有,有,20000,568,,0.0,0,,RPWOMLLLNHNFFBA38CC
信義區,建物,臺北市信義區松德路151~180號,0.0,住,,,1070511,土地0建物1車位0,六層,30,辦公商業大樓,商業用,鋼骨混凝土造,0820524,144.61,3,1,2,有,有,無,50000,346,,0.0,0,,RPQNMLLLNHNFFDA87CC
松山區,房地(土地+建物),臺北市松山區南京東路五段291巷20弄1~30號,12.75,住,,,1070424,土地1建物1車位0,一層,4,公寓(5樓含以下無電梯),住家用,鋼筋混凝土造,0570906,40.46,0,1,1,有,無,無,16000,395,,0.0,0,,RPRNMLLLNHNFFDA97CC
松山區,房地(土地+建物),臺北市松山區南京東路五段291巷20弄1~30號,8.5,住,,,1070424,土地1建物1車位0,一層,4,公寓(5樓含以下無電梯),住家用,鋼筋混凝土造,0570906,26.98,0,1,1,有,無,無,10000,371,,0.0,0,,RPTNMLLLNHNFFDA18CC
信義區,建物,臺北市信義區忠孝東路五段61~90號,0.0,商,,,1070501,土地0建物0車位0,三十六層,46,辦公商業大樓,見其他登記事項,見其他登記事項,1040415,295.57,0,0,0,無,有,無,329923,1116,,0.0,0,,RPVNMLLLNHNFFDA38CC
信義區,建物,臺北市信義區基隆路一段61~90號,0.0,,,,1070417,土地0建物1車位1,八層,12,辦公商業大樓,見其他登記事項,鋼筋混凝土造,0960919,329.88,0,0,0,無,有,無,85182,258,坡道平面,39.68,0,,RPWNMLLLNHNFFDA48CC
信義區,建物,臺北市信義區松山路540巷3弄1~30號,0.0,住,,,1070513,土地0建物1車位0,三層,6,華廈(10層含以下有電梯),住家用,鋼筋混凝土造,0811009,134.92,5,2,2,有,有,有,35000,259,,0.0,0,,RPPOMLLLNHNFFDA87CC
信義區,建物,臺北市信義區忠孝東路五段31巷18弄1~30號,0.0,住,,,1070504,土地0建物1車位0,三層,7,華廈(10層含以下有電梯),住家用,鋼筋混凝土造,0970918,73.38,2,2,1,有,無,有,40760,555,,0.0,0,,RPTOMLLLNHNFFDA28CC
信義區,建物,臺北市信義區忠孝東路五段31巷18弄1~30號,0.0,住,,,1070504,土地0建物1車位0,二層,7,華廈(10層含以下有電梯),住家用,鋼筋混凝土造,0970918,73.38,2,2,1,有,無,有,40760,555,,0.0,0,,RPUOMLLLNHNFFDA38CC
大安區,建物,臺北市大安區大安路一段106巷1~30號,0.0,住,,,1070430,土地0建物1車位0,六層,7,華廈(10層含以下有電梯),住家用,鋼筋混凝土造,0721130,179.17000000000002,4,2,2,有,有,有,56000,313,,0.0,0,,RPPNMLLLNHNFFFA97CC
大安區,建物,臺北市大安區光復南路240巷31~60號,42.72,住,,,1070413,土地0建物1車位0,一層,7,店面(店鋪),見使用執照,鋼筋混凝土造,,117.11,0,0,0,無,有,無,170280,1454,,0.0,0,,RPUNMLLLNHNFFFA48CC
大安區,建物,臺北市大安區信義路四段361~390號,0.0,,,,1070510,土地0建物1車位0,十三層,15,住宅大樓(11層含以上有電梯),住家用,鋼筋混凝土造,1001027,267.4,4,2,3,有,有,有,115000,430,,0.0,0,,RPWOMLLLNHNFFFA78CC
大安區,建物,臺北市大安區和平東路二段308巷31~60號,0.0,住,,,1070511,土地0建物1車位0,五層,5,公寓(5樓含以下無電梯),住家用,鋼筋混凝土造,,114.05,2,2,2,有,無,有,29000,254,,0.0,0,,RPQPMLLLNHNFFFA28CC
大安區,建物,臺北市大安區延吉街62巷6弄1~30號,0.0,住,,,1070510,土地0建物1車位0,四層,7,華廈(10層含以下有電梯),住家用,鋼筋混凝土造,0760430,148.04,3,2,2,有,無,有,57082,386,,0.0,0,,RPRPMLLLNHNFFFA38CC
大安區,房地(土地+建物),臺北市大安區安和路一段90巷31~60號,108.05,住,,,1070516,土地1建物1車位0,一層,7,店面(店鋪),住家用,鋼筋混凝土造,0690725,108.05,0,0,0,無,無,無,100000,925,,0.0,0,,RPTPMLLLNHNFFFA58CC
大安區,建物,臺北市大安區辛亥路二段171巷1~30號,0.0,住,,,1070520,土地0建物1車位0,六層,7,華廈(10層含以下有電梯),住家用,鋼筋混凝土造,,193.03,3,2,2,有,無,有,60000,311,,0.0,0,,RPWPMLLLNHNFFFA88CC
士林區,建物,臺北市士林區天玉街38巷16弄1~30號,0.0,住,,,1070502,土地0建物1車位0,全,2,透天厝,住家用,加強磚造,0530624,357.92,0,0,0,無,無,無,273000,763,,0.0,0,1、2樓營業使用,RPUNMLLLNHNFFEA38CC
北投區,建物,臺北市北投區中央南路二段1~30號,0.0,工,,,1070512,土地0建物1車位0,十六層,19,廠辦,見其他登記事項,鋼筋混凝土造,1040828,99.72,2,2,1,有,有,有,43138,433,,0.0,0,,RPSPMLLLNHNFFEA38CC
北投區,建物,臺北市北投區石牌路一段166巷91~120號,103.0,住,,,1070521,土地0建物1車位0,一層,5,公寓(5樓含以下無電梯),商業用,鋼筋混凝土造,0660323,141.56,0,0,0,無,無,無,35000,247,,0.0,0,,RPUPMLLLNHNFFEA58CC
北投區,建物,臺北市北投區三合街一段82巷91~120號,0.0,住,,,1070513,土地0建物1車位1,一層,9,華廈(10層含以下有電梯),住家用,鋼筋混凝土造,1040708,170.41,3,2,2,有,有,有,40000,235,坡道平面,45.44,0,租金含管理費,RPRNMLMLNHNFFEA18CC
北投區,建物,臺北市北投區石牌路二段31~60號,0.0,商,,,1070515,土地0建物1車位0,一層,4,店面(店鋪),商業用,鋼筋混凝土造,0640519,167.74,0,1,2,有,無,無,210000,1252,,0.0,0,,RPQPMLMLNHNFFEA28CC
中正區,建物,臺北市中正區福州街31~60號,0.0,住,,,1070513,土地0建物1車位0,六層,7,華廈(10層含以下有電梯),住家用,鋼筋混凝土造,0770912,120.71000000000001,3,2,2,有,有,有,25000,207,,0.0,0,,RPPNMLMLNHNFFAA57CC
中山區,建物,臺北市中山區雙城街3巷1~30號,0.0,商,,,1070427,土地0建物1車位0,一層,15,辦公商業大樓,商業用,鋼筋混凝土造,0841201,67.22,0,0,0,無,有,無,40000,595,,0.0,0,,RPVOMLMLNHNFFCA58DC
大安區,建物,臺北市大安區復興南路一段211~240號,0.0,商,,,1070518,土地0建物1車位0,七層,12,住宅大樓(11層含以上有電梯),商業用,鋼筋混凝土造,0771229,40.53,1,1,1,有,有,有,18000,444,,0.0,0,,RPRNMLMLNHNFFFA28CC
大安區,建物,臺北市大安區安和路一段109巷1~30號,0.0,住,,,1070516,土地0建物1車位0,一層,7,店面(店鋪),住家用,鋼筋混凝土造,0690524,165.23999999999998,0,0,0,無,無,有,140000,847,,0.0,0,,RPWNMLMLNHNFFFA78CC
大安區,建物,臺北市大安區復興南路二段301~330號,0.0,住,,,1070508,土地0建物1車位0,三層,4,公寓(5樓含以下無電梯),住家用,鋼筋混凝土造,,102.69,0,0,0,無,無,無,32000,312,,0.0,0,,RPSOMLMLNHNFFFA48CC
大安區,建物,臺北市大安區延吉街126巷1~30號,0.0,住,,,1070508,土地0建物1車位0,一層,7,華廈(10層含以下有電梯),住家用,鋼筋混凝土造,,73.55,0,0,0,無,無,無,60000,816,,0.0,0,,RPVOMLMLNHNFFFA78CC
信義區,房地(土地+建物),臺北市信義區松德路91~120號,18.67,住,,,1070511,土地1建物1車位0,七層,24,住宅大樓(11層含以上有電梯),住家用,鋼筋混凝土造,0831006,203.77,4,2,2,有,有,有,68110,334,,0.0,0,,RPRNMLMLNHNFFDA08CC
松山區,建物,臺北市松山區南京東路五段211~240號,0.0,其他,,,1070521,土地0建物1車位0,四層,18,住宅大樓(11層含以上有電梯),住家用,鋼筋混凝土造,0980331,55.43000000000001,0,0,0,無,有,無,23000,415,,0.0,0,,RPQOMLMLNHNFFDA08CC
信義區,建物,臺北市信義區信義路361~390號,0.0,住,,,1070501,土地0建物1車位0,九層,12,住宅大樓(11層含以上有電梯),住家用,鋼筋混凝土造,0660402,148.43,3,1,1,有,有,無,60000,404,,0.0,0,,RPSOMLMLNHNFFDA28CC
南港區,建物,臺北市南港區興東街1~30號,0.0,住,,,1070430,土地0建物1車位0,一層,7,華廈(10層含以下有電梯),商業用,鋼筋混凝土造,0841117,134.05,2,3,2,有,無,無,65000,485,,0.0,0,租賃樓層1-2樓,RPTOMLMLNHNFFDA38CC
南港區,房地(土地+建物),臺北市南港區重陽路511~540號,29.0,住,,,1070428,土地3建物1車位0,三層,5,公寓(5樓含以下無電梯),工業用,鋼筋混凝土造,,99.81,3,2,1,有,無,無,20000,200,,0.0,0,,RPXOMLMLNHNFFDA78CC
中正區,房地(土地+建物),臺北市中正區開封街一段1~30號,0.0,商,,,1070519,土地0建物5車位0,一層,12,店面(店鋪),商業用,鋼筋混凝土造,0770930,304.83,0,0,1,有,有,無,170000,558,,0.0,0,,RPUNMLMLNHNFFBA18CC
中山區,建物,臺北市中山區林森北路571~600號,0.0,商,,,1070501,土地0建物1車位0,十二層,13,住宅大樓(11層含以上有電梯),住家用,鋼筋混凝土造,1000726,89.76,1,1,1,有,有,有,64000,713,,0.0,0,,RPUNMLMLNHNFFCA28CC
中山區,建物,臺北市中山區民權東路三段1~30號,0.0,商,,,1070518,土地0建物1車位0,十層,15,住宅大樓(11層含以上有電梯),住家用,鋼筋混凝土造,0851125,195.8,3,2,2,有,有,有,67800,346,,0.0,0,,RPWNMLMLNHNFFCA48CC
中山區,建物,臺北市中山區林森北路571~600號,0.0,商,,,1070501,土地0建物1車位0,十一層,13,住宅大樓(11層含以上有電梯),住家用,鋼筋混凝土造,1000726,88.99000000000001,1,1,1,有,有,有,66000,742,,0.0,0,,RPXNMLMLNHNFFCA58CC
內湖區,建物,臺北市內湖區內湖路一段691~720號,0.0,商,,,1070521,土地0建物1車位0,十三層,14,住宅大樓(11層含以上有電梯),住家用,鋼筋混凝土造,1001028,240.79,3,2,2,有,有,有,88471,367,,0.0,0,,RPOOMLMLNHNFFCA77CC
中山區,建物,臺北市中山區天津街1~30號,0.0,商,,,1070516,土地0建物1車位0,一層,4,店面(店鋪),,加強磚造,,83.26,0,1,1,有,無,無,55000,661,,0.0,0,,RPPOMLMLNHNFFCA87CC
中山區,建物,臺北市中山區長安東路二段91~120號,0.0,商,,,1070430,土地0建物1車位0,八層,12,辦公商業大樓,商業用,鋼筋混凝土造,0740528,138.14,0,0,0,無,有,無,52500,380,,0.0,0,,RPQPMLMLNHNFFCA08CC
內湖區,建物,臺北市內湖區南京東路六段451巷31~60號,0.0,其他,,,1070502,土地0建物1車位1,十二層,14,住宅大樓(11層含以上有電梯),商業用,鋼筋混凝土造,0971205,101.43,3,2,2,有,有,無,28000,276,坡道機械,16.52,0,,RPSNMLNLNHNFFCA18CC
內湖區,建物,臺北市內湖區行善路383巷1~30號,0.0,其他,,,1070501,土地0建物1車位1,二層,11,住宅大樓(11層含以上有電梯),見其他登記事項,鋼筋混凝土造,0980611,175.57999999999998,4,2,2,有,有,無,35000,199,坡道平面,36.46,0,,RPTNMLNLNHNFFCA28CC
中山區,建物,臺北市中山區林森北路271~300號,0.0,商,,,1070501,土地0建物1車位0,十二層,12,套房(1房1廳1衛),住家用,鋼筋混凝土造,0770905,38.17,1,1,1,有,有,無,15000,393,,0.0,0,,RPUNMLNLNHNFFCA38CC
中山區,建物,臺北市中山區林森北路259巷1~30號,0.0,商,,,1070504,土地0建物1車位0,三層,7,套房(1房1廳1衛),商業用,鋼筋混凝土造,0730922,25.82,1,1,1,有,有,有,14000,542,,0.0,0,,RPROMLNLNHNFFCA18CC
中山區,建物,臺北市中山區中山北路一段105巷1~30號,0.0,商,,,1070501,土地0建物1車位0,八層,10,住宅大樓(11層含以上有電梯),住家用,鋼筋混凝土造,1060110,85.21,2,2,1,有,有,有,59800,702,,0.0,0,租金內含管理費。,RPOPMLNLNHNFFCA97CC
內湖區,建物,臺北市內湖區金龍路211~240號,0.0,其他,,,1070504,土地0建物1車位0,八層,10,住宅大樓(11層含以上有電梯),住家用,鋼筋混凝土造,0781103,94.78,2,2,1,有,無,無,24000,253,,0.0,0,,RPQPMLNLNHNFFCA18CC
中山區,建物,臺北市中山區中山北路二段31~60號,0.0,商,,,1070504,土地0建物1車位0,六層,12,辦公商業大樓,商業用,鋼筋混凝土造,0761103,313.27,3,1,0,有,有,有,96000,306,,0.0,0,,RPUPMLNLNHNFFCA58CC
中山區,建物,臺北市中山區撫順街31~60號,0.0,住,,,1070510,土地0建物1車位0,四層,9,華廈(10層含以下有電梯),商業用,鋼筋混凝土造,0791127,144.45999999999998,4,1,0,有,有,有,48000,332,,0.0,0,,RPVPMLNLNHNFFCA68CC
中山區,建物,臺北市中山區復興南路一段31~60號,0.0,商,,,1070425,土地0建物1車位0,六層,14,辦公商業大樓,商業用,鋼筋混凝土造,0910920,231.65999999999997,0,0,0,無,有,無,129000,557,,0.0,0,,RPOQMLNLNHNFFCA08CC
中山區,建物,臺北市中山區中山北路一段105巷1~30號,0.0,商,,,1070428,土地0建物1車位0,八層,10,住宅大樓(11層含以上有電梯),住家用,鋼筋混凝土造,1060110,85.21,1,1,1,有,有,有,63000,739,,0.0,0,租金內含管理費,RPPQMLNLNHNFFCA18CC
中山區,建物,臺北市中山區長春路151~180號,0.0,商,,,1070501,土地0建物1車位0,四層,14,住宅大樓(11層含以上有電梯),住家用,鋼筋混凝土造,0961127,198.94,3,2,2,有,有,有,65575,330,,0.0,0,,RPQQMLNLNHNFFCA28CC
中山區,建物,臺北市中山區林森北路361~390號,0.0,商,,,1070430,土地0建物1車位0,九層,18,住宅大樓(11層含以上有電梯),商業用,鋼筋混凝土造,0980916,66.62,1,1,1,有,有,有,45000,675,,0.0,0,,RPSQMLNLNHNFFCA48CC
內湖區,建物,臺北市內湖區民權東路六段15巷31~60號,0.0,工,,,1070504,土地0建物9車位0,三層,5,廠辦,見其他登記事項,鋼筋混凝土造,1040513,5094.47,0,0,0,無,有,無,1321462,259,坡道平面,99.48,0,租賃標的共9戶，內含4車位,RPTQMLNLNHNFFCA58CC
中山區,建物,臺北市中山區中山北路二段77巷1~30號,0.0,商,,,1070501,土地0建物1車位0,八層,12,住宅大樓(11層含以上有電梯),住家用,鋼筋混凝土造,0981027,78.22,2,1,1,有,有,有,54000,690,,0.0,0,租金內含管理費、網路費用、第四台費用。,RPVQMLNLNHNFFCA78CC
中山區,建物,臺北市中山區錦州街30巷1~30號,0.0,商,,,1070427,土地0建物1車位0,十層,11,套房(1房1廳1衛),住家用,鋼筋混凝土造,0860204,31.32,1,1,1,有,有,有,13450,429,,0.0,0,此物件為 社會住宅包(代)租代管計畫 租金市價打9折。,RPXQMLNLNHNFFCA98CC
大同區,建物,臺北市大同區市民大道一段181~210號,0.0,其他,,,1070426,土地0建物1車位0,十一層,18,住宅大樓(11層含以上有電梯),住家用,見其他登記事項,0980724,137.03,3,1,2,有,有,有,72000,525,,0.0,0,,RPPNMLNLNHNFFBA77CC
萬華區,建物,臺北市萬華區西園路二段301~330號,0.0,住,,,1070412,土地0建物2車位0,全,3,透天厝,住家用,加強磚造,,632.22,0,0,0,無,無,無,180500,286,,0.0,0,,RPUNMLNLNHNFFBA28CC
萬華區,建物,臺北市萬華區萬大路423巷45弄1~30號,0.0,住,,,1070412,土地0建物1車位0,二層,4,公寓(5樓含以下無電梯),住家用,加強磚造,0590301,79.35,3,2,1,有,無,有,18000,227,,0.0,0,此件為 社會住宅包(代)租代管計畫 租金市價打8折。,RPVNMLNLNHNFFBA38CC
中正區,建物,臺北市中正區青島東路1~30號,0.0,商,,,1070410,土地0建物1車位0,四層,7,辦公商業大樓,住家用,鋼筋混凝土造,0630726,252.82,9,1,0,有,有,有,100000,396,,0.0,0,,RPVOMLNLNHNFFBA48CC
萬華區,建物,臺北市萬華區昆明街271~300號,0.0,商,,,1070426,土地0建物1車位0,全,4,透天厝,,加強磚造,,63.01,2,1,1,有,無,有,18000,286,,0.0,0,此件為 社會住宅包(代)租代管計畫 租金市價打8折。,RPXOMLNLNHNFFBA68CC
松山區,建物,臺北市松山區南京東路五段151~180號,0.0,商,,,1070515,土地0建物1車位0,二層,16,住宅大樓(11層含以上有電梯),商業用,鋼筋混凝土造,0760526,126.17999999999999,4,2,2,有,有,無,45000,357,,0.0,0,,RPQNMLNLNHNFFDA08CC
信義區,房地(土地+建物),臺北市信義區莊敬路423巷5弄1~30號,147.0,住,,,1070518,土地1建物1車位0,一層,4,店面(店鋪),住家用,鋼筋混凝土造,0631021,163.74,3,2,3,有,無,無,60000,366,,0.0,0,,RPSNMLNLNHNFFDA28CC
信義區,建物,臺北市信義區忠孝東路四段559巷1~30號,0.0,住,,,1070517,土地0建物1車位0,一層,7,店面(店鋪),住家用,鋼筋混凝土造,,124.49000000000001,0,0,0,無,無,無,120000,964,,0.0,0,,RPXNMLNLNHNFFDA78CC
信義區,建物,臺北市信義區吳興街345巷1~30號,0.0,住,,,1070521,土地0建物1車位0,一層,5,店面(店鋪),住商用,鋼筋混凝土造,,71.37,2,1,1,有,無,無,35000,490,,0.0,0,,RPPOMLNLNHNFFDA08CC
松山區,建物,臺北市松山區南京東路四段1~30號,0.0,商,,,1070518,土地0建物1車位0,十一層,15,套房(1房1廳1衛),住家用,鋼筋混凝土造,0971205,55.88,1,1,1,有,有,有,40000,716,,0.0,0,,RPROMLNLNHNFFDA28CC
松山區,建物,臺北市松山區民權東路三段191巷61~90號,0.0,住,,,1070427,土地0建物1車位0,三層,4,公寓(5樓含以下無電梯),住家用,加強磚造,0600615,102.35,3,2,1,有,無,有,18000,176,,0.0,0,此件為 社會住宅包(代)租代管計畫 租金市價打 8折。,RPWOMLNLNHNFFDA78CC
信義區,建物,臺北市信義區基隆路二段31~60號,0.0,商,,,1070508,土地0建物1車位0,三層,17,辦公商業大樓,商業用,鋼骨混凝土造,0820519,170.34,3,1,0,有,有,有,88000,517,,0.0,0,,RPXOMLNLNHNFFDA88CC
大安區,建物,臺北市大安區安和路二段171巷1~30號,0.0,住,,,1070521,土地0建物1車位0,一層,17,店面(店鋪),商業用,鋼筋混凝土造,0750131,65.13,0,0,0,無,有,有,62000,952,,0.0,0,,RPVNMLNLNHNFFFA78CC
文山區,建物,臺北市文山區羅斯福路五段212巷1~30號,0.0,住,,,1070522,土地0建物1車位0,一層,4,公寓(5樓含以下無電梯),住工用,加強磚造,,99.6,3,1,1,有,無,無,28000,281,,0.0,0,,RPOOMLNLNHNFFAA67CC
文山區,建物,臺北市文山區萬安街1~30號,0.0,住,,,1070501,土地0建物0車位0,一層,5,店面(店鋪),見其他登記事項,鋼筋混凝土造,0750724,66.66,0,1,1,有,無,無,22000,330,,0.0,0,,RPQOMLNLNHNFFAA87CC
文山區,建物,臺北市文山區秀明路二段1~30號,0.0,住,,,1070507,土地0建物0車位0,五層,5,公寓(5樓含以下無電梯),住家用,鋼筋混凝土造,0730419,26.82,1,0,0,有,無,有,5500,205,,0.0,0,此件為分租情形故公設面積無法分算,RPROMLNLNHNFFAA97CC
士林區,建物,臺北市士林區文林路751~780號,0.0,住,,,1070501,土地0建物1車位0,十一層,11,住宅大樓(11層含以上有電梯),住家用,鋼筋混凝土造,0700204,86.69,3,2,2,有,有,有,25000,288,,0.0,0,,RPQNMLNLNHNFFEA18CC
士林區,建物,臺北市士林區劍潭路1~30號,0.0,住,,,1070430,土地0建物1車位0,八層,14,套房(1房1廳1衛),住家用,鋼筋混凝土造,0971226,51.91,1,1,1,有,有,無,21000,405,,0.0,0,,RPSNMLNLNHNFFEA38CC
士林區,建物,臺北市士林區中山北路七段219巷1~30號,0.0,住,,,1070507,土地0建物1車位1,四層,7,華廈(10層含以下有電梯),住家用,鋼筋混凝土造,0730804,186.81,4,2,3,有,有,無,55000,294,坡道平面,61.26,0,,RPXOMLNLNHNFFEA98CC
士林區,建物,臺北市士林區文昌路91~120號,0.0,住,,,1070511,土地0建物1車位0,見其他登記事項,2,店面(店鋪),住家用,加強磚造,0551101,92.93,0,0,0,無,無,無,38000,409,,0.0,0,,RPQNMLOLNHNFFEA28CC
北投區,建物,臺北市北投區文林北路241~270號,0.0,住,,,1070510,土地0建物1車位0,四層,12,住宅大樓(11層含以上有電梯),住家用,鋼筋混凝土造,0740404,146.24,4,2,2,有,有,有,29000,198,,0.0,0,,RPTNMLOLNHNFFEA58CC
士林區,建物,臺北市士林區延平北路五段31~60號,151.0,商,,,1070521,土地0建物1車位0,一層,3,公寓(5樓含以下無電梯),見其他登記事項,加強磚造,0560115,116.45,0,0,0,無,無,無,40000,343,,0.0,0,,RPUNMLOLNHNFFEA68CC
中正區,建物,臺北市中正區重慶南路三段124巷1~30號,0.0,住,,,1070326,土地0建物1車位0,一層,4,公寓(5樓含以下無電梯),住家用,加強磚造,,99.2,4,2,2,有,無,有,18000,181,,0.0,0,,RPOOMLOLNHNFFAA77CC
大安區,建物,臺北市大安區光復南路240巷1~30號,0.0,商,,,1070401,土地0建物1車位0,二層,12,辦公商業大樓,住家用,鋼筋混凝土造,,191.28,0,0,0,無,有,無,80000,418,,0.0,0,,RPQNMLOLNHNFFFA38CC
大安區,建物,臺北市大安區敦化南路一段270巷1~30號,45.75,商,,,1070515,土地0建物1車位0,四層,4,公寓(5樓含以下無電梯),住家用,鋼筋混凝土造,0610830,115.85,4,2,2,有,無,無,42000,363,,0.0,0,,RPRNMLOLNHNFFFA48CC
大安區,建物,臺北市大安區敦化南路一段181~210號,0.0,其他,,,1070522,土地0建物1車位0,六層,14,辦公商業大樓,商業用,鋼筋混凝土造,0731029,95.42,0,0,0,無,有,無,50000,524,,0.0,0,,RPOOMLOLNHNFFFA28CC
松山區,建物,臺北市松山區南京東路四段31~60號,0.0,商,,,1070502,土地0建物1車位0,四層,12,住宅大樓(11層含以上有電梯),商業用,鋼筋混凝土造,0750902,162.52,3,1,1,有,有,無,60000,369,,0.0,0,,RPRNMLOLNHNFFDA28CC
信義區,建物,臺北市信義區忠孝東路五段661~690號,0.0,住,,,1070508,土地0建物1車位0,五層,10,辦公商業大樓,商業用,鋼筋混凝土造,0811006,118.48,1,1,0,有,有,無,51084,431,,0.0,0,,RPSNMLOLNHNFFDA38CC
松山區,建物,臺北市松山區民權東路三段181~210號,0.0,住,,,1070502,土地0建物1車位0,四層,12,辦公商業大樓,見其他登記事項,見其他登記事項,0921121,161.6,2,1,0,有,有,無,76000,470,,0.0,0,,RPUNMLOLNHNFFDA58CC
松山區,建物,臺北市松山區八德路三段211~240號,0.0,商,,,1070508,土地0建物1車位0,二層,12,辦公商業大樓,商業用,鋼筋混凝土造,0771223,83.52,0,0,0,無,有,無,26000,311,,0.0,0,,RPVNMLOLNHNFFDA68CC
信義區,建物,臺北市信義區信義路五段150巷401弄1~30號,0.0,住,,,1070425,土地0建物1車位0,一層,6,公寓(5樓含以下無電梯),住家用,鋼筋混凝土造,0761014,192.77,3,2,2,有,無,無,48000,249,,0.0,0,,RPWNMLOLNHNFFDA78CC
松山區,房地(土地+建物),臺北市松山區敦化北路222巷31~60號,32.8,住,,,1070427,土地1建物2車位0,一層,7,店面(店鋪),住商用,鋼筋混凝土造,0680430,190.58,0,0,0,無,無,無,130000,682,,0.0,0,,RPXNMLOLNHNFFDA88CC
信義區,建物,臺北市信義區忠孝東路四段553巷6弄1~30號,0.0,工,,,1070519,土地0建物1車位0,一層,4,公寓(5樓含以下無電梯),住家用,鋼筋混凝土造,,148.76,0,0,0,無,無,無,155000,1042,,0.0,0,,RPQOMLOLNHNFFDA28CC
松山區,房地(土地+建物),臺北市松山區敦化北路4巷1~30號,25.7,住,,,1070522,土地1建物1車位0,三層,7,華廈(10層含以下有電梯),住家用,鋼筋混凝土造,0741228,123.44,3,2,2,有,無,無,40000,324,,0.0,0,,RPTOMLOLNHNFFDA58CC
松山區,房地(土地+建物),臺北市松山區光復北路91~120號,2.05,住,,,1070517,土地1建物1車位0,五層,11,住宅大樓(11層含以上有電梯),住家用,鋼筋混凝土造,0660505,111.08,0,0,0,無,有,無,33000,297,,0.0,0,,RPUOMLOLNHNFFDA68CC
松山區,房地(土地+建物),臺北市松山區南京東路四段181~210號,15.37,商,,,1070516,土地1建物1車位0,二層,12,辦公商業大樓,商業用,鋼筋混凝土造,0681027,158.24,0,0,0,無,有,無,55000,348,,0.0,0,,RPVOMLOLNHNFFDA78CC
大同區,建物,臺北市大同區重慶北路三段252巷1~30號,48.5,住,,,1070508,土地0建物1車位0,二層,7,華廈(10層含以下有電梯),住家用,鋼筋混凝土造,0701210,144.64,0,0,0,無,無,有,44000,304,,0.0,0,,RPTNMLOLNHNFFBA28CC
大同區,建物,臺北市大同區華亭街1~30號,0.0,商,,,1070502,土地0建物1車位0,二層,13,套房(1房1廳1衛),住家用,鋼筋混凝土造,1040506,78.65,1,1,1,有,有,有,35000,445,,0.0,0,,RPOOMLOLNHNFFBA87CC
大同區,建物,臺北市大同區承德路一段31~60號,0.0,商,,,1070508,土地0建物1車位0,六層,12,辦公商業大樓,商業用,鋼筋混凝土造,0781109,190.82999999999998,0,0,0,無,有,無,72000,377,,0.0,0,,RPXOMLOLNHNFFBA78CC
中山區,建物,臺北市中山區樂群二路271~300號,0.0,其他,,,1070506,土地0建物0車位0,四層,11,套房(1房1廳1衛),商業用,鋼筋混凝土造,0970603,35.04,1,1,1,有,有,有,26000,742,,0.0,0,實際使用含陽台為10.6坪,RPPNMLOLNHNFFCA97CC
中山區,建物,臺北市中山區松江路25巷1~30號,0.0,住,,,1070509,土地0建物1車位0,二層,11,套房(1房1廳1衛),住家用,鋼筋混凝土造,0971118,30.700000000000003,1,1,1,有,有,有,19500,635,,0.0,0,,RPQNMLOLNHNFFCA08CC
中山區,建物,臺北市中山區民權東路二段121~150號,0.0,商,,,1070510,土地0建物1車位0,五層,11,辦公商業大樓,商業用,鋼筋混凝土造,0691103,154.73,0,0,0,無,有,無,38000,246,,0.0,0,,RPRNMLOLNHNFFCA18CC
中山區,建物,臺北市中山區中山北路二段93巷1~30號,0.0,商,,,1070516,土地0建物1車位0,七層,12,住宅大樓(11層含以上有電梯),商業用,鋼筋混凝土造,0940803,85.26,2,1,1,有,有,有,47000,551,,0.0,0,兩間打通,RPTNMLOLNHNFFCA38CC
中山區,建物,臺北市中山區民生東路一段61巷1~30號,0.0,商,,,1070508,土地0建物1車位0,三層,4,公寓(5樓含以下無電梯),住家用,鋼筋混凝土造,0601216,76.35,2,1,1,有,有,無,15000,196,,0.0,0,,RPSOMLOLNHNFFCA38CC
中山區,建物,臺北市中山區德惠街91~120號,0.0,住,,,1070410,土地0建物1車位0,一層,4,公寓(5樓含以下無電梯),住家用,鋼筋混凝土造,0610615,46.46,0,1,1,有,無,無,23000,495,,0.0,0,實際租賃面積為總坪數1/2,RPUOMLOLNHNFFCA58CC
中山區,建物,臺北市中山區敬業三路162巷61~90號,0.0,住,,,1070512,土地0建物1車位1,十一層,12,住宅大樓(11層含以上有電梯),住家用,鋼筋混凝土造,0890628,155.5,4,2,2,有,有,無,40000,257,坡道平面,0.0,0,,RPVOMLOLNHNFFCA68CC
中山區,建物,臺北市中山區復興北路61~90號,0.0,商,,,1070502,土地0建物1車位0,三層,12,住宅大樓(11層含以上有電梯),商業用,鋼筋混凝土造,0700217,132.98000000000002,3,1,2,有,有,無,48000,361,,0.0,0,,RPXOMLOLNHNFFCA88CC
中山區,建物,臺北市中山區民生東路二段127巷1~30號,0.0,住,,,1070521,土地0建物1車位0,一層,7,住宅大樓(11層含以上有電梯),商業用,鋼筋混凝土造,0720722,152.60000000000002,0,0,0,無,有,無,56760,372,,0.0,0,,RPQPMLOLNHNFFCA28CC
中山區,建物,臺北市中山區林森北路91~120號,0.0,商,,,1070505,土地0建物0車位0,二層,12,辦公商業大樓,商業用,鋼筋混凝土造,0700812,49.59,0,0,0,無,有,無,18500,373,,0.0,0,租部分面積 約15坪 [ 供辦公室使用 ],RPTPMLOLNHNFFCA58CC
內湖區,建物,臺北市內湖區港墘路181~210號,0.0,,,,1070427,土地0建物1車位0,二層,7,廠辦,見其他登記事項,鋼筋混凝土造,0990826,232.11,0,0,0,無,有,有,155000,668,,0.0,0,,RPPQMLOLNHNFFCA28CC
內湖區,建物,臺北市內湖區內湖路二段1~30號,0.0,住,,,1070509,土地0建物1車位0,三層,4,公寓(5樓含以下無電梯),住家用,鋼筋混凝土造,,89.27,3,2,2,有,無,無,20000,224,,0.0,0,,RPUOMLPLNHNFFCA68CC
內湖區,建物,臺北市內湖區行善路391~420號,0.0,其他,,,1070508,土地0建物1車位6,五層,9,廠辦,見其他登記事項,鋼筋混凝土造,1010815,985.88,0,0,0,無,有,有,187500,190,坡道平面,198.84,0,,RPOPMLPLNHNFFCA18CC
內湖區,建物,臺北市內湖區陽光街61~90號,0.0,住,,,1070509,土地0建物1車位0,七層,8,華廈(10層含以下有電梯),住家用,鋼筋混凝土造,0990705,168.69,5,2,3,有,有,無,58000,344,,0.0,0,,RPSPMLPLNHNFFCA58CC
中山區,建物,臺北市中山區民權西路9巷1~30號,0.0,商,,,1070521,土地0建物1車位0,五層,14,住宅大樓(11層含以上有電梯),見其他登記事項,鋼筋混凝土造,1011112,72.04,1,1,1,有,有,有,41700,579,,0.0,0,,RPUPMLPLNHNFFCA78CC
中山區,建物,臺北市中山區復興北路61~90號,0.0,商,,,1070510,土地0建物1車位0,五層,12,住宅大樓(11層含以上有電梯),商業用,鋼筋混凝土造,0700320,86.63000000000001,2,2,1,有,有,有,30000,346,,0.0,0,,RPVPMLPLNHNFFCA88CC
中山區,房地(土地+建物),臺北市中山區錦州街1~30號,19.67,商,,,1070510,土地1建物1車位0,一層,9,其他,商業用,鋼筋混凝土造,0780826,151.66,0,0,0,無,無,無,70000,462,,0.0,0,,RPWPMLPLNHNFFCA98CC
中山區,建物,臺北市中山區復興北路391~420號,0.0,商,,,1070523,土地0建物1車位0,十五層,18,住宅大樓(11層含以上有電梯),住家用,鋼筋混凝土造,0751125,94.87,2,2,2,有,有,有,48000,506,,0.0,0,,RPPQMLPLNHNFFCA38CC
中山區,建物,臺北市中山區新生北路三段56巷1~30號,0.0,商,,,1070513,土地0建物1車位0,十層,13,住宅大樓(11層含以上有電梯),住家用,鋼筋混凝土造,0981021,75.78999999999999,2,2,1,有,有,有,46000,607,,0.0,0,,RPSQMLPLNHNFFCA68CC
中山區,建物,臺北市中山區中山北路二段77巷1~30號,0.0,商,,,1070522,土地0建物1車位1,十層,14,住宅大樓(11層含以上有電梯),商業用,鋼筋混凝土造,0901112,105.42,3,1,1,有,有,有,40000,379,坡道平面,26.24,0,,RPUQMLPLNHNFFCA88CC
中山區,建物,臺北市中山區新生北路二段31~60號,0.0,住,,,1070515,土地0建物1車位0,六層,19,住宅大樓(11層含以上有電梯),住家用,鋼骨鋼筋混凝土造,0980916,208.02,4,2,2,有,有,有,70000,337,,0.0,0,,RPWQMLPLNHNFFCA09CC
中山區,建物,臺北市中山區中山北路二段115巷1~30號,0.0,商,,,1070516,土地0建物1車位0,三層,7,華廈(10層含以下有電梯),住家用,鋼筋混凝土造,0991110,70.78999999999999,1,2,1,有,有,有,35000,494,,0.0,0,,RPXQMLPLNHNFFCA56CC
中山區,建物,臺北市中山區民權西路9巷1~30號,0.0,商,,,1070522,土地0建物1車位0,六層,14,住宅大樓(11層含以上有電梯),見其他登記事項,鋼筋混凝土造,1011112,72.04,2,1,1,有,有,有,45000,625,,0.0,0,,RPQRMLPLNHNFFCA58CC
中山區,建物,臺北市中山區建國北路二段151~180號,0.0,住,,,1070523,土地0建物1車位1,四層,15,住宅大樓(11層含以上有電梯),住家用,鋼骨鋼筋混凝土造,0981008,299.11,3,2,2,有,有,有,175939,588,坡道平面,33.66,0,含網路、有線電視及房屋清潔(兩週一次),RPQSMLPLNHNFFCA68CC
內湖區,建物,臺北市內湖區金龍路241~270號,96.25,,,,1070520,土地0建物1車位0,五層,15,住宅大樓(11層含以上有電梯),住家用,鋼筋混凝土造,0851115,189.15,4,2,2,有,有,無,40000,211,,0.0,0,,RPTSMLPLNHNFFCA98CC
內湖區,建物,臺北市內湖區內湖路一段203巷1~30號,0.0,住,,,1070428,土地0建物1車位0,二層,7,華廈(10層含以下有電梯),見其他登記事項,鋼筋混凝土造,1031028,70.37,3,1,1,有,有,有,48742,693,,0.0,0,,RPOTMLPLNHNFFCA58CC
內湖區,房地(土地+建物),臺北市內湖區成功路四段30巷28弄1~30號,9.43,商,,,1070502,土地1建物1車位0,一層,12,店面(店鋪),商業用,鋼筋混凝土造,0840211,71.31,0,0,0,無,無,無,33000,463,,0.0,0,,RPPTMLPLNHNFFCA68CC
內湖區,建物,臺北市內湖區瑞光路112巷56弄1~30號,0.0,住,,,1070514,土地0建物1車位1,全,4,透天厝,住家用,鋼筋混凝土造,0860108,252.84,4,2,4,有,有,有,75000,297,坡道平面,0.0,0,,RPVTMLPLNHNFFCA66CC
內湖區,建物,臺北市內湖區康寧路三段181~210號,0.0,商,,,1070521,土地0建物1車位0,八層,9,華廈(10層含以下有電梯),住家用,鋼筋混凝土造,1041030,68.3,2,1,1,有,有,有,30000,439,,0.0,0,,RPOUMLPLNHNFFCA68CC
中山區,建物,臺北市中山區民生東路二段1~30號,0.0,商,,,1070426,土地0建物1車位0,十一層,14,住宅大樓(11層含以上有電梯),見其他登記事項,鋼筋混凝土造,1021112,151.44,3,2,2,有,有,有,75000,495,,0.0,0,,RPRUMLPLNHNFFCA98CC
中山區,建物,臺北市中山區復興南路一段31~60號,0.0,商,,,1070430,土地0建物1車位0,九層,15,住宅大樓(11層含以上有電梯),住家用,鋼筋混凝土造,0960710,141.53,3,2,2,有,有,有,100000,707,,0.0,0,,RPWUMLPLNHNFFCA86CC
內湖區,建物,臺北市內湖區內湖路一段91巷39弄1~30號,0.0,住,,,1070512,土地0建物1車位0,三層,5,公寓(5樓含以下無電梯),住家用,鋼筋混凝土造,0741218,81.11999999999999,2,2,2,有,無,有,25000,308,,0.0,0,,RPXUMLPLNHNFFCA96CC
大同區,建物,臺北市大同區太原路61~90號,0.0,商,,,1070515,土地0建物1車位0,七層,14,住宅大樓(11層含以上有電梯),住家用,鋼筋混凝土造,0971211,55.81,1,1,1,有,有,有,25400,455,,0.0,0,,RPQNMLPLNHNFFBA08CC
大同區,建物,臺北市大同區西寧北路31~60號,0.0,住,,,1070519,土地0建物4車位0,二層,11,辦公商業大樓,住家用,鋼筋混凝土造,0670130,355.6,0,0,2,有,有,有,120000,337,,0.0,0,有四個門牌,RPVNMLPLNHNFFBA58CC
大同區,建物,臺北市大同區市民大道一段181~210號,0.0,其他,,,1070520,土地0建物1車位0,十四層,18,住宅大樓(11層含以上有電梯),住家用,見其他登記事項,0980724,76.05,2,1,1,有,有,有,40000,526,,0.0,0,,RPPOMLPLNHNFFBA08CC
中正區,建物,臺北市大同區市民大道一段181~210號,0.0,其他,,,1070520,土地0建物1車位0,十三層,18,住宅大樓(11層含以上有電梯),住家用,見其他登記事項,0980724,83.26,1,1,1,有,有,有,50000,601,,0.0,0,,RPROMLPLNHNFFBA28CC
信義區,建物,臺北市信義區永吉路1~30號,0.0,商,,,1070513,土地0建物1車位0,十一層,12,住宅大樓(11層含以上有電梯),住家用,鋼筋混凝土造,0961106,126.47999999999999,3,2,2,有,有,有,53000,419,,0.0,0,,RPTNMLPLNHNFFDA58CC
南港區,建物,臺北市南港區成功路一段1~30號,0.0,工,,,1070514,土地0建物1車位0,二層,3,其他,住家用,加強磚造,,93.32,4,2,3,有,無,無,30000,321,,0.0,0,,RPTOMLPLNHNFFDA68CC
信義區,建物,臺北市信義區虎林街164巷31~60號,0.0,,,,1070430,土地0建物1車位0,一層,24,店面(店鋪),商業用,鋼筋混凝土造,0831006,71.4,0,0,0,無,有,無,35000,490,,0.0,0,,RPWOMLPLNHNFFDA98CC
信義區,建物,臺北市信義區信義路五段121~150號,0.0,其他,,,1070426,土地0建物1車位0,九層,25,住宅大樓(11層含以上有電梯),住家用,見其他登記事項,0931130,190.4,2,1,1,有,有,有,105000,551,,0.0,0,,RPPQMLPLNHNFFDA48CC
信義區,建物,臺北市信義區基隆路二段181~210號,0.0,商,,,1070507,土地0建物1車位0,八層,12,住宅大樓(11層含以上有電梯),住家用,鋼筋混凝土造,0720315,101.26,0,0,0,無,有,有,30000,296,,0.0,0,,RPSQMLPLNHNFFDA78CC
大安區,建物,臺北市大安區復興南路一段126巷1~30號,0.0,其他,,,1070511,土地0建物1車位0,八層,11,辦公商業大樓,見使用執照,鋼筋混凝土造,0701231,93.31,0,0,0,無,有,無,30000,322,,0.0,0,,RPQNMLPLNHNFFFA48CC
文山區,建物,臺北市文山區興隆路二段203巷1~30號,0.0,,,,1070519,土地0建物1車位0,一層,5,店面(店鋪),住商用,鋼筋混凝土造,,98.39,2,0,0,有,無,無,30000,305,,0.0,0,,RPSNMLPLNHNFFAA18CC
文山區,建物,臺北市文山區景興路211~240號,0.0,商,,,1070514,土地0建物1車位0,一層,10,店面(店鋪),商業用,鋼筋混凝土造,0780622,112.62,1,1,1,有,有,無,33000,293,,0.0,0,,RPTOMLPLNHNFFAA38CC
文山區,建物,臺北市文山區景華街128巷2弄1~30號,0.0,住,,,1070520,土地0建物1車位1,四層,9,華廈(10層含以下有電梯),住家用,鋼筋混凝土造,1040430,81.61,3,2,1,有,有,有,28000,343,升降機械,11.38,0,,RPUOMLPLNHNFFAA48CC
士林區,建物,臺北市士林區中山北路六段419巷31~60號,0.0,住,,,1070506,土地0建物1車位0,四層,5,公寓(5樓含以下無電梯),住家用,鋼筋混凝土造,0731022,138.54000000000002,4,2,2,有,有,有,35000,253,,0.0,0,,RPSNMLPLNHNFFEA58CC
士林區,建物,臺北市士林區天母東路8巷31~60號,0.0,住,,,1070510,土地0建物1車位0,六層,7,華廈(10層含以下有電梯),住家用,鋼筋混凝土造,0701214,136.38,3,2,2,有,有,有,65000,477,,0.0,0,租金含管理費、有線電視及網路費用。,RPPOMLPLNHNFFEA38CC
士林區,建物,臺北市士林區忠誠路二段181~210號,0.0,住,,,1070502,土地0建物1車位0,十層,26,住宅大樓(11層含以上有電梯),住家用,鋼骨混凝土造,0841103,240.89,3,2,2,有,有,無,132000,548,,0.0,0,,RPWOMLPLNHNFFEA09CC
士林區,建物,臺北市士林區天玉街121~150號,0.0,住,,,1070502,土地0建物1車位3,一層,5,華廈(10層含以下有電梯),住家用,鋼筋混凝土造,0961009,354.51,4,2,3,有,有,無,137000,386,坡道平面,0.0,0,,RPXOMLPLNHNFFEA56CC
士林區,建物,臺北市士林區中山北路七段190巷31~60號,0.0,住,,,1070522,土地0建物1車位0,全,1,透天厝,住家用,加強磚造,0520601,198.96,4,2,3,有,無,有,120000,603,,0.0,0,,RPOPMLPLNHNFFEA38CC
士林區,建物,臺北市士林區德行東路331巷1~30號,0.0,住,,,1070523,土地0建物1車位2,三層,14,住宅大樓(11層含以上有電梯),住家用,鋼筋混凝土造,0920331,263.2,3,2,2,有,有,有,95000,361,坡道平面,82.26,0,,RPUPMLPLNHNFFEA98CC
中山區,建物,臺北市中山區敬業一路1~30號,0.0,商,,,1070521,土地0建物1車位1,六層,10,華廈(10層含以下有電梯),商業用,鋼筋混凝土造,0931005,178.22,3,2,2,有,有,無,51500,289,坡道平面,0.0,0,,RPRNMLQLNHNFFCA38CC
北投區,建物,臺北市北投區行義路5巷1~30號,0.0,住,,,1070524,土地0建物1車位0,三層,12,住宅大樓(11層含以上有電梯),住家用,鋼筋混凝土造,0980707,195.17,3,2,2,有,有,有,65000,333,,0.0,0,,RPPNMLRLNHNFFEA48CC
士林區,建物,臺北市士林區大南路301~330號,0.0,工,,,1070514,土地0建物1車位0,四層,4,工廠,見使用執照,鋼筋混凝土造,0670109,369.19,0,0,0,無,無,有,90816,,,0.0,0,兩戶打通.,RPWNMLSLNHNFFEA66CC
北投區,建物,臺北市北投區石牌路二段357巷1~30號,0.0,住,,,1070430,土地0建物1車位0,九層,12,住宅大樓(11層含以上有電梯),住家用,鋼筋混凝土造,0850624,231.78,3,2,2,有,有,有,70000,302,,0.0,0,,RPXOMLSLNHNFFEA86CC
士林區,建物,臺北市士林區忠義街121~150號,0.0,商,,,1070430,土地0建物1車位1,八層,15,住宅大樓(11層含以上有電梯),住家用,鋼筋混凝土造,0800514,186.81,4,2,2,有,有,有,67000,359,坡道平面,0.0,0,,RPPPMLSLNHNFFEA78CC
中正區,建物,臺北市中正區南昌路二段181~210號,0.0,商,,,1070518,土地0建物1車位0,二層,15,住宅大樓(11層含以上有電梯),見其他登記事項,鋼筋混凝土造,1010727,108.59,2,1,1,有,無,有,45000,414,,0.0,0,,RPRNMLSLNHNFFAA38CC
中正區,建物,臺北市中正區羅斯福路三段121~150號,0.0,商,,,1070524,土地0建物1車位0,十層,12,住宅大樓(11層含以上有電梯),住家用,鋼筋混凝土造,0710824,115.44,2,2,2,有,有,有,32000,277,,0.0,0,,RPWNMLSLNHNFFAA88CC
大安區,建物,臺北市大安區臥龍街301~330號,0.0,住,,,1070520,土地0建物1車位0,七層,13,住宅大樓(11層含以上有電梯),住家用,鋼筋混凝土造,0990513,122.12,3,2,2,有,無,有,60000,491,,0.0,0,,RPPOMLSLNHNFFFA78CC
大安區,建物,臺北市大安區永康街7巷1~30號,0.0,商,,,1070516,土地0建物1車位0,十三層,15,住宅大樓(11層含以上有電梯),住家用,鋼筋混凝土造,0970326,226.07,4,2,2,有,無,有,120000,531,,0.0,0,,RPQOMLSLNHNFFFA88CC
大安區,建物,臺北市大安區安和路二段61~90號,0.0,住,,,1070515,土地0建物1車位0,八層,12,住宅大樓(11層含以上有電梯),住家用,鋼筋混凝土造,0710226,160.91,4,2,2,有,無,有,70000,435,,0.0,0,,RPROMLSLNHNFFFA98CC
大安區,建物,臺北市大安區復興南路一段121~150號,0.0,商,,,1070515,土地0建物1車位0,三層,10,套房(1房1廳1衛),住家用,鋼筋混凝土造,0950424,42.589999999999996,0,0,0,無,無,有,26500,622,,0.0,0,,RPSOMLSLNHNFFFA09CC
大安區,建物,臺北市大安區和平東路三段391~420號,0.0,其他,,,1070515,土地0建物1車位0,二層,14,住宅大樓(11層含以上有電梯),住家用,鋼筋混凝土造,0951113,192.44,4,2,2,有,無,有,65000,338,,0.0,0,,RPTOMLSLNHNFFFA56CC
大安區,建物,臺北市大安區和平東路一段75巷1~30號,0.0,商,,,1070517,土地0建物1車位0,九層,12,住宅大樓(11層含以上有電梯),商業用,鋼筋混凝土造,0730710,102.64999999999999,0,0,0,無,有,無,40000,390,,0.0,0,承租部分,RPVOMLSLNHNFFFA76CC
中山區,建物,臺北市中山區林森北路571~600號,0.0,商,,,1070501,土地0建物1車位0,六層,13,住宅大樓(11層含以上有電梯),住家用,鋼筋混凝土造,1000726,89.73,1,1,1,有,有,有,62000,691,,0.0,0,,RPRNMLSLNHNFFCA58CC
內湖區,建物,臺北市內湖區民權東路六段206巷121~150號,0.0,住,,,1070514,土地0建物1車位1,二層,5,公寓(5樓含以下無電梯),住家用,鋼筋混凝土造,1020823,203.99,5,2,3,有,有,無,50000,245,坡道平面,37.28,0,,RPVNMLSLNHNFFCA98CC
中山區,建物,臺北市中山區林森北路571~600號,0.0,商,,,1070501,土地0建物1車位0,七層,13,住宅大樓(11層含以上有電梯),住家用,鋼筋混凝土造,1000726,89.73,1,1,1,有,有,有,66000,736,,0.0,0,,RPWNMLSLNHNFFCA09CC
中山區,建物,臺北市中山區林森北路91~120號,0.0,商,,,1070517,土地0建物0車位0,二層,12,辦公商業大樓,商業用,鋼筋混凝土造,0700812,42.98,0,0,0,無,有,無,18000,419,,0.0,0,租部分面積 約13坪 [ 供辦公室使用 ],RPXNMLSLNHNFFCA56CC
中山區,建物,臺北市中山區長春路301~330號,0.0,商,,,1070522,土地0建物1車位1,八層,14,住宅大樓(11層含以上有電梯),住家用,鋼骨鋼筋混凝土造,0940516,167.75,3,2,2,有,有,無,60000,358,坡道平面,41.21,0,,RPOQMLSLNHNFFCA58CC
中山區,建物,臺北市中山區天祥路61巷1~30號,0.0,商,,,1070509,土地0建物1車位0,六層,7,華廈(10層含以下有電梯),住家用,鋼筋混凝土造,1030116,77.86,2,1,1,有,有,有,57000,732,,0.0,0,,RPRQMLSLNHNFFCA88CC
中山區,建物,臺北市中山區林森北路571~600號,0.0,商,,,1070509,土地0建物1車位0,六層,13,住宅大樓(11層含以上有電梯),住家用,鋼筋混凝土造,1000726,120.75999999999999,2,1,2,有,有,有,60000,497,,0.0,0,,RPWQMLSLNHNFFCA76CC
松山區,建物,臺北市松山區富錦街572巷1~30號,0.0,其他,,,1070509,土地0建物1車位0,一層,4,公寓(5樓含以下無電梯),住家用,鋼筋混凝土造,0590429,145.04,0,0,0,無,無,無,50000,345,,0.0,0,,RPPNMLSLNHNFFDA48CC
松山區,建物,臺北市松山區南京東路五段391~420號,0.0,商,,,1070514,土地0建物1車位0,一層,11,店面(店鋪),見其他登記事項,鋼筋混凝土造,0950117,62.11,0,0,0,無,有,無,18000,290,,0.0,0,,RPQNMLSLNHNFFDA58CC
信義區,建物,臺北市信義區信義路五段150巷14弄1~30號,0.0,住,,,1070520,土地0建物1車位0,四層,5,公寓(5樓含以下無電梯),住家用,鋼筋混凝土造,0680609,97.22,3,2,1,有,無,有,20000,206,,0.0,0,,RPUNMLSLNHNFFDA98CC
松山區,建物,臺北市松山區南京東路四段1~30號,0.0,商,,,1070516,土地0建物1車位0,七層,15,套房(1房1廳1衛),住家用,鋼筋混凝土造,0971205,55.89,1,0,1,有,無,有,35000,626,,0.0,0,,RPVNMLSLNHNFFDA09CC
信義區,建物,臺北市信義區信義路五段121~150號,0.0,住,,,1070521,土地0建物1車位1,九層,25,住宅大樓(11層含以上有電梯),住家用,見其他登記事項,0931130,258.12,3,2,2,有,有,無,138000,535,坡道平面,0.0,0,,RPTOMLSLNHNFFDA98CC
信義區,建物,臺北市信義區基隆路一段121~150號,0.0,,,,1070428,土地0建物1車位0,八層,13,辦公商業大樓,見其他登記事項,見其他登記事項,0950126,211.09,0,0,0,無,有,無,82000,388,,0.0,0,,RPUOMLSLNHNFFDA09CC
信義區,建物,臺北市信義區嘉興街181巷1~30號,0.0,住,,,1070511,土地0建物1車位0,三層,7,華廈(10層含以下有電梯),住家用,鋼筋混凝土造,0801102,122.22,3,2,2,有,無,有,37000,303,,0.0,0,含免租裝潢期一個月,RPVPMLSLNHNFFDA66CC
大同區,建物,臺北市大同區華陰街61~90號,0.0,商,,,1070430,土地0建物1車位0,九層,13,住宅大樓(11層含以上有電梯),住家用,鋼筋混凝土造,1020118,177.01999999999998,3,2,2,有,有,有,76000,429,,0.0,0,,RPTPMLSLNHNFFBA88CC
中正區,建物,臺北市中正區延平南路61~90號,0.0,商,,,1070523,土地0建物1車位0,六層,10,華廈(10層含以下有電梯),住家用,鋼筋混凝土造,0700402,56.16,0,1,1,有,有,有,18000,321,,0.0,0,,RPXPMLSLNHNFFBA66CC
中正區,建物,臺北市中正區忠孝東路二段39巷2弄1~30號,0.0,商,,,1070429,土地0建物1車位0,二層,4,公寓(5樓含以下無電梯),住家用,鋼筋混凝土造,0631219,128.7,3,2,2,有,有,無,30000,233,,0.0,0,,RPSQMLSLNHNFFBA88CC
中山區,建物,臺北市中山區民生東路二段1~30號,0.0,商,,,1070512,土地0建物1車位0,九層,14,住宅大樓(11層含以上有電梯),見其他登記事項,鋼筋混凝土造,1021112,152.79000000000002,2,2,2,有,有,有,72850,477,,0.0,0,,RPXNMLTLNHNFFCA66CC
大安區,建物,臺北市大安區安和路二段61~90號,0.0,住,,,1070515,土地0建物1車位0,四層,15,住宅大樓(11層含以上有電梯),住家用,鋼筋混凝土造,,180.89999999999998,5,2,3,有,有,無,53000,293,,0.0,0,,RPPNMLTLNHNFFFA78CC
大安區,建物,臺北市大安區和平東路二段96巷31~60號,0.0,住,,,1070518,土地0建物1車位0,一層,4,公寓(5樓含以下無電梯),,鋼筋混凝土造,,99.35,1,2,1,有,無,無,35000,352,,0.0,0,,RPOOMLKMNHNFFFA97CC
大安區,建物,臺北市大安區光復南路691~720號,0.0,商,,,1070526,土地0建物1車位0,八層,14,住宅大樓(11層含以上有電梯),住家用,鋼筋混凝土造,1011120,74.60000000000001,1,2,1,有,有,無,29300,393,,0.0,0,,RPSOMLKMNHNFFFA38CC
大安區,建物,臺北市大安區忠孝東路三段241~270號,0.0,商,,,1070523,土地0建物1車位0,六層,10,華廈(10層含以下有電梯),,鋼筋混凝土造,,178.88,4,2,2,有,有,無,83750,468,,0.0,0,,RPTOMLKMNHNFFFA48CC
大安區,建物,臺北市大安區信義路四段121~150號,0.0,其他,,,1070511,土地0建物1車位0,二層,12,住宅大樓(11層含以上有電梯),商業用,鋼筋混凝土造,0691124,139.92000000000002,0,0,0,無,有,無,50000,357,,0.0,0,,RPXOMLKMNHNFFFA88CC
大安區,建物,臺北市大安區大安路一段211~240號,0.0,商,,,1070527,土地0建物1車位0,五層,10,華廈(10層含以下有電梯),商業用,鋼筋混凝土造,0741011,96.88,2,2,2,有,無,有,40000,413,,0.0,0,,RPOPMLKMNHNFFFA08CC
大安區,建物,臺北市大安區復興南路二段111巷1~30號,0.0,,,,1070529,土地0建物1車位0,三層,7,華廈(10層含以下有電梯),商業用,鋼筋混凝土造,0910905,137.28,5,1,2,有,有,無,46500,339,,0.0,0,,RPPPMLKMNHNFFFA18CC
大安區,建物,臺北市大安區敦化南路一段232巷1~30號,2968.0,住,,,1070514,土地0建物1車位0,一層,14,店面(店鋪),見使用執照,鋼筋混凝土造,,82.42,0,0,0,無,無,無,207742,2521,,0.0,0,,RPUPMLKMNHNFFFA68CC
文山區,建物,臺北市文山區景興路181~210號,0.0,商,,,1070521,土地0建物1車位0,二十四層,24,套房(1房1廳1衛),住家用,見使用執照,0850104,47.05,1,1,1,有,有,有,12000,255,,0.0,0,租金含管理費,RPWNMLKMNHNFFAA18CC
文山區,建物,臺北市文山區辛亥路四段252巷1~30號,0.0,住,,,1070526,土地0建物1車位1,九層,14,住宅大樓(11層含以上有電梯),住家用,鋼筋混凝土造,0910507,188.36,5,2,2,有,有,有,38000,202,坡道平面,33.99,0,,RPUOMLKMNHNFFAA08CC
文山區,建物,臺北市文山區政大一街320巷31~60號,0.0,住,,,1070503,土地0建物1車位1,一層,5,公寓(5樓含以下無電梯),住家用,鋼筋混凝土造,0850828,176.0,4,2,2,有,無,有,27000,190,坡道平面,49.59,3000,,RPRPMLKMNHNFFAA87CC
士林區,建物,臺北市士林區天母東路43巷4弄1~30號,0.0,住,,,1070508,土地0建物1車位0,二層,7,華廈(10層含以下有電梯),住家用,鋼筋混凝土造,0910125,180.39999999999998,3,2,2,有,有,有,82000,455,,0.0,0,,RPTNMLKMNHNFFEA28CC
士林區,建物,臺北市士林區基河路1~30號,0.0,住,,,1070520,土地0建物1車位0,五層,11,套房(1房1廳1衛),見其他登記事項,鋼筋混凝土造,0931231,33.91,1,1,1,有,有,有,30000,885,,0.0,0,,RPSPMLKMNHNFFEA38CC
士林區,建物,臺北市士林區中山北路六段157巷1~30號,0.0,工,,,1070521,土地0建物1車位0,八層,15,住宅大樓(11層含以上有電梯),見其他登記事項,鋼筋混凝土造,0971002,102.87,2,2,1,有,有,有,73000,710,,0.0,0,,RPTPMLKMNHNFFEA48CC
北投區,建物,臺北市北投區致遠一路一段1~30號,0.0,住,,,1070515,土地0建物1車位0,一層,4,公寓(5樓含以下無電梯),住家用,鋼筋混凝土造,0640305,85.82,0,0,0,無,無,無,35000,408,,0.0,0,,RPPQMLKMNHNFFEA18CC
北投區,建物,臺北市北投區文林北路91~120號,0.0,住,,,1070523,土地0建物3車位0,一層,11,住宅大樓(11層含以上有電梯),見使用執照,鋼筋混凝土造,0701230,1000.04,0,0,0,無,有,無,290000,290,,0.0,0,,RPQQMLKMNHNFFEA28CC
士林區,建物,臺北市士林區天玉街91~120號,0.0,住,,,1070528,土地0建物1車位0,三層,8,套房(1房1廳1衛),住家用,鋼筋混凝土造,0840619,62.06,1,1,1,有,有,有,18000,290,,0.0,0,含管理費 。 租金不含地下室機械車位坪數,RPVQMLKMNHNFFEA78CC
內湖區,建物,臺北市內湖區民權東路六段21巷31~60號,0.0,工,,,1070504,土地0建物1車位0,五層,6,辦公商業大樓,工業用,鋼筋混凝土造,0880526,290.45,5,2,0,有,有,有,83000,286,,0.0,0,,RPRNMLKMNHNFFCA87CC
內湖區,建物,臺北市內湖區康樂街72巷17弄61~90號,0.0,住,,,1070508,土地0建物1車位0,三層,5,公寓(5樓含以下無電梯),住家用,鋼筋混凝土造,0730727,81.38,3,2,1,有,無,有,18000,221,,0.0,0,,RPVNMLKMNHNFFCA28CC
中山區,房地(土地+建物),臺北市中山區堤頂大道二段481~510號,21.28,商,,,1070522,土地1建物1車位0,四層,10,辦公商業大樓,商業用,鋼筋混凝土造,0991201,84.12,0,0,0,無,有,有,45408,540,,0.0,0,,RPQOMLKMNHNFFCA87CC
中山區,建物,臺北市中山區中山北路一段83巷31~60號,0.0,商,,,1070521,土地0建物1車位0,一層,15,店面(店鋪),見其他登記事項,鋼筋混凝土造,0970314,91.92,0,1,1,有,有,無,45000,490,,0.0,0,,RPOPMLKMNHNFFCA77CC
中山區,建物,臺北市中山區南京東路二段24巷1~30號,0.0,商,,,1070523,土地0建物1車位0,三層,8,華廈(10層含以下有電梯),商業用,鋼筋混凝土造,0931209,62.510000000000005,2,2,2,有,有,有,43000,688,,0.0,0,租金含管理費,RPQPMLKMNHNFFCA97CC
中山區,建物,臺北市中山區松江路211~240號,0.0,其他,,,1070507,土地0建物0車位0,十一層,18,辦公商業大樓,見其他登記事項,鋼骨鋼筋混凝土造,1030703,398.35,0,0,0,無,有,無,301250,756,,0.0,0,分割出租,RPSPMLKMNHNFFCA18CC
中山區,建物,臺北市中山區明水路397巷18弄1~30號,0.0,住,,,1070521,土地0建物1車位1,七層,15,住宅大樓(11層含以上有電梯),住家用,鋼筋混凝土造,0960919,181.38,3,2,2,有,有,有,100000,551,坡道平面,0.0,0,,RPVPMLKMNHNFFCA48CC
中山區,建物,臺北市中山區明水路475巷1~30號,0.0,住,,,1070528,土地0建物1車位1,一層,6,店面(店鋪),商業用,鋼筋混凝土造,0870122,152.05,0,1,1,有,有,無,60000,395,坡道平面,36.35,0,,RPXPMLKMNHNFFCA68CC
中山區,建物,臺北市中山區吉林路241~270號,0.0,商,,,1070524,土地0建物0車位0,二層,3,套房(1房1廳1衛),,加強磚造,,20.22,1,0,1,有,無,有,9800,485,,0.0,0,,RPOQMLKMNHNFFCA87CC
內湖區,建物,臺北市內湖區金湖路31~60號,0.0,住,,,1070516,土地0建物1車位0,十二層,14,住宅大樓(11層含以上有電梯),住家用,鋼筋混凝土造,0920930,107.02000000000001,3,2,2,有,無,有,55000,514,,0.0,0,,RPVQMLKMNHNFFCA58CC
中山區,建物,臺北市中山區建國北路二段1~30號,0.0,住,,,1070526,土地0建物1車位0,五層,14,套房(1房1廳1衛),商業用,鋼筋混凝土造,0950713,60.28,1,1,1,有,有,有,40000,664,,0.0,0,租金內含網路費用、有線電視費用、打掃費用。,RPPRMLKMNHNFFCA08CC
中山區,建物,臺北市中山區基湖路157巷1~30號,0.0,住,,,1070502,土地0建物1車位1,八層,13,住宅大樓(11層含以上有電梯),住家用,鋼筋混凝土造,0900227,373.22,3,2,3,有,有,有,120000,322,坡道平面,73.2,0,,RPQRMLKMNHNFFCA18CC
內湖區,建物,臺北市內湖區內湖路二段331~360號,0.0,住,,,1070503,土地0建物1車位0,一層,14,店面(店鋪),見其他登記事項,鋼筋混凝土造,1031023,58.79,0,0,0,無,無,無,32000,544,,0.0,0,,RPRRMLKMNHNFFCA28CC
內湖區,建物,臺北市內湖區康寧路三段181~210號,0.0,商,,,1070511,土地0建物1車位1,五層,9,華廈(10層含以下有電梯),住家用,鋼筋混凝土造,1041030,82.9,2,1,1,有,有,有,35500,428,升降機械,16.39,0,,RPTRMLKMNHNFFCA48CC
大同區,建物,臺北市大同區長安西路181~210號,0.0,商,,,1070529,土地0建物1車位0,十一層,11,住宅大樓(11層含以上有電梯),住家用,鋼筋混凝土造,0700909,36.21,1,0,0,無,無,有,14000,387,,0.0,0,,RPSNMLKMNHNFFBA87CC
大同區,建物,臺北市大同區南京西路61~90號,0.0,商,,,1070521,土地0建物1車位0,一層,5,店面(店鋪),住家用,鋼筋混凝土造,0601104,39.54,0,0,0,無,無,無,80000,2023,,0.0,0,,RPQOMLKMNHNFFBA77CC
中正區,建物,臺北市中正區仁愛路二段15巷1~30號,0.0,住,,,1070522,土地0建物1車位0,四層,4,公寓(5樓含以下無電梯),住家用,鋼筋混凝土造,,92.63,3,2,1,有,無,有,30000,324,,0.0,0,,RPSOMLKMNHNFFBA97CC
中正區,建物,臺北市中正區仁愛路二段61~90號,0.0,住,,,1070518,土地0建物1車位3,五層,14,住宅大樓(11層含以上有電梯),住家用,鋼筋混凝土造,0970227,561.79,4,2,4,有,有,有,250000,445,坡道平面,132.54,0,,RPXOMLKMNHNFFBA48CC
中正區,建物,臺北市中正區青島東路1~30號,0.0,商,,,1070525,土地0建物1車位0,四層,7,華廈(10層含以下有電梯),住家用,鋼筋混凝土造,0660826,144.36,3,2,2,有,有,有,52219,362,,0.0,0,,RPQPMLKMNHNFFBA87CC
大同區,建物,臺北市大同區寧夏路31~60號,0.0,商,,,1070517,土地0建物1車位0,七層,11,住宅大樓(11層含以上有電梯),住家用,鋼筋混凝土造,0711224,42.44,1,1,1,有,有,有,16000,377,,0.0,0,台北市社會住宅包租代管計畫專案,RPSPMLKMNHNFFBA08CC
中正區,建物,臺北市中正區信義路二段181~210號,0.0,商,,,1070508,土地0建物1車位0,五層,6,華廈(10層含以下有電梯),住家用,鋼筋混凝土造,0611221,132.4,3,2,1,有,有,有,63333,478,,0.0,0,,RPOQMLKMNHNFFBA77CC
松山區,建物,臺北市松山區光復南路13巷1~30號,0.0,住,,,1070515,土地0建物2車位0,見其他登記事項,6,華廈(10層含以下有電梯),住家用,鋼筋混凝土造,0750113,206.04,3,3,2,有,無,無,73000,354,,0.0,0,,RPUNMLKMNHNFFDA28CC
松山區,建物,臺北市松山區民生東路四段61~90號,0.0,商,,,1070525,土地0建物1車位0,一層,7,店面(店鋪),商業用,鋼筋混凝土造,0680925,64.88,2,1,1,有,有,無,55000,848,,0.0,0,,RPSOMLKMNHNFFDA18CC
信義區,建物,臺北市信義區逸仙路31~60號,0.0,住,,,1070526,土地0建物1車位0,三層,12,住宅大樓(11層含以上有電梯),住家用,鋼筋混凝土造,,142.35,3,2,2,有,有,有,68000,478,,0.0,0,,RPVOMLKMNHNFFDA48CC
信義區,建物,臺北市信義區光復南路417巷121~150號,0.0,住,,,1070522,土地0建物1車位0,三層,5,公寓(5樓含以下無電梯),住家用,鋼筋混凝土造,,162.7,4,2,2,有,有,有,40000,246,,0.0,0,,RPQPMLKMNHNFFDA08CC
松山區,建物,臺北市松山區復興北路151~180號,0.0,商,,,1070528,土地0建物2車位0,八層,12,住宅大樓(11層含以上有電梯),住家用,鋼筋混凝土造,,67.83,1,1,1,有,有,無,36000,531,,0.0,0,,RPPQMLKMNHNFFDA08CC
松山區,建物,臺北市松山區八德路二段366巷13弄1~30號,0.0,商,,,1070518,土地0建物1車位0,一層,4,公寓(5樓含以下無電梯),,加強磚造,,96.57,0,0,0,無,無,無,45000,466,,0.0,0,,RPUOMLLMNHNFFDA48CC
信義區,建物,臺北市信義區崇德街63巷1~30號,0.0,住,,,1070529,土地0建物1車位1,二層,12,住宅大樓(11層含以上有電梯),住家用,鋼筋混凝土造,1010614,176.0,2,2,2,有,有,有,75000,426,坡道平面,52.78,0,,RPXOMLLMNHNFFDA78CC
信義區,房地(土地+建物),臺北市信義區松仁路271~300號,31.82,住,,,1070524,土地1建物1車位0,一層,4,店面(店鋪),住家用,鋼筋混凝土造,0640410,89.55,0,0,0,無,無,無,35000,391,,0.0,0,,RPOPMLLMNHNFFDA97CC
信義區,建物,臺北市信義區基隆路二段1~30號,0.0,商,,,1070503,土地0建物1車位0,三層,12,辦公商業大樓,商業用,鋼筋混凝土造,,73.9,2,2,1,有,有,有,34800,471,,0.0,0,含管理費,RPPPMLLMNHNFFDA08CC
信義區,建物,臺北市信義區嘉興街241~270號,0.0,住,,,1070505,土地0建物1車位0,二層,7,華廈(10層含以下有電梯),見其他登記事項,鋼筋混凝土造,0800611,87.02000000000001,3,2,1,有,有,有,28000,322,,0.0,0,,RPQPMLLMNHNFFDA18CC
萬華區,建物,臺北市萬華區德昌街154巷1~30號,0.0,住,,,1070528,土地0建物1車位0,四層,4,公寓(5樓含以下無電梯),住家用,鋼筋混凝土造,0660403,86.81,3,1,1,有,無,無,15000,173,,0.0,0,,RPWNMLLMNHNFFBA38CC
大同區,建物,臺北市大同區承德路一段61~90號,0.0,商,,,1070517,土地0建物1車位0,一層,13,店面(店鋪),見其他登記事項,鋼筋混凝土造,0971003,94.59,0,0,0,無,有,無,50000,529,,0.0,0,,RPPOMLLMNHNFFBA77CC
大同區,建物,臺北市大同區華陰街61~90號,0.0,商,,,1070521,土地0建物1車位0,一層,13,店面(店鋪),見其他登記事項,鋼筋混凝土造,1020118,97.09,0,0,0,無,無,無,73000,752,,0.0,0,,RPVPMLLMNHNFFBA48CC
內湖區,建物,臺北市內湖區康寧路三段181~210號,0.0,商,,,1070529,土地0建物1車位0,六層,9,華廈(10層含以下有電梯),住家用,鋼筋混凝土造,1041030,82.9,2,1,1,有,有,有,30000,362,,0.0,0,,RPQNMLLMNHNFFCA87CC
中山區,建物,臺北市中山區中山北路二段93巷1~30號,0.0,住,,,1070528,土地0建物1車位0,七層,9,華廈(10層含以下有電梯),住家用,鋼筋混凝土造,0860718,196.58,2,2,2,有,無,有,47000,239,,0.0,0,,RPSNMLLMNHNFFCA08CC
內湖區,建物,臺北市內湖區內湖路三段60巷1~30號,0.0,住,,,1070526,土地0建物1車位0,六層,19,住宅大樓(11層含以上有電梯),住家用,鋼筋混凝土造,1060407,189.5,3,2,2,有,有,有,52000,274,,0.0,0,,RPUNMLLMNHNFFCA28CC
中山區,建物,臺北市中山區民權東路三段1~30號,0.0,商,,,1070503,土地0建物1車位0,五層,16,辦公商業大樓,商業用,見使用執照,0920423,2168.78,0,0,0,無,有,無,1273428,587,,0.0,0,,RPXOMLLMNHNFFCA68CC
中山區,建物,臺北市中山區中山北路二段16巷1~30號,0.0,住,,,1070523,土地0建物1車位0,一層,5,店面(店鋪),住家用,鋼筋混凝土造,0601207,235.06,0,1,1,有,有,有,108000,459,,0.0,0,,RPPPMLLMNHNFFCA97CC
中山區,建物,臺北市中山區中山北路一段121巷31~60號,0.0,商,,,1070504,土地0建物1車位0,十層,14,住宅大樓(11層含以上有電梯),住家用,鋼筋混凝土造,1000128,99.96000000000001,2,1,1,有,有,有,60000,600,,0.0,0,,RPQPMLLMNHNFFCA08CC
中山區,建物,臺北市中山區南京東路二段91~120號,0.0,商,,,1070502,土地0建物1車位0,十層,12,住宅大樓(11層含以上有電梯),商業用,鋼筋混凝土造,0670111,263.81,0,0,0,無,有,有,85000,322,,0.0,0,,RPTPMLLMNHNFFCA38CC
中山區,房地(土地+建物)+車位,臺北市中山區植福路301~330號,61.87,其他,,,1070522,土地1建物1車位1,七層,10,辦公商業大樓,見其他登記事項,見其他登記事項,1041027,320.49,0,0,0,無,有,有,155000,484,坡道平面,2.89,0,,RPVPMLLMNHNFFCA58CC
北投區,建物,臺北市北投區明德路267巷1~30號,0.0,住,,,1070528,土地0建物1車位0,五層,7,華廈(10層含以下有電梯),住家用,鋼筋混凝土造,0690728,122.88,3,2,2,有,有,有,34000,277,,0.0,0,,RPTOMLLMNHNFFEA48CC
大安區,建物,臺北市大安區安和路一段31~60號,0.0,其他,,,1070529,土地0建物1車位0,三層,12,住宅大樓(11層含以上有電梯),住家用,鋼筋混凝土造,,56.99,2,2,1,有,有,有,28000,491,,0.0,0,,RPXPMLLMNHNFFFA09CC
大安區,建物,臺北市大安區和平東路一段199巷1~30號,0.0,住,,,1070515,土地0建物1車位0,一層,4,公寓(5樓含以下無電梯),,鋼筋混凝土造,,125.84,1,2,1,有,無,無,60000,477,,0.0,0,,RPOQMLLMNHNFFFA28CC
大安區,建物,臺北市大安區仁愛路四段151巷1~30號,0.0,住,,,1070507,土地0建物1車位0,十一層,13,住宅大樓(11層含以上有電梯),住家用,鋼筋混凝土造,0790220,146.35,3,2,2,有,有,有,50000,342,,0.0,0,含管理費,RPQQMLLMNHNFFFA48CC
大安區,建物,臺北市大安區信義路三段121~150號,0.0,商,,,1070521,土地0建物1車位0,二層,5,公寓(5樓含以下無電梯),住商用,加強磚造,,117.87,0,1,1,有,無,無,53000,450,,0.0,0,含稅,RPSQMLLMNHNFFFA68CC
大安區,建物,臺北市大安區浦城街6巷1~30號,0.0,住,,,1070503,土地0建物2車位0,一層,5,華廈(10層含以下有電梯),住家用,鋼筋混凝土造,0951107,70.38,3,2,3,有,無,有,42500,604,,0.0,0,,RPXQMLLMNHNFFFA56CC
