﻿編號,屋齡,建物移轉面積(平方公尺),主要用途,主要建材,建築完成日期,總層數,建物分層
The serial number,room age,building shifting area (square meter),the main use,main building materials,construction completes the date,total layer,building lamination
RPVNMLTLNHNFFBC98CA,22,48.12,住家用,鋼筋混凝土造,84年11月22日,九層,七層
RPVNMLTLNHNFFBC98CA,22,8.33,共用部份,鋼筋混凝土造,84年11月22日,九層,
RPUNMLMLNHNFFBC18CA,19,45.95,共用部份,鋼筋混凝土造,88年1月14日,十六層,
RPSNMLMLNHNFFBC97CA,2,103.09,見其他登記事項,鋼筋混凝土造,105年10月7日,七層,三層
RPSNMLMLNHNFFBC97CA,2,59.74,見其他登記事項,鋼筋混凝土造,105年10月7日,七層,
RPQNMLQLNHNFFBC18CA,,62.73,見其他登記事項,鋼筋混凝土造,106年11月9日,十層,十層
RPQNMLQLNHNFFBC18CA,,53.75,見其他登記事項,鋼筋混凝土造,106年11月9日,十層,
RPWNMLMLNHNFFBC38CA,41,76.24,住家用,鋼筋混凝土加強磚造,66年8月8日,四層,二層
RPRNMLOJOHNFFBC97CA,23,64.42,見其他登記事項,鋼筋混凝土造,84年6月10日,四層,三層 夾層
RPRNMLOJOHNFFBC97CA,23,4.82,共用部份,鋼筋混凝土造,84年6月10日,四層,
RPRNMLOJOHNFFBC97CA,23,.95,共用部份,鋼筋混凝土造,84年6月10日,五層,
RPOOMLNKOHNFFBC77CA,28,146.60,住家用,鋼筋混凝土造,79年10月29日,七層,一層 地下層
RPOOMLNKOHNFFBC77CA,28,12.30,共用部份,鋼筋混凝土造,79年10月29日,七層,
RPRNMLNLNHNFFBC97CA,44,51.11,住家用,加強磚造,63年6月13日,三層,三層
RPSOMLNLNHNFFCC28CA,39,71.59,住家用,鋼筋混凝土造,68年9月11日,四層,四層
RPWOMLNLNHNFFCC68CA,2,64.14,見其他登記事項,鋼筋混凝土造,104年12月28日,十五層,六層
RPWOMLNLNHNFFCC68CA,2,69.34,見其他登記事項,鋼筋混凝土造,104年12月28日,十五層,
RPVOMLNLNHNFFCC58CA,5,52.97,見其他登記事項,鋼筋混凝土造,102年3月29日,十二層,十二層
RPVOMLNLNHNFFCC58CA,5,22.36,見其他登記事項,鋼筋混凝土造,102年3月29日,十三層,
RPVOMLNLNHNFFCC58CA,5,18.49,見其他登記事項,鋼筋混凝土造,102年3月29日,十三層,
RPVOMLNLNHNFFCC58CA,5,.04,見其他登記事項,鋼筋混凝土造,102年3月29日,十二層,
RPTOMLNLNHNFFCC38CA,23,89.17,住家用,鋼筋混凝土造,84年1月18日,五層,一層
RPTOMLNLNHNFFCC38CA,23,2.67,共用部份,鋼筋混凝土造,84年1月18日,五層,
RPRNMLQKOHNFFBC28CA,,81.78,見其他登記事項,鋼筋混凝土造,106年11月9日,十層,五層
RPRNMLQKOHNFFBC28CA,,63.27,見其他登記事項,鋼筋混凝土造,106年11月9日,十層,
RPRNMLRLNHNFFBC38CA,20,95.43,住家用,鋼筋混凝土造,86年11月21日,十七層,十四層
RPRNMLRLNHNFFBC38CA,20,14.66,共用部份,鋼筋混凝土造,86年11月21日,十七層,
RPRNMLRLNHNFFBC38CA,20,8.58,共用部份,鋼筋混凝土造,86年11月21日,二十一層,
RPRNMLRLNHNFFBC38CA,20,34.17,共用部份,鋼筋混凝土造,86年11月21日,二十一層,
RPPOMLOLNHNFFCC08CA,23,92.86,住家用,鋼筋混凝土造,84年7月1日,十二層,十二層
RPPOMLOLNHNFFCC08CA,23,7.27,共用部份,鋼筋混凝土造,84年7月1日,十二層,
RPPOMLOLNHNFFCC08CA,23,11.78,共用部份,鋼筋混凝土造,84年7月1日,十二層,
RPPNMLSLNHNFFBC28CA,37,33.60,住家用,鋼筋混凝土造,70年5月18日,十二層,十層
RPPNMLSLNHNFFBC28CA,37,5.42,共用部份,鋼筋混凝土造,70年5月18日,十二層,
RPUNMLSLNHNFFCC88CA,37,132.08,住家用,鋼筋混凝土造,70年4月20日,四層,二層
RPXNMLOLNHNFFBC68CA,33,101.51,住家用,鋼筋混凝土造,74年8月30日,五層,四層
RPXNMLOLNHNFFBC68CA,33,2.20,共用部份,鋼筋混凝土造,74年8月30日,五層,
RPXNMLOLNHNFFBC68CA,33,4.92,共用部份,鋼筋混凝土造,74年8月30日,五層,
RPPNMLLJOHNFFCC57CA,35,97.70,住家用,鋼筋混凝土造,72年4月14日,五層,四層
RPWNMLLMNHNFFCC48CA,23,131.55,住家用,鋼筋混凝土造,84年1月17日,五層,一層
RPWNMLLMNHNFFCC48CA,23,16.06,共用部份,鋼筋混凝土造,84年1月17日,五層,
RPWNMLLMNHNFFCC48CA,23,2.91,見其他登記事項,鋼筋混凝土造,84年1月17日,四層,
RPSOMLMKOHNFFBC18DA,19,57.41,住家用,鋼筋混凝土造,88年1月14日,十六層,十五層
RPSOMLMKOHNFFBC18DA,19,10.05,共用部份,鋼筋混凝土造,88年1月14日,十六層,
RPSOMLMKOHNFFBC18DA,19,4.42,共用部份,鋼筋混凝土造,88年1月14日,十六層,
RPSOMLMKOHNFFBC18DA,19,1.46,共用部份,鋼筋混凝土造,88年1月14日,十六層,
RPSOMLMKOHNFFBC18DA,19,.69,共用部份,鋼筋混凝土造,88年1月14日,十六層,
RPTNMLLJOHNFFCC97CA,40,39.94,住家用,鋼筋混凝土加強磚造,66年12月28日,四層,二層
RPTNMLLJOHNFFCC97CA,40,39.94,住家用,鋼筋混凝土加強磚造,66年12月28日,四層,二層
RPPNMLLMNHNFFCC77CA,24,105.55,住家用,鋼筋混凝土造,83年4月13日,五層,四層
RPPNMLLMNHNFFCC77CA,24,2.02,共用部份,鋼筋混凝土造,83年4月13日,五層,
RPROMLNLNHNFFCC18CA,18,94.13,住家用,鋼筋混凝土造,88年12月31日,十三層,七層
RPROMLNLNHNFFCC18CA,18,47.16,共用部份,鋼筋混凝土造,88年12月31日,十四層,
RPROMLNLNHNFFCC18CA,18,15.55,共用部份,鋼筋混凝土造,88年12月31日,十三層,
RPPOMLPLNHNFFCC18CA,2,15.87,見其他登記事項,鋼筋混凝土造,105年1月24日,二十五層,
RPXNMLOJOHNFFCC68CA,23,92.86,住家用,鋼筋混凝土造,84年7月1日,十二層,十一層
RPXNMLOJOHNFFCC68CA,23,7.27,共用部份,鋼筋混凝土造,84年7月1日,十二層,
RPTNMLNKOHNFFCC28CA,23,70.82,住家用,鋼筋混凝土造,84年8月26日,七層,四層
RPXNMLOJOHNFFCC68CA,23,12.13,共用部份,鋼筋混凝土造,84年7月1日,十二層,
RPTNMLNKOHNFFCC28CA,23,16.58,共用部份,鋼筋混凝土造,84年8月26日,七層,
RPQNMLMLNHNFFCC97DA,40,61.41,住家用,鋼筋混凝土造,67年8月9日,五層,一層
RPPPMLOJOHNFFCC08CA,35,63.21,住家用,鋼筋混凝土造,72年1月21日,二層,一層 二層
RPPPMLOJOHNFFCC08CA,35,63.21,住家用,鋼筋混凝土造,72年1月21日,二層,一層 二層
RPORMLLKOHNFFBC87CA,,133.64,見其他登記事項,鋼筋混凝土造,106年10月18日,十五層,十四層
RPORMLLKOHNFFBC87CA,,61.74,見其他登記事項,鋼筋混凝土造,106年10月18日,十五層,
RPORMLLKOHNFFBC87CA,,21.59,見其他登記事項,鋼筋混凝土造,106年10月18日,十五層,
RPORMLLKOHNFFBC87CA,,.85,見其他登記事項,鋼筋混凝土造,106年10月18日,十五層,
RPXQMLLKOHNFFBC68CA,,103.04,見其他登記事項,鋼筋混凝土造,106年10月18日,十五層,十四層
RPXQMLLKOHNFFBC68CA,,55.64,見其他登記事項,鋼筋混凝土造,106年10月18日,十五層,
RPXQMLLKOHNFFBC68CA,,20.19,見其他登記事項,鋼筋混凝土造,106年10月18日,十五層,
RPXQMLLKOHNFFBC68CA,,.66,見其他登記事項,鋼筋混凝土造,106年10月18日,十五層,
RPWQMLLKOHNFFBC58CA,,133.64,見其他登記事項,鋼筋混凝土造,106年10月18日,十五層,十一層
RPWQMLLKOHNFFBC58CA,,61.74,見其他登記事項,鋼筋混凝土造,106年10月18日,十五層,
RPWQMLLKOHNFFBC58CA,,21.59,見其他登記事項,鋼筋混凝土造,106年10月18日,十五層,
RPWQMLLKOHNFFBC58CA,,.85,見其他登記事項,鋼筋混凝土造,106年10月18日,十五層,
RPUOMLOKOHNFFBC48CA,17,256.64,見其他登記事項,鋼筋混凝土造,89年11月20日,三層,一層 二層 三層 地下層
RPUOMLOKOHNFFBC48CA,17,4.11,共用部份,鋼筋混凝土造,89年11月20日,九層,
RPUOMLOKOHNFFBC48CA,17,33.10,共用部份,鋼筋混凝土造,89年11月20日,九層,
RPSNMLTLNHNFFBC68CA,21,55.08,住家用,鋼筋混凝土造,85年11月29日,二十三層,十六層
RPSNMLTLNHNFFBC68CA,21,9.64,共用部份,鋼筋混凝土造,85年11月29日,二十三層,
RPSNMLTLNHNFFBC68CA,21,3.32,共用部份,鋼筋混凝土造,85年11月29日,二十三層,
RPSNMLTLNHNFFBC68CA,21,4.46,共用部份,鋼筋混凝土造,85年11月29日,二十三層,
RPQNMLRLNHNFFBC28CA,,55.06,見其他登記事項,鋼筋混凝土造,106年11月9日,十層,七層
RPQNMLRLNHNFFBC28CA,,27.78,見其他登記事項,鋼筋混凝土造,106年11月9日,十層,
RPPNMLRLNHNFFBC18CA,22,146.06,住家用,鋼筋混凝土造,85年1月30日,十二層,六層
RPPNMLRLNHNFFBC18CA,22,10.68,共用部份,鋼筋混凝土造,85年1月30日,十二層,
RPPNMLRLNHNFFBC18CA,22,4.34,共用部份,鋼筋混凝土造,85年1月30日,十二層,
RPPRMLLKOHNFFBC97CA,,103.04,見其他登記事項,鋼筋混凝土造,106年10月18日,十五層,十三層
RPPRMLLKOHNFFBC97CA,,50.89,見其他登記事項,鋼筋混凝土造,106年10月18日,十五層,
RPPRMLLKOHNFFBC97CA,,20.07,見其他登記事項,鋼筋混凝土造,106年10月18日,十五層,
RPPRMLLKOHNFFBC97CA,,.66,見其他登記事項,鋼筋混凝土造,106年10月18日,十五層,
RPQRMLLKOHNFFBC08CA,,103.04,見其他登記事項,鋼筋混凝土造,106年10月18日,十五層,十二層
RPQRMLLKOHNFFBC08CA,,50.89,見其他登記事項,鋼筋混凝土造,106年10月18日,十五層,
RPQRMLLKOHNFFBC08CA,,21.04,見其他登記事項,鋼筋混凝土造,106年10月18日,十五層,
RPQRMLLKOHNFFBC08CA,,.66,見其他登記事項,鋼筋混凝土造,106年10月18日,十五層,
RPQNMLPLNHNFFBC08CA,19,101.64,住家用,鋼筋混凝土造,88年10月6日,五層,四層
RPQNMLPLNHNFFBC08CA,19,4.02,共用部份,鋼筋混凝土造,88年10月6日,五層,
RPPNMLPLNHNFFBC97CA,24,107.79,住家用,鋼筋混凝土造,83年6月17日,七層,五層
RPPNMLPLNHNFFBC97CA,24,8.77,共用部份,鋼筋混凝土造,83年6月17日,七層,
RPPNMLPLNHNFFBC97CA,24,14.23,共用部份,鋼筋混凝土造,83年6月17日,七層,
RPRNMLTLNHNFFCC68CA,23,114.52,住家用,鋼筋混凝土造,84年3月4日,七層,七層
RPRNMLTLNHNFFCC68CA,23,4.84,共用部份,鋼筋混凝土造,84年3月4日,七層,
RPRNMLTLNHNFFCC68CA,23,5.22,共用部份,鋼筋混凝土造,84年3月4日,七層,
RPRNMLTLNHNFFCC68CA,23,39.32,共用部份,鋼筋混凝土造,84年3月4日,七層,
RPWNMLNLNHNFFBC48CA,19,20.77,住家用,鋼筋混凝土造,88年1月22日,七層,七層
RPWNMLNLNHNFFBC48CA,19,4.37,共用部份,鋼筋混凝土造,88年1月22日,七層,
RPWNMLNLNHNFFBC48CA,19,1.77,共用部份,鋼筋混凝土造,88年1月22日,七層,
RPWNMLNLNHNFFBC48CA,19,.53,共用部份,鋼筋混凝土造,88年1月22日,七層,
RPWNMLNLNHNFFBC48CA,19,.70,共用部份,鋼筋混凝土造,88年1月22日,七層,
RPRNMLOLNHNFFBC08CA,39,46.05,住家用,鋼筋混凝土造,68年7月18日,五層,五層
RPXNMLKMNHNFFCC48CA,68,34.05,住家用,磚造,39年4月1日,一層,一層
RPSNMLOLNHNFFBC18CA,23,62.55,住家用,鋼筋混凝土造,84年8月19日,五層,一層
RPSNMLOLNHNFFBC18CA,23,3.97,共用部份,鋼筋混凝土造,84年8月19日,五層,
RPXNMLQJOHNFFCC88CA,37,97.56,住家用,鋼筋混凝土造,70年11月2日,五層,一層 騎樓
RPXNMLQJOHNFFCC88CA,37,4.31,共用部份,鋼筋混凝土造,70年11月2日,五層,
RPWNMLKMNHNFFBC28CA,18,91.48,住家用,鋼筋混凝土造,89年1月28日,七層,五層
RPWNMLKMNHNFFBC28CA,18,23.29,共用部份,鋼筋混凝土造,89年1月28日,七層,
RPVNMLOLNHNFFBC48CA,27,110.63,住家用,鋼筋混凝土造,80年2月4日,七層,七層
RPVNMLOLNHNFFBC48CA,27,7.02,共用部份,鋼筋混凝土造,80年2月4日,七層,
RPVNMLOLNHNFFBC48CA,27,2.60,商業用,鋼筋混凝土造,80年2月4日,七層,
RPQNMLLMNHNFFBC77CA,36,99.24,住家用,鋼筋混凝土造,71年5月26日,五層,四層
RPUOMLNLNHNFFCC48CA,21,82.39,住家用,鋼筋混凝土造,86年4月1日,五層,五層
RPUOMLNLNHNFFCC48CA,21,15.91,共用部份,鋼筋混凝土造,86年4月1日,五層,
RPUOMLNLNHNFFCC48CA,23,3.37,見其他登記事項,鋼筋混凝土造,84年1月17日,四層,
RPUNMLPLNHNFFCC58CA,22,94.10,見其他登記事項,鋼筋混凝土造,85年7月5日,十六層,十一層
RPUNMLPLNHNFFCC58CA,22,15.75,共用部份,鋼筋混凝土造,85年7月5日,十六層,
RPUNMLPLNHNFFCC58CA,22,15.02,共用部份,鋼筋混凝土造,85年7月5日,十六層,
RPQNMLPLNHNFFCC18CA,22,70.67,住家用,鋼筋混凝土造,85年1月18日,七層,五層
RPQNMLPLNHNFFCC18CA,22,14.61,共用部份,鋼筋混凝土造,85年1月18日,七層,
RPSNMLPLNHNFFCC38CA,2,51.68,見其他登記事項,鋼筋混凝土造,105年1月24日,十八層,十八層
RPSNMLPLNHNFFCC38CA,2,.50,見其他登記事項,鋼筋混凝土造,105年1月24日,二十三層,
RPSNMLPLNHNFFCC38CA,2,.01,見其他登記事項,鋼筋混凝土造,105年1月24日,,
RPSNMLPLNHNFFCC38CA,2,21.12,見其他登記事項,鋼筋混凝土造,105年1月24日,二十五層,
RPSNMLPLNHNFFCC38CA,2,.00,見其他登記事項,鋼筋混凝土造,105年1月24日,二十三層,
RPSNMLPLNHNFFCC38CA,2,.00,見其他登記事項,鋼筋混凝土造,105年1月24日,二十五層,
RPTNMLSLNHNFFCC78CA,38,90.16,商業用,鋼筋混凝土造,69年8月27日,四層,一層 騎樓
RPQNMLSLNHNFFCC48CA,22,98.37,住家用,鋼筋混凝土造,85年3月9日,十七層,十六層
RPQNMLSLNHNFFCC48CA,22,36.57,共用部份,鋼筋混凝土造,85年3月9日,十七層,
RPQOMLKMNHNFFCC87CA,22,94.10,見其他登記事項,鋼筋混凝土造,85年7月5日,十六層,十層
RPQNMLSLNHNFFCC48CA,22,3.38,共用部份,鋼筋混凝土造,85年3月9日,十七層,
RPQOMLKMNHNFFCC87CA,22,14.63,共用部份,鋼筋混凝土造,85年7月5日,十六層,
RPQNMLSLNHNFFCC48CA,22,19.40,共用部份,鋼筋混凝土造,85年3月9日,十七層,
RPQOMLKMNHNFFCC87CA,22,15.02,共用部份,鋼筋混凝土造,85年7月5日,十六層,
RPOOMLSLNHNFFCC38CA,23,45.77,住家用,鋼筋混凝土造,84年8月8日,六層,二層
RPOOMLSLNHNFFCC38CA,23,7.60,共用部份,鋼筋混凝土造,84年8月8日,六層,
RPOOMLSLNHNFFCC38CA,23,9.63,共用部份,鋼筋混凝土造,84年8月8日,六層,
RPWNMLSLNHNFFCC09CA,23,97.76,住家用,鋼筋混凝土造,84年5月12日,五層,五層
RPWNMLSLNHNFFCC09CA,23,17.97,共用部份,鋼筋混凝土造,84年5月12日,五層,
RPVNMLLJOHNFFCC18CA,25,7.12,見其他登記事項,鋼筋混凝土造,82年1月11日,十二層,
RPVNMLLJOHNFFCC18CA,25,19.01,共用部份,鋼筋混凝土造,82年1月11日,十二層,
RPVNMLLJOHNFFCC18CA,25,7.73,見其他登記事項,鋼筋混凝土造,82年1月11日,十二層,
RPVNMLLJOHNFFCC18CA,25,5.51,共用部份,鋼筋混凝土造,82年1月11日,十二層,
RPVNMLLJOHNFFCC18CA,25,71.90,住家用,鋼筋混凝土造,82年1月11日,十二層,八層
RPVNMLLJOHNFFCC18CA,25,14.57,商業用,鋼筋混凝土造,82年1月11日,十二層,
RPVNMLLJOHNFFCC18CA,25,14.57,見其他登記事項,鋼筋混凝土造,82年1月11日,十二層,
RPQNMLOLNHNFFBC08DA,45,77.22,住家用,鋼筋混凝土加強磚造,62年6月23日,四層,四層
RPXNMLPJOHNFFCC78CA,22,86.44,住家用,鋼筋混凝土造,85年7月18日,六層,六層
RPXNMLPJOHNFFCC78CA,22,13.23,共用部份,鋼筋混凝土造,85年7月18日,六層,
RPXNMLPJOHNFFCC78CA,22,13.50,共用部份,鋼筋混凝土造,85年7月18日,六層,
RPRNMLPJOHNFFCC18CA,4,98.92,見其他登記事項,鋼筋混凝土造,103年6月5日,十層,九層
RPRNMLPJOHNFFCC18CA,4,86.70,見其他登記事項,鋼筋混凝土造,103年6月5日,十層,
RPRNMLPJOHNFFCC18CA,4,.91,見其他登記事項,鋼筋混凝土造,103年6月5日,十層,
RPRNMLPJOHNFFCC18CA,4,124.30,見其他登記事項,鋼筋混凝土造,103年6月5日,十層,
RPXNMLSLNHNFFCC56CA,23,3.37,見其他登記事項,鋼筋混凝土造,84年1月17日,四層,
RPXNMLSLNHNFFCC56CA,21,18.19,共用部份,鋼筋混凝土造,86年4月1日,五層,
RPXNMLSLNHNFFCC56CA,21,97.07,住家用,鋼筋混凝土造,86年4月1日,五層,五層
RPSOMLTLNHNFFCC88CA,3,93.05,見其他登記事項,鋼筋混凝土造,104年9月4日,八層,四層
RPSOMLTLNHNFFCC88CA,3,77.47,見其他登記事項,鋼筋混凝土造,104年9月4日,八層,
RPTNMLPLNHNFFCC48CA,34,79.40,住家用,鋼筋混凝土造,72年11月24日,四層,一層
RPRNMLKMNHNFFCC87CA,36,57.10,住家用,鋼筋混凝土造,70年12月23日,三層,三層
RPUNMLKMNHNFFBC08CA,37,88.96,住家用,鋼筋混凝土造,70年8月7日,五層,二層
RPUNMLKMNHNFFBC08CA,37,4.05,共用部份,鋼筋混凝土造,70年8月7日,五層,
RPPNMLTKOHNFFBC48DA,49,65.68,住商用,加強磚造,58年1月16日,二層,一層 騎樓 地下層
RPQNMLRJOHNFFCC28CA,28,76.25,住家用,鋼筋混凝土造,79年6月8日,五層,五層
RPQNMLRJOHNFFCC28CA,28,3.86,共用部份,鋼筋混凝土造,79年6月8日,五層,
RPPNMLQLNHNFFCC18CA,1,81.67,見其他登記事項,鋼筋混凝土造,106年1月19日,七層,六層
RPPNMLQLNHNFFCC18CA,1,51.98,見其他登記事項,鋼筋混凝土造,106年1月19日,七層,
RPPNMLQLNHNFFCC18CA,1,18.77,見其他登記事項,鋼筋混凝土造,106年1月19日,七層,
RPPNMLQLNHNFFCC18CA,1,.42,見其他登記事項,鋼筋混凝土造,106年1月19日,七層,
RPPNMLQLNHNFFCC18CA,1,.19,見其他登記事項,鋼筋混凝土造,106年1月19日,七層,
RPWNMLOLNHNFFBC58CA,2,90.30,見其他登記事項,鋼筋混凝土造,105年10月7日,七層,三層
RPWNMLOLNHNFFBC58CA,2,31.07,見其他登記事項,鋼筋混凝土造,105年10月7日,七層,
RPRNMLQLNHNFFBC28CA,23,35.65,住家用,鋼筋混凝土造,84年4月1日,九層,六層
RPRNMLQLNHNFFBC28CA,23,5.25,共用部份,鋼筋混凝土造,84年4月1日,九層,
RPQOMLQJOHNFFBC18CA,21,80.75,住家用,鋼筋混凝土造,86年8月13日,七層,一層
RPQOMLQJOHNFFBC18CA,21,12.92,共用部份,鋼筋混凝土造,86年8月13日,七層,
RPPOMLQKOHNFFCC28CA,21,56.04,住家用,鋼筋混凝土造,86年5月8日,十一層,十一層
RPPOMLQKOHNFFCC28CA,21,1.23,共用部份,鋼筋混凝土造,86年5月8日,十一層,
RPPOMLQKOHNFFCC28CA,21,12.31,共用部份,鋼筋混凝土造,86年5月8日,十一層,
RPPOMLQKOHNFFCC28CA,21,.62,共用部份,鋼筋混凝土造,86年5月8日,十一層,
RPSNMLRLNHNFFBC48CA,21,113.45,見其他登記事項,鋼筋混凝土造,86年6月30日,十四層,二層
RPSNMLRLNHNFFBC48CA,21,18.18,共用部份,鋼筋混凝土造,86年6月30日,十四層,
RPSNMLRLNHNFFBC48CA,21,39.33,共用部份,鋼筋混凝土造,86年6月30日,十四層,
RPOOMLKMNHNFFBC57CA,39,139.25,住家用,鋼筋混凝土造,68年6月2日,六層,四層
RPQNMLTLNHNFFBC48CA,37,116.65,住家用,鋼筋混凝土造,70年3月28日,五層,三層
RPWNMLTLNHNFFBC09CA,21,24.89,住家用,鋼筋混凝土造,85年11月29日,二十三層,十層
RPPOMLKMNHNFFBC67CA,34,68.39,見其他登記事項,鋼筋混凝土造,73年8月13日,五層,地下一層
RPWNMLTLNHNFFBC09CA,21,4.19,共用部份,鋼筋混凝土造,85年11月29日,二十三層,
RPWNMLTLNHNFFBC09CA,21,1.54,共用部份,鋼筋混凝土造,85年11月29日,二十三層,
RPWNMLTLNHNFFBC09CA,21,1.93,共用部份,鋼筋混凝土造,85年11月29日,二十三層,
RPPNMLQJOHNFFBC97CA,37,99.17,住家用,鋼筋混凝土造,70年4月7日,五層,五層
RPUNMLQJOHNFFBC48CA,22,94.96,住家用,鋼筋混凝土造,85年6月7日,七層,四層
RPUNMLQJOHNFFBC48CA,22,19.49,共用部份,鋼筋混凝土造,85年6月7日,七層,
RPQNMLLMNHNFFCC87CA,40,65.53,住家用,鋼筋混凝土加強磚造,67年6月15日,四層,一層
RPQOMLPLNHNFFCC28CA,34,99.82,住家用,鋼筋混凝土造,73年7月12日,五層,三層
RPSPMLOJOHNFFCC38CA,23,102.46,住家用,鋼筋混凝土造,84年9月19日,五層,三層
RPSPMLOJOHNFFCC38CA,23,6.41,共用部份,鋼筋混凝土造,84年9月19日,五層,
RPSPMLOJOHNFFCC38CA,23,40.63,見其他登記事項,鋼筋混凝土造,84年9月19日,五層,
RPWOMLOJOHNFFCC68CA,39,101.25,住家用,鋼筋混凝土造,68年8月22日,四層,三層
RPPSMLLKOHNFFBC08CA,45,70.49,住家用,鋼筋混凝土加強磚造,61年12月28日,四層,二層
RPRNMLQJOHNFFCC28CA,,15.87,見其他登記事項,鋼筋混凝土造,105年1月24日,二十五層,
RPPNMLQJOHNFFCC08CA,2,75.95,見其他登記事項,鋼筋混凝土造,105年1月24日,十八層,十七層
RPPNMLQJOHNFFCC08CA,2,.73,見其他登記事項,鋼筋混凝土造,105年1月24日,二十三層,
RPPNMLQJOHNFFCC08CA,2,46.91,見其他登記事項,鋼筋混凝土造,105年1月24日,二十五層,
RPPNMLQJOHNFFCC08CA,2,.01,見其他登記事項,鋼筋混凝土造,105年1月24日,,
RPPNMLQJOHNFFCC08CA,2,.00,見其他登記事項,鋼筋混凝土造,105年1月24日,二十三層,
RPPNMLQJOHNFFCC08CA,2,.01,見其他登記事項,鋼筋混凝土造,105年1月24日,二十五層,
RPQNMLQJOHNFFCC18CA,2,257.59,見其他登記事項,鋼筋混凝土造,105年1月24日,二十五層,二十五層 見其他登記事項
RPQNMLQJOHNFFCC18CA,2,2.48,見其他登記事項,鋼筋混凝土造,105年1月24日,二十三層,
RPQNMLQJOHNFFCC18CA,2,152.85,見其他登記事項,鋼筋混凝土造,105年1月24日,二十五層,
RPQNMLQJOHNFFCC18CA,2,.05,見其他登記事項,鋼筋混凝土造,105年1月24日,,
RPQNMLQJOHNFFCC18CA,2,.00,見其他登記事項,鋼筋混凝土造,105年1月24日,二十三層,
RPQNMLQJOHNFFCC18CA,2,.02,見其他登記事項,鋼筋混凝土造,105年1月24日,二十五層,
RPSRMLLKOHNFFBC38DA,22,99.49,住家用,鋼筋混凝土造,85年7月11日,十二層,十二層
RPSRMLLKOHNFFBC38DA,22,5.92,共用部份,鋼筋混凝土造,85年7月11日,十二層,
RPSRMLLKOHNFFBC38DA,22,51.09,共用部份,鋼筋混凝土造,85年7月11日,十二層,
RPSNMLLJOHNFFBC77CA,,55.06,見其他登記事項,鋼筋混凝土造,106年11月9日,十層,八層
RPSNMLLJOHNFFBC77CA,,27.78,見其他登記事項,鋼筋混凝土造,106年11月9日,十層,
RPSOMLLMNHNFFCC28DA,23,68.40,住家用,鋼筋混凝土造,84年5月17日,六層,六層
RPSOMLLMNHNFFCC28DA,23,12.52,共用部份,鋼筋混凝土造,84年5月17日,六層,
RPSOMLLMNHNFFCC28DA,23,9.17,共用部份,鋼筋混凝土造,84年5月17日,六層,
RPOOMLTLNHNFFCC58DA,30,68.50,住家用,鋼筋混凝土造,77年9月12日,四層,四層
RPVOMLQJOHNFFCC78CA,23,79.82,住家用,鋼筋混凝土造,84年9月11日,五層,三層
RPVOMLQJOHNFFCC78CA,23,2.30,共用部份,鋼筋混凝土造,84年9月11日,五層,
RPPNMLMKOHNFFCC77CA,38,87.74,住家用,鋼筋混凝土造,69年1月24日,五層,五層
RPQNMLSJOHNFFCC38CA,10,87.95,住家用,鋼筋混凝土造,96年11月16日,九層,六層
RPQNMLSJOHNFFCC38CA,10,11.67,共用部份,鋼筋混凝土造,96年11月16日,十層,
RPQNMLSJOHNFFCC38CA,10,48.94,共用部份,鋼筋混凝土造,96年11月16日,十層,
RPPPMLLLOHNFFCC97CA,23,79.74,住家用,鋼筋混凝土造,84年8月15日,五層,四層
RPPPMLLLOHNFFCC97CA,23,2.14,共用部份,鋼筋混凝土造,84年8月15日,五層,
RPPOMLKLOHNFFCC77CA,26,36.27,見其他登記事項,鋼筋混凝土造,81年5月28日,五層,
RPPOMLKLOHNFFCC77CA,26,101.07,住家用,鋼筋混凝土造,81年5月28日,五層,五層
RPPOMLKLOHNFFCC77CA,26,4.22,共用部份,鋼筋混凝土造,81年5月28日,五層,
RPSNMLQJOHNFFCC38CA,,13.47,見其他登記事項,鋼筋混凝土造,105年1月24日,二十五層,
RPPOMLRJOHNFFCC28CA,10,90.92,住家用,鋼筋混凝土造,96年11月16日,十層,六層
RPPOMLRJOHNFFCC28CA,10,12.42,共用部份,鋼筋混凝土造,96年11月16日,十層,
RPPOMLRJOHNFFCC28CA,10,18.03,共用部份,鋼筋混凝土造,96年11月16日,十層,
RPVNMLPLOHNFFCC98EA,44,40.59,住商用,加強磚造,63年9月25日,1,一層 騎樓
RPSNMLPJOHNFFBC18CA,45,102.25,住家用,鋼筋混凝土加強磚造,62年10月23日,四層,三層
RPRNMLPJOHNFFBC08CA,31,109.49,住家用,鋼筋混凝土造,75年11月8日,五層,三層
RPVNMLQJOHNFFCC68CA,1,138.73,見其他登記事項,鋼筋混凝土造,106年5月1日,十二層,十二層
RPVNMLQJOHNFFCC68CA,1,30.04,見其他登記事項,鋼筋混凝土造,106年5月1日,十二層,
RPVNMLQJOHNFFCC68CA,1,105.82,見其他登記事項,鋼筋混凝土造,106年5月1日,十二層,
RPTNMLKMNHNFFCC08CA,24,97.76,住家用,鋼筋混凝土造,83年9月30日,五層,五層
RPTNMLKMNHNFFCC08CA,24,13.16,共用部份,鋼筋混凝土造,83年9月30日,五層,
RPUNMLLJOHNFFCC08CA,2,86.39,見其他登記事項,鋼筋混凝土造,105年1月22日,九層,八層
RPUNMLLJOHNFFCC08CA,2,4.80,見其他登記事項,鋼筋混凝土造,105年1月22日,九層,
RPSNMLKMNHNFFCC97CA,37,84.60,住家用,鋼筋混凝土造,69年12月24日,五層,五層
RPPOMLKMNHNFFCC77CA,23,40.12,住家用,鋼筋混凝土造,84年8月1日,十二層,五層
RPPOMLKMNHNFFCC77CA,23,7.42,共用部份,鋼筋混凝土造,84年8月1日,十二層,
RPPOMLKMNHNFFCC77CA,23,1.88,共用部份,鋼筋混凝土造,84年8月1日,十二層,
RPUNMLLJOHNFFCC08CA,2,43.34,見其他登記事項,鋼筋混凝土造,105年1月22日,九層,
RPUNMLLJOHNFFCC08CA,2,42.95,見其他登記事項,鋼筋混凝土造,105年1月22日,九層,
RPUNMLKMNHNFFCC18CA,39,97.97,住家用,鋼筋混凝土造,68年2月28日,四層,三層
RPQNMLKLOHNFFBC77DA,21,24.89,住家用,鋼筋混凝土造,85年11月29日,二十三層,十六層
RPQNMLKLOHNFFBC77DA,21,4.19,共用部份,鋼筋混凝土造,85年11月29日,二十三層,
RPQNMLKLOHNFFBC77DA,21,1.69,共用部份,鋼筋混凝土造,85年11月29日,二十三層,
RPQNMLKLOHNFFBC77DA,21,1.93,共用部份,鋼筋混凝土造,85年11月29日,二十三層,
RPWNMLTLNHNFFCC56CA,2,86.03,見其他登記事項,鋼筋混凝土造,104年12月28日,十五層,十層
RPWNMLTLNHNFFCC56CA,2,80.20,見其他登記事項,鋼筋混凝土造,104年12月28日,十五層,
RPQOMLTLNHNFFCC68CA,25,134.12,住家用,鋼筋混凝土造,82年5月4日,六層,五層
RPQOMLTLNHNFFCC68CA,25,4.81,共用部份,鋼筋混凝土造,82年5月4日,六層,
RPQOMLTLNHNFFCC68CA,25,24.45,共用部份,鋼筋混凝土造,82年5月4日,六層,
RPPNMLLKOHNFFBC57CA,23,106.42,住家用,鋼筋混凝土造,84年6月10日,四層,一層
RPPNMLLKOHNFFBC57CA,23,4.82,共用部份,鋼筋混凝土造,84年6月10日,四層,
RPPNMLLKOHNFFBC57CA,23,1.68,共用部份,鋼筋混凝土造,84年6月10日,五層,
RPROMLTLNHNFFCC78CA,23,62.13,住家用,鋼筋混凝土造,84年8月8日,六層,二層
RPROMLTLNHNFFCC78CA,23,10.29,共用部份,鋼筋混凝土造,84年8月8日,六層,
RPPOMLQKOHNFFBC18CA,,83.80,見其他登記事項,鋼筋混凝土造,106年11月9日,十層,十層
RPXNMLQKOHNFFBC88CA,,65.96,見其他登記事項,鋼筋混凝土造,106年11月9日,十層,十層
RPPOMLQKOHNFFBC18CA,,66.61,見其他登記事項,鋼筋混凝土造,106年11月9日,十層,
RPXNMLQKOHNFFBC88CA,,57.61,見其他登記事項,鋼筋混凝土造,106年11月9日,十層,
RPROMLTLNHNFFCC78CA,23,10.26,共用部份,鋼筋混凝土造,84年8月8日,六層,
RPRNMLKMNHNFFBC77CA,20,34.17,共用部份,鋼筋混凝土造,86年11月21日,二十一層,
RPOOMLTLNHNFFBC38CA,21,41.61,見其他登記事項,鋼筋混凝土造,85年11月29日,二十三層,地下三層
RPQNMLKMNHNFFBC67CA,19,92.44,住家用,鋼筋混凝土造,88年1月14日,十六層,十五層
RPQNMLKMNHNFFBC67CA,19,1.11,共用部份,鋼筋混凝土造,88年1月14日,十六層,
RPQNMLKMNHNFFBC67CA,19,3.30,共用部份,鋼筋混凝土造,88年1月14日,十六層,
RPQNMLKMNHNFFBC67CA,19,2.24,共用部份,鋼筋混凝土造,88年1月14日,十六層,
RPQNMLKMNHNFFBC67CA,19,1.09,共用部份,鋼筋混凝土造,88年1月14日,十六層,
RPQNMLKMNHNFFBC67CA,19,41.38,共用部份,鋼筋混凝土造,88年1月14日,十六層,
RPQNMLKMNHNFFBC67CA,19,12.98,共用部份,鋼筋混凝土造,88年1月14日,十六層,
RPTNMLLMNHNFFBC08CA,39,92.34,住家用,鋼筋混凝土造,68年5月17日,四層,三層
RPSNMLKMNHNFFBC87CA,19,57.41,住家用,鋼筋混凝土造,88年1月14日,十五層,三層
RPSNMLKMNHNFFBC87CA,19,1.41,共用部份,鋼筋混凝土造,88年1月14日,十六層,
RPSNMLKMNHNFFBC87CA,19,.69,共用部份,鋼筋混凝土造,88年1月14日,十六層,
RPSNMLKMNHNFFBC87CA,19,3.26,共用部份,鋼筋混凝土造,88年1月14日,十五層,
RPSNMLKMNHNFFBC87CA,19,8.47,共用部份,鋼筋混凝土造,88年1月14日,十五層,
RPXNMLTLNHNFFBC56CA,21,103.69,住家用,鋼筋混凝土造,85年11月19日,五層,四層
RPXNMLTLNHNFFBC56CA,21,33.36,共用部份,鋼筋混凝土造,85年11月19日,五層,
RPXNMLTLNHNFFBC56CA,21,.22,共用部份,鋼筋混凝土造,85年11月19日,五層,
RPXNMLTLNHNFFBC56CA,21,.68,見其他登記事項,鋼筋混凝土造,85年11月19日,五層,
RPXNMLKMNHNFFBC38CA,21,86.83,住家用,鋼筋混凝土造,85年11月29日,二十三層,九層
RPXNMLKMNHNFFBC38CA,21,11.93,共用部份,鋼筋混凝土造,85年11月29日,二十三層,
RPTNMLTLNHNFFCC88CA,23,58.79,住家用,鋼筋混凝土造,84年8月8日,六層,二層
RPTNMLTLNHNFFCC88CA,23,9.88,共用部份,鋼筋混凝土造,84年8月8日,六層,
RPXNMLKMNHNFFBC38CA,21,4.77,共用部份,鋼筋混凝土造,85年11月29日,二十三層,
RPTNMLTLNHNFFCC88CA,23,9.64,共用部份,鋼筋混凝土造,84年8月8日,六層,
RPXNMLKMNHNFFBC38CA,21,39.45,共用部份,鋼筋混凝土造,85年11月29日,二十三層,
RPXNMLKMNHNFFBC38CA,21,7.12,共用部份,鋼筋混凝土造,85年11月29日,二十三層,
RPTNMLTLNHNFFBC78CA,19,57.41,住家用,鋼筋混凝土造,88年1月14日,十六層,十一層
RPTNMLTLNHNFFBC78CA,19,9.04,共用部份,鋼筋混凝土造,88年1月14日,十六層,
RPVNMLTLNHNFFCC09CA,37,88.00,住家用,鋼筋混凝土造,70年10月13日,四層,二層
RPTNMLTLNHNFFBC78CA,19,.35,共用部份,鋼筋混凝土造,88年1月14日,十六層,
RPTNMLTLNHNFFBC78CA,19,1.78,共用部份,鋼筋混凝土造,88年1月14日,十六層,
RPTNMLTLNHNFFBC78CA,19,1.46,共用部份,鋼筋混凝土造,88年1月14日,十六層,
RPTNMLTLNHNFFBC78CA,19,.69,共用部份,鋼筋混凝土造,88年1月14日,十六層,
RPRNMLLJOHNFFBC67CA,,81.81,見其他登記事項,鋼筋混凝土造,106年11月9日,十層,七層
RPRNMLLJOHNFFBC67CA,,65.58,見其他登記事項,鋼筋混凝土造,106年11月9日,十層,
RPRNMLLMNHNFFBC87CA,19,116.97,住家用,鋼筋混凝土造,88年10月6日,五層,四層
RPRNMLLMNHNFFBC87CA,19,4.77,共用部份,鋼筋混凝土造,88年10月6日,五層,
RPSNMLTLNHNFFCC78CA,24,97.76,住家用,鋼筋混凝土造,83年9月30日,五層,五層
RPSNMLTLNHNFFCC78CA,24,13.16,共用部份,鋼筋混凝土造,83年9月30日,五層,
RPPNMLMKOHNFFBC67CA,22,94.96,住家用,鋼筋混凝土造,85年6月7日,七層,五層
RPPNMLMKOHNFFBC67CA,22,19.49,共用部份,鋼筋混凝土造,85年6月7日,七層,
RPPNMLPJOHNFFBC87CA,36,44.16,住家用,鋼筋混凝土造,71年9月30日,五層,三層
RPXNMLOJOHNFFBC58CA,19,105.30,住家用,鋼筋混凝土造,88年1月20日,七層,五層
RPXNMLOJOHNFFBC58CA,19,27.74,共用部份,鋼筋混凝土造,88年1月20日,七層,
RPQNMLLJOHNFFCC67CA,38,72.41,住家用,鋼筋混凝土造,69年7月29日,五層,五層
RPOOMLKMNHNFFCC67CA,9,100.14,住家用,鋼筋混凝土造,98年6月24日,十四層,十層
RPPOMLOJOHNFFCC97CA,23,68.36,住家用,鋼筋混凝土造,84年8月8日,六層,四層
RPOOMLKMNHNFFCC67CA,9,23.05,共用部份,鋼筋混凝土造,98年6月24日,十四層,
RPPOMLOJOHNFFCC97CA,23,11.61,共用部份,鋼筋混凝土造,84年8月8日,六層,
RPOOMLKMNHNFFCC67CA,9,49.78,共用部份,鋼筋混凝土造,98年6月24日,十四層,
RPPOMLOJOHNFFCC97CA,23,11.33,共用部份,鋼筋混凝土造,84年8月8日,六層,
RPPNMLOJOHNFFCC87CA,35,56.01,住家用,鋼筋混凝土造,71年11月25日,五層,四層
RPUNMLRJOHNFFBC58CA,48,62.10,住家用,加強磚造,59年5月11日,二層,二層
RPTNMLRJOHNFFBC48CA,48,62.22,住家用,加強磚造,59年5月11日,二層,二層
RPQNMLKMNHNFFCC97EA,26,33.28,見其他登記事項,鋼筋混凝土造,80年12月11日,四層,地下一層
RPRNMLLMNHNFFCC97CA,21,105.09,住家用,鋼筋混凝土造,85年12月13日,七層,三層
RPRNMLLMNHNFFCC97CA,21,5.78,共用部份,鋼筋混凝土造,85年12月13日,七層,
RPRNMLLMNHNFFCC97CA,21,37.30,共用部份,鋼筋混凝土造,85年12月13日,七層,
RPOOMLRJOHNFFCC18CA,17,30.56,共用部份,鋼筋混凝土造,90年10月4日,五層,
RPSNMLLMNHNFFCC08CA,7,266.60,見其他登記事項,鋼筋混凝土造,100年10月13日,三層,一層 二層 三層 地下一層 地下二層 見其他登記事項
RPSNMLLMNHNFFCC08CA,7,32.61,見其他登記事項,鋼筋混凝土造,100年10月13日,九層,
RPPNMLRJOHNFFCC38EA,6,110.57,見其他登記事項,鋼筋混凝土造,101年6月26日,十三層,二層
RPTNMLPJOHNFFCC58EA,22,84.91,住家用,鋼筋混凝土造,85年5月3日,五層,二層
RPPNMLRJOHNFFCC38EA,6,45.70,見其他登記事項,鋼筋混凝土造,101年6月26日,十三層,
RPTNMLPJOHNFFCC58EA,22,5.15,共用部份,鋼筋混凝土造,85年5月3日,五層,
RPPNMLRJOHNFFCC38EA,6,28.94,見其他登記事項,鋼筋混凝土造,101年6月26日,十三層,
RPTNMLPJOHNFFCC58EA,22,10.20,共用部份,鋼筋混凝土造,85年5月3日,五層,
RPWNMLPJOHNFFCC88EA,24,101.91,住家用,鋼筋混凝土造,83年11月8日,五層,二層
RPWNMLPJOHNFFCC88EA,24,13.29,共用部份,鋼筋混凝土造,83年11月8日,五層,
RPWNMLPJOHNFFCC88EA,24,3.70,共用部份,鋼筋混凝土造,83年11月8日,五層,
RPSNMLLLOHNFFCC18DA,23,78.73,住家用,鋼筋混凝土造,84年5月17日,六層,二層
RPSNMLLLOHNFFCC18DA,23,14.01,共用部份,鋼筋混凝土造,84年5月17日,六層,
RPSNMLLLOHNFFCC18DA,23,14.83,共用部份,鋼筋混凝土造,84年5月17日,六層,
RPUOMLLLOHNFFCC58EA,22,62.10,住家用,鋼筋混凝土造,84年12月18日,十一層,二層
RPUOMLLLOHNFFCC58EA,22,1.70,共用部份,鋼筋混凝土造,84年12月18日,十一層,
RPUOMLLLOHNFFCC58EA,22,3.09,共用部份,鋼筋混凝土造,84年12月18日,十一層,
RPPNMLTJOHNFFCC38CA,23,92.36,住家用,鋼筋混凝土造,84年1月18日,十二層,十二層
RPUOMLLLOHNFFCC58EA,22,1.83,共用部份,鋼筋混凝土造,84年12月18日,十一層,
RPPNMLTJOHNFFCC38CA,23,39.31,共用部份,鋼筋混凝土造,84年1月18日,十二層,
RPPOMLPJOHNFFCC08CA,2,75.95,見其他登記事項,鋼筋混凝土造,105年1月24日,十八層,九層
RPPOMLPJOHNFFCC08CA,2,.01,見其他登記事項,鋼筋混凝土造,105年1月24日,,
RPPOMLPJOHNFFCC08CA,2,.00,見其他登記事項,鋼筋混凝土造,105年1月24日,二十三層,
RPPOMLPJOHNFFCC08CA,2,.01,見其他登記事項,鋼筋混凝土造,105年1月24日,二十五層,
RPPOMLPJOHNFFCC08CA,2,.73,見其他登記事項,鋼筋混凝土造,105年1月24日,二十三層,
RPPOMLPJOHNFFCC08CA,2,44.51,見其他登記事項,鋼筋混凝土造,105年1月24日,二十五層,
RPTNMLQKOHNFFCC58CA,38,106.14,住家用,鋼筋混凝土造,69年5月1日,八層,二層
RPOQMLMKOHNFFBC97DA,37,68.55,住家用,鋼筋混凝土造,69年12月12日,五層,四層
RPRNMLNKOHNFFBC08DA,23,2.21,共用部份,鋼筋混凝土造,83年11月8日,五層,
RPRNMLNKOHNFFBC08DA,23,113.12,住家用,鋼筋混凝土造,83年11月8日,五層,二層
RPPNMLMLOHNFFCC87CA,,102.30,見其他登記事項,鋼筋混凝土造,106年11月3日,十二層,十層
RPPNMLMLOHNFFCC87CA,,44.17,見其他登記事項,鋼筋混凝土造,106年11月3日,十三層,
RPPNMLMLOHNFFCC87CA,,.23,見其他登記事項,鋼筋混凝土造,106年11月3日,十三層,
RPPNMLMLOHNFFCC87CA,,29.81,見其他登記事項,鋼筋混凝土造,106年11月3日,十三層,
RPQNMLMLOHNFFCC97CA,,99.28,見其他登記事項,鋼筋混凝土造,106年11月3日,十二層,九層
RPQNMLMLOHNFFCC97CA,,42.80,見其他登記事項,鋼筋混凝土造,106年11月3日,十三層,
RPQNMLMLOHNFFCC97CA,,.23,見其他登記事項,鋼筋混凝土造,106年11月3日,十三層,
RPQNMLMLOHNFFCC97CA,,29.81,見其他登記事項,鋼筋混凝土造,106年11月3日,十三層,
RPUNMLQKOHNFFCC68CA,22,24.81,住家用,鋼筋混凝土造,85年5月3日,五層,五層
RPUNMLQKOHNFFCC68CA,22,2.33,共用部份,鋼筋混凝土造,85年5月3日,五層,
RPUNMLQKOHNFFCC68CA,22,4.42,共用部份,鋼筋混凝土造,85年5月3日,五層,
RPTNMLRLOHNFFBC68CA,27,92.63,住家用,鋼筋混凝土造,79年12月3日,四層,三層
RPTNMLRLOHNFFBC68CA,27,29.67,共用部份,鋼筋混凝土造,79年12月3日,四層,
RPTNMLLLOHNFFCC28DA,23,83.66,住家用,鋼筋混凝土造,83年12月19日,五層,二層
RPTNMLLLOHNFFCC28DA,23,3.35,共用部份,鋼筋混凝土造,83年12月19日,五層,
RPQNMLTJOHNFFBC38CA,34,92.06,住家用,鋼筋混凝土造,73年3月26日,四層,二層
RPRNMLPKOHNFFCC38DA,38,51.90,住家用,鋼筋混凝土造,69年3月21日,五層,五層
RPOOMLOJOHNFFCC87CA,26,94.85,住家用,鋼筋混凝土造,81年7月18日,五層,五層
RPOPMLOJOHNFFCC97CA,21,54.24,住家用,鋼筋混凝土造,86年5月8日,十一層,二層
RPOPMLOJOHNFFCC97CA,21,1.18,共用部份,鋼筋混凝土造,86年5月8日,十一層,
RPOPMLOJOHNFFCC97CA,21,9.91,共用部份,鋼筋混凝土造,86年5月8日,十一層,
RPOPMLOJOHNFFCC97CA,21,.60,共用部份,鋼筋混凝土造,86年5月8日,十一層,
RPPOMLLMNHNFFCC87CA,38,60.63,住家用,鋼筋混凝土造,69年6月11日,五層,四層
RPUNMLOJOHNFFBC28CA,19,101.54,住家用,鋼筋混凝土造,88年1月14日,十五層,七層
RPUNMLOJOHNFFBC28CA,19,19.57,共用部份,鋼筋混凝土造,88年1月14日,十五層,
RPUNMLOJOHNFFBC28CA,19,5.42,共用部份,鋼筋混凝土造,88年1月14日,十五層,
RPUNMLOJOHNFFBC28CA,19,2.40,共用部份,鋼筋混凝土造,88年1月14日,十六層,
RPUNMLOJOHNFFBC28CA,19,1.19,共用部份,鋼筋混凝土造,88年1月14日,十六層,
RPSNMLOKOHNFFCC28CA,29,113.38,住家用,鋼筋混凝土造,78年10月11日,四層,一層
RPSNMLOKOHNFFCC28CA,29,91.22,住家用,鋼筋混凝土造,78年10月11日,四層,二層
RPQNMLOJOHNFFCC97CA,19,120.51,住家用,鋼筋混凝土造,88年4月15日,九層,六層
RPQNMLOJOHNFFCC97CA,19,12.30,共用部份,鋼筋混凝土造,88年4月15日,九層,
RPQNMLOJOHNFFCC97CA,19,40.82,共用部份,鋼筋混凝土造,88年4月15日,九層,
RPSNMLLJOHNFFCC87CA,23,97.35,住家用,鋼筋混凝土造,83年11月20日,八層,四層
RPSNMLLJOHNFFCC87CA,23,41.09,共用部份,鋼筋混凝土造,83年11月20日,九層,
RPPNMLLJOHNFFBC47CA,19,36.53,共用部份,鋼筋混凝土造,88年1月14日,十五層,
RPVNMLQJOHNFFBC58CA,34,28.85,住家用,鋼筋混凝土造,73年8月30日,四層,一層
RPUNMLLMNHNFFBC18CA,19,50.84,住家用,鋼筋混凝土造,88年1月14日,十六層,八層
RPUNMLLMNHNFFBC18CA,19,12.65,共用部份,鋼筋混凝土造,88年1月14日,十六層,
RPUNMLLMNHNFFBC18CA,19,2.27,共用部份,鋼筋混凝土造,88年1月14日,十六層,
RPUNMLLMNHNFFBC18CA,19,36.54,共用部份,鋼筋混凝土造,88年1月14日,十六層,
RPWNMLLMNHNFFBC38CA,22,99.12,住家用,鋼筋混凝土造,85年3月9日,十五層,十層
RPUNMLLMNHNFFBC18CA,19,1.30,共用部份,鋼筋混凝土造,88年1月14日,十六層,
RPWNMLLMNHNFFBC38CA,22,17.79,共用部份,鋼筋混凝土造,85年3月9日,十五層,
RPUNMLLMNHNFFBC18CA,19,.64,共用部份,鋼筋混凝土造,88年1月14日,十六層,
RPPNMLLMNHNFFBC67CA,37,69.96,住家用,鋼筋混凝土造,69年12月12日,五層,五層
RPTNMLOJOHNFFBC18CA,19,56.40,住家用,鋼筋混凝土造,88年1月22日,七層,五層
RPQNMLLJOHNFFBC57CA,19,8.24,共用部份,鋼筋混凝土造,88年1月14日,十六層,
RPTNMLOJOHNFFBC18CA,19,10.98,共用部份,鋼筋混凝土造,88年1月22日,七層,
RPQNMLLJOHNFFBC57CA,19,.70,共用部份,鋼筋混凝土造,88年1月14日,十六層,
RPTNMLOJOHNFFBC18CA,19,3.99,共用部份,鋼筋混凝土造,88年1月22日,七層,
RPQNMLLJOHNFFBC57CA,19,2.10,共用部份,鋼筋混凝土造,88年1月14日,十六層,
RPTNMLOJOHNFFBC18CA,19,1.33,共用部份,鋼筋混凝土造,88年1月22日,七層,
RPTNMLOJOHNFFBC18CA,19,1.58,共用部份,鋼筋混凝土造,88年1月22日,七層,
RPQNMLLJOHNFFBC57CA,19,1.41,共用部份,鋼筋混凝土造,88年1月14日,十六層,
RPQNMLLJOHNFFBC57CA,19,.69,共用部份,鋼筋混凝土造,88年1月14日,十六層,
RPQNMLLJOHNFFBC57CA,19,57.92,住家用,鋼筋混凝土造,88年1月14日,十六層,十三層
RPXNMLLMNHNFFBC48CA,19,57.41,住家用,鋼筋混凝土造,88年1月14日,十五層,十一層
RPXNMLLMNHNFFBC48CA,19,8.47,共用部份,鋼筋混凝土造,88年1月14日,十五層,
RPXNMLLMNHNFFBC48CA,19,3.26,共用部份,鋼筋混凝土造,88年1月14日,十五層,
RPXNMLLMNHNFFBC48CA,19,1.41,共用部份,鋼筋混凝土造,88年1月14日,十六層,
RPXNMLLMNHNFFBC48CA,19,.69,共用部份,鋼筋混凝土造,88年1月14日,十六層,
RPXNMLLMNHNFFBC48CA,19,36.53,共用部份,鋼筋混凝土造,88年1月14日,十五層,
RPVNMLPLOHNFFBC78DA,49,55.12,住家用,加強磚造,58年7月31日,四層,四層
RPSNMLQJOHNFFBC28CA,19,91.32,住家用,鋼筋混凝土造,88年1月14日,十六層,六層
RPSNMLQJOHNFFBC28CA,19,13.92,共用部份,鋼筋混凝土造,88年1月14日,十六層,
RPSNMLQJOHNFFBC28CA,19,5.39,共用部份,鋼筋混凝土造,88年1月14日,十六層,
RPSNMLQJOHNFFBC28CA,19,2.19,共用部份,鋼筋混凝土造,88年1月14日,十六層,
RPSNMLQJOHNFFBC28CA,19,1.06,共用部份,鋼筋混凝土造,88年1月14日,十六層,
RPSNMLQJOHNFFBC28CA,19,43.43,共用部份,鋼筋混凝土造,88年1月14日,十六層,
RPWNMLQJOHNFFBC68CA,34,31.23,住家用,鋼筋混凝土造,73年8月30日,四層,二層
RPPOMLQJOHNFFBC08CA,23,64.58,見其他登記事項,鋼筋混凝土造,84年6月10日,四層,三層 夾層
RPWNMLQJOHNFFBC68CA,34,31.23,住家用,鋼筋混凝土造,73年8月30日,四層,三層
RPPOMLQJOHNFFBC08CA,23,4.84,共用部份,鋼筋混凝土造,84年6月10日,四層,
RPWNMLQJOHNFFBC68CA,34,24.99,住家用,鋼筋混凝土造,73年8月30日,四層,四層
RPPOMLQJOHNFFBC08CA,23,.95,共用部份,鋼筋混凝土造,84年6月10日,五層,
RPSNMLNKOHNFFBC08CA,29,66.91,住家用,鋼筋混凝土造,78年8月29日,五層,五層
RPRNMLQJOHNFFBC18CA,19,57.41,住家用,鋼筋混凝土造,88年1月14日,十六層,十二層
RPRNMLQJOHNFFBC18CA,19,9.40,共用部份,鋼筋混凝土造,88年1月14日,十六層,
RPRNMLQJOHNFFBC18CA,19,3.39,共用部份,鋼筋混凝土造,88年1月14日,十六層,
RPRNMLQJOHNFFBC18CA,19,1.41,共用部份,鋼筋混凝土造,88年1月14日,十六層,
RPRNMLQJOHNFFBC18CA,19,.69,共用部份,鋼筋混凝土造,88年1月14日,十六層,
RPOOMLQJOHNFFBC97CA,21,21.30,住家用,鋼筋混凝土造,85年11月29日,二十三層,二十二層
RPOOMLQJOHNFFBC97CA,21,2.81,共用部份,鋼筋混凝土造,85年11月29日,二十三層,
RPOOMLQJOHNFFBC97CA,21,1.22,共用部份,鋼筋混凝土造,85年11月29日,二十三層,
RPVOMLOKOHNFFBC58CA,19,66.94,住家用,鋼筋混凝土造,88年1月14日,十六層,八層
RPOOMLQJOHNFFBC97CA,21,1.70,共用部份,鋼筋混凝土造,85年11月29日,二十三層,
RPVOMLOKOHNFFBC58CA,19,16.05,共用部份,鋼筋混凝土造,88年1月14日,十六層,
RPVOMLOKOHNFFBC58CA,19,.82,共用部份,鋼筋混凝土造,88年1月14日,十六層,
RPVOMLOKOHNFFBC58CA,19,3.82,共用部份,鋼筋混凝土造,88年1月14日,十六層,
RPVOMLOKOHNFFBC58CA,19,1.56,共用部份,鋼筋混凝土造,88年1月14日,十六層,
RPVOMLOKOHNFFBC58CA,19,.74,共用部份,鋼筋混凝土造,88年1月14日,十六層,
RPTNMLSJOHNFFCC88EA,22,27.00,共用部份,鋼筋混凝土造,85年2月17日,十層,
RPXOMLOJOHNFFCC78CA,37,82.68,住家用,鋼筋混凝土造,70年10月8日,四層,四層
RPXOMLOJOHNFFCC78CA,37,3.08,共用部份,鋼筋混凝土造,70年10月8日,四層,
RPTOMLLJOHNFFCC08CA,36,72.33,住家用,鋼筋混凝土造,71年9月15日,四層,四層
RPVOMLOJOHNFFCC58CA,2,.02,見其他登記事項,鋼筋混凝土造,105年1月24日,,
RPVOMLOJOHNFFCC58CA,2,.00,見其他登記事項,鋼筋混凝土造,105年1月24日,二十三層,
RPVOMLOJOHNFFCC58CA,2,.01,見其他登記事項,鋼筋混凝土造,105年1月24日,二十五層,
RPVOMLOJOHNFFCC58CA,2,107.63,見其他登記事項,鋼筋混凝土造,105年1月24日,二十五層,二十一層
RPVOMLOJOHNFFCC58CA,2,1.04,見其他登記事項,鋼筋混凝土造,105年1月24日,二十三層,
RPVOMLOJOHNFFCC58CA,2,59.84,見其他登記事項,鋼筋混凝土造,105年1月24日,二十五層,
RPTNMLLKOHNFFCC28EA,22,8.98,共用部份,鋼筋混凝土造,85年6月27日,五層,
RPUNMLQJOHNFFCC58CA,42,64.74,住家用,鋼筋混凝土加強磚造,65年5月19日,四層,一層
RPSOMLQJOHNFFCC48CA,2,88.49,見其他登記事項,鋼筋混凝土造,105年1月24日,十八層,四層
RPSOMLQJOHNFFCC48CA,2,.02,見其他登記事項,鋼筋混凝土造,105年1月24日,,
RPSOMLQJOHNFFCC48CA,2,.00,見其他登記事項,鋼筋混凝土造,105年1月24日,二十三層,
RPSOMLQJOHNFFCC48CA,2,.01,見其他登記事項,鋼筋混凝土造,105年1月24日,二十五層,
RPSOMLQJOHNFFCC48CA,2,.85,見其他登記事項,鋼筋混凝土造,105年1月24日,二十三層,
RPSOMLQJOHNFFCC48CA,2,52.02,見其他登記事項,鋼筋混凝土造,105年1月24日,二十五層,
RPWNMLQKOHNFFCC88CA,2,.01,見其他登記事項,鋼筋混凝土造,105年1月24日,,
RPWNMLQKOHNFFCC88CA,2,.00,見其他登記事項,鋼筋混凝土造,105年1月24日,二十三層,
RPWNMLQKOHNFFCC88CA,2,.01,見其他登記事項,鋼筋混凝土造,105年1月24日,二十五層,
RPWNMLQKOHNFFCC88CA,2,76.21,見其他登記事項,鋼筋混凝土造,105年1月24日,二十五層,十五層
RPWNMLQKOHNFFCC88CA,2,.73,見其他登記事項,鋼筋混凝土造,105年1月24日,二十三層,
RPWNMLQKOHNFFCC88CA,2,47.00,見其他登記事項,鋼筋混凝土造,105年1月24日,二十五層,
RPSOMLKLOHNFFCC08CA,48,68.40,住商用,加強磚造,59年7月2日,三層,一層 騎樓
