﻿鄉鎮市區,交易標的,土地區段位置/建物區段門牌,土地移轉總面積(平方公尺),都市土地使用分區,非都市土地使用分區,非都市土地使用編定,交易年月日,交易筆棟數,移轉層次,總樓層數,建物型態,主要用途,主要建材,建築完成年月,建物移轉總面積(平方公尺),建物現況格局-房,建物現況格局-廳,建物現況格局-衛,建物現況格局-隔間,有無管理組織,總價(元),單價(元/平方公尺),車位類別,車位移轉總面積(平方公尺),車位總價(元),備註,編號
The villages and towns urban district,transaction sign,land sector position/building sector house number plate,land shifting total area (square meter),the use zoning or compiles and checks,the non-metropolis land use district,non-metropolis land use,transaction year, month and day,transaction pen number,shifting level,total floor number,building state,main use,main building materials,construction to complete the years,building shifting total area,Building present situation pattern - room,building present situation pattern - hall,building present situation pattern - health,building present situation pattern - compartmented,Whether there is manages the organization,total price (Yuan),the unit price (a Yuan/square meter),the berth category,berth shifting total area (square meter),the berth total price (Yuan),the note,serial number
中正區,房地(土地+建物)+車位,基隆市中正區新豐街161巷91~120號,36.41,住,,,1070508,土地1建物1車位1,三層,七層,華廈(10層含以下有電梯),見其他登記事項,鋼筋混凝土造,1051007,162.83,3,2,2,有,有,7750000,49433,坡道平面,24.26,900000,,RPSNMLMLNHNFFBC97CA
中正區,車位,基隆市中正區觀海街61~90號,0.0,,,,1070503,土地0建物0車位1,,,其他,,,,45.95,0,0,0,有,有,575000,,坡道平面,45.95,575000,,RPUNMLMLNHNFFBC18CA
中正區,房地(土地+建物),基隆市中正區祥豐街721~750號,29.38,住,,,1070414,土地1建物1車位0,二層,四層,公寓(5樓含以下無電梯),住家用,鋼筋混凝土加強磚造,0660808,76.24,3,2,1,有,無,3050000,40005,,0.0,0,含增建或未登記建物。,RPWNMLMLNHNFFBC38CA
中正區,房地(土地+建物),基隆市中正區祥豐街91~120號,27.33,住,,,1070514,土地1建物1車位0,三層,三層,公寓(5樓含以下無電梯),住家用,加強磚造,0630613,51.11,2,1,1,有,無,800000,15653,,0.0,0,"本買賣標的係屬老舊公寓,頂樓有增建屋況不佳,買賣雙方應繳相關稅費均由買方負擔.",RPRNMLNLNHNFFBC97CA
中正區,房地(土地+建物),基隆市中正區中正路361~390號,24.64,其他,,,1070429,土地7建物1車位0,四層,五層,公寓(5樓含以下無電梯),住家用,鋼筋混凝土造,0740830,108.63000000000001,3,2,2,有,有,2800000,25776,,0.0,0,,RPXNMLOLNHNFFBC68CA
信義區,房地(土地+建物)+車位,基隆市信義區深溪路38巷1~30號,29.58,住,,,1070422,土地1建物1車位1,十層,十層,華廈(10層含以下有電梯),見其他登記事項,鋼筋混凝土造,1061109,116.47999999999999,3,1,1,有,有,6300000,54087,坡道平面,21.86,0,,RPQNMLQLNHNFFBC18CA
中正區,房地(土地+建物)+車位,基隆市中正區新豐街481~510號,24.79,其他,,,1070421,土地3建物1車位1,十四層,十七層,住宅大樓(11層含以上有電梯),住家用,鋼筋混凝土造,0861121,152.83,3,2,2,有,無,6500000,42531,坡道平面,34.17,0,,RPRNMLRLNHNFFBC38CA
仁愛區,房地(土地+建物),基隆市仁愛區仁五路1~30號,3.11,商,,,1070523,土地2建物1車位0,十層,十二層,套房(1房1廳1衛),住家用,鋼筋混凝土造,0700518,39.02,1,0,1,有,有,3000000,76884,,0.0,0,,RPPNMLSLNHNFFBC28CA
信義區,土地,東信段三小段31~60地號,34.5,其他,,,1070508,土地6建物0車位0,,,其他,,,,0.0,0,0,0,有,無,650000,18841,,0.0,0,含未登記建物。,RPTOMLSLNHNFFBC78CA
中正區,房地(土地+建物),基隆市中正區新豐街333巷31~60號,11.95,住,,,1070426,土地1建物1車位0,七層,九層,套房(1房1廳1衛),住家用,鋼筋混凝土造,0841122,56.449999999999996,1,1,1,有,有,1950000,34544,,0.0,0,,RPVNMLTLNHNFFBC98CA
信義區,房地(土地+建物),基隆市信義區深澳坑路168巷48弄1~30號,19.06,住,,,1070420,土地1建物1車位0,三層，夾層,四層,公寓(5樓含以下無電梯),見其他登記事項,鋼筋混凝土造,0840610,70.18,3,2,2,有,有,1850000,26361,,0.0,0,,RPRNMLOJOHNFFBC97CA
信義區,房地(土地+建物),基隆市信義區正信路61~90號,33.11,住,,,1070430,土地1建物1車位0,一層，地下層,七層,華廈(10層含以下有電梯),住家用,鋼筋混凝土造,0791029,158.9,4,2,2,有,無,6800000,42794,,0.0,0,,RPOOMLNKOHNFFBC77CA
信義區,房地(土地+建物)+車位,基隆市信義區深溪路38巷1~30號,37.96,住,,,1060524,土地1建物1車位1,五層,十層,華廈(10層含以下有電梯),見其他登記事項,鋼筋混凝土造,1061109,145.05,3,2,2,有,有,8500000,58600,坡道平面,21.86,0,本案為預售。,RPRNMLQKOHNFFBC28CA
安樂區,房地(土地+建物),基隆市安樂區中平街91~120號,29.83,住,,,1070415,土地5建物1車位0,四層,四層,公寓(5樓含以下無電梯),住家用,鋼筋混凝土造,0680911,71.59,3,2,1,有,無,1900000,26540,,0.0,0,,RPSOMLNLNHNFFCC28CA
暖暖區,房地(土地+建物),基隆市暖暖區源遠路188巷1~30號,41.85,住,,,1070321,土地3建物1車位0,一層,五層,公寓(5樓含以下無電梯),住家用,鋼筋混凝土造,0840118,91.84,3,2,2,有,無,3750000,40832,,0.0,0,,RPTOMLNLNHNFFCC38CA
暖暖區,房地(土地+建物)+車位,基隆市暖暖區源遠路226巷31~60號,14.37,住,,,1070425,土地1建物1車位1,十二層,十二層,住宅大樓(11層含以上有電梯),見其他登記事項,鋼筋混凝土造,1020329,93.86,2,2,1,有,有,5000000,53277,坡道機械,18.47,0,,RPVOMLNLNHNFFCC58CA
暖暖區,房地(土地+建物)+車位,基隆市暖暖區源遠路361~390號,19.15,住,,,1070416,土地1建物1車位1,六層,十五層,住宅大樓(11層含以上有電梯),見其他登記事項,鋼筋混凝土造,1041228,133.48000000000002,2,2,1,有,有,6600000,49446,坡道平面,36.4,0,,RPWOMLNLNHNFFCC68CA
安樂區,房地(土地+建物),基隆市安樂區基金三路46巷1~30號,20.0,其他,,,1070314,土地2建物1車位0,十二層,十二層,住宅大樓(11層含以上有電梯),住家用,鋼筋混凝土造,0840701,111.91,3,2,2,有,有,3400000,30382,,0.0,0,,RPPOMLOLNHNFFCC08CA
安樂區,車位,基隆市安樂區麥金路181~210號,3.56,住,,,1070321,土地0建物0車位1,,,其他,,,,15.87,0,0,0,有,有,1550000,,坡道平面,15.87,1550000,,RPPOMLPLNHNFFCC18CA
安樂區,房地(土地+建物),基隆市安樂區中平街1~30號,68.56,其他,,,1070415,土地6建物1車位0,二層,四層,公寓(5樓含以下無電梯),住家用,鋼筋混凝土造,0700420,132.08,4,2,2,有,無,4600000,34827,,0.0,0,,RPUNMLSLNHNFFCC88CA
安樂區,房地(土地+建物),基隆市中山區中和路168巷15弄1~30號,38.38,住,,,1070416,土地3建物1車位0,一層,五層,公寓(5樓含以下無電梯),住家用,鋼筋混凝土造,0840117,150.52,3,2,2,有,無,3500000,23254,,0.0,0,,RPWNMLLMNHNFFCC48CA
暖暖區,房地(土地+建物),基隆市暖暖區源遠路181~210號,30.48,住,,,1070423,土地1建物1車位0,四層,五層,公寓(5樓含以下無電梯),住家用,鋼筋混凝土造,0720414,97.7,2,2,1,有,無,2400000,24565,,0.0,0,含增建或未登記建物。,RPPNMLLJOHNFFCC57CA
安樂區,房地(土地+建物),基隆市安樂區基金三路46巷1~30號,20.0,其他,,,1070505,土地2建物1車位0,十一層,十二層,住宅大樓(11層含以上有電梯),住家用,鋼筋混凝土造,0840701,112.25999999999999,3,2,2,有,有,3500000,31178,,0.0,0,,RPXNMLOJOHNFFCC68CA
安樂區,房地(土地+建物),基隆市中山區中和路200巷115弄1~30號,167.69,其他,,,1070428,土地7建物2車位0,全,二層,透天厝,住家用,鋼筋混凝土造,0720121,126.42,2,1,2,有,無,2300000,18193,,0.0,0,,RPPPMLOJOHNFFCC08CA
暖暖區,房地(土地+建物),基隆市暖暖區東碇路271~300號,14.04,住,,,1070425,土地2建物1車位0,四層,七層,華廈(10層含以下有電梯),住家用,鋼筋混凝土造,0840826,87.39999999999999,3,2,1,有,有,3600000,41190,,0.0,0,,RPTNMLNKOHNFFCC28CA
安樂區,房地(土地+建物),基隆市安樂區麥金路421巷91~120號,26.76,住,,,1070423,土地1建物1車位0,一層,五層,公寓(5樓含以下無電梯),住家用,鋼筋混凝土造,0670809,61.41,3,1,1,有,無,5300000,86305,,0.0,0,,RPQNMLMLNHNFFCC97DA
安樂區,土地,代天府段901~930地號,14.42,其他,,,1070509,土地2建物0車位0,,,其他,,,,0.0,0,0,0,有,無,776251,53832,,0.0,0,,RPUNMLTLNHNFFCC09DA
信義區,土地,東明段211~240地號,77.0,住,,,1070427,土地3建物0車位0,,,其他,,,,0.0,0,0,0,有,無,4760910,61830,,0.0,0,向政府機關承購之案件。,RPUNMLNLNHNFFBC38DA
中正區,房地(土地+建物),基隆市中正區觀海街91~120號,15.03,住,,,1070426,土地2建物1車位0,十五層,十六層,住宅大樓(11層含以上有電梯),住家用,鋼筋混凝土造,0880114,74.03,2,1,2,有,有,2600000,35121,,0.0,0,,RPSOMLMKOHNFFBC18DA
暖暖區,房地(土地+建物),基隆市暖暖區暖暖街241~270號,28.07,住,,,1070504,土地1建物1車位0,一層，騎樓,五層,店面(店鋪),住家用,鋼筋混凝土造,0701102,101.87,0,0,0,無,無,11700000,114852,,0.0,0,,RPXNMLQJOHNFFCC88CA
七堵區,房地(土地+建物),基隆市七堵區明德一路2巷1~30號,17.8,住,,,1070417,土地1建物1車位0,二層,四層,公寓(5樓含以下無電梯),住家用,鋼筋混凝土加強磚造,0661228,79.88,3,2,1,有,無,3360000,42063,,0.0,0,,RPTNMLLJOHNFFCC97CA
中山區,房地(土地+建物),基隆市中山區新生路30巷1~30號,45.0,商,,,1070510,土地1建物1車位0,全,一層,透天厝,住家用,磚造,0390401,34.05,4,3,4,有,無,7000000,205580,,0.0,0,房子重新整修並增建2、3、4樓,RPXNMLKMNHNFFCC48CA
七堵區,房地(土地+建物),基隆市七堵區長安街286巷91~120號,35.8,,鄉村區,乙種建築用地,1070429,土地1建物1車位0,四層,五層,公寓(5樓含以下無電梯),住家用,鋼筋混凝土造,0830413,107.57,3,2,2,有,無,3500000,32537,,0.0,0,,RPPNMLLMNHNFFCC77CA
安樂區,房地(土地+建物)+車位,基隆市安樂區樂利二街62巷271~300號,24.18,住,,,1070416,土地2建物1車位1,七層,十三層,住宅大樓(11層含以上有電梯),住家用,鋼筋混凝土造,0881231,156.84,3,2,2,有,有,5980000,38128,坡道平面,28.14,0,,RPROMLNLNHNFFCC18CA
安樂區,房地(土地+建物)+車位,基隆市安樂區基金一路135巷5弄31~60號,29.99,住,,,1070428,土地5建物1車位1,七層,七層,華廈(10層含以下有電梯),住家用,鋼筋混凝土造,0840304,163.91,3,1,2,有,有,7350000,44842,坡道平面,0.0,0,,RPRNMLTLNHNFFCC68CA
信義區,房地(土地+建物)+車位,基隆市信義區深美街201巷1~30號,133.1,住,,,1070315,土地1建物1車位1,全,三層,透天厝,見其他登記事項,鋼筋混凝土造,0891120,293.84999999999997,4,2,3,有,有,15200000,51727,坡道平面,0.0,0,,RPUOMLOKOHNFFBC48CA
信義區,房地(土地+建物)+車位,基隆市信義區孝東路121~150號,26.78,住,,,1070315,土地1建物1車位1,十一層,十五層,住宅大樓(11層含以上有電梯),見其他登記事項,鋼筋混凝土造,1061018,217.82,3,2,2,有,有,10550000,51413,坡道平面,35.96,1200000,,RPWQMLLKOHNFFBC58CA
信義區,房地(土地+建物)+車位,基隆市信義區孝東路121~150號,20.8,住,,,1070325,土地1建物1車位1,十四層,十五層,住宅大樓(11層含以上有電梯),見其他登記事項,鋼筋混凝土造,1061018,179.53,3,2,2,有,有,8480000,51752,坡道平面,35.96,1050000,,RPXQMLLKOHNFFBC68CA
信義區,房地(土地+建物)+車位,基隆市信義區孝東路121~150號,26.78,住,,,1070405,土地1建物1車位1,十四層,十五層,住宅大樓(11層含以上有電梯),見其他登記事項,鋼筋混凝土造,1061018,217.82,3,2,2,有,有,10800000,52788,坡道平面,35.96,1200000,,RPORMLLKOHNFFBC87CA
信義區,房地(土地+建物)+車位,基隆市信義區孝東路121~150號,20.8,住,,,1070311,土地1建物1車位1,十三層,十五層,住宅大樓(11層含以上有電梯),見其他登記事項,鋼筋混凝土造,1061018,174.65,3,2,2,有,有,8700000,54030,坡道平面,31.21,950000,,RPPRMLLKOHNFFBC97CA
信義區,房地(土地+建物)+車位,基隆市信義區孝東路121~150號,20.8,住,,,1070401,土地1建物1車位1,十二層,十五層,住宅大樓(11層含以上有電梯),見其他登記事項,鋼筋混凝土造,1061018,175.63,3,2,2,有,有,8500000,52278,坡道平面,31.21,950000,,RPQRMLLKOHNFFBC08CA
中正區,房地(土地+建物),基隆市中正區中正路91~120號,13.8,住,,,1070228,土地2建物1車位0,五層,七層,華廈(10層含以下有電梯),住家用,鋼筋混凝土造,0890128,114.77000000000001,4,1,1,有,有,5100000,44437,,0.0,0,,RPWNMLKMNHNFFBC28CA
仁愛區,房地(土地+建物),基隆市仁愛區愛四路28巷1~30號,26.8,商,,,1070417,土地2建物1車位0,四層,五層,公寓(5樓含以下無電梯),住家用,鋼筋混凝土造,0710526,99.24,3,2,1,有,無,4000000,40306,,0.0,0,,RPQNMLLMNHNFFBC77CA
中正區,房地(土地+建物),基隆市中正區新豐街181~210號,13.16,住,,,1070508,土地1建物1車位0,十六層,二十三層,住宅大樓(11層含以上有電梯),住家用,鋼筋混凝土造,0851129,72.5,3,0,1,有,有,2650000,36552,,0.0,0,,RPSNMLTLNHNFFBC68CA
仁愛區,房地(土地+建物),基隆市仁愛區南榮路181~210號,17.25,其他,,,1070422,土地3建物1車位0,六層,十二層,住宅大樓(11層含以上有電梯),住家用,鋼筋混凝土造,0850130,161.08,4,2,2,有,有,8880000,55128,,0.0,0,,RPPNMLRLNHNFFBC18CA
信義區,房地(土地+建物),基隆市信義區深溪路38巷1~30號,24.51,住,,,1070411,土地1建物1車位0,七層,十層,華廈(10層含以下有電梯),見其他登記事項,鋼筋混凝土造,1061109,82.84,3,2,1,有,無,4750000,57339,,0.0,0,,RPQNMLRLNHNFFBC28CA
中正區,房地(土地+建物),基隆市中正區正榮街1~30號,24.78,住,,,1070409,土地2建物1車位0,五層,七層,華廈(10層含以下有電梯),住家用,鋼筋混凝土造,0830617,130.79000000000002,3,2,2,有,有,4770000,36471,,0.0,0,,RPPNMLPLNHNFFBC97CA
信義區,房地(土地+建物),基隆市信義區深澳坑路6巷271~300號,29.61,住,,,1070409,土地1建物1車位0,四層,五層,公寓(5樓含以下無電梯),住家用,鋼筋混凝土造,0881006,105.66,3,2,2,有,無,2850000,26973,,0.0,0,,RPQNMLPLNHNFFBC08CA
信義區,房地(土地+建物),基隆市信義區深溪路55巷61~90號,6.37,住,,,1070429,土地1建物1車位0,七層,七層,套房(1房1廳1衛),住家用,鋼筋混凝土造,0880122,28.15,1,1,1,有,有,1400000,49734,,0.0,0,,RPWNMLNLNHNFFBC48CA
仁愛區,房地(土地+建物),基隆市仁愛區崇安街20巷1~30號,15.8,商,,,1070506,土地1建物1車位0,五層,五層,公寓(5樓含以下無電梯),住家用,鋼筋混凝土造,0680718,46.05,2,2,1,有,無,1120000,24321,,0.0,0,,RPRNMLOLNHNFFBC08CA
仁愛區,房地(土地+建物),基隆市仁愛區劉銘傳路119巷1~30號,18.4,住,,,1070314,土地4建物1車位0,一層,五層,公寓(5樓含以下無電梯),住家用,鋼筋混凝土造,0840819,66.52,2,1,1,有,無,4200000,63139,,0.0,0,,RPSNMLOLNHNFFBC18CA
信義區,房地(土地+建物),基隆市信義區深澳坑路1~30號,20.33,住,,,1070225,土地1建物1車位0,七層,七層,華廈(10層含以下有電梯),住家用,鋼筋混凝土造,0800204,120.25,4,2,2,有,無,4000000,33264,,0.0,0,,RPVNMLOLNHNFFBC48CA
信義區,房地(土地+建物),基隆市信義區深溪路36巷102弄1~30號,18.79,住,,,1070501,土地2建物1車位0,一層,七層,華廈(10層含以下有電梯),住家用,鋼筋混凝土造,0860813,93.67,3,2,1,有,有,3800000,40568,,0.0,0,,RPQOMLQJOHNFFBC18CA
中正區,房地(土地+建物),基隆市中正區中正路811~840號,29.94,住,,,1070324,土地2建物1車位0,五層,五層,公寓(5樓含以下無電梯),住家用,鋼筋混凝土造,0700407,99.17,10,0,7,有,無,5300000,53444,,0.0,0,,RPPNMLQJOHNFFBC97CA
安樂區,房地(土地+建物),基隆市安樂區武嶺街301~330號,18.48,住,,,1070429,土地1建物1車位0,五層,七層,華廈(10層含以下有電梯),住家用,鋼筋混凝土造,0850118,85.28,3,1,2,有,有,3600000,42214,,0.0,0,,RPQNMLPLNHNFFCC18CA
安樂區,房地(土地+建物),基隆市安樂區麥金路331~360號,7.13,住,,,1070508,土地3建物1車位0,十八層,十八層,住宅大樓(11層含以上有電梯),見其他登記事項,鋼筋混凝土造,1050124,73.31,2,1,1,有,有,5500000,75024,,0.0,0,,RPSNMLPLNHNFFCC38CA
暖暖區,土地,八德段181~210地號,49.78,住,,,1070420,土地1建物0車位0,,,其他,,,,0.0,0,0,0,有,無,1652622,33199,,0.0,0,有民情風俗因素之交易。,RPSNMLOLNHNFFCC28CA
安樂區,房地(土地+建物),基隆市安樂區中和路168巷3弄1~30號,24.65,住,,,1070505,土地2建物1車位0,五層,五層,公寓(5樓含以下無電梯),住家用,鋼筋混凝土造,0860401,101.67,3,2,1,有,無,2130000,20950,,0.0,0,,RPUOMLNLNHNFFCC48CA
安樂區,房地(土地+建物),基隆市安樂區安和一街330巷1~30號,25.44,住,,,1070429,土地1建物1車位0,十一層,十六層,住宅大樓(11層含以上有電梯),見其他登記事項,鋼筋混凝土造,0850705,124.86999999999999,3,2,2,有,有,5900000,47249,,0.0,0,,RPUNMLPLNHNFFCC58CA
中山區,房地(土地+建物),基隆市中山區復興路259巷31~60號,29.95,住,,,1070416,土地6建物1車位0,五層,五層,公寓(5樓含以下無電梯),住家用,鋼筋混凝土造,0840512,115.73,3,2,2,有,無,2500000,21602,,0.0,0,,RPWNMLSLNHNFFCC09CA
暖暖區,房地(土地+建物)+車位,基隆市暖暖區源遠路151~180號,22.3,住,,,1070420,土地1建物1車位1,十六層,十七層,住宅大樓(11層含以上有電梯),住家用,鋼筋混凝土造,0850309,157.72,4,2,2,有,有,5400000,34238,坡道平面,0.0,0,,RPQNMLSLNHNFFCC48CA
七堵區,房地(土地+建物),基隆市七堵區大華一路121~150號,27.89,住,,,1070420,土地1建物1車位0,一層，騎樓,四層,倉庫,商業用,鋼筋混凝土造,0690827,90.16,0,0,0,無,無,4750000,,,0.0,0,,RPTNMLSLNHNFFCC78CA
暖暖區,房地(土地+建物),基隆市暖暖區碇內街241~270號,13.2,住,,,1070430,土地1建物1車位0,二層,六層,華廈(10層含以下有電梯),住家用,鋼筋混凝土造,0840808,63.0,2,0,2,有,有,1100000,17460,,0.0,0,,RPOOMLSLNHNFFCC38CA
安樂區,房地(土地+建物),基隆市安樂區安和一街330巷1~30號,25.44,住,,,1070415,土地1建物1車位0,十層,十六層,住宅大樓(11層含以上有電梯),見其他登記事項,鋼筋混凝土造,0850705,123.75,3,2,2,有,有,5750000,46465,,0.0,0,,RPQOMLKMNHNFFCC87CA
安樂區,房地(土地+建物)+車位,基隆市安樂區基金一路91~120號,16.16,住,,,1070403,土地1建物5車位1,八層,十二層,住宅大樓(11層含以上有電梯),住家用,鋼筋混凝土造,0820111,140.39000000000001,3,2,2,有,有,4700000,33478,升降機械,0.0,0,,RPVNMLLJOHNFFCC18CA
七堵區,房地(土地+建物)+車位,基隆市七堵區福一街151~180號,41.9,住,,,1070417,土地1建物1車位1,九層,十層,華廈(10層含以下有電梯),見其他登記事項,鋼筋混凝土造,1030605,310.83,3,2,2,有,有,14680000,47230,坡道平面,0.0,0,,RPRNMLPJOHNFFCC18CA
暖暖區,房地(土地+建物),基隆市暖暖區碇內街211~240號,28.53,住,,,1070416,土地1建物1車位0,六層,六層,華廈(10層含以下有電梯),住家用,鋼筋混凝土造,0850718,113.17,4,2,2,有,有,2500000,22091,,0.0,0,,RPXNMLPJOHNFFCC78CA
仁愛區,房地(土地+建物),基隆市仁愛區華四街1~30號,25.86,商,,,1070429,土地3建物1車位0,四層,四層,公寓(5樓含以下無電梯),住家用,鋼筋混凝土加強磚造,0620623,77.22,2,2,1,有,無,2400000,31080,,0.0,0,親友間之交易,RPQNMLOLNHNFFBC08DA
安樂區,房地(土地+建物),基隆市安樂區中和路85巷1~30號,18.32,其他,,,1070408,土地7建物1車位0,十一層,十一層,住宅大樓(11層含以上有電梯),住家用,鋼筋混凝土造,0860508,70.2,2,1,1,有,有,3040000,43305,,0.0,0,,RPPOMLQKOHNFFCC28CA
中正區,建物,基隆市中正區正濱路1~30號,0.0,,,,1070509,土地0建物1車位0,一層，騎樓，地下層,二層,公寓(5樓含以下無電梯),住商用,加強磚造,0580116,65.68,1,0,1,有,無,1600000,24361,,0.0,0,,RPPNMLTKOHNFFBC48DA
七堵區,土地,大華段1141~1170地號,45.0,住,,,1070412,土地1建物0車位0,,,其他,,,,0.0,0,0,0,有,無,3370050,74890,,0.0,0,,RPVNMLRJOHNFFCC98EA
暖暖區,房地(土地+建物),基隆市暖暖區寧靜街60巷1~30號,20.44,住,,,1070412,土地1建物1車位0,五層,五層,公寓(5樓含以下無電梯),住家用,鋼筋混凝土造,0790608,80.11,3,2,1,有,無,3000000,37449,,0.0,0,,RPQNMLRJOHNFFCC28CA
七堵區,房地(土地+建物)+車位,基隆市七堵區長安街233巷31~60號,38.89,住,,,1070421,土地1建物1車位1,六層,七層,華廈(10層含以下有電梯),見其他登記事項,鋼筋混凝土造,1060119,153.04000000000002,3,2,2,有,有,8500000,60153,坡道平面,30.01,1100000,,RPPNMLQLNHNFFCC18CA
安樂區,房地(土地+建物),基隆市安樂區中和路168巷3弄1~30號,29.16,其他,,,1070424,土地2建物1車位0,五層,五層,公寓(5樓含以下無電梯),住家用,鋼筋混凝土造,0860401,118.63,3,2,2,有,無,3350000,28239,,0.0,0,,RPXNMLSLNHNFFCC56CA
七堵區,房地(土地+建物)+車位,基隆市七堵區福一街121~150號,37.0,住,,,1070501,土地1建物1車位1,四層,八層,華廈(10層含以下有電梯),見其他登記事項,鋼筋混凝土造,1040904,170.51999999999998,3,2,2,有,有,9500000,62819,升降平面,35.21,1000000,,RPSOMLTLNHNFFCC88CA
七堵區,房地(土地+建物),基隆市七堵區長安街212巷1~30號,37.71,,鄉村區,乙種建築用地,1070428,土地1建物1車位0,三層,三層,公寓(5樓含以下無電梯),住家用,鋼筋混凝土造,0701223,57.1,2,1,1,有,無,3150000,55166,,0.0,0,,RPRNMLKMNHNFFCC87CA
暖暖區,房地(土地+建物),基隆市暖暖區碇內街73巷1~30號,33.76,住,,,1070512,土地1建物1車位0,一層,四層,公寓(5樓含以下無電梯),住家用,鋼筋混凝土造,0721124,79.4,3,1,1,有,無,3100000,39043,,0.0,0,,RPTNMLPLNHNFFCC48CA
信義區,房地(土地+建物),基隆市信義區東明路77巷1弄1~30號,33.13,住,,,1070505,土地4建物1車位0,三層,五層,公寓(5樓含以下無電梯),住家用,鋼筋混凝土造,0751108,109.49,3,2,2,有,無,4800000,43840,,0.0,0,,RPRNMLPJOHNFFBC08CA
仁愛區,房地(土地+建物),基隆市仁愛區龍安街361~390號,25.4,住,,,1070506,土地5建物1車位0,三層,四層,公寓(5樓含以下無電梯),住家用,鋼筋混凝土加強磚造,0621023,102.25,3,2,1,有,無,3120000,30513,,0.0,0,,RPSNMLPJOHNFFBC18CA
信義區,房地(土地+建物),基隆市信義區東信路35巷91~120號,26.22,住,,,1070503,土地2建物1車位0,二層,五層,公寓(5樓含以下無電梯),住家用,鋼筋混凝土造,0700807,93.00999999999999,3,2,2,有,無,3700000,39781,,0.0,0,,RPUNMLKMNHNFFBC08CA
中正區,房地(土地+建物),基隆市中正區新豐街121~150號,24.01,住,,,1070409,土地3建物1車位0,四層,七層,華廈(10層含以下有電梯),住家用,鋼筋混凝土造,0850607,114.44999999999999,3,2,2,有,有,3000000,26212,,0.0,0,,RPUNMLQJOHNFFBC48CA
中正區,房地(土地+建物),基隆市中正區新豐街161巷91~120號,31.79,住,,,1070505,土地1建物1車位0,三層,七層,華廈(10層含以下有電梯),見其他登記事項,鋼筋混凝土造,1051007,121.37,3,2,2,有,有,6780000,55862,,0.0,0,,RPWNMLOLNHNFFBC58CA
信義區,房地(土地+建物),基隆市信義區花源五街1~30號,7.49,住,,,1070505,土地1建物1車位0,六層,九層,華廈(10層含以下有電梯),住家用,鋼筋混凝土造,0840401,40.9,1,1,1,有,有,1150000,28117,,0.0,0,,RPRNMLQLNHNFFBC28CA
仁愛區,房地(土地+建物)+車位,基隆市仁愛區成功一路133巷1~30號,29.5,住,,,1070428,土地8建物1車位1,二層,十四層,住宅大樓(11層含以上有電梯),見其他登記事項,鋼筋混凝土造,0860630,170.96,3,2,2,有,無,9050000,52936,坡道平面,39.33,0,,RPSNMLRLNHNFFBC48CA
中正區,房地(土地+建物),基隆市中正區新豐街241~270號,5.93,住,,,1070515,土地1建物1車位0,十層,二十三層,套房(1房1廳1衛),住家用,鋼筋混凝土造,0851129,32.55,1,0,1,有,有,1520000,46697,,0.0,0,,RPWNMLTLNHNFFBC09CA
信義區,房地(土地+建物),基隆市信義區信二路121~150號,36.4,商,,,1070502,土地5建物1車位0,三層,五層,公寓(5樓含以下無電梯),住家用,鋼筋混凝土造,0700328,116.65,4,2,2,有,無,6470000,55465,,0.0,0,,RPQNMLTLNHNFFBC48CA
仁愛區,房地(土地+建物),基隆市仁愛區仁一路271~300號,26.5,商,,,1070308,土地2建物1車位0,四層,六層,華廈(10層含以下有電梯),住家用,鋼筋混凝土造,0680602,139.25,4,2,2,有,無,10000000,71813,,0.0,0,,RPOOMLKMNHNFFBC57CA
信義區,房地(土地+建物),基隆市信義區正信路1~30號,29.14,住,,,1070430,土地1建物1車位0,地下一層,五層,公寓(5樓含以下無電梯),見其他登記事項,鋼筋混凝土造,0730813,68.39,1,1,1,有,無,2000000,29244,,0.0,0,,RPPOMLKMNHNFFBC67CA
信義區,房地(土地+建物),基隆市信義區東信路55巷1~30號,23.5,住,,,1070511,土地1建物1車位0,二層,四層,公寓(5樓含以下無電梯),住家用,鋼筋混凝土加強磚造,0611228,70.49,3,2,1,有,無,3500000,49652,,0.0,0,,RPPSMLLKOHNFFBC08CA
信義區,房地(土地+建物),基隆市信義區深溪路38巷1~30號,24.51,住,,,1070426,土地1建物1車位0,八層,十層,華廈(10層含以下有電梯),見其他登記事項,鋼筋混凝土造,1061109,82.84,3,2,1,有,無,4580000,55287,,0.0,0,,RPSNMLLJOHNFFBC77CA
安樂區,房地(土地+建物),基隆市安樂區基金一路211~240號,30.83,住,,,1070504,土地1建物1車位0,三層,五層,公寓(5樓含以下無電梯),住家用,鋼筋混凝土造,0730712,99.82,4,1,1,有,無,3810000,38169,,0.0,0,,RPQOMLPLNHNFFCC28CA
七堵區,房地(土地+建物),基隆市七堵區東新街73巷60弄1~30號,30.0,住,,,1070430,土地1建物1車位0,一層,四層,公寓(5樓含以下無電梯),住家用,鋼筋混凝土加強磚造,0670615,65.53,3,2,1,有,無,4600000,70197,,0.0,0,含增建或未登記建物。,RPQNMLLMNHNFFCC87CA
七堵區,房地(土地+建物)+車位,基隆市七堵區福二街301~330號,42.5,住,,,1070428,土地1建物1車位1,三層,五層,華廈(10層含以下有電梯),住家用,鋼筋混凝土造,0840919,149.5,3,2,2,有,有,7600000,50836,坡道平面,0.0,0,五層樓有電梯,RPSPMLOJOHNFFCC38CA
七堵區,房地(土地+建物),基隆市七堵區福一街61~90號,36.52,住,,,1070427,土地1建物1車位0,三層,四層,公寓(5樓含以下無電梯),住家用,鋼筋混凝土造,0680822,101.25,3,2,2,有,無,4780000,47210,,0.0,0,,RPWOMLOJOHNFFCC68CA
安樂區,房地(土地+建物)+車位,基隆市安樂區麥金路301~330號,14.03,住,,,1070312,土地3建物1車位1,十七層,十八層,住宅大樓(11層含以上有電梯),見其他登記事項,鋼筋混凝土造,1050124,123.6,3,2,2,有,有,9800000,77037,坡道平面,15.87,1500000,,RPPNMLQJOHNFFCC08CA
安樂區,房地(土地+建物)+車位,基隆市安樂區麥金路391~420號,46.19,住,,,1070307,土地3建物1車位3,二十五層，見其他登記事項,二十五層,住宅大樓(11層含以上有電梯),見其他登記事項,鋼筋混凝土造,1050124,412.99,0,0,0,無,有,33080000,80683,坡道平面,47.61,3600000,,RPQNMLQJOHNFFCC18CA
安樂區,車位,基隆市安樂區麥金路181~210號,3.56,住,,,1050424,土地0建物0車位1,,,其他,,,,15.87,0,0,0,有,有,1300000,,坡道平面,15.87,1300000,,RPRNMLQJOHNFFCC28CA
七堵區,房地(土地+建物)+車位,基隆市七堵區泰安路1~30號,21.37,住,,,1070304,土地1建物1車位1,六層,九層,華廈(10層含以下有電梯),住家用,鋼筋混凝土造,0961116,148.56,3,2,2,有,有,7000000,47119,坡道平面,31.55,0,,RPQNMLSJOHNFFCC38CA
中正區,房地(土地+建物),基隆市中正區新豐街151~180號,6.08,住,,,1070512,土地1建物1車位0,十六層,二十三層,住宅大樓(11層含以上有電梯),住家用,鋼筋混凝土造,0851129,32.7,1,1,1,有,有,1450000,44343,,0.0,0,,RPQNMLKLOHNFFBC77DA
暖暖區,房地(土地+建物),基隆市暖暖區暖中路61~90號,20.5,住,,,1070419,土地2建物1車位0,四層,五層,公寓(5樓含以下無電梯),住家用,鋼筋混凝土造,0840815,81.88,3,1,1,有,無,1800000,21983,,0.0,0,,RPPPMLLLOHNFFCC97CA
安樂區,房地(土地+建物)+車位,基隆市安樂區樂利三街263巷91~120號,32.17,住,,,1070404,土地3建物1車位1,五層,五層,公寓(5樓含以下無電梯),住家用,鋼筋混凝土造,0810528,141.56,4,2,2,有,有,4700000,33199,坡道平面,0.0,0,,RPPOMLKLOHNFFCC77CA
中正區,房地(土地+建物)+車位,基隆市中正區新豐街303巷6弄1~30號,21.69,住,,,1070426,土地2建物1車位1,十二層,十二層,住宅大樓(11層含以上有電梯),住家用,鋼筋混凝土造,0850711,156.51,3,1,2,有,有,4800000,30669,坡道平面,0.0,0,,RPSRMLLKOHNFFBC38DA
中山區,房地(土地+建物),基隆市中山區西定路121~150號,25.0,商,,,1070428,土地6建物1車位0,五層,五層,公寓(5樓含以下無電梯),住家用,鋼筋混凝土造,0690124,87.74,3,1,2,有,無,1500000,17096,,0.0,0,,RPPNMLMKOHNFFCC77CA
中山區,房地(土地+建物),基隆市中山區文化路211~240號,16.27,住,,,1070507,土地1建物1車位0,四層,四層,公寓(5樓含以下無電梯),住家用,鋼筋混凝土造,0770912,68.5,3,2,1,有,無,1600000,23358,,0.0,0,,RPOOMLTLNHNFFCC58DA
暖暖區,房地(土地+建物),基隆市暖暖區碇內街361~390號,21.12,住,,,1070506,土地1建物1車位0,六層,六層,華廈(10層含以下有電梯),住家用,鋼筋混凝土造,0840517,90.09,3,1,1,有,有,1680000,18648,,0.0,0,,RPSOMLLMNHNFFCC28DA
七堵區,房地(土地+建物),基隆市七堵區明德一路2巷1~30號,23.3,住,,,1070502,土地4建物1車位0,三層,五層,公寓(5樓含以下無電梯),住家用,鋼筋混凝土造,0840911,82.11999999999999,3,2,1,有,無,4800000,58451,,0.0,0,,RPVOMLQJOHNFFCC78CA
七堵區,房地(土地+建物),基隆市七堵區泰安路1~30號,22.07,住,,,1070415,土地1建物1車位0,六層,十層,華廈(10層含以下有電梯),住家用,鋼筋混凝土造,0961116,121.37,3,2,2,有,有,5000000,41196,,0.0,0,二親等買賣,RPPOMLRJOHNFFCC28CA
暖暖區,房地(土地+建物)+車位,基隆市暖暖區暖暖街570巷1~30號,48.93,住,,,1070413,土地1建物1車位2,十二層,十二層,住宅大樓(11層含以上有電梯),見其他登記事項,鋼筋混凝土造,1060501,274.59000000000003,3,2,2,有,有,16000000,58269,坡道平面,65.74,0,,RPVNMLQJOHNFFCC68CA
中山區,房地(土地+建物),基隆市中山區成功二路31~60號,61.0,商,,,1070406,土地2建物1車位0,一層，騎樓,一層,店面(店鋪),住商用,加強磚造,0630925,40.59,0,0,0,無,無,7500000,184775,,0.0,0,,RPVNMLPLOHNFFCC98EA
安樂區,車位,基隆市安樂區麥金路181~210號,3.56,住,,,1050504,土地0建物0車位1,,,其他,,,,13.47,0,0,0,有,有,1250000,,坡道平面,13.47,1250000,,RPSNMLQJOHNFFCC38CA
七堵區,房地(土地+建物),基隆市七堵區明德二路1~30號,8.82,住,,,1070512,土地1建物1車位0,五層,十二層,套房(1房1廳1衛),住家用,鋼筋混凝土造,0840801,49.42,1,1,1,有,有,2466750,49914,,0.0,0,,RPPOMLKMNHNFFCC77CA
暖暖區,房地(土地+建物)+車位,基隆市暖暖區暖暖街530巷1~30號,34.75,住,,,1070426,土地1建物1車位1,八層,九層,華廈(10層含以下有電梯),見其他登記事項,鋼筋混凝土造,1050122,177.48000000000002,3,2,2,有,有,9360000,59912,坡道平面,42.95,1300000,,RPUNMLLJOHNFFCC08CA
安樂區,房地(土地+建物),基隆市安樂區樂利三街263巷12弄1~30號,29.87,其他,,,1070510,土地2建物1車位0,五層,五層,公寓(5樓含以下無電梯),住家用,鋼筋混凝土造,0691224,84.6,4,3,2,有,無,2650000,31324,,0.0,0,,RPSNMLKMNHNFFCC97CA
中山區,房地(土地+建物),基隆市中山區復興路259巷1~30號,27.9,住,,,1070501,土地3建物1車位0,五層,五層,公寓(5樓含以下無電梯),住家用,鋼筋混凝土造,0830930,110.92,3,2,2,有,無,3500000,31554,,0.0,0,交易總價包含屋內裝潢及家電。,RPTNMLKMNHNFFCC08CA
安樂區,房地(土地+建物),基隆市安樂區樂利三街34巷31~60號,45.72,住,,,1070509,土地9建物1車位0,三層,四層,公寓(5樓含以下無電梯),住家用,鋼筋混凝土造,0680228,97.97,3,2,1,有,無,2700000,27559,,0.0,0,,RPUNMLKMNHNFFCC18CA
中山區,房地(土地+建物),基隆市中山區復興路259巷1~30號,27.9,住,,,1070429,土地3建物1車位0,五層,五層,公寓(5樓含以下無電梯),住家用,鋼筋混凝土造,0830930,110.92,2,2,2,有,無,2500000,22539,,0.0,0,,RPSNMLTLNHNFFCC78CA
暖暖區,房地(土地+建物),基隆市暖暖區碇內街391~420號,16.68,住,,,1070412,土地1建物1車位0,二層,六層,華廈(10層含以下有電梯),住家用,鋼筋混凝土造,0840808,78.3,2,2,1,有,有,1700000,21711,,0.0,0,,RPTNMLTLNHNFFCC88CA
暖暖區,房地(土地+建物),基隆市暖暖區暖暖街610巷31~60號,30.54,住,,,1070425,土地1建物1車位0,二層,四層,公寓(5樓含以下無電梯),住家用,鋼筋混凝土造,0701013,88.0,3,2,1,有,無,1900000,21591,,0.0,0,,RPVNMLTLNHNFFCC09CA
暖暖區,房地(土地+建物)+車位,基隆市暖暖區源遠路391~420號,25.45,住,,,1070510,土地1建物1車位1,十層,十五層,住宅大樓(11層含以上有電梯),見其他登記事項,鋼筋混凝土造,1041228,166.23000000000002,3,2,2,有,有,8000000,53917,坡道平面,36.4,1000000,,RPWNMLTLNHNFFCC56CA
安樂區,房地(土地+建物)+車位,基隆市安樂區樂利三街30巷1~30號,36.25,住,,,1070406,土地1建物1車位1,五層,六層,華廈(10層含以下有電梯),住家用,鋼筋混凝土造,0820504,163.39000000000001,3,2,2,有,無,7200000,44066,坡道平面,0.0,0,,RPQOMLTLNHNFFCC68CA
暖暖區,房地(土地+建物),基隆市暖暖區碇內街361~390號,17.51,住,,,1070508,土地1建物1車位0,二層,六層,華廈(10層含以下有電梯),住家用,鋼筋混凝土造,0840808,82.69,2,2,1,有,有,2150000,26001,,0.0,0,,RPROMLTLNHNFFCC78CA
信義區,房地(土地+建物),基隆市信義區深澳坑路168巷48弄1~30號,23.89,住,,,1070421,土地1建物1車位0,一層,四層,公寓(5樓含以下無電梯),住家用,鋼筋混凝土造,0840610,112.91,4,2,2,有,無,3750000,33212,,0.0,0,含增建或未登記建物。,RPPNMLLKOHNFFBC57CA
信義區,房地(土地+建物)+車位,基隆市信義區深溪路38巷1~30號,30.84,住,,,1050219,土地1建物1車位1,十層,十層,華廈(10層含以下有電梯),見其他登記事項,鋼筋混凝土造,1061109,123.57,3,2,1,有,有,6800000,58350,坡道平面,24.17,1000000,本案為預售。,RPXNMLQKOHNFFBC88CA
信義區,房地(土地+建物)+車位,基隆市信義區深溪路38巷1~30號,38.75,住,,,1050225,土地1建物1車位1,十層,十層,華廈(10層含以下有電梯),見其他登記事項,鋼筋混凝土造,1061109,150.41,3,2,3,有,有,8330000,58064,坡道平面,24.17,1000000,本案為預售。,RPPOMLQKOHNFFBC18CA
信義區,土地,東明段301~330地號,9.0,商,,,1070517,土地2建物0車位0,,,其他,,,,0.0,0,0,0,有,無,1200000,133333,,0.0,0,,RPSNMLLMNHNFFBC97CA
中正區,房地(土地+建物),基隆市中正區正榮街112巷31~60號,39.75,住,,,1070512,土地2建物1車位0,三層,四層,公寓(5樓含以下無電梯),住家用,鋼筋混凝土造,0680517,92.34,3,2,1,有,無,2600000,28157,,0.0,0,,RPTNMLLMNHNFFBC08CA
中正區,房地(土地+建物)+車位,基隆市中正區觀海街121~150號,22.39,住,,,1070517,土地1建物1車位1,十五層,十六層,住宅大樓(11層含以上有電梯),住家用,鋼筋混凝土造,0880114,154.53,3,2,2,有,有,4000000,25885,坡道平面,41.38,0,,RPQNMLKMNHNFFBC67CA
中正區,車位,基隆市中正區新豐街451~480號,1.7,其他,,,1070515,土地0建物0車位1,,,其他,,,,34.17,0,0,0,有,有,780000,,坡道平面,34.17,780000,,RPRNMLKMNHNFFBC77CA
中正區,房地(土地+建物),基隆市中正區觀海街1~30號,15.03,住,,,1070421,土地2建物1車位0,三層,十五層,住宅大樓(11層含以上有電梯),住家用,鋼筋混凝土造,0880114,71.24,2,1,1,有,有,2800000,39304,,0.0,0,,RPSNMLKMNHNFFBC87CA
中正區,房地(土地+建物),基隆市中正區觀海街151~180號,15.03,住,,,1070422,土地2建物1車位0,十一層,十六層,住宅大樓(11層含以上有電梯),住家用,鋼筋混凝土造,0880114,70.72999999999999,2,1,2,有,有,2500000,35346,,0.0,0,,RPTNMLTLNHNFFBC78CA
中正區,房地(土地+建物),基隆市中正區新豐街303巷23弄1~30號,41.42,住,,,1070409,土地4建物1車位0,四層,五層,公寓(5樓含以下無電梯),住家用,鋼筋混凝土造,0851119,137.95,3,2,2,有,無,3500000,25372,,0.0,0,,RPXNMLTLNHNFFBC56CA
中正區,車位,基隆市中正區新豐街271~300號,0.14,住,,,1070510,土地0建物0車位1,地下三層,二十三層,其他,見其他登記事項,鋼筋混凝土造,0851129,41.61,0,0,0,有,有,600000,,坡道平面,41.61,600000,,RPOOMLTLNHNFFBC38CA
中正區,房地(土地+建物)+車位,基隆市中正區新豐街271~300號,22.28,住,,,1070514,土地1建物1車位1,九層,二十三層,住宅大樓(11層含以上有電梯),住家用,鋼筋混凝土造,0851129,150.1,3,2,2,有,有,4630000,30846,坡道平面,0.0,0,,RPXNMLKMNHNFFBC38CA
信義區,房地(土地+建物),基隆市信義區深澳坑路6巷241~270號,34.11,住,,,1070414,土地1建物1車位0,四層,五層,公寓(5樓含以下無電梯),住家用,鋼筋混凝土造,0881006,121.74,3,2,2,有,無,3450000,28339,,0.0,0,,RPRNMLLMNHNFFBC87CA
信義區,房地(土地+建物)+車位,基隆市信義區深溪路38巷1~30號,37.96,住,,,1070430,土地1建物1車位1,七層,十層,華廈(10層含以下有電梯),見其他登記事項,鋼筋混凝土造,1061109,147.39,3,2,2,有,有,8400000,56992,坡道平面,0.0,0,,RPRNMLLJOHNFFBC67CA
信義區,房地(土地+建物),基隆市信義區深溪路36巷70弄1~30號,27.35,住,,,1070427,土地1建物1車位0,五層,七層,華廈(10層含以下有電梯),住家用,鋼筋混凝土造,0880120,133.04,3,2,2,有,有,4500000,33824,,0.0,0,,RPXNMLOJOHNFFBC58CA
仁愛區,房地(土地+建物),基隆市仁愛區仁二路167巷1~30號,12.8,商,,,1070515,土地2建物1車位0,三層,五層,公寓(5樓含以下無電梯),住家用,鋼筋混凝土造,0710930,44.16,3,1,1,有,無,2225000,50385,,0.0,0,,RPPNMLPJOHNFFBC87CA
中正區,房地(土地+建物),基隆市中正區新豐街121~150號,24.01,住,,,1070417,土地3建物1車位0,五層,七層,華廈(10層含以下有電梯),住家用,鋼筋混凝土造,0850607,114.44999999999999,4,0,4,有,無,3650000,31892,,0.0,0,,RPPNMLMKOHNFFBC67CA
信義區,建物,基隆市信義區東明路9巷1~30號,0.0,,,,1070506,土地0建物1車位0,二層,二層,公寓(5樓含以下無電梯),住家用,加強磚造,0590511,62.22,3,1,1,有,無,640000,10286,,0.0,0,基地向國有財產局承租,RPTNMLRJOHNFFBC48CA
信義區,建物,基隆市信義區東明路9巷1~30號,0.0,,,,1070506,土地0建物1車位0,二層,二層,公寓(5樓含以下無電梯),住家用,加強磚造,0590511,62.1,2,1,1,有,無,640000,10306,,0.0,0,基地向國有財產局承租,RPUNMLRJOHNFFBC58CA
仁愛區,房地(土地+建物)+車位,基隆市仁愛區延平街31~60號,36.38,住,,,1070417,土地3建物1車位1,三層,四層,公寓(5樓含以下無電梯),住家用,鋼筋混凝土造,0791203,122.3,3,2,2,有,有,6050000,49469,坡道平面,0.0,0,,RPTNMLRLOHNFFBC68CA
安樂區,房地(土地+建物),基隆市安樂區安和一街6巷61~90號,30.45,住,,,1070415,土地1建物1車位0,五層,五層,公寓(5樓含以下無電梯),住家用,鋼筋混凝土造,0690729,72.41,3,1,1,有,無,2500000,34526,,0.0,0,,RPQNMLLJOHNFFCC67CA
安樂區,房地(土地+建物)+車位,基隆市安樂區基金一路112巷110弄1~30號,31.49,住,,,1070415,土地3建物1車位1,三層,七層,華廈(10層含以下有電梯),住家用,鋼筋混凝土造,0851213,148.16,3,2,2,有,有,4500000,30373,坡道平面,0.0,0,,RPRNMLLMNHNFFCC97CA
安樂區,房地(土地+建物),基隆市安樂區樂利二街62巷511~540號,76.94,住,,,1070507,土地1建物1車位0,全,三層,透天厝,見其他登記事項,鋼筋混凝土造,1001013,299.21000000000004,3,2,4,有,有,15600000,52137,,0.0,0,,RPSNMLLMNHNFFCC08CA
暖暖區,房地(土地+建物)+車位,基隆市暖暖區碇內街91~120號,29.5,住,,,1070123,土地1建物1車位1,十層,十四層,住宅大樓(11層含以上有電梯),住家用,鋼筋混凝土造,0980624,172.97,3,2,2,有,有,7120000,41163,坡道平面,0.0,0,,RPOOMLKMNHNFFCC67CA
七堵區,土地,草濫段草濫小段241~270地號,303.0,,山坡地保育區,交通用地,1070504,土地1建物0車位0,,,其他,,,,0.0,0,0,0,有,無,2345220,7740,,0.0,0,本案為向國有財產局承購案件。,RPPNMLPJOHNFFCC97CA
七堵區,房地(土地+建物),基隆市七堵區福二街61~90號,16.02,住,,,1070506,土地1建物1車位0,四層,五層,公寓(5樓含以下無電梯),住家用,鋼筋混凝土造,0711125,56.01,3,1,1,有,無,3000000,53562,,0.0,0,含增建或未登記建物。,RPPNMLOJOHNFFCC87CA
暖暖區,房地(土地+建物),基隆市暖暖區碇內街391~420號,20.01,住,,,1070506,土地1建物1車位0,四層,六層,華廈(10層含以下有電梯),住家用,鋼筋混凝土造,0840808,91.28999999999999,2,2,1,有,有,2300000,25194,,0.0,0,,RPPOMLOJOHNFFCC97CA
暖暖區,房地(土地+建物),基隆市暖暖區過港路10巷121~150號,14.16,住,,,1070409,土地4建物1車位0,二層,十一層,住宅大樓(11層含以上有電梯),住家用,鋼筋混凝土造,0841218,68.72,3,2,2,有,有,2700000,39290,,0.0,0,,RPUOMLLLOHNFFCC58EA
暖暖區,房地(土地+建物),基隆市暖暖區暖暖街361~390號,24.64,住,,,1070415,土地1建物1車位0,二層,六層,華廈(10層含以下有電梯),住家用,鋼筋混凝土造,0840517,107.58000000000001,3,2,2,有,無,2600000,24168,,0.0,0,,RPSNMLLLOHNFFCC18DA
七堵區,車位,基隆市七堵區福一街172巷1~30號,7.22,住,,,1070515,土地0建物0車位1,地下一層,四層,其他,見其他登記事項,鋼筋混凝土造,0801211,33.28,0,0,0,有,有,1100000,,坡道平面,33.28,1100000,,RPQNMLKMNHNFFCC97EA
安樂區,房地(土地+建物),基隆市安樂區基金一路121巷1~30號,28.88,住,,,1070422,土地1建物1車位0,二層,五層,公寓(5樓含以下無電梯),住家用,鋼筋混凝土造,0850503,100.25999999999999,3,2,2,有,有,3700000,36904,,0.0,0,,RPTNMLPJOHNFFCC58EA
安樂區,房地(土地+建物),基隆市安樂區武隆街103巷55弄61~90號,29.53,其他,,,1070515,土地1建物1車位0,二層,五層,公寓(5樓含以下無電梯),住家用,鋼筋混凝土造,0831108,118.89999999999999,4,2,2,有,有,4280000,35997,,0.0,0,,RPWNMLPJOHNFFCC88EA
七堵區,房地(土地+建物)+車位,基隆市七堵區明德二路1~30號,20.33,住,,,1070502,土地1建物1車位1,二層,十三層,住宅大樓(11層含以上有電梯),見其他登記事項,鋼筋混凝土造,1010626,185.2,3,2,2,有,有,7800000,42117,坡道平面,0.0,0,屋況不佳、未裝潢、需要整理,RPPNMLRJOHNFFCC38EA
安樂區,房地(土地+建物)+車位,基隆市安樂區麥金路331~360號,14.03,住,,,1070423,土地3建物1車位1,九層,十八層,住宅大樓(11層含以上有電梯),見其他登記事項,鋼筋混凝土造,1050124,121.19999999999999,3,2,2,有,有,9100000,75076,坡道平面,0.0,0,,RPPOMLPJOHNFFCC08CA
暖暖區,車位,基隆市暖暖區八堵路1~30號,0.59,住,,,1070414,土地0建物0車位1,,,其他,,,,30.56,0,0,0,有,有,720000,,坡道平面,0.0,720000,,RPOOMLRJOHNFFCC18CA
安樂區,房地(土地+建物)+車位,基隆市安樂區基金一路181~210號,14.32,住,,,1070508,土地1建物1車位1,十二層,十二層,住宅大樓(11層含以上有電梯),住家用,鋼筋混凝土造,0840118,131.67000000000002,3,2,2,有,有,6100000,46328,坡道平面,0.0,0,,RPPNMLTJOHNFFCC38CA
安樂區,房地(土地+建物),基隆市安樂區安和一街2巷1~30號,25.16,商,,,1070508,土地1建物1車位0,二層,八層,華廈(10層含以下有電梯),住家用,鋼筋混凝土造,0690501,106.14,2,1,1,有,有,8200000,77256,,0.0,0,,RPTNMLQKOHNFFCC58CA
安樂區,房地(土地+建物),基隆市安樂區基金一路121巷31~60號,10.44,住,,,1070503,土地1建物1車位0,五層,五層,套房(1房1廳1衛),住家用,鋼筋混凝土造,0850503,31.57,1,1,1,有,有,1100000,34843,,0.0,0,,RPUNMLQKOHNFFCC68CA
中正區,房地(土地+建物),基隆市中正區中正路640巷31~60號,24.03,住,,,1070414,土地5建物1車位0,四層,五層,公寓(5樓含以下無電梯),住家用,鋼筋混凝土造,0691212,68.55,3,2,1,有,無,2000000,29176,,0.0,0,,RPOQMLMKOHNFFBC97DA
信義區,房地(土地+建物),基隆市信義區崇法街135巷1弄1~30號,98.99,其他,,,1070411,土地14建物1車位0,二層,五層,公寓(5樓含以下無電梯),住家用,鋼筋混凝土造,0831108,115.33,3,2,2,有,無,3900000,33816,,0.0,0,,RPRNMLNKOHNFFBC08DA
暖暖區,房地(土地+建物)+車位,基隆市暖暖區東勢街1~30號,31.55,住,,,1070428,土地1建物1車位1,十層,十二層,住宅大樓(11層含以上有電梯),見其他登記事項,鋼筋混凝土造,1061103,176.5,3,2,2,有,有,11350000,69985,坡道平面,30.04,1100000,總價內含裝潢費80萬元。,RPPNMLMLOHNFFCC87CA
暖暖區,房地(土地+建物)+車位,基隆市暖暖區東勢街1~30號,30.69,住,,,1070413,土地1建物1車位1,九層,十二層,住宅大樓(11層含以上有電梯),見其他登記事項,鋼筋混凝土造,1061103,172.12,3,2,2,有,有,9400000,58422,坡道平面,30.04,1100000,,RPQNMLMLOHNFFCC97CA
安樂區,房地(土地+建物),基隆市安樂區崇德路10巷1~30號,25.0,住,,,1070516,土地2建物1車位0,五層,五層,公寓(5樓含以下無電梯),住家用,鋼筋混凝土造,0690321,51.9,2,1,1,有,無,670000,12909,,0.0,0,,RPRNMLPKOHNFFCC38DA
中正區,房地(土地+建物),基隆市中正區祥豐街151~180號,19.25,住,,,1070423,土地1建物1車位0,四層,四層,公寓(5樓含以下無電梯),住家用,加強磚造,0580731,55.12,3,1,1,有,無,2000000,36284,,0.0,0,,RPVNMLPLOHNFFBC78DA
中山區,房地(土地+建物),基隆市中山區中山二路105巷1~30號,68.5,住,,,1070429,土地2建物2車位0,一層,四層,公寓(5樓含以下無電梯),住家用,鋼筋混凝土造,0781011,204.6,3,2,1,有,無,6100000,29814,,0.0,0,,RPSNMLOKOHNFFCC28CA
安樂區,房地(土地+建物),基隆市安樂區中和路85巷1~30號,17.49,其他,,,1070517,土地7建物1車位0,二層,十一層,住宅大樓(11層含以上有電梯),住家用,鋼筋混凝土造,0860508,65.93,3,1,2,有,有,2900000,43986,,0.0,0,權利人有兩位。,RPOPMLOJOHNFFCC97CA
暖暖區,房地(土地+建物),基隆市暖暖區源遠路325巷91~120號,24.6,住,,,1070421,土地1建物1車位0,二層,五層,公寓(5樓含以下無電梯),住家用,鋼筋混凝土造,0831219,87.00999999999999,3,2,2,有,無,3100000,35628,,0.0,0,,RPTNMLLLOHNFFCC28DA
安樂區,房地(土地+建物),基隆市安樂區基金三路61~90號,41.12,住,,,1070402,土地4建物1車位0,五層,五層,公寓(5樓含以下無電梯),住家用,鋼筋混凝土造,0810718,94.85,5,3,2,有,無,2350000,24776,,0.0,0,,RPOOMLOJOHNFFCC87CA
七堵區,房地(土地+建物)+車位,基隆市七堵區實踐路271~300號,51.93,住,,,1070410,土地1建物1車位1,六層,九層,華廈(10層含以下有電梯),住家用,鋼筋混凝土造,0880415,173.63,3,2,2,有,有,10180000,58630,坡道平面,0.0,0,,RPQNMLOJOHNFFCC97CA
暖暖區,房地(土地+建物)+車位,基隆市暖暖區暖暖街211~240號,37.2,住,,,1070509,土地1建物1車位1,四層,八層,華廈(10層含以下有電梯),住家用,鋼筋混凝土造,0831120,138.44,3,2,2,有,有,6500000,46952,坡道平面,0.0,0,,RPSNMLLJOHNFFCC87CA
安樂區,房地(土地+建物),基隆市安樂區樂利三街263巷3弄1~30號,23.46,住,,,1070416,土地4建物1車位0,四層,五層,公寓(5樓含以下無電梯),住家用,鋼筋混凝土造,0690611,60.63,3,1,1,有,無,1730000,28534,,0.0,0,,RPPOMLLMNHNFFCC87CA
中正區,房地(土地+建物),基隆市中正區觀海街61~90號,25.72,住,,,1070102,土地2建物1車位0,七層,十五層,住宅大樓(11層含以上有電梯),住家用,鋼筋混凝土造,0880114,130.12,4,2,2,有,有,5000000,38426,,0.0,0,,RPUNMLOJOHNFFBC28CA
中正區,房地(土地+建物),基隆市中正區新豐街161巷121~150號,33.91,住,,,1070427,土地2建物1車位0,二層,四層,公寓(5樓含以下無電梯),住家用,鋼筋混凝土造,0730326,92.06,3,2,1,有,無,2500000,27156,,0.0,0,,RPQNMLTJOHNFFBC38CA
仁愛區,房地(土地+建物),基隆市仁愛區崇安街64巷1~30號,12.5,商,,,1070427,土地2建物1車位0,一層,四層,公寓(5樓含以下無電梯),住家用,鋼筋混凝土造,0730830,28.85,1,1,1,有,無,1580000,54766,,0.0,0,,RPVNMLQJOHNFFBC58CA
中正區,房地(土地+建物),基隆市中正區觀海街121~150號,14.2,住,,,1070516,土地1建物1車位0,十三層,十六層,住宅大樓(11層含以上有電梯),住家用,鋼筋混凝土造,0880114,71.06,2,1,1,有,有,3650000,51365,,0.0,0,,RPQNMLLJOHNFFBC57CA
中正區,房地(土地+建物)+車位,基隆市中正區觀海街31~60號,13.11,住,,,1070418,土地1建物1車位1,八層,十六層,住宅大樓(11層含以上有電梯),住家用,鋼筋混凝土造,0880114,104.24000000000001,2,1,2,有,有,3150000,30219,坡道平面,0.0,0,,RPUNMLLMNHNFFBC18CA
中正區,房地(土地+建物),基隆市中正區新豐街301~330號,20.37,住,,,1070504,土地2建物1車位0,十層,十五層,住宅大樓(11層含以上有電梯),住家用,鋼筋混凝土造,0850309,116.91,3,2,2,有,有,4300000,36780,,0.0,0,,RPWNMLLMNHNFFBC38CA
中正區,房地(土地+建物)+車位,基隆市中正區觀海街1~30號,15.03,住,,,1070430,土地2建物1車位1,十一層,十五層,住宅大樓(11層含以上有電梯),住家用,鋼筋混凝土造,0880114,107.77,2,1,2,有,有,3200000,29693,坡道平面,0.0,0,,RPXNMLLMNHNFFBC48CA
信義區,土地,福祿段841~870地號,14.0,住,,,1070502,土地1建物0車位0,,,其他,,,,0.0,0,0,0,有,無,952140,68010,,0.0,0,,RPOOMLLMNHNFFBC67CA
中正區,房地(土地+建物),基隆市中正區中正路640巷31~60號,24.03,住,,,1070513,土地5建物1車位0,五層,五層,公寓(5樓含以下無電梯),住家用,鋼筋混凝土造,0691212,69.96,3,2,1,有,無,1500000,21441,,0.0,0,,RPPNMLLMNHNFFBC67CA
中正區,車位,基隆市中正區觀海街1~30號,0.0,,,,1070522,土地0建物0車位1,,,其他,,,,36.53,0,0,0,有,有,700000,,坡道平面,36.53,700000,,RPPNMLLJOHNFFBC47CA
信義區,房地(土地+建物),基隆市信義區深溪路55巷31~60號,17.45,住,,,1070426,土地1建物1車位0,五層,七層,華廈(10層含以下有電梯),住家用,鋼筋混凝土造,0880122,74.28,2,1,1,有,有,3120000,42003,,0.0,0,,RPTNMLOJOHNFFBC18CA
中正區,房地(土地+建物),基隆市中正區觀海街121~150號,15.03,住,,,1070421,土地2建物1車位0,十二層,十六層,住宅大樓(11層含以上有電梯),住家用,鋼筋混凝土造,0880114,72.28999999999999,2,1,2,有,有,2400000,33200,,0.0,0,,RPRNMLQJOHNFFBC18CA
中正區,房地(土地+建物)+車位,基隆市中正區觀海街121~150號,23.4,住,,,1070426,土地2建物1車位1,六層,十六層,住宅大樓(11層含以上有電梯),住家用,鋼筋混凝土造,0880114,157.31,3,2,2,有,有,4930000,31339,坡道平面,0.0,0,,RPSNMLQJOHNFFBC28CA
仁愛區,房地(土地+建物),基隆市仁愛區崇安街64巷1~30號,37.5,商,,,1070427,土地2建物1車位0,二層,四層,公寓(5樓含以下無電梯),住家用,鋼筋混凝土造,0730830,87.45,3,3,3,有,無,3700000,42310,,0.0,0,二樓價位130萬三樓價位120萬四樓價位120萬,RPWNMLQJOHNFFBC68CA
中正區,房地(土地+建物),基隆市中正區新豐街241~270號,5.35,住,,,1070509,土地1建物1車位0,二十二層,二十三層,套房(1房1廳1衛),住家用,鋼筋混凝土造,0851129,27.03,1,1,1,有,有,1300000,48095,,0.0,0,,RPOOMLQJOHNFFBC97CA
信義區,房地(土地+建物),基隆市信義區深澳坑路168巷50弄1~30號,20.67,住,,,1070428,土地1建物1車位0,三層，夾層,四層,公寓(5樓含以下無電梯),見其他登記事項,鋼筋混凝土造,0840610,70.36,4,1,2,有,無,2000000,28425,,0.0,0,,RPPOMLQJOHNFFBC08CA
仁愛區,房地(土地+建物),基隆市仁愛區孝三路30巷1~30號,14.67,商,,,1070425,土地1建物1車位0,五層,五層,公寓(5樓含以下無電梯),住家用,鋼筋混凝土造,0780829,66.91,3,2,1,有,無,2800000,41847,,0.0,0,,RPSNMLNKOHNFFBC08CA
中正區,房地(土地+建物),基隆市中正區觀海街181~210號,16.76,住,,,1070429,土地2建物1車位0,八層,十六層,住宅大樓(11層含以上有電梯),住家用,鋼筋混凝土造,0880114,89.94,2,2,1,有,有,2880000,32021,,0.0,0,,RPVOMLOKOHNFFBC58CA
暖暖區,房地(土地+建物),基隆市暖暖區國安路30巷31~60號,27.45,住,,,1070504,土地3建物1車位0,四層,四層,公寓(5樓含以下無電梯),住家用,鋼筋混凝土造,0710915,72.33,4,2,2,有,無,1300000,17973,,0.0,0,本案含增建未辦保存登記部份,RPTOMLLJOHNFFCC08CA
安樂區,房地(土地+建物)+車位,基隆市安樂區麥金路361~390號,18.4,住,,,1070514,土地3建物1車位1,二十一層,二十五層,住宅大樓(11層含以上有電梯),見其他登記事項,鋼筋混凝土造,1050124,168.54000000000002,3,2,2,有,有,13600000,80693,坡道平面,15.87,0,,RPVOMLOJOHNFFCC58CA
暖暖區,房地(土地+建物),基隆市暖暖區暖暖街246巷121~150號,45.87,住,,,1070424,土地2建物1車位0,四層,四層,公寓(5樓含以下無電梯),住家用,鋼筋混凝土造,0701008,85.76,2,2,1,有,無,3000000,34981,,0.0,0,,RPXOMLOJOHNFFCC78CA
七堵區,房地(土地+建物),基隆市七堵區大華一路61巷1~30號,22.75,住,,,1070502,土地1建物1車位0,一層,四層,公寓(5樓含以下無電梯),住家用,鋼筋混凝土加強磚造,0650519,64.74,3,1,2,有,無,2000000,30893,,0.0,0,,RPUNMLQJOHNFFCC58CA
暖暖區,車位,基隆市暖暖區碇內街211~240號,0.0,,,,1070506,土地0建物0車位1,,,其他,,,,27.0,0,0,0,有,有,750000,,坡道平面,27.0,750000,單獨車位交易,RPTNMLSJOHNFFCC88EA
安樂區,車位,基隆市安樂區崇德路121~150號,0.0,,,,1070516,土地0建物0車位1,,,公寓(5樓含以下無電梯),,,,8.98,0,0,0,無,無,200000,,坡道平面,8.98,200000,單獨車位交易,RPTNMLLKOHNFFCC28EA
安樂區,房地(土地+建物)+車位,基隆市安樂區麥金路211~240號,15.76,住,,,1070430,土地3建物1車位1,四層,十八層,住宅大樓(11層含以上有電梯),見其他登記事項,鋼筋混凝土造,1050124,141.39000000000001,3,2,2,有,有,10000000,70726,坡道平面,0.0,0,,RPSOMLQJOHNFFCC48CA
安樂區,房地(土地+建物)+車位,基隆市安樂區麥金路391~420號,14.06,住,,,1070511,土地3建物2車位1,十五層,二十五層,住宅大樓(11層含以上有電梯),見其他登記事項,鋼筋混凝土造,1050124,123.96000000000001,3,2,2,有,有,8588000,69275,坡道平面,0.0,0,,RPWNMLQKOHNFFCC88CA
安樂區,土地,代天府段841~870地號,16.9,其他,,,1061220,土地3建物0車位0,,,其他,,,,0.0,0,0,0,有,無,701717,41522,,0.0,0,協議價購取得,RPSOMLOJOHNFFCC38DA
安樂區,土地,代天府段871~900地號,2.7,其他,,,1061220,土地3建物0車位0,,,其他,,,,0.0,0,0,0,有,無,112274,41583,,0.0,0,協議價購取得,RPTOMLOJOHNFFCC48DA
七堵區,房地(土地+建物),基隆市七堵區崇智街31~60號,26.0,住,,,1070521,土地1建物1車位0,一層，騎樓,三層,店面(店鋪),住商用,加強磚造,0590702,68.4,1,1,1,有,無,8520000,124561,,0.0,0,,RPSOMLKLOHNFFCC08CA
