﻿鄉鎮市區,交易標的,土地區段位置/建物區段門牌,土地面積(平方公尺),都市土地使用分區,非都市土地使用分區,非都市土地使用編定,租賃年月日,租賃筆棟數,租賃層次,總樓層數,建物型態,主要用途,主要建材,建築完成年月,建物總面積(平方公尺),建物現況格局-房,建物現況格局-廳,建物現況格局-衛,建物現況格局-隔間,有無管理組織,有無附傢俱,總額(元),單價(元/平方公尺),車位類別,車位面積(平方公尺),車位總額(元),備註,編號
The villages and towns urban district,transaction sign,land sector position/building sector house number plate,land shifting total area (square meter),the use zoning or compiles and checks,the non-metropolis land use district,non-metropolis land use,transaction year, month and day,transaction pen number,shifting level,total floor number,building state,main use,main building materials,construction to complete the years,building shifting total area,Building present situation pattern - room,building present situation pattern - hall,building present situation pattern - health,building present situation pattern - compartmented,Whether there is manages the organization,Whether there is attaches the furniture,total price (Yuan),the unit price (a Yuan/square meter),the berth category,berth shifting total area (square meter),the berth total price (Yuan),the note,serial number
鼓山區,房地(土地+建物),高雄市鼓山區翠華路271~300號,28.94,住,,,1070501,土地1建物1車位0,十七層,28,住宅大樓(11層含以上有電梯),見其它登記事項,見其它登記事項,1050203,359.78,4,2,3,有,無,有,58000,161,,0.0,0,,RPQNMLLLNHNFFAE97CC
鼓山區,房地(土地+建物),高雄市鼓山區美術東四路361~390號,17.79,住,,,1070505,土地1建物1車位0,八層,24,住宅大樓(11層含以上有電梯),住家用,鋼筋混凝土造,1030212,203.79,3,2,2,有,有,有,39500,194,,0.0,0,,RPRNMLLLNHNFFAE08CC
前金區,房地(土地+建物),高雄市前金區長生街1~30號,48.0,商,,,1070501,土地1建物1車位0,全,2,透天厝,,加強磚造,0441226,78.22,2,2,2,有,無,有,24000,307,,0.0,0,,RPSNMLLLNHNFFAE18CC
鼓山區,房地(土地+建物)+車位,高雄市鼓山區文信路241~270號,10.47,商,,,1070503,土地1建物1車位1,十一層,15,住宅大樓(11層含以上有電梯),住家用,鋼筋混凝土造,1020604,144.72,3,2,2,有,有,有,36000,249,坡道平面,19.34,0,,RPTNMLLLNHNFFAE28CC
新興區,建物,高雄市新興區文橫二路143巷1~30號,0.0,商,,,1070503,土地0建物1車位0,見其他登記事項,2,店面(店鋪),,加強磚造,0610107,131.04,0,2,2,有,無,無,80000,611,,0.0,0,租賃期間含免租裝潢期1個月,RPPNMLLLNHNFFBE97CC
苓雅區,房地(土地+建物),高雄市苓雅區文橫二路121~150號,56.0,商,,,1070501,土地1建物1車位0,全,2,透天厝,住商用,加強磚造,0500201,85.42,0,0,0,無,無,有,28000,328,,0.0,0,,RPVNMLLLNHNFFBE58CC
苓雅區,車位,高雄市苓雅區新光路62巷1~30號,0.0,商,,,1070428,土地0建物0車位1,,,其他,,,,0.0,0,0,0,有,有,無,1500,,坡道平面,12.66,1500,,RPWNMLLLNHNFFBE68CC
苓雅區,建物,高雄市苓雅區新光路62巷1~30號,0.0,商,,,1070501,土地0建物1車位0,二十八層,35,住宅大樓(11層含以上有電梯),住家用,鋼筋混凝土造,0860421,145.17,3,2,2,有,有,有,16500,114,,0.0,0,,RPXNMLLLNHNFFBE78CC
新興區,房地(土地+建物),高雄市新興區七賢二路31~60號,5.15,商,,,1070510,土地1建物1車位0,十四層,15,住宅大樓(11層含以上有電梯),住家用,鋼筋混凝土造,1050413,77.36,2,1,1,有,有,有,21000,271,,0.0,0,,RPROMLLLNHNFFBE28CC
苓雅區,建物,高雄市苓雅區成功一路211~240號,0.0,商,,,1070501,土地0建物1車位0,五層,20,辦公商業大樓,商業用,鋼筋混凝土造,0820401,87.32000000000001,1,0,0,有,有,無,11000,126,,0.0,0,,RPTOMLLLNHNFFBE48CC
苓雅區,建物,高雄市苓雅區中華四路19巷1~30號,10.34,商,,,1070501,土地0建物1車位0,十三層,19,住宅大樓(11層含以上有電梯),,鋼筋混凝土造,0790530,201.88,3,2,2,有,有,無,12000,59,,0.0,0,,RPVOMLLLNHNFFBE68CC
苓雅區,房地(土地+建物),高雄市苓雅區文橫二路2巷1~30號,7.58,商,,,1070425,土地1建物1車位0,見其他登記事項,12,住宅大樓(11層含以上有電梯),,鋼筋混凝土造,0710430,68.99000000000001,0,2,1,有,有,有,23000,333,,0.0,0,,RPWOMLLLNHNFFBE78CC
前鎮區,房地(土地+建物),高雄市前鎮區管仲南路331~360號,15.64,商,,,1070427,土地1建物1車位0,十四層,15,住宅大樓(11層含以上有電梯),住家用,見其它登記事項,0960126,171.17000000000002,4,2,2,有,有,有,25000,146,,0.0,0,,RPPNMLLLNHNFFCE08CC
前鎮區,建物,高雄市前鎮區中山二路91~120號,0.0,住,,,1070501,土地0建物1車位0,六層,24,辦公商業大樓,住商用,鋼筋混凝土造,0820730,19.83,0,0,0,無,有,無,7500,378,,0.0,0,6樓6.7.8.9四間打通，屋主自行隔間分租,RPXNMLLLNHNFFCE88CC
前鎮區,房地(土地+建物),高雄市前鎮區中山二路181~210號,5.86,商,,,1070430,土地1建物1車位0,三層,15,住宅大樓(11層含以上有電梯),住家用,鋼筋混凝土造,1000125,76.11,2,1,1,有,有,有,20000,263,,0.0,0,,RPTOMLLLNHNFFCE58CC
三民區,建物,高雄市三民區鼎貴路86巷1~30號,0.0,住,,,1070428,土地0建物0車位0,全,2,透天厝,,加強磚造,0740703,15.07,1,0,1,有,無,有,8000,531,,0.0,0,承租分租之一部份房間,RPPOMLLLNHNFFDE28CC
三民區,建物,高雄市三民區鼎貴路86巷1~30號,0.0,住,,,1070510,土地0建物0車位0,全,2,透天厝,,加強磚造,0740703,15.07,1,0,1,有,無,有,6800,451,,0.0,0,承租分租之一部份房間,RPQOMLLLNHNFFDE38CC
左營區,房地(土地+建物),高雄市左營區立文路91~120號,8.52,商,,,1070501,土地1建物1車位0,十四層,15,住宅大樓(11層含以上有電梯),住家用,鋼筋混凝土造,1030327,115.02,1,1,1,有,有,有,28000,243,,0.0,0,,RPXNMLLLNHNFFEE09CC
左營區,房地(土地+建物)+車位,高雄市左營區立文路91~120號,8.4,商,,,1070501,土地1建物1車位1,九層,15,住宅大樓(11層含以上有電梯),住家用,鋼筋混凝土造,1030327,110.62,2,1,1,有,有,有,24000,217,坡道平面,25.25,0,,RPROMLLLNHNFFEE58CC
楠梓區,土地,翠屏段三小段1~30地號,193.48,住,,,1070401,土地1建物0車位0,,,其他,,,,0.0,0,0,0,有,無,無,50000,258,,0.0,0,租賃標的含未保存登記建物。土地租賃面積為約略計算。,RPTOMLLLNHNFFEE78CC
左營區,建物,高雄市左營區新庄仔路546巷1~30號,0.0,住,,,1070401,土地0建物0車位0,全,4,透天厝,,鋼筋混凝土造,0700918,29.06,1,0,1,有,無,有,6000,206,,0.0,0,承租分租之一部份房間,RPSPMLLLNHNFFEE78CC
左營區,房地(土地+建物),高雄市左營區博愛二路631~660號,63.56,住,,,1070501,土地2建物1車位0,一層,7,華廈(10層含以下有電梯),商業用,鋼筋混凝土造,0860128,112.42,2,1,0,有,無,無,45000,400,,0.0,0,,RPQQMLLLNHNFFEE68CC
旗山區,土地,旗門段1~30地號,212.26,其他,,,1070504,土地2建物0車位0,,,其他,,,,0.0,0,0,0,有,無,無,18000,85,,0.0,0,,RPTNMLLLNHNFFHE98CC
鳥松區,房地(土地+建物),高雄市鳥松區大華路一巷二弄1~30號,92.0,住,,,1070505,土地1建物1車位0,全,5,透天厝,見其他登記事項,鋼筋混凝土造,0880112,246.19,4,2,4,有,有,有,33000,134,,0.0,0,,RPPNMLLLNHNFFIE68CC
阿蓮區,房地(土地+建物),高雄市阿蓮區中孝路350巷1~30號,78.55,住,,,1070520,土地1建物1車位0,全,5,透天厝,住家用,鋼筋混凝土造,0810715,210.12,4,3,3,有,無,無,10000,48,,0.0,0,,RPPNMLLLNHNFFJE78CC
仁武區,建物,高雄市仁武區八德東路121~150號,0.0,,,,1070501,土地0建物1車位0,見其他登記事項,4,店面(店鋪),見其他登記事項,鋼筋混凝土造,0960323,177.38,0,0,0,無,無,無,30000,169,,0.0,0,,RPPOMLMLNHNFFIE88CC
鳳山區,房地(土地+建物),高雄市鳳山區高雄市鳳山區崗山北街144巷1~30號,50.0,住,,,1070424,土地1建物1車位0,全,2,透天厝,住家用,加強磚造,0611205,83.76,5,2,2,有,無,無,10500,125,,0.0,0,,RPXNMLMLNHNFFGE76CC
左營區,房地(土地+建物),高雄市左營區自由二路151~180號,27.95,住,,,1070401,土地1建物1車位0,一層,14,店面(店鋪),住商用,鋼筋混凝土造,0781013,56.94,0,0,0,無,有,無,20000,351,,0.0,0,,RPQNMLMLNHNFFEE48CC
左營區,房地(土地+建物)+車位,高雄市左營區重愛路301~330號,17.26,商,,,1070501,土地1建物1車位1,十層,15,住宅大樓(11層含以上有電梯),住家用,鋼筋混凝土造,1021111,230.67000000000002,4,2,2,有,有,有,40000,173,坡道平面,20.67,0,,RPVNMLMLNHNFFEE98CC
楠梓區,房地(土地+建物),高雄市楠梓區盛昌街301~330號,6.61,商,,,1070501,土地1建物1車位0,五層,15,住宅大樓(11層含以上有電梯),見其它登記事項,見其它登記事項,1050224,80.78,2,1,1,有,有,有,11000,136,,0.0,0,,RPXNMLMLNHNFFEE56CC
左營區,房地(土地+建物),高雄市左營區保靖街31~60號,6.21,商,,,1070501,土地1建物1車位0,十五層,15,住宅大樓(11層含以上有電梯),住家用,鋼筋混凝土造,1031104,85.42,2,1,1,有,有,有,21000,246,,0.0,0,,RPOPMLMLNHNFFEE48CC
三民區,房地(土地+建物),高雄市三民區九如一路565巷1~30號,11.97,商,,,1070501,土地1建物1車位0,十七層,23,住宅大樓(11層含以上有電梯),住家用,鋼筋混凝土造,0831114,166.68,4,2,2,有,有,無,18000,108,,0.0,0,,RPRNMLMLNHNFFDE48CC
三民區,建物,高雄市三民區春陽街31~60號,9.88,商,,,1070501,土地0建物1車位0,七層,14,住宅大樓(11層含以上有電梯),住家用,鋼筋混凝土造,0901122,104.47,3,2,2,有,有,有,16000,153,,0.0,0,,RPSNMLMLNHNFFDE58CC
三民區,房地(土地+建物),高雄市三民區民族一路1~30號,72.2,商,,,1070423,土地1建物1車位0,一層,12,辦公商業大樓,,鋼筋混凝土造,0710705,401.3,0,0,0,無,無,無,180000,449,,0.0,0,,RPTNMLMLNHNFFDE68CC
三民區,房地(土地+建物),高雄市三民區大順三路309巷1~30號,19.48,商,,,1070501,土地1建物1車位0,五層,5,公寓(5樓含以下無電梯),,鋼筋混凝土造,0710806,84.82000000000001,3,1,2,有,無,有,9000,106,,0.0,0,,RPOOMLMLNHNFFDE28CC
三民區,房地(土地+建物),高雄市三民區民族一路61~90號,37.76,商,,,1070501,土地1建物1車位0,三十層,50,辦公商業大樓,見使用執照,鋼骨鋼筋混凝土造,0810821,205.0,0,0,0,無,無,無,17000,83,,0.0,0,,RPQOMLMLNHNFFDE48CC
前鎮區,房地(土地+建物),高雄市前鎮區高雄市前鎮區中華五路991巷1~30號,28.51,住,,,1070501,土地1建物1車位0,九層,12,住宅大樓(11層含以上有電梯),住家用,鋼筋混凝土造,0830809,129.53,3,2,2,有,有,有,11000,85,,0.0,0,,RPVOMLMLNHNFFCE88CC
小港區,房地(土地+建物),高雄市小港區廈莊三街121~150號,8.18,商,,,1070501,土地1建物1車位0,十三層,15,住宅大樓(11層含以上有電梯),住家用,鋼筋混凝土造,1030407,92.76,2,1,1,有,有,有,13000,140,,0.0,0,,RPUPMLMLNHNFFCE88CC
苓雅區,房地(土地+建物),高雄市苓雅區光明街61~90號,9.85,商,,,1070501,土地1建物1車位0,十三層,15,住宅大樓(11層含以上有電梯),住家用,鋼筋混凝土造,0960515,112.89,3,1,2,有,有,有,20000,177,,0.0,0,,RPUNMLMLNHNFFBE58CC
苓雅區,房地(土地+建物),高雄市苓雅區成功一路151~180號,55.0,商,,,1070507,土地1建物1車位0,一層,4,店面(店鋪),,加強磚造,0510723,46.5,0,0,0,無,無,無,25000,538,,0.0,0,,RPSOMLMLNHNFFBE48CC
新興區,房地(土地+建物),高雄市新興區中山一路61~90號,121.0,商,,,1070501,土地1建物1車位0,全,4,透天厝,,鋼筋混凝土造,0710722,65.34,0,0,0,無,無,有,33000,505,,0.0,0,,RPTOMLMLNHNFFBE58CC
鼓山區,房地(土地+建物),高雄市鼓山區鼓山二路151~180號,59.0,商,,,1070511,土地1建物1車位0,見其它登記事項,4,店面(店鋪),,鋼筋混凝土造,0730420,155.79,6,2,3,有,無,有,21000,135,,0.0,0,,RPQNMLMLNHNFFAE08CC
鼓山區,房地(土地+建物),高雄市鼓山區美術北三路211~240號,7.29,住,,,1070510,土地1建物1車位0,二層,15,住宅大樓(11層含以上有電梯),見其它登記事項,見其它登記事項,1041007,75.55000000000001,1,1,1,有,有,有,15000,199,,0.0,0,,RPRNMLMLNHNFFAE18CC
前金區,房地(土地+建物)+車位,高雄市前金區七賢二路391~420號,9.51,商,,,1070511,土地1建物1車位1,十二層,15,住宅大樓(11層含以上有電梯),見其它登記事項,見其它登記事項,1060103,141.68,3,2,2,有,有,有,35000,247,坡道平面,5.02,0,,RPSNMLMLNHNFFAE28CC
鼓山區,房地(土地+建物),高雄市鼓山區文忠路91~120號,15.46,商,,,1070511,土地1建物1車位0,十四層,15,住宅大樓(11層含以上有電梯),住家用,鋼筋混凝土造,1030925,75.5,2,2,1,有,有,有,21000,278,,0.0,0,,RPUNMLMLNHNFFAE48CC
前金區,房地(土地+建物),高雄市前金區新盛二街61~90號,9.27,商,,,1070501,土地1建物1車位0,八層,15,住宅大樓(11層含以上有電梯),住家用,鋼筋混凝土造,0950303,77.62,2,1,1,有,有,有,22704,293,,0.0,0,,RPXNMLMLNHNFFAE78CC
前金區,房地(土地+建物)+車位,高雄市前金區河東路151~180號,28.12,商,,,1070501,土地1建物1車位1,三十一層,35,住宅大樓(11層含以上有電梯),住家用,鋼骨鋼筋混凝土造,0850215,225.89,3,2,2,有,有,有,48000,212,坡道平面,0.0,0,,RPWOMLMLNHNFFAE78CC
前金區,房地(土地+建物),高雄市前金區河東路151~180號,28.12,商,,,1070501,土地1建物1車位0,三十一層,35,住宅大樓(11層含以上有電梯),住家用,鋼骨鋼筋混凝土造,0850215,222.31,3,2,2,有,有,有,48000,216,,0.0,0,,RPOPMLMLNHNFFAE08CC
苓雅區,建物,高雄市苓雅區中山二路451~480號,0.0,商,,,1070501,土地0建物1車位0,五層,14,辦公商業大樓,,鋼筋混凝土造,0670821,46.46,0,0,0,無,有,無,8000,172,,0.0,0,,RPPOMLNLNHNFFBE28CC
新興區,建物,高雄市新興區中山一路91~120號,0.0,商,,,1070501,土地0建物1車位0,九層,10,辦公商業大樓,,鋼筋混凝土造,0651124,68.99,0,0,0,無,有,無,9500,138,,0.0,0,9樓為整層屋主自行隔間出租,RPROMLNLNHNFFBE48CC
苓雅區,建物,高雄市苓雅區四維三路241~270號,0.0,商,,,1070501,土地0建物1車位0,九層,12,辦公商業大樓,,鋼筋混凝土造,0781109,56.0,0,0,0,無,有,無,9000,161,,0.0,0,9樓為整層屋主自行隔間出租,RPSOMLNLNHNFFBE58CC
前鎮區,建物,高雄市前鎮區鄭和南路331~360號,0.0,商,,,1070507,土地0建物1車位1,九層,27,住宅大樓(11層含以上有電梯),住家用,鋼筋混凝土造,0960509,143.73,3,2,2,有,有,有,32000,223,坡道機械,8.68,0,租金含管理費,RPVOMLNLNHNFFCE98CC
三民區,建物,高雄市三民區九如一路565巷1~30號,0.0,商,,,1070501,土地0建物1車位1,十二層,23,住宅大樓(11層含以上有電梯),住家用,鋼筋混凝土造,0831114,142.74,3,2,2,有,有,有,17000,119,坡道機械,0.0,0,車位面積無法分算,RPQNMLNLNHNFFDE48CC
三民區,房地(土地+建物),高雄市三民區大昌二路241~270號,12.24,商,,,1070507,土地1建物1車位0,一層,14,辦公商業大樓,商業用,鋼筋混凝土造,0880731,141.89000000000001,0,1,1,有,有,有,18000,127,,0.0,0,,RPOOMLNLNHNFFDE38CC
左營區,建物,高雄市左營區文萊路271~300號,0.0,商,,,1070501,土地0建物1車位1,三層,17,住宅大樓(11層含以上有電梯),住家用,見其它登記事項,0881104,121.72999999999999,4,2,2,有,有,有,13500,111,坡道平面,18.23,0,,RPXNMLNLNHNFFEE66CC
左營區,房地(土地+建物),高雄市左營區安吉街241~270號,10.92,商,,,1070501,土地1建物1車位0,八層,12,住宅大樓(11層含以上有電梯),住家用,鋼筋混凝土造,0811027,113.28,3,2,2,有,有,有,12000,106,,0.0,0,,RPRNMLOLNHNFFEE78CC
左營區,房地(土地+建物),高雄市左營區站前路61~90號,225.64,商,,,1070501,土地2建物1車位0,見其它登記事項,5,店面(店鋪),住商用,鋼筋混凝土造,0970416,276.76,4,2,3,有,無,無,38000,137,,0.0,0,,RPVNMLOLNHNFFEE56CC
三民區,房地(土地+建物),高雄市三民區河堤路481~510號,11682.18,住,,,1070428,土地1建物1車位0,二層,14,住宅大樓(11層含以上有電梯),住家用,鋼筋混凝土造,0870122,128.7,3,2,2,有,無,有,14000,109,,0.0,0,,RPQNMLOLNHNFFDE58CC
三民區,房地(土地+建物),高雄市三民區大裕路174巷31~60號,13.45,住,,,1070501,土地1建物1車位0,見其他登記事項,14,店面(店鋪),住商用,鋼筋混凝土造,0871102,167.29,4,1,3,有,有,無,18000,108,,0.0,0,,RPTNMLOLNHNFFDE88CC
三民區,房地(土地+建物),高雄市三民區黃興路181~210號,46.71,住,,,1070506,土地1建物1車位0,一層,7,華廈(10層含以下有電梯),,鋼筋混凝土造,0790207,251.45,3,2,2,有,有,有,28800,115,,0.0,0,租賃一樓+二樓+地下室,RPPOMLOLNHNFFDE58CC
鼓山區,房地(土地+建物),高雄市鼓山區文忠路121~150號,9.33,商,,,1070427,土地1建物1車位0,七層,15,住宅大樓(11層含以上有電梯),住家用,鋼筋混凝土造,1020527,110.03999999999999,2,2,1,有,有,有,16000,145,,0.0,0,,RPRNMLOLNHNFFAE38CC
鳳山區,房地(土地+建物),高雄市鳳山區凱旋路61~90號,102.5,住,,,1070416,土地1建物1車位0,見其他登記事項,4,店面(店鋪),見其他登記事項,鋼筋混凝土造,1010401,232.57,4,0,0,無,無,有,35100,151,,0.0,0,,RPSOMLOLNHNFFGE56CC
大寮區,建物,高雄市大寮區民貴街60巷1~30號,0.0,工,,,1070501,土地0建物1車位0,一層,5,工廠,工業用,鋼筋混凝土造,0840819,1618.74,0,0,0,無,無,無,100000,,,0.0,0,,RPWNMLOLNHNFFLE37CC
燕巢區,房地(土地+建物),高雄市燕巢區安招里安林三街61~90號,219.46,工,,,1070327,土地1建物1車位0,見其他登記事項,4,工廠,工業用,見其他登記事項,0841021,332.09,3,3,3,有,無,有,28000,,,0.0,0,,RPQNMLPLNHNFFFE88CC
鼓山區,房地(土地+建物),高雄市鼓山區大順一路841~870號,150.0,住,,,1070501,土地1建物1車位0,全,2,透天厝,住商用,鋼造,0820304,125.47,0,0,1,有,無,無,80000,638,,0.0,0,,RPRNMLPLNHNFFAE48CC
鼓山區,房地(土地+建物),高雄市鼓山區美術東八街61~90號,19.04,住,,,1070512,土地1建物1車位0,四層,14,住宅大樓(11層含以上有電梯),住家用,鋼筋混凝土造,0920904,151.05,3,1,2,有,有,有,22000,146,,0.0,0,,RPOOMLPLNHNFFAE28CC
苓雅區,建物,高雄市苓雅區新光路62巷1~30號,0.0,商,,,1070511,土地0建物1車位0,八層,35,住宅大樓(11層含以上有電梯),住家用,鋼筋混凝土造,0860421,137.62,3,2,2,有,有,有,16000,116,,0.0,0,,RPVNMLPLNHNFFBE98CC
苓雅區,車位,高雄市苓雅區新光路62巷1~30號,0.0,商,,,1070501,土地0建物0車位1,,,其他,,,,0.0,0,0,0,有,有,無,1500,,坡道平面,12.66,1500,,RPOOMLPLNHNFFBE38CC
苓雅區,房地(土地+建物),高雄市苓雅區永定街181~210號,75.0,住,,,1070501,土地2建物1車位0,全,5,透天厝,,鋼筋混凝土造,0680621,227.35,4,2,4,有,無,無,30000,132,,0.0,0,,RPQOMLPLNHNFFBE58CC
苓雅區,房地(土地+建物),高雄市苓雅區河南路157巷1~30號,85.0,住,,,1070501,土地1建物1車位0,全,2,透天厝,,加強磚造,0641006,98.98,0,2,0,有,無,無,20000,202,,0.0,0,,RPSOMLPLNHNFFBE78CC
左營區,房地(土地+建物),高雄市左營區華夏路391~420號,15.32,住,,,1070501,土地1建物1車位0,一層,27,住宅大樓(11層含以上有電梯),住商用,鋼筋混凝土造,0830811,207.03,3,2,3,有,有,無,31000,150,,0.0,0,出租1+2+3樓,RPXNMLPLNHNFFEE86CC
左營區,建物,高雄市左營區立文路91~120號,10.39,商,,,1070501,土地0建物1車位0,一層,15,住宅大樓(11層含以上有電梯),住商用,鋼筋混凝土造,1030327,221.42,0,0,0,無,有,無,98000,443,,0.0,0,,RPOOMLPLNHNFFEE68CC
左營區,建物,高雄市左營區曾子路511~540號,16.32,住,,,1070501,土地0建物1車位0,見其它登記事項,22,住宅大樓(11層含以上有電梯),住商用,鋼筋混凝土造,0850830,212.71,3,3,3,有,無,有,28000,132,,0.0,0,,RPWNMLQLNHNFFEE86CC
新興區,建物,高雄市新興區六合一路31~60號,45.1,商,,,1070501,土地0建物1車位0,一層,4,店面(店鋪),,鋼筋混凝土造,0640616,103.41,2,2,2,有,無,無,25000,242,,0.0,0,,RPPNMLQLNHNFFBE48CC
苓雅區,建物,高雄市苓雅區中華四路19巷1~30號,36.9,商,,,1070501,土地0建物1車位0,十八層,19,住宅大樓(11層含以上有電梯),,鋼筋混凝土造,0790530,156.24,4,2,2,有,無,有,16000,102,,0.0,0,,RPQNMLQLNHNFFBE58CC
鼓山區,建物,高雄市鼓山區華榮路241~270號,0.0,商,,,1070427,土地0建物1車位0,二層,12,辦公商業大樓,商業用,鋼筋混凝土造,0840914,81.52,0,0,0,無,有,無,34000,417,,0.0,0,,RPQNMLQLNHNFFAE48CC
鼓山區,建物,高雄市鼓山區美術南三路61~90號,0.0,住,,,1070501,土地0建物1車位0,見其它登記事項,15,店面(店鋪),住商用,鋼筋混凝土造,0960814,191.18,0,2,2,有,有,無,40000,209,,0.0,0,,RPPNMLSLNHNFFAE58CC
前金區,建物,高雄市前金區五福三路61~90號,0.0,商,,,1070501,土地0建物1車位0,七層,16,辦公商業大樓,,鋼筋混凝土造,0690109,318.01,1,0,0,有,有,無,30000,94,,0.0,0,7樓之2+3+4+5打通,RPOOMLSLNHNFFAE58CC
前金區,建物,高雄市前金區五福三路61~90號,0.0,商,,,1070501,土地0建物1車位0,七層,16,辦公商業大樓,,鋼筋混凝土造,0690109,408.95,1,0,1,有,有,無,57000,139,,0.0,0,7樓之2+3+4+5打通,RPPOMLSLNHNFFAE68CC
鹽埕區,土地,鹽府段61~90地號,50.0,商,,,1070501,土地1建物0車位0,,,其他,,,,0.0,2,0,0,有,無,有,8500,170,,0.0,0,,RPOPMLSLNHNFFAE68CC
左營區,房地(土地+建物),高雄市左營區保靖街61~90號,3.61,商,,,1070501,土地1建物1車位0,六層,11,住宅大樓(11層含以上有電梯),住家用,鋼筋混凝土造,0830220,36.83,1,1,1,有,有,有,8000,217,,0.0,0,,RPRPMLSLNHNFFEE76CC
楠梓區,房地(土地+建物),高雄市楠梓區大學東路61~90號,1503.01,其他,,,1070401,土地1建物1車位0,全,3,透天厝,見其它登記事項,見其它登記事項,1060926,197.68,0,0,0,無,無,無,40000,202,,0.0,0,,RPUPMLSLNHNFFEE07CC
三民區,房地(土地+建物),高雄市三民區本和街31~60號,318.54,住,,,1070501,土地3建物1車位0,全,1,透天厝,,鋼筋混凝土造,0670906,249.38,5,0,2,有,無,無,50000,200,,0.0,0,,RPOOMLSLNHNFFDE88CC
三民區,房地(土地+建物),高雄市三民區皓東路271~300號,199.42,住,,,1070502,土地1建物1車位0,一層,1,店面(店鋪),見其它登記事項,見其它登記事項,1060324,95.28,0,0,0,無,無,無,48000,504,,0.0,0,,RPUOMLSLNHNFFDE86CC
小港區,房地(土地+建物),高雄市小港區水秀路1~30號,16.14,住,,,1070501,土地1建物1車位0,見其它登記事項,1,住宅大樓(11層含以上有電梯),住商用,鋼筋混凝土造,1021004,156.17000000000002,1,1,2,有,無,有,26500,170,,0.0,0,,RPUOMLSLNHNFFCE76CC
仁武區,建物,高雄市仁武區霞海東二街1~30號,26.65,住,,,1070501,土地0建物1車位0,全,4,透天厝,見其他登記事項,見其他登記事項,1061030,44.34,5,2,4,有,無,有,10000,226,,0.0,0,,RPVNMLSLNHNFFIE47DC
大寮區,房地(土地+建物),高雄市大寮區光華路34巷1~30號,2584.0,農,,,1070430,土地2建物1車位0,見其他登記事項,1,工廠,見使用執照,鋼造,0730612,993.6,0,0,0,無,無,無,90000,,,0.0,0,實際承租地坪為200坪，建物無保存登記200坪,RPXNMLSLNHNFFLE87CC
路竹區,房地(土地+建物),高雄市路竹區民族路121~150號,83.22,,鄉村區,乙種建築用地,1070401,土地1建物1車位0,全,2,透天厝,住家用,加強磚造,0930708,78.18,3,2,2,有,無,有,9000,115,,0.0,0,,RPPNMLSLNHNFFJE86CC
鳳山區,房地(土地+建物),高雄市鳳山區青年路二段541~570號,49.0,住,,,1070501,土地1建物1車位0,全,4,透天厝,住商用,鋼筋混凝土造,0750505,49.36,0,0,0,無,無,無,27000,547,,0.0,0,,RPXNMLTLNHNFFGE47CC
仁武區,建物,高雄市仁武區仁孝路31~60號,0.0,住,,,1070501,土地0建物1車位0,全,4,透天厝,見其他登記事項,鋼筋混凝土造,0970526,359.04,4,2,4,有,無,有,45000,125,,0.0,0,,RPVNMLTLNHNFFIE47CC
前鎮區,房地(土地+建物),高雄市前鎮區文橫三路181~210號,0.0,商,,,1070501,土地0建物1車位0,一層,4,店面(店鋪),,鋼筋混凝土造,0640505,111.23,0,0,0,無,無,有,75000,674,,0.0,0,,RPSNMLTLNHNFFCE56CC
前鎮區,房地(土地+建物)+車位,高雄市前鎮區中華五路1411~1440號,14.17,商,,,1070504,土地1建物1車位1,二層,14,住宅大樓(11層含以上有電梯),住家用,鋼筋混凝土造,0950314,146.82999999999998,3,2,2,有,有,有,30000,204,坡道平面,24.18,0,,RPTNMLTLNHNFFCE66CC
前鎮區,房地(土地+建物)+車位,高雄市前鎮區中華五路1411~1440號,13.98,住,,,1070430,土地1建物1車位1,七層,14,住宅大樓(11層含以上有電梯),住家用,鋼筋混凝土造,0950314,120.85,3,2,2,有,有,有,20000,165,坡道平面,24.18,0,,RPPOMLTLNHNFFCE98CC
前鎮區,房地(土地+建物),高雄市前鎮區中山二路61~90號,6.77,住,,,1070501,土地1建物1車位0,七層,19,住宅大樓(11層含以上有電梯),住家用,鋼筋混凝土造,0981224,102.3,2,2,1,有,有,有,22000,215,,0.0,0,續約3個月,RPSOMLTLNHNFFCE66CC
鼓山區,房地(土地+建物),高雄市鼓山區明華路301~330號,9.19,商,,,1070508,土地1建物1車位0,見其它登記事項,23,住宅大樓(11層含以上有電梯),商業用,鋼筋混凝土造,0840125,106.25,0,0,0,無,有,無,30000,282,,0.0,0,"租金含管理費,租賃稅及二代健保費",RPSOMLTLNHNFFAE09CC
新興區,房地(土地+建物),高雄市新興區民生一路255巷1~30號,51.93,商,,,1070501,土地2建物1車位0,三層,5,華廈(10層含以下有電梯),,鋼筋混凝土造,0790217,214.54000000000002,4,2,2,有,有,有,19000,89,,0.0,0,,RPQNMLTLNHNFFBE88CC
新興區,房地(土地+建物),高雄市新興區興華路61~90號,12.19,商,,,1070509,土地1建物1車位0,十五層,15,住宅大樓(11層含以上有電梯),住家用,鋼筋混凝土造,0960413,145.16,3,2,2,有,有,有,27180,187,,0.0,0,,RPRNMLTLNHNFFBE98CC
苓雅區,房地(土地+建物),高雄市苓雅區中山二路301~330號,0.0,商,,,1070501,土地0建物1車位0,見其他登記事項,4,店面(店鋪),住商用,鋼筋混凝土造,0560517,199.82,3,4,4,有,無,有,40000,200,,0.0,0,,RPSNMLTLNHNFFBE09CC
苓雅區,建物,高雄市苓雅區廣東二街61~90號,35.35,住,,,1070501,土地0建物1車位0,六層,7,華廈(10層含以下有電梯),,鋼筋混凝土造,0780727,225.96,4,2,2,有,無,無,16500,73,,0.0,0,,RPTNMLTLNHNFFBE56CC
苓雅區,建物,高雄市苓雅區建國一路2巷1~30號,0.0,住,,,1070501,土地0建物1車位0,一層,5,公寓(5樓含以下無電梯),,鋼筋混凝土造,0751108,81.67,4,2,2,有,無,有,11000,135,,0.0,0,,RPWNMLTLNHNFFBE86CC
苓雅區,房地(土地+建物)+車位,高雄市苓雅區福建街1~30號,15.06,住,,,1070512,土地1建物1車位0,六層,15,住宅大樓(11層含以上有電梯),住家用,鋼骨鋼筋混凝土造,0950728,262.47,4,2,2,有,有,有,36000,137,坡道平面,18.87,0,,RPWOMLTLNHNFFBE96CC
苓雅區,建物,高雄市苓雅區四維三路241~270號,0.0,商,,,1070501,土地0建物1車位0,八層,12,辦公商業大樓,,鋼筋混凝土造,0781109,76.06,0,0,0,無,有,無,13000,171,,0.0,0,8樓為整層屋主自行隔間出租,RPXOMLTLNHNFFBE07CC
苓雅區,房地(土地+建物),高雄市苓雅區漢昌街91~120號,76.0,住,,,1070501,土地1建物1車位0,全,4,透天厝,,鋼筋混凝土造,0681030,121.02,2,2,2,有,無,無,15000,124,,0.0,0,租賃空間為本棟透天之壹樓及二樓及地下室空間,RPTPMLTLNHNFFBE76CC
苓雅區,建物,高雄市苓雅區泉州街1~30號,29.72,,,,1070501,土地0建物1車位0,一層,5,公寓(5樓含以下無電梯),,鋼筋混凝土造,0720411,103.23,2,2,2,有,無,無,16000,155,,0.0,0,一層+地下室+騎樓,RPUNMLKMNHNFFBE48CC
鼓山區,土地,龍華段一小段511~540地號,529.0,住,,,1070501,土地1建物0車位0,,,其他,,,,0.0,0,0,0,有,無,有,38000,72,,0.0,0,,RPUNMLKMNHNFFAE38CC
三民區,房地(土地+建物),高雄市三民區朝陽街121~150號,72.0,住,,,1070501,土地1建物1車位0,全,3,透天厝,,鋼筋混凝土造,0641227,38.06,1,0,1,有,無,無,8000,210,,0.0,0,,RPWNMLKMNHNFFDE88CC
左營區,建物,高雄市左營區明華一路151~180號,0.0,商,,,1070501,土地0建物1車位0,見其它登記事項,15,店面(店鋪),商業用,鋼筋混凝土造,1020808,126.80000000000001,0,2,2,有,有,無,50000,394,,0.0,0,,RPROMLKMNHNFFEE58CC
鳳山區,房地(土地+建物),高雄市鳳山區新富路361~390號,38.71,住,,,1070501,土地1建物1車位0,十層,12,住宅大樓(11層含以上有電梯),住家用,鋼筋混凝土造,0730221,116.4,3,2,2,有,有,無,13000,112,,0.0,0,,RPQNMLKMNHNFFGE58CC
鳳山區,土地,過勇段31~60地號,684.73,住,,,1070501,土地1建物0車位0,,,其他,,,,0.0,0,0,0,有,無,無,50000,73,,0.0,0,,RPOOMLKMNHNFFGE48CC
大寮區,房地(土地+建物),高雄市大寮區仁德路1~30號,104.8,住,,,1070501,土地1建物1車位0,全,2,透天厝,住商用,加強磚造,0760405,152.07,3,2,2,有,無,無,15000,99,,0.0,0,,RPPNMLLMNHNFFLE09CC
前鎮區,房地(土地+建物)+車位,高雄市前鎮區中華五路751~780號,37.62,住,,,1070511,土地1建物1車位1,十一層,27,住宅大樓(11層含以上有電梯),住家用,見其它登記事項,1000622,323.97,3,2,2,有,有,有,79000,244,坡道平面,30.79,0,,RPPNMLLMNHNFFCE18CC
