﻿鄉鎮市區,交易標的,土地區段位置/建物區段門牌,土地移轉總面積(平方公尺),都市土地使用分區,非都市土地使用分區,非都市土地使用編定,交易年月日,交易筆棟數,移轉層次,總樓層數,建物型態,主要用途,主要建材,建築完成年月,建物移轉總面積(平方公尺),建物現況格局-房,建物現況格局-廳,建物現況格局-衛,建物現況格局-隔間,有無管理組織,總價(元),單價(元/平方公尺),車位類別,車位移轉總面積(平方公尺),車位總價(元),備註,編號
The villages and towns urban district,transaction sign,land sector position/building sector house number plate,land shifting total area (square meter),the use zoning or compiles and checks,the non-metropolis land use district,non-metropolis land use,transaction year, month and day,transaction pen number,shifting level,total floor number,building state,main use,main building materials,construction to complete the years,building shifting total area,Building present situation pattern - room,building present situation pattern - hall,building present situation pattern - health,building present situation pattern - compartmented,Whether there is manages the organization,total price (Yuan),the unit price (a Yuan/square meter),the berth category,berth shifting total area (square meter),the berth total price (Yuan),the note,serial number
新莊區,房地(土地+建物)+車位,光明段991~1020地號,13.0,住,,,1060811,土地1建物1車位1,十一層,15,住宅大樓(11層含以上有電梯),住家用,鋼筋混凝土造,,130.33,2,2,1,有,無,9790000,87330,坡道平面,39.41,1850000,,RPSQMLLLNHNFFBF58CB
新莊區,房地(土地+建物)+車位,光明段991~1020地號,13.0,住,,,1060813,土地1建物1車位1,十層,15,住宅大樓(11層含以上有電梯),住家用,鋼筋混凝土造,,130.33,2,2,1,有,無,10060000,91399,坡道平面,39.41,1750000,,RPTQMLLLNHNFFBF68CB
新莊區,房地(土地+建物)+車位,光明段991~1020地號,18.29,住,,,1061010,土地1建物1車位1,五層,15,住宅大樓(11層含以上有電梯),住家用,鋼筋混凝土造,,165.35,3,2,2,有,無,12350000,84167,坡道平面,39.41,1750000,,RPUQMLLLNHNFFBF78CB
新莊區,房地(土地+建物)+車位,光明段991~1020地號,13.0,住,,,1060901,土地1建物1車位1,九層,15,住宅大樓(11層含以上有電梯),住家用,鋼筋混凝土造,,131.59,2,2,1,有,無,9790000,87330,坡道平面,40.67,1850000,,RPVQMLLLNHNFFBF88CB
新莊區,房地(土地+建物)+車位,光明段991~1020地號,17.68,住,,,1060821,土地1建物1車位1,十一層,15,住宅大樓(11層含以上有電梯),住家用,鋼筋混凝土造,,162.01,3,2,2,有,無,13030000,91599,坡道平面,39.41,1800000,,RPWQMLLLNHNFFBF98CB
新莊區,房地(土地+建物)+車位,光明段991~1020地號,18.29,住,,,1060811,土地1建物1車位1,五層,15,住宅大樓(11層含以上有電梯),住家用,鋼筋混凝土造,,165.24,3,2,2,有,無,13150000,90598,坡道平面,39.41,1750000,,RPXQMLLLNHNFFBF09CB
新莊區,房地(土地+建物)+車位,光明段991~1020地號,18.29,住,,,1061020,土地1建物1車位1,十二層,15,住宅大樓(11層含以上有電梯),住家用,鋼筋混凝土造,,166.5,3,2,2,有,無,14370000,99102,坡道平面,40.67,1900000,,RPORMLLLNHNFFBF28CB
新莊區,房地(土地+建物)+車位,光明段991~1020地號,17.68,住,,,1060905,土地1建物1車位1,十二層,15,住宅大樓(11層含以上有電梯),住家用,鋼筋混凝土造,,163.27,3,2,2,有,無,13720000,96411,坡道平面,40.67,1900000,,RPPRMLLLNHNFFBF38CB
新莊區,房地(土地+建物)+車位,光明段991~1020地號,13.0,住,,,1060811,土地1建物1車位1,五層,15,住宅大樓(11層含以上有電梯),住家用,鋼筋混凝土造,,130.33,2,2,1,有,無,9620000,86560,坡道平面,39.41,1750000,,RPQRMLLLNHNFFBF48CB
新莊區,房地(土地+建物)+車位,光明段991~1020地號,13.0,住,,,1060830,土地1建物1車位1,十七層,15,住宅大樓(11層含以上有電梯),住家用,鋼筋混凝土造,,131.59,2,2,1,有,無,10100000,90189,坡道平面,40.67,1900000,,RPRRMLLLNHNFFBF58CB
新莊區,房地(土地+建物)+車位,光明段991~1020地號,13.0,住,,,1060827,土地1建物1車位1,八層,15,住宅大樓(11層含以上有電梯),住家用,鋼筋混凝土造,,129.26,2,2,1,有,無,9640000,86780,坡道平面,38.34,1750000,,RPSRMLLLNHNFFBF68CB
新莊區,房地(土地+建物)+車位,光明段991~1020地號,18.29,住,,,1061110,土地1建物1車位1,四層,15,住宅大樓(11層含以上有電梯),住家用,鋼筋混凝土造,,164.17,3,2,2,有,無,13370000,91949,坡道平面,38.34,1800000,,RPTRMLLLNHNFFBF78CB
新莊區,房地(土地+建物)+車位,光明段991~1020地號,18.29,住,,,1060831,土地1建物1車位1,八層,15,住宅大樓(11層含以上有電梯),住家用,鋼筋混凝土造,,164.28,3,2,2,有,無,12730000,87581,坡道平面,38.34,1700000,,RPURMLLLNHNFFBF88CB
新莊區,房地(土地+建物)+車位,光明段991~1020地號,13.45,住,,,1060831,土地1建物1車位1,八層,15,住宅大樓(11層含以上有電梯),住家用,鋼筋混凝土造,,136.04,2,2,1,有,無,10880000,94484,坡道平面,39.41,1750000,,RPVRMLLLNHNFFBF98CB
新莊區,房地(土地+建物)+車位,光明段991~1020地號,17.68,住,,,1060907,土地1建物1車位1,三層,15,住宅大樓(11層含以上有電梯),住家用,鋼筋混凝土造,,162.01,3,2,2,有,無,13000000,90946,坡道平面,39.41,1850000,,RPXRMLLLNHNFFBF56CB
新莊區,房地(土地+建物)+車位,光明段991~1020地號,17.23,住,,,1060820,土地1建物1車位1,一層,15,住宅大樓(11層含以上有電梯),住家用,鋼筋混凝土造,,150.78,3,2,2,有,無,13140000,101823,坡道平面,39.41,1800000,,RPOSMLLLNHNFFBF38CB
新莊區,房地(土地+建物)+車位,光明段991~1020地號,13.0,住,,,1060814,土地1建物1車位1,十四層,15,住宅大樓(11層含以上有電梯),住家用,鋼筋混凝土造,,130.33,2,2,1,有,無,10000000,90189,坡道平面,39.41,1800000,,RPPSMLLLNHNFFBF48CB
新莊區,房地(土地+建物)+車位,光明段991~1020地號,18.29,住,,,1061219,土地1建物1車位1,十五層,15,住宅大樓(11層含以上有電梯),住家用,鋼筋混凝土造,,165.35,3,2,2,有,無,12960000,88217,坡道平面,39.41,1850000,,RPQSMLLLNHNFFBF58CB
新莊區,房地(土地+建物)+車位,光明段991~1020地號,13.45,住,,,1060813,土地1建物1車位1,七層,15,住宅大樓(11層含以上有電梯),住家用,鋼筋混凝土造,,136.04,2,2,1,有,無,10780000,93449,坡道平面,39.41,1750000,,RPRSMLLLNHNFFBF68CB
新莊區,房地(土地+建物)+車位,光明段991~1020地號,17.68,住,,,1061022,土地1建物1車位1,十層,15,住宅大樓(11層含以上有電梯),住家用,鋼筋混凝土造,,160.94,3,2,2,有,無,13220000,93556,坡道平面,38.34,1750000,,RPSSMLLLNHNFFBF78CB
新莊區,房地(土地+建物)+車位,光明段991~1020地號,13.0,住,,,1060812,土地1建物1車位1,六層,15,住宅大樓(11層含以上有電梯),住家用,鋼筋混凝土造,,130.33,2,2,1,有,無,9730000,87769,坡道平面,39.41,1750000,,RPTSMLLLNHNFFBF88CB
新莊區,房地(土地+建物)+車位,光明段991~1020地號,17.68,住,,,1060821,土地1建物1車位1,七層,15,住宅大樓(11層含以上有電梯),住家用,鋼筋混凝土造,,162.01,3,2,2,有,無,12960000,91436,坡道平面,39.41,1750000,,RPUSMLLLNHNFFBF98CB
新莊區,房地(土地+建物)+車位,光明段991~1020地號,18.29,住,,,1060907,土地1建物1車位1,三層,15,住宅大樓(11層含以上有電梯),住家用,鋼筋混凝土造,,165.24,3,2,2,有,無,14000000,96559,坡道平面,39.41,1850000,,RPXSMLLLNHNFFBF66CB
新莊區,房地(土地+建物)+車位,光明段991~1020地號,17.68,住,,,1060905,土地1建物1車位1,五層,15,住宅大樓(11層含以上有電梯),住家用,鋼筋混凝土造,,160.94,3,2,2,有,無,12480000,87928,坡道平面,38.34,1700000,,RPOTMLLLNHNFFBF48CB
新莊區,房地(土地+建物)+車位,光明段991~1020地號,18.29,住,,,1061110,土地1建物1車位1,十一層,15,住宅大樓(11層含以上有電梯),住家用,鋼筋混凝土造,,166.61,3,2,2,有,無,12880000,87978,坡道平面,40.67,1800000,,RPPTMLLLNHNFFBF58CB
新莊區,房地(土地+建物)+車位,光明段991~1020地號,13.45,住,,,1061117,土地1建物1車位1,六層,15,住宅大樓(11層含以上有電梯),住家用,鋼筋混凝土造,,136.04,2,2,1,有,無,10980000,93967,坡道平面,39.41,1900000,,RPQTMLLLNHNFFBF68CB
新莊區,房地(土地+建物)+車位,光明段991~1020地號,13.0,住,,,1060821,土地1建物1車位1,七層,15,住宅大樓(11層含以上有電梯),住家用,鋼筋混凝土造,,129.26,2,2,1,有,無,9580000,86120,坡道平面,38.34,1750000,,RPRTMLLLNHNFFBF78CB
新莊區,房地(土地+建物)+車位,光明段991~1020地號,18.29,住,,,1060823,土地1建物1車位1,二層,15,住宅大樓(11層含以上有電梯),住家用,鋼筋混凝土造,,165.35,3,2,2,有,無,12250000,82976,坡道平面,39.41,1800000,,RPSTMLLLNHNFFBF88CB
新莊區,房地(土地+建物)+車位,光明段991~1020地號,18.29,住,,,1060823,土地1建物1車位1,十二層,15,住宅大樓(11層含以上有電梯),住家用,鋼筋混凝土造,,165.35,3,2,2,有,無,12900000,88534,坡道平面,39.41,1750000,,RPTTMLLLNHNFFBF98CB
新莊區,房地(土地+建物)+車位,光明段991~1020地號,17.68,住,,,1060815,土地1建物1車位1,六層,15,住宅大樓(11層含以上有電梯),住家用,鋼筋混凝土造,,163.27,3,2,2,有,無,13100000,92170,坡道平面,40.67,1800000,,RPUTMLLLNHNFFBF09CB
新莊區,房地(土地+建物)+車位,光明段991~1020地號,18.29,住,,,1060826,土地1建物1車位1,六層,15,住宅大樓(11層含以上有電梯),住家用,鋼筋混凝土造,,165.35,3,2,2,有,無,12600000,86152,坡道平面,39.41,1750000,,RPVTMLLLNHNFFBF56CB
新莊區,房地(土地+建物)+車位,光明段991~1020地號,13.0,住,,,1060814,土地1建物1車位1,九層,15,住宅大樓(11層含以上有電梯),住家用,鋼筋混凝土造,,130.33,2,2,1,有,無,9850000,89089,坡道平面,39.41,1750000,,RPWTMLLLNHNFFBF66CB
新莊區,房地(土地+建物)+車位,光明段991~1020地號,18.29,住,,,1060915,土地1建物1車位1,三層,15,住宅大樓(11層含以上有電梯),住家用,鋼筋混凝土造,,165.35,3,2,2,有,無,12300000,83373,坡道平面,39.41,1800000,,RPXTMLLLNHNFFBF76CB
新莊區,房地(土地+建物)+車位,光明段991~1020地號,13.0,住,,,1060831,土地1建物1車位1,七層,15,住宅大樓(11層含以上有電梯),住家用,鋼筋混凝土造,,130.33,2,2,1,有,無,9900000,89639,坡道平面,39.41,1750000,,RPOUMLLLNHNFFBF58CB
新莊區,房地(土地+建物)+車位,光明段991~1020地號,18.29,住,,,1060817,土地1建物1車位1,七層,15,住宅大樓(11層含以上有電梯),住家用,鋼筋混凝土造,,165.35,3,2,2,有,無,12680000,85993,坡道平面,39.41,1850000,,RPRUMLLLNHNFFBF88CB
新莊區,房地(土地+建物)+車位,光明段991~1020地號,17.68,住,,,1061125,土地1建物1車位1,十三層,15,住宅大樓(11層含以上有電梯),住家用,鋼筋混凝土造,,162.01,3,2,2,有,無,13480000,95269,坡道平面,39.41,1800000,,RPSUMLLLNHNFFBF98CB
新莊區,房地(土地+建物)+車位,光明段991~1020地號,17.68,住,,,1060813,土地1建物1車位1,八層,15,住宅大樓(11層含以上有電梯),住家用,鋼筋混凝土造,,162.01,3,2,2,有,無,13300000,93393,坡道平面,39.41,1850000,,RPTUMLLLNHNFFBF09CB
新莊區,房地(土地+建物)+車位,光明段991~1020地號,18.29,住,,,1060820,土地1建物1車位1,十層,15,住宅大樓(11層含以上有電梯),住家用,鋼筋混凝土造,,165.35,3,2,2,有,無,13080000,89169,坡道平面,39.41,1850000,,RPUUMLLLNHNFFBF56CB
新莊區,房地(土地+建物)+車位,光明段991~1020地號,13.0,住,,,1060820,土地1建物1車位1,十二層,15,住宅大樓(11層含以上有電梯),住家用,鋼筋混凝土造,,130.33,2,2,1,有,無,10000000,90189,坡道平面,39.41,1800000,,RPVUMLLLNHNFFBF66CB
新莊區,房地(土地+建物)+車位,光明段991~1020地號,18.29,住,,,1060813,土地1建物1車位1,九層,15,住宅大樓(11層含以上有電梯),住家用,鋼筋混凝土造,,165.24,3,2,2,有,無,13730000,95208,坡道平面,39.41,1750000,,RPXUMLLLNHNFFBF86CB
新莊區,房地(土地+建物)+車位,光明段991~1020地號,18.29,住,,,1061026,土地1建物1車位1,九層,15,住宅大樓(11層含以上有電梯),住家用,鋼筋混凝土造,,165.35,3,2,2,有,無,12900000,87740,坡道平面,39.41,1850000,,RPOVMLLLNHNFFBF68CB
新莊區,房地(土地+建物)+車位,光明段991~1020地號,18.29,住,,,1060807,土地1建物1車位1,六層,15,住宅大樓(11層含以上有電梯),住家用,鋼筋混凝土造,,165.24,3,2,2,有,無,13550000,93380,坡道平面,39.41,1800000,,RPPVMLLLNHNFFBF78CB
新莊區,房地(土地+建物)+車位,光明段991~1020地號,18.44,住,,,1060813,土地1建物1車位2,八層,15,住宅大樓(11層含以上有電梯),住家用,鋼筋混凝土造,,204.65,3,2,2,有,無,15450000,93380,坡道平面,78.82,3700000,,RPQVMLLLNHNFFBF88CB
新莊區,房地(土地+建物)+車位,光明段991~1020地號,18.29,住,,,1061014,土地1建物1車位1,十層,15,住宅大樓(11層含以上有電梯),住家用,鋼筋混凝土造,,165.24,3,2,2,有,無,14380000,99976,坡道平面,39.41,1800000,,RPRVMLLLNHNFFBF98CB
新莊區,房地(土地+建物)+車位,光明段991~1020地號,13.15,住,,,1060811,土地1建物1車位1,一層,15,住宅大樓(11層含以上有電梯),商業用,鋼筋混凝土造,,124.82,1,1,1,無,無,12900000,129961,坡道平面,39.41,1800000,,RPSVMLLLNHNFFBF09CB
新莊區,房地(土地+建物)+車位,光明段991~1020地號,18.29,住,,,1061110,土地1建物1車位1,十四層,15,住宅大樓(11層含以上有電梯),住家用,鋼筋混凝土造,,164.28,3,2,2,有,無,12950000,88534,坡道平面,38.34,1800000,,RPTVMLLLNHNFFBF56CB
新莊區,房地(土地+建物)+車位,光明段991~1020地號,13.0,住,,,1060928,土地1建物1車位1,十二層,15,住宅大樓(11層含以上有電梯),住家用,鋼筋混凝土造,,130.33,2,2,1,有,無,10050000,90739,坡道平面,39.41,1800000,,RPUVMLLLNHNFFBF66CB
新莊區,房地(土地+建物)+車位,光明段991~1020地號,17.68,住,,,1060813,土地1建物1車位1,四層,15,住宅大樓(11層含以上有電梯),住家用,鋼筋混凝土造,,162.01,3,2,2,有,無,12280000,85889,坡道平面,39.41,1750000,,RPWVMLLLNHNFFBF86CB
新莊區,房地(土地+建物)+車位,光明段991~1020地號,17.68,住,,,1070101,土地1建物1車位1,十五層,15,住宅大樓(11層含以上有電梯),住家用,鋼筋混凝土造,,162.01,3,2,2,有,無,13370000,94372,坡道平面,39.41,1800000,,RPSWMLLLNHNFFBF56CB
新莊區,房地(土地+建物)+車位,光明段991~1020地號,13.45,住,,,1060916,土地1建物1車位1,九層,15,住宅大樓(11層含以上有電梯),住家用,鋼筋混凝土造,,136.04,2,2,1,有,無,11050000,95209,坡道平面,39.41,1850000,,RPTWMLLLNHNFFBF66CB
新莊區,房地(土地+建物)+車位,光明段991~1020地號,13.15,住,,,1061006,土地1建物1車位2,十層,15,住宅大樓(11層含以上有電梯),住家用,鋼筋混凝土造,,171.0,2,2,1,有,無,11760000,88099,坡道平面,80.08,3750000,,RPWWMLLLNHNFFBF96CB
新莊區,房地(土地+建物)+車位,光明段991~1020地號,17.68,住,,,1060821,土地1建物1車位1,十四層,15,住宅大樓(11層含以上有電梯),住家用,鋼筋混凝土造,,162.01,3,2,2,有,無,13100000,92577,坡道平面,39.41,1750000,,RPRNNLLLNHNFFBF28CB
新莊區,房地(土地+建物)+車位,光明段991~1020地號,13.0,住,,,1061005,土地1建物1車位1,八層,15,住宅大樓(11層含以上有電梯),住家用,鋼筋混凝土造,,130.33,2,2,1,有,無,10080000,91069,坡道平面,39.41,1800000,,RPSNNLLLNHNFFBF38CB
新莊區,房地(土地+建物)+車位,光明段991~1020地號,13.0,住,,,1060905,土地1建物1車位1,六層,15,住宅大樓(11層含以上有電梯),住家用,鋼筋混凝土造,,130.33,2,2,1,有,無,9900000,89089,坡道平面,39.41,1800000,,RPTNNLLLNHNFFBF48CB
新莊區,房地(土地+建物),光明段991~1020地號,12.85,住,,,1060813,土地1建物1車位0,十三層,15,住宅大樓(11層含以上有電梯),住家用,鋼筋混凝土造,,90.92,2,2,1,有,無,8580000,94369,,0.0,0,,RPPONLLLNHNFFBF18CB
新莊區,房地(土地+建物),光明段991~1020地號,11.34,住,,,1060918,土地1建物1車位0,十一層,15,住宅大樓(11層含以上有電梯),住家用,鋼筋混凝土造,,77.97,2,2,1,有,無,7440000,95421,,0.0,0,,RPQONLLLNHNFFBF28CB
新莊區,房地(土地+建物),光明段991~1020地號,11.34,住,,,1060820,土地1建物1車位0,四層,15,住宅大樓(11層含以上有電梯),住家用,鋼筋混凝土造,,77.97,2,2,1,有,無,6920000,88752,,0.0,0,,RPRONLLLNHNFFBF38CB
新莊區,房地(土地+建物),光明段991~1020地號,11.34,住,,,1060826,土地1建物1車位0,十層,15,住宅大樓(11層含以上有電梯),住家用,鋼筋混凝土造,,77.97,2,2,1,有,無,7550000,96832,,0.0,0,,RPSONLLLNHNFFBF48CB
新莊區,房地(土地+建物),光明段991~1020地號,12.85,住,,,1060814,土地1建物1車位0,五層,15,住宅大樓(11層含以上有電梯),住家用,鋼筋混凝土造,,90.92,2,2,1,有,無,8080000,88869,,0.0,0,,RPTONLLLNHNFFBF58CB
新莊區,房地(土地+建物),光明段991~1020地號,12.85,住,,,1060928,土地1建物1車位0,十五層,15,住宅大樓(11層含以上有電梯),住家用,鋼筋混凝土造,,90.92,2,2,1,有,無,8600000,94589,,0.0,0,,RPUONLLLNHNFFBF68CB
新莊區,房地(土地+建物),光明段991~1020地號,12.54,住,,,1060820,土地1建物1車位0,一層,15,住宅大樓(11層含以上有電梯),住家用,鋼筋混凝土造,,82.16,2,2,1,有,無,8080000,98345,,0.0,0,,RPVONLLLNHNFFBF78CB
新莊區,房地(土地+建物),光明段991~1020地號,11.34,住,,,1060810,土地1建物1車位0,七層,15,住宅大樓(11層含以上有電梯),住家用,鋼筋混凝土造,,77.97,2,2,1,有,無,7400000,94908,,0.0,0,,RPXONLLLNHNFFBF98CB
新莊區,房地(土地+建物),光明段991~1020地號,11.34,住,,,1060906,土地1建物1車位0,十四層,15,住宅大樓(11層含以上有電梯),住家用,鋼筋混凝土造,,77.97,2,2,1,有,無,7600000,97473,,0.0,0,,RPOPNLLLNHNFFBF18CB
新莊區,房地(土地+建物),光明段991~1020地號,11.34,住,,,1060922,土地1建物1車位0,十五層,15,住宅大樓(11層含以上有電梯),住家用,鋼筋混凝土造,,77.97,2,2,1,有,無,7500000,96191,,0.0,0,,RPPPNLLLNHNFFBF28CB
新莊區,房地(土地+建物),光明段991~1020地號,12.85,住,,,1060923,土地1建物1車位0,三層,15,住宅大樓(11層含以上有電梯),住家用,鋼筋混凝土造,,90.92,2,2,1,有,無,8280000,91069,,0.0,0,,RPSPNLLLNHNFFBF58CB
新莊區,房地(土地+建物)+車位,光明段991~1020地號,18.29,住,,,1060821,土地1建物1車位1,四層,15,住宅大樓(11層含以上有電梯),住家用,鋼筋混凝土造,,164.28,3,2,2,有,無,12500000,85358,坡道平面,38.34,1750000,,RPTPNLLLNHNFFBF68CB
新莊區,房地(土地+建物),光明段991~1020地號,13.3,住,,,1061005,土地1建物1車位0,三層,15,住宅大樓(11層含以上有電梯),住家用,鋼筋混凝土造,,96.63,2,2,1,有,無,9050000,93656,,0.0,0,,RPUPNLLLNHNFFBF78CB
新莊區,房地(土地+建物),光明段991~1020地號,13.3,住,,,1060819,土地1建物1車位0,四層,15,住宅大樓(11層含以上有電梯),住家用,鋼筋混凝土造,,96.63,2,2,1,有,無,8860000,91690,,0.0,0,,RPVPNLLLNHNFFBF88CB
新莊區,房地(土地+建物),光明段991~1020地號,12.85,住,,,1060909,土地1建物1車位0,三層,15,住宅大樓(11層含以上有電梯),住家用,鋼筋混凝土造,,90.92,2,2,1,有,無,8150000,89639,,0.0,0,,RPWPNLLLNHNFFBF98CB
新莊區,房地(土地+建物),光明段991~1020地號,12.85,住,,,1060814,土地1建物1車位0,四層,15,住宅大樓(11層含以上有電梯),住家用,鋼筋混凝土造,,90.92,2,2,1,有,無,7980000,87769,,0.0,0,,RPXPNLLLNHNFFBF09CB
新莊區,房地(土地+建物),光明段991~1020地號,12.85,住,,,1060902,土地1建物1車位0,五層,15,住宅大樓(11層含以上有電梯),住家用,鋼筋混凝土造,,90.92,2,2,1,有,無,8200000,90189,,0.0,0,,RPOQNLLLNHNFFBF28CB
新莊區,房地(土地+建物)+車位,光明段991~1020地號,13.0,住,,,1060819,土地1建物1車位1,十一層,15,住宅大樓(11層含以上有電梯),住家用,鋼筋混凝土造,,129.26,2,2,1,有,無,9850000,89639,坡道平面,38.34,1700000,,RPPQNLLLNHNFFBF38CB
新莊區,房地(土地+建物),光明段991~1020地號,11.34,住,,,1060826,土地1建物1車位0,十三層,15,住宅大樓(11層含以上有電梯),住家用,鋼筋混凝土造,,77.97,2,2,1,有,無,7530000,96576,,0.0,0,,RPQQNLLLNHNFFBF48CB
新莊區,房地(土地+建物),光明段991~1020地號,18.14,住,,,1061006,土地1建物1車位0,十三層,15,住宅大樓(11層含以上有電梯),住家用,鋼筋混凝土造,,125.94,3,2,2,有,無,11430000,90758,,0.0,0,,RPRQNLLLNHNFFBF58CB
新莊區,房地(土地+建物),光明段991~1020地號,11.34,住,,,1060911,土地1建物1車位0,六層,15,住宅大樓(11層含以上有電梯),住家用,鋼筋混凝土造,,77.97,2,2,1,有,無,7500000,96191,,0.0,0,,RPSQNLLLNHNFFBF68CB
新莊區,房地(土地+建物)+車位,光明段991~1020地號,13.0,住,,,1060930,土地1建物1車位1,二層,15,住宅大樓(11層含以上有電梯),住家用,鋼筋混凝土造,,130.33,2,2,1,有,無,9550000,85240,坡道平面,39.41,1800000,,RPTQNLLLNHNFFBF78CB
新莊區,房地(土地+建物),光明段991~1020地號,12.85,住,,,1060821,土地1建物1車位0,四層,15,住宅大樓(11層含以上有電梯),住家用,鋼筋混凝土造,,90.92,2,2,1,有,無,8180000,89969,,0.0,0,,RPUQNLLLNHNFFBF88CB
新莊區,房地(土地+建物),光明段991~1020地號,11.34,住,,,1060812,土地1建物1車位0,五層,15,住宅大樓(11層含以上有電梯),住家用,鋼筋混凝土造,,77.97,2,2,1,有,無,7160000,91830,,0.0,0,,RPWQNLLLNHNFFBF09CB
新莊區,房地(土地+建物),光明段991~1020地號,11.34,住,,,1060811,土地1建物1車位0,三層,15,住宅大樓(11層含以上有電梯),住家用,鋼筋混凝土造,,77.97,2,2,1,有,無,7030000,90163,,0.0,0,,RPXQNLLLNHNFFBF56CB
新莊區,房地(土地+建物),光明段991~1020地號,11.34,住,,,1060811,土地1建物1車位0,二層,15,住宅大樓(11層含以上有電梯),住家用,鋼筋混凝土造,,77.97,2,2,1,有,無,7000000,89778,,0.0,0,,RPORNLLLNHNFFBF38CB
新莊區,房地(土地+建物),光明段991~1020地號,11.34,住,,,1060817,土地1建物1車位0,八層,15,住宅大樓(11層含以上有電梯),住家用,鋼筋混凝土造,,77.97,2,2,1,有,無,7500000,96191,,0.0,0,,RPPRNLLLNHNFFBF48CB
新莊區,房地(土地+建物),光明段991~1020地號,11.34,住,,,1060811,土地1建物1車位0,九層,15,住宅大樓(11層含以上有電梯),住家用,鋼筋混凝土造,,77.97,2,2,1,有,無,7430000,95293,,0.0,0,,RPQRNLLLNHNFFBF58CB
新莊區,房地(土地+建物)+車位,光明段991~1020地號,13.45,住,,,1070125,土地1建物1車位1,十二層,15,住宅大樓(11層含以上有電梯),住家用,鋼筋混凝土造,,134.97,2,2,1,有,無,10980000,96036,坡道平面,38.34,1700000,,RPRSNLLLNHNFFBF78CB
新莊區,房地(土地+建物)+車位,光明段991~1020地號,18.29,住,,,1061126,土地1建物1車位1,十四層,15,住宅大樓(11層含以上有電梯),住家用,鋼筋混凝土造,,165.24,3,2,2,有,無,14100000,97354,坡道平面,39.41,1850000,,RPSSNLLLNHNFFBF88CB
新莊區,房地(土地+建物)+車位,光明段991~1020地號,13.45,住,,,1061022,土地1建物1車位1,二層,15,住宅大樓(11層含以上有電梯),住家用,鋼筋混凝土造,,137.3,2,2,1,有,無,10600000,90552,坡道平面,40.67,1850000,,RPTSNLLLNHNFFBF98CB
新莊區,房地(土地+建物)+車位,光明段991~1020地號,18.29,住,,,1061210,土地1建物1車位1,十三層,15,住宅大樓(11層含以上有電梯),住家用,鋼筋混凝土造,,165.24,3,2,2,有,無,14250000,98148,坡道平面,39.41,1900000,,RPUSNLLLNHNFFBF09CB
新莊區,房地(土地+建物)+車位,光明段991~1020地號,13.45,住,,,1060916,土地1建物1車位1,十一層,15,住宅大樓(11層含以上有電梯),住家用,鋼筋混凝土造,,136.04,2,2,1,有,無,11200000,97278,坡道平面,39.41,1800000,,RPVSNLLLNHNFFBF56CB
新莊區,房地(土地+建物)+車位,光明段991~1020地號,13.45,住,,,1070114,土地1建物1車位1,十四層,15,住宅大樓(11層含以上有電梯),住家用,鋼筋混凝土造,,136.04,2,2,1,有,無,11200000,97796,坡道平面,39.41,1750000,,RPWSNLLLNHNFFBF66CB
新莊區,房地(土地+建物)+車位,光明段991~1020地號,13.45,住,,,1060920,土地1建物1車位1,五層,15,住宅大樓(11層含以上有電梯),住家用,鋼筋混凝土造,,136.04,2,2,1,有,無,10590000,90966,坡道平面,39.41,1800000,,RPXSNLLLNHNFFBF76CB
新莊區,房地(土地+建物)+車位,光明段991~1020地號,13.45,住,,,1070114,土地1建物1車位1,十三層,15,住宅大樓(11層含以上有電梯),住家用,鋼筋混凝土造,,136.04,2,2,1,有,無,11200000,97796,坡道平面,39.41,1750000,,RPOTNLLLNHNFFBF58CB
林口區,房地(土地+建物)+車位,力行段1141~1170地號,36.76,住,,,1050509,土地1建物1車位2,三層,21,住宅大樓(11層含以上有電梯),住家用,鋼筋混凝土造,,317.95,4,2,3,有,無,42000000,143673,坡道平面,53.46,4000000,包含未登記露台15.90坪,RPOQMLMLNHNFFBF38DB
林口區,房地(土地+建物)+車位,力行段1141~1170地號,30.32,住,,,1030915,土地1建物1車位2,三層,21,住宅大樓(11層含以上有電梯),住家用,鋼筋混凝土造,,269.63,3,2,2,有,無,38100000,157746,坡道平面,53.46,4000000,包含未登記露台62.28坪,RPPQMLMLNHNFFBF48DB
林口區,房地(土地+建物)+車位,力行段1141~1170地號,61.26,住,,,1030222,土地1建物1車位5,十九層,21,住宅大樓(11層含以上有電梯),住家用,鋼筋混凝土造,,580.4,5,2,5,有,無,73000000,143816,坡道平面,133.65,8750000,包含未登記露台7.26坪,RPQQMLMLNHNFFBF58DB
林口區,房地(土地+建物)+車位,力行段1141~1170地號,28.18,住,,,1030307,土地1建物1車位2,十五層,21,住宅大樓(11層含以上有電梯),住家用,鋼筋混凝土造,,247.38,3,2,2,有,無,31560000,139488,坡道平面,45.14,3350000,包含未登記露台2.98坪,RPSQMLMLNHNFFBF78DB
林口區,房地(土地+建物),力行段1231~1260地號,47.97,住,,,1050429,土地1建物1車位0,一層,14,店面(店鋪),商業用,鋼筋混凝土造,,144.24,1,0,1,有,無,23560000,163339,,0.0,0,,RPQSMLNLNHNFFBF88DB
五股區,房地(土地+建物)+車位,芳洲段121~150地號,23.06,商,,,1021125,土地1建物1車位2,一層,15,住宅大樓(11層含以上有電梯),住家用,鋼筋混凝土造,,166.93,4,2,2,有,無,19270000,129483,坡道平面,40.89,2950000,,RPWSMLOLNHNFFBF86CB
五股區,房地(土地+建物)+車位,芳洲段121~150地號,15.2,商,,,1021027,土地1建物1車位1,一層,15,住宅大樓(11層含以上有電梯),住家用,鋼筋混凝土造,,113.82,2,2,1,有,無,12370000,115879,坡道機械,15.7,1000000,,RPOTMLOLNHNFFBF78CB
五股區,房地(土地+建物)+車位,芳洲段121~150地號,17.3,商,,,1021017,土地1建物1車位1,一層,15,住宅大樓(11層含以上有電梯),住家用,鋼筋混凝土造,,128.12,2,2,1,有,無,14440000,124259,坡道平面,25.19,1650000,,RPPTMLOLNHNFFBF88CB
五股區,房地(土地+建物)+車位,芳洲段121~150地號,23.59,商,,,1011005,土地1建物1車位1,一層,15,住宅大樓(11層含以上有電梯),住家用,鋼筋混凝土造,,172.23,0,0,1,有,無,24300000,151999,坡道平面,25.19,1950000,,RPRTMLOLNHNFFBF09CB
五股區,房地(土地+建物)+車位,芳洲段121~150地號,33.02,商,,,1020629,土地1建物1車位1,一層,15,住宅大樓(11層含以上有電梯),住家用,鋼筋混凝土造,,248.56,0,0,1,有,無,43200000,185119,坡道平面,25.19,1850000,,RPSTMLOLNHNFFBF56CB
五股區,房地(土地+建物)+車位,芳洲段121~150地號,16.25,商,,,1020914,土地1建物1車位1,一層,15,住宅大樓(11層含以上有電梯),住家用,鋼筋混凝土造,,117.57,2,2,1,有,無,13730000,129682,坡道平面,25.19,1750000,,RPTTMLOLNHNFFBF66CB
五股區,房地(土地+建物)+車位,芳洲段121~150地號,33.02,商,,,1011210,土地1建物1車位1,一層,15,住宅大樓(11層含以上有電梯),住家用,鋼筋混凝土造,,248.69,0,0,1,有,無,42000000,179642,坡道平面,25.19,1850000,,RPUTMLOLNHNFFBF76CB
淡水區,房地(土地+建物)+車位,淡海段31~60地號,60.55,住,,,1031214,土地1建物1車位1,一層,15,住宅大樓(11層含以上有電梯),住家用,鋼筋混凝土造,,57.92,2,1,1,有,無,7130000,122514,坡道平面,11.15,1400000,,RPQSMLSLNHNFFEF96CB
淡水區,房地(土地+建物)+車位,淡海段31~60地號,58.3,住,,,1020402,土地1建物1車位1,一層,15,住宅大樓(11層含以上有電梯),住家用,鋼筋混凝土造,,92.37,2,1,1,有,無,7180000,71165,坡道平面,11.15,1400000,,RPUSMLSLNHNFFEF37CB
板橋區,房地(土地+建物)+車位,大豐段1~30地號,27.89,住,,,1061223,土地1建物1車位1,十五層,15,住宅大樓(11層含以上有電梯),住家用,鋼筋混凝土造,,149.74,3,1,2,有,無,14700000,98170,坡道平面,20.83,0,,RPXTMLKMNHNFFAF86EB
