﻿鄉鎮市區,交易標的,土地區段位置/建物區段門牌,土地面積(平方公尺),都市土地使用分區,非都市土地使用分區,非都市土地使用編定,租賃年月日,租賃筆棟數,租賃層次,總樓層數,建物型態,主要用途,主要建材,建築完成年月,建物總面積(平方公尺),建物現況格局-房,建物現況格局-廳,建物現況格局-衛,建物現況格局-隔間,有無管理組織,有無附傢俱,總額(元),單價(元/平方公尺),車位類別,車位面積(平方公尺),車位總額(元),備註,編號
The villages and towns urban district,transaction sign,land sector position/building sector house number plate,land shifting total area (square meter),the use zoning or compiles and checks,the non-metropolis land use district,non-metropolis land use,transaction year, month and day,transaction pen number,shifting level,total floor number,building state,main use,main building materials,construction to complete the years,building shifting total area,Building present situation pattern - room,building present situation pattern - hall,building present situation pattern - health,building present situation pattern - compartmented,Whether there is manages the organization,Whether there is attaches the furniture,total price (Yuan),the unit price (a Yuan/square meter),the berth category,berth shifting total area (square meter),the berth total price (Yuan),the note,serial number
五股區,建物,新北市五股區芳洲二路121~150號,0.0,住,,,1070427,土地0建物1車位1,五層,13,住宅大樓(11層含以上有電梯),見其他登記事項,鋼筋混凝土造,1050616,177.0,3,2,2,有,有,無,25000,141,坡道平面,0.0,0,,RPRNMLLLNHNFFBF28CC
新莊區,房地(土地+建物),新北市新莊區建國二路31~60號,297.26,工,,,1070521,土地1建物1車位0,一層,3,工廠,見其他登記事項,鋼筋混凝土造,0741125,194.3,0,0,0,無,無,無,45000,,,0.0,0,,RPXNMLLLNHNFFBF88CC
板橋區,建物,新北市板橋區金門街61~90號,0.0,住,,,1070508,土地0建物1車位1,六層,12,住宅大樓(11層含以上有電梯),住家用,鋼筋混凝土造,1000810,181.8,3,2,2,有,有,有,27000,149,坡道平面,44.69,0,租金含管理費,RPPNMLLLNHNFFAF97CC
板橋區,建物,新北市板橋區金華街75巷23弄1~30號,0.0,住,,,1070428,土地0建物1車位0,一層,5,公寓(5樓含以下無電梯),住家用,鋼筋混凝土造,0730625,97.06,3,2,2,有,無,無,30000,309,,0.0,0,,RPQNMLLLNHNFFAF08CC
新店區,建物,新北市新店區環河路1~30號,0.0,住,,,1070507,土地0建物1車位1,八層,12,住宅大樓(11層含以上有電梯),住家用,鋼筋混凝土造,1021009,101.61,2,1,1,有,有,有,31000,305,升降機械,12.63,0,租金含管理費,RPRNMLLLNHNFFCF38CC
淡水區,房地(土地+建物),新北市淡水區淡金路一段571~600號,17.21,住,,,1070513,土地1建物1車位0,三層,15,住宅大樓(11層含以上有電梯),住家用,鋼筋混凝土造,1041001,91.66,2,1,1,有,有,有,16000,175,,0.0,0,,RPPNMLLLNHNFFEF38CC
中和區,建物,新北市中和區中山路二段421~450號,0.0,工,,,1070509,土地0建物2車位0,三層,9,廠辦,工業用,鋼筋混凝土造,0850306,554.9399999999999,0,0,0,無,有,無,100000,180,,0.0,0,,RPSOMLLLNHNFFHF09CC
永和區,建物,新北市永和區永貞路391~420號,0.0,住,,,1070421,土地0建物1車位0,四層,13,住宅大樓(11層含以上有電梯),住家用,鋼筋混凝土造,0880507,156.26,3,2,2,有,有,無,44273,283,,0.0,0,,RPWOMLLLNHNFFHF86CC
中和區,房地(土地+建物)+車位,新北市中和區中山路二段327巷11弄1~30號,0.0,工,,,1070504,土地1建物1車位1,四層,5,廠辦,工業用,鋼筋混凝土造,0780404,366.36,0,0,0,無,有,有,63425,173,坡道平面,0.0,0,免費供應設備：冷氣兩台、電熱水器一台。,RPUPMLLLNHNFFHF76CC
中和區,建物,新北市中和區連城路569巷9弄31~60號,0.0,住,,,1070503,土地0建物1車位0,五層,5,公寓(5樓含以下無電梯),住家用,鋼筋混凝土造,0730702,80.66,2,1,1,有,無,有,16200,201,,0.0,0,,RPVPMLLLNHNFFHF86CC
汐止區,建物,新北市汐止區樟樹一路129巷1~30號,0.0,住,,,1070511,土地0建物1車位0,一層,5,公寓(5樓含以下無電梯),住家用,鋼筋混凝土造,0741108,93.78,3,2,1,有,無,無,15000,160,,0.0,0,,RPUOMLLLNHNFFDF88CC
三重區,建物,新北市三重區重新路四段85巷1~30號,0.0,住,,,1070516,土地0建物1車位0,五層,5,公寓(5樓含以下無電梯),住家用,鋼筋混凝土造,0700703,84.0,3,1,1,有,無,有,25000,298,,0.0,0,,RPROMLLLNHNFFGF88CC
三重區,建物,新北市三重區中央南路61~90號,0.0,住,,,1070402,土地0建物1車位0,一層,7,店面(店鋪),商業用,鋼筋混凝土造,0810106,141.38,1,2,1,有,有,無,40000,283,,0.0,0,,RPVOMLLLNHNFFGF66CC
三重區,建物,新北市三重區重新路四段211~240號,0.0,商,,,1070521,土地0建物1車位0,一層,14,店面(店鋪),商業用,鋼筋混凝土造,0990326,249.82999999999998,0,0,0,無,有,有,70000,280,,0.0,0,,RPQPMLLLNHNFFGF88CC
三重區,建物,新北市三重區三和路四段91~120號,0.0,工,,,1070502,土地0建物2車位0,二層,10,工廠,見其他登記事項,鋼筋混凝土造,0800507,326.19,0,0,0,無,無,有,77500,,,0.0,0,,RPTPMLLLNHNFFGF56CC
三重區,建物,新北市三重區光復路一段61巷1~30號,0.0,工,,,1070418,土地0建物2車位0,六層,15,廠辦,見其他登記事項,見其他登記事項,1020812,1689.5700000000002,0,0,0,無,有,無,408880,242,,0.0,0,,RPXQMLLLNHNFFGF07CC
三峽區,房地(土地+建物)+車位,新北市三峽區學成路331~360號,11.62,商,,,1070428,土地1建物1車位1,三層,28,住宅大樓(11層含以上有電梯),見其他登記事項,鋼筋混凝土造,1010724,141.42,4,2,2,有,有,無,20000,141,坡道平面,34.77,0,,RPTOMLLLNHNFFIF66CC
三重區,建物,新北市三重區文化北路224巷1~30號,0.0,住,,,1070410,土地0建物1車位0,三層,4,店面(店鋪),住家用,加強磚造,,101.04,0,0,0,無,無,無,35000,346,,0.0,0,含未登記建物,RPQOMLLLNHNFFGF88DC
板橋區,土地,忠孝段1381~1410地號,43.0,住,,,1070416,土地1建物0車位0,,,其他,,,,0.0,0,0,0,有,無,有,30000,698,,0.0,0,"含未辦理保存登記建物,租賃層次1-2樓,撤銷原申報書序號C1FA10704170049",RPXOMLMLNHNFFAF56EC
土城區,建物,新北市土城區明德路二段31~60號,0.0,住,,,1070328,土地0建物1車位0,三層,21,辦公商業大樓,見其他登記事項,見其他登記事項,0870221,203.62,0,0,0,無,無,無,35000,172,,0.0,0,,RPWQMLMLNHNFFAF66EC
三峽區,房地(土地+建物),新北市三峽區中華路48巷1~30號,31.87,住,,,1070424,土地1建物1車位0,一層,5,公寓(5樓含以下無電梯),住家用,鋼筋混凝土造,,87.94,2,2,1,有,無,無,15000,171,,0.0,0,,RPXNMLMLNHNFFIF07CC
蘆洲區,建物,新北市蘆洲區長樂路91~120號,0.0,住,,,1070513,土地0建物1車位1,六層,8,華廈(10層含以下有電梯),住家用,鋼筋混凝土造,0950427,200.0,3,2,2,有,有,有,33660,168,坡道平面,35.17,0,租賃期間含免租裝潢期一個月,RPWNMLMLNHNFFGF76CC
蘆洲區,建物,新北市蘆洲區長榮路691~720號,0.0,住,,,1070509,土地0建物0車位0,一層,4,店面(店鋪),住家用,鋼筋混凝土造,0971014,122.04,0,1,1,有,無,無,51000,418,,0.0,0,,RPWPMLMLNHNFFGF96CC
汐止區,建物,新北市汐止區大同路二段184巷1~30號,0.0,住,,,1070520,土地0建物1車位0,十五層,22,住宅大樓(11層含以上有電梯),住家用,鋼筋混凝土造,0870903,90.82,1,2,1,有,有,有,21000,231,,0.0,0,,RPSNMLMLNHNFFDF68CC
汐止區,建物,新北市汐止區大同路二段187巷6弄1~30號,0.0,住,,,1070520,土地0建物1車位0,二層,5,套房(1房1廳1衛),住家用,鋼筋混凝土造,1050122,46.38,1,0,1,有,無,無,12500,270,,0.0,0,僅承租2樓面積之1/2,RPWNMLMLNHNFFDF09CC
汐止區,建物,新北市汐止區中興路110巷8弄1~30號,0.0,住,,,1070515,土地0建物1車位1,六層,7,華廈(10層含以下有電梯),住家用,鋼筋混凝土造,0850625,157.68,3,2,2,有,有,有,23000,146,坡道平面,0.0,0,,RPQOMLMLNHNFFDF58CC
中和區,建物,新北市中和區中山路二段1~30號,0.0,商,,,1070514,土地0建物1車位0,四層,4,公寓(5樓含以下無電梯),住家用,鋼筋混凝土造,0620322,85.32,2,2,1,有,無,有,17000,199,,0.0,0,,RPTNMLMLNHNFFHF56CC
永和區,建物,新北市永和區中正路481~510號,0.0,商,,,1070422,土地0建物1車位0,二層,4,公寓(5樓含以下無電梯),住商用,鋼筋混凝土造,0680327,60.42,0,0,0,無,無,有,15000,248,,0.0,0,,RPWPMLMLNHNFFHF07CC
中和區,建物,新北市中和區景平路239巷1~30號,0.0,住,,,1070422,土地0建物1車位0,十三層,13,住宅大樓(11層含以上有電梯),住家用,鋼筋混凝土造,0980320,35.2,1,1,1,有,無,有,15000,426,,0.0,0,,RPXPMLMLNHNFFHF17CC
中和區,建物,新北市中和區中山路二段332巷1~30號,0.0,工,,,1070507,土地0建物1車位0,九層,15,住宅大樓(11層含以上有電梯),見其他登記事項,見其他登記事項,1060118,122.38,2,1,1,有,無,有,25000,204,,0.0,0,,RPPQMLMLNHNFFHF09CC
淡水區,房地(土地+建物)+車位,新北市淡水區濱海路三段148巷50弄61~90號,39.14,住,,,1070519,土地1建物1車位1,八層,13,住宅大樓(11層含以上有電梯),住家用,鋼筋混凝土造,1051025,126.89,3,2,2,有,有,有,16000,126,坡道平面,24.19,0,,RPXPMLMLNHNFFEF86CC
淡水區,房地(土地+建物)+車位,新北市淡水區濱海路一段151~180號,24.03,住,,,1070504,土地1建物1車位1,十層,14,住宅大樓(11層含以上有電梯),住家用,鋼筋混凝土造,1011101,110.94,2,2,2,有,有,無,19500,176,坡道平面,29.92,0,,RPTQMLMLNHNFFEF56CC
淡水區,房地(土地+建物),新北市淡水區中正東路二段61~90號,2.68,住,,,1070521,土地1建物1車位0,三十層,33,住宅大樓(11層含以上有電梯),住家用,鋼骨鋼筋混凝土造,0880704,42.85,1,1,1,有,有,有,14500,338,,0.0,0,,RPORMLMLNHNFFEF78CC
淡水區,建物,新北市淡水區新市一路三段1~30號,0.0,住,,,1070510,土地0建物1車位1,十二層,13,住宅大樓(11層含以上有電梯),住家用,鋼筋混凝土造,0961005,98.63,2,2,1,有,有,有,14000,142,坡道平面,23.45,0,,RPRRMLMLNHNFFEF09CC
土城區,建物,新北市土城區清水路91~120號,0.0,商,,,1070505,土地0建物1車位0,十二層,15,住宅大樓(11層含以上有電梯),住家用,鋼筋混凝土造,1030110,134.4,3,2,2,有,有,有,25000,186,,0.0,0,,RPPTMLMLNHNFFAF68CC
土城區,建物,新北市土城區中央路三段151~180號,0.0,其他,,,1070506,土地0建物1車位0,十五層,16,住宅大樓(11層含以上有電梯),住家用,鋼筋混凝土造,0940120,83.71000000000001,2,2,1,有,有,無,17000,203,,0.0,0,,RPRTMLMLNHNFFAF88CC
五股區,建物,新北市五股區新城八路1~30號,0.0,商,,,1070428,土地0建物1車位1,十四層,19,住宅大樓(11層含以上有電梯),見其他登記事項,鋼筋混凝土造,1060104,131.56,2,1,1,有,有,無,18000,137,坡道平面,0.0,0,,RPPNMLMLNHNFFBF18CC
五股區,建物,新北市五股區新城八路1~30號,0.0,商,,,1070501,土地0建物1車位1,九層,19,住宅大樓(11層含以上有電梯),見其他登記事項,鋼筋混凝土造,1060104,131.56,3,2,1,有,有,無,18000,137,坡道平面,0.0,0,,RPSNMLMLNHNFFBF48CC
五股區,建物,新北市五股區芳洲五路61~90號,0.0,住,,,1070512,土地0建物1車位1,一層,15,住宅大樓(11層含以上有電梯),見其他登記事項,鋼筋混凝土造,1021014,264.01,2,1,1,有,有,無,28000,106,坡道平面,0.0,0,,RPTNMLMLNHNFFBF58CC
五股區,建物,新北市五股區新城八路31~60號,0.0,商,,,1070511,土地0建物1車位1,十二層,19,住宅大樓(11層含以上有電梯),見其他登記事項,鋼筋混凝土造,1060104,120.52,2,1,1,有,有,無,17000,141,坡道平面,0.0,0,,RPVNMLMLNHNFFBF78CC
新莊區,建物,新北市新莊區思源路192巷31~60號,0.0,住,,,1070511,土地0建物1車位2,三層,13,住宅大樓(11層含以上有電梯),見其他登記事項,鋼筋混凝土造,1021024,321.48,3,2,2,有,有,有,53000,165,坡道平面,90.46,0,租金含管理費,RPXNMLMLNHNFFBF98CC
五股區,建物,新北市五股區新城三路31~60號,0.0,住,,,1070507,土地0建物1車位1,四層,12,住宅大樓(11層含以上有電梯),見其他登記事項,鋼筋混凝土造,1040514,122.37,2,1,1,有,有,無,20000,163,坡道平面,0.0,0,,RPPOMLMLNHNFFBF28CC
五股區,建物,新北市五股區新城三路31~60號,0.0,住,,,1070507,土地0建物1車位1,十層,15,住宅大樓(11層含以上有電梯),見其他登記事項,鋼筋混凝土造,1040514,165.20999999999998,3,2,1,有,有,無,23000,139,坡道平面,0.0,0,,RPUOMLMLNHNFFBF78CC
泰山區,建物,新北市泰山區泰林路二段164巷1~30號,0.0,住,,,1070508,土地0建物1車位0,四層,4,公寓(5樓含以下無電梯),住家用,鋼筋混凝土造,0670201,69.02,2,1,1,有,無,無,8000,116,,0.0,0,,RPWOMLMLNHNFFBF98CC
林口區,建物,新北市林口區三民路1~30號,0.0,住,,,1070514,土地0建物1車位1,十五層,26,住宅大樓(11層含以上有電梯),見其他登記事項,鋼筋混凝土造,1061117,178.61,3,2,2,有,有,有,36000,202,坡道平面,30.97,0,,RPQPMLMLNHNFFBF48CC
泰山區,房地(土地+建物),新北市泰山區泰林路二段599巷1~30號,21.17,住,,,1070517,土地1建物1車位0,三層,5,公寓(5樓含以下無電梯),住家用,鋼筋混凝土造,0691209,78.12,3,1,1,有,無,無,10000,128,,0.0,0,,RPPRMLMLNHNFFBF58CC
新莊區,建物,新北市新莊區富國路176巷1~30號,0.0,商,,,1070410,土地0建物1車位0,六層,12,住宅大樓(11層含以上有電梯),住家用,鋼筋混凝土造,0821207,138.74,3,1,2,有,無,有,16200,117,,0.0,0,,RPSNMLNLNHNFFBF58CC
新莊區,建物,新北市新莊區新北大道七段481~510號,0.0,住,,,1070424,土地0建物1車位1,五層,17,住宅大樓(11層含以上有電梯),住家用,鋼筋混凝土造,0840713,163.71,4,2,2,有,有,有,18400,118,升降機械,26.06,2200,"巿價評定租金為18,000元，加入社會住宅包租代管計劃，代租打9折，以16,200元租賃契約租金出租。車位租金內含200元機車租金。",RPVSMLNLNHNFFBF76CC
新莊區,建物,新北市新莊區幸福路691~720號,0.0,住,,,1070426,土地0建物1車位0,一層,10,店面(店鋪),商業用,鋼筋混凝土造,0790118,219.07,0,0,0,無,無,無,170000,776,,0.0,0,,RPPTMLNLNHNFFBF88CC
新莊區,建物,新北市新莊區雙鳳路77巷1~30號,0.0,住,,,1070511,土地0建物1車位1,八層,21,住宅大樓(11層含以上有電梯),見其他登記事項,鋼筋混凝土造,1050914,187.7,3,2,2,有,有,有,26000,139,坡道平面,39.78,0,,RPSTMLNLNHNFFBF56CC
林口區,房地(土地+建物)+車位,新北市林口區忠孝一路31~60號,10.9,住,,,1070511,土地1建物1車位1,十三層,15,住宅大樓(11層含以上有電梯),見其他登記事項,鋼筋混凝土造,0980923,100.22,1,1,1,有,有,有,14000,140,坡道平面,0.0,0,,RPWTMLNLNHNFFBF96CC
土城區,建物,新北市土城區學府路一段68巷1~30號,0.0,住,,,1070513,土地0建物1車位0,九層,12,住宅大樓(11層含以上有電梯),住家用,鋼筋混凝土造,0830606,106.37,3,2,2,有,有,有,14400,135,,0.0,0,,RPPPMLNLNHNFFAF38CC
淡水區,房地(土地+建物),新北市淡水區新春街121~150號,27.73,住,,,1070521,土地1建物1車位0,一層,18,住宅大樓(11層含以上有電梯),住家用,鋼筋混凝土造,1030423,161.96,4,2,2,有,有,無,28000,173,,0.0,0,,RPUNMLNLNHNFFEF09CC
永和區,建物,新北市永和區成功路一段125巷1~30號,0.0,住,,,1070502,土地0建物1車位0,一層,5,公寓(5樓含以下無電梯),商業用,鋼筋混凝土造,0710913,128.09,0,1,1,有,無,無,43000,336,,0.0,0,,RPRNMLNLNHNFFHF09CC
中和區,建物,新北市中和區中安街178巷13弄1~30號,0.0,住,,,1070506,土地0建物1車位1,二層,6,華廈(10層含以下有電梯),住家用,鋼筋混凝土造,0821222,105.89,3,2,2,有,有,有,30000,283,升降機械,0.0,0,車位面積無法分算租金含管理費,RPOPMLNLNHNFFHF98CC
三重區,建物,新北市三重區重新路二段61~90號,0.0,商,,,1070504,土地0建物1車位0,十八層,21,辦公商業大樓,商業用,鋼骨鋼筋混凝土造,0810821,173.72,0,0,0,無,有,無,35000,201,,0.0,0,,RPXNMLNLNHNFFGF96CC
蘆洲區,房地(土地+建物),新北市蘆洲區三民路241~270號,9.79,住,,,1070427,土地1建物1車位0,七層,14,住宅大樓(11層含以上有電梯),住家用,鋼筋混凝土造,0910305,84.16,2,1,1,有,有,有,14000,166,,0.0,0,此件為 社會住宅包(代)租代管計畫 租金市價打9折。,RPTRMLNLNHNFFGF96CC
三峽區,房地(土地+建物)+車位,新北市三峽區學勤路151~180號,15.7,商,,,1070521,土地1建物1車位1,十七層,25,住宅大樓(11層含以上有電梯),見其他登記事項,鋼筋混凝土造,0980730,196.42,3,2,2,有,有,無,25000,127,坡道平面,39.03,0,,RPPOMLNLNHNFFIF09CC
樹林區,房地(土地+建物)+車位,新北市樹林區學勤路631~660號,20.28,住,,,1070523,土地1建物1車位1,四層,15,住宅大樓(11層含以上有電梯),住家用,鋼筋混凝土造,0970303,156.34,3,2,2,有,有,有,20000,128,坡道平面,33.2,0,,RPRNMLOLNHNFFIF66CC
永和區,建物,新北市永和區民生路46巷31~60號,0.0,住,,,1070430,土地0建物1車位0,八層,16,住宅大樓(11層含以上有電梯),住家用,鋼筋混凝土造,0841021,112.47,3,2,2,有,有,有,16200,144,,0.0,0,此件為 社會住宅包(代)租代管計畫 租金市價打9折。,RPTOMLOLNHNFFHF86CC
永和區,建物,新北市永和區民樂街17巷1~30號,0.0,住,,,1070502,土地0建物1車位0,三層,4,公寓(5樓含以下無電梯),住家用,鋼筋混凝土造,0641203,42.7,2,1,1,有,無,有,13000,304,,0.0,0,,RPWOMLOLNHNFFHF17CC
永和區,建物,新北市永和區安樂路194巷31~60號,0.0,住,,,1070511,土地0建物1車位0,一層,5,公寓(5樓含以下無電梯),住家用,鋼筋混凝土造,0661008,116.74,4,3,3,有,無,有,28000,240,,0.0,0,,RPXOMLOLNHNFFHF27CC
永和區,建物,新北市永和區國光路31~60號,0.0,住,,,1070426,土地0建物1車位0,一層,7,店面(店鋪),商業用,鋼筋混凝土造,0671130,56.99,0,2,1,有,有,有,17600,309,,0.0,0,,RPOPMLOLNHNFFHF09CC
中和區,建物,新北市中和區保平路326巷1~30號,0.0,住,,,1070504,土地0建物1車位0,四層,12,住宅大樓(11層含以上有電梯),住家用,鋼筋混凝土造,0951212,102.71000000000001,2,2,1,有,有,有,20000,195,,0.0,0,,RPPPMLOLNHNFFHF56CC
中和區,建物,新北市中和區宜安路121~150號,0.0,住,,,1070510,土地0建物1車位0,七層,7,華廈(10層含以下有電梯),住家用,鋼筋混凝土造,0810516,117.94,2,2,1,有,有,有,23000,195,,0.0,0,,RPQPMLOLNHNFFHF66CC
淡水區,建物,新北市淡水區濱海路二段211~240號,0.0,,,,1070429,土地0建物1車位1,七層,14,住宅大樓(11層含以上有電梯),住家用,鋼筋混凝土造,1060216,173.72,3,2,2,有,有,有,18000,104,坡道平面,0.0,0,租金含管理費,RPXOMLOLNHNFFEF96CC
淡水區,建物,新北市淡水區新民街106巷1~30號,0.0,,,,1070507,土地0建物1車位0,四層,7,華廈(10層含以下有電梯),住家用,鋼筋混凝土造,0980714,87.66,2,2,1,有,有,有,12000,137,,0.0,0,,RPVPMLOLNHNFFEF86CC
淡水區,房地(土地+建物)+車位,新北市淡水區中山北路二段188巷1~30號,28.78,住,,,1070430,土地1建物1車位1,四層,15,住宅大樓(11層含以上有電梯),住家用,鋼筋混凝土造,1020712,204.47,4,2,2,有,有,有,28000,137,坡道平面,31.91,0,,RPWQMLOLNHNFFEF07CC
新店區,建物,新北市新店區中央路181~210號,0.0,其他,,,1070511,土地0建物1車位1,六層,28,住宅大樓(11層含以上有電梯),住家用,見其他登記事項,1011114,232.14,3,2,2,有,有,有,44511,192,坡道平面,25.97,0,,RPUNMLOLNHNFFCF98CC
新店區,房地(土地+建物)+車位,新北市新店區寶橋路140巷1~30號,0.0,工,,,1070315,土地0建物1車位2,六層,11,廠辦,見其他登記事項,鋼筋混凝土造,1011129,349.35,0,0,0,無,有,無,70382,201,坡道平面,0.0,0,,RPROMLPLNHNFFCF88CC
新店區,建物,新北市新店區新生街13巷1~30號,0.0,住,,,1070525,土地0建物1車位0,三層,4,公寓(5樓含以下無電梯),住家用,鋼筋混凝土造,0651211,125.85,4,2,2,有,無,有,18000,143,,0.0,0,,RPSOMLPLNHNFFCF98CC
新店區,建物,新北市新店區北新路二段228巷1~30號,0.0,住,,,1070519,土地0建物1車位0,五層,5,公寓(5樓含以下無電梯),住家用,鋼筋混凝土造,0670517,111.77,3,2,2,有,無,無,21000,188,,0.0,0,,RPUOMLPLNHNFFCF56CC
新店區,建物,新北市新店區永平街1~30號,0.0,住,,,1070427,土地0建物1車位0,一層,9,店面(店鋪),商業用,鋼筋混凝土造,0890330,96.69999999999999,0,0,0,無,有,無,34000,352,,0.0,0,,RPXOMLPLNHNFFCF86CC
林口區,房地(土地+建物),新北市林口區文化二路一段271~300號,7.68,商,,,1070411,土地1建物1車位0,十三層,14,住宅大樓(11層含以上有電梯),住家用,鋼筋混凝土造,0951113,60.17,2,2,1,有,無,有,11310,188,,0.0,0,不足一個月,RPUNMLPLNHNFFBF98CC
淡水區,建物,新北市淡水區民權路61~90號,0.0,住,,,1070505,土地0建物1車位0,十二層,22,住宅大樓(11層含以上有電梯),住家用,鋼筋混凝土造,0850203,116.72,3,2,2,有,有,有,20000,171,,0.0,0,,RPQNMLPLNHNFFEF88CC
淡水區,房地(土地+建物)+車位,新北市淡水區新市一路一段99巷1~30號,34.98,住,,,1070426,土地1建物1車位1,一層,15,住宅大樓(11層含以上有電梯),見其他登記事項,鋼筋混凝土造,1021016,144.13,0,0,0,無,有,無,29515,205,坡道平面,38.21,0,租賃期間由承租方繳租賃稅及二代健保補充保費。,RPSNMLPLNHNFFEF09CC
淡水區,房地(土地+建物)+車位,新北市淡水區新市五路三段151~180號,8.06,住,,,1070515,土地1建物1車位1,十四層,27,住宅大樓(11層含以上有電梯),住家用,鋼筋混凝土造,1061229,106.23,2,2,1,有,有,有,13000,122,坡道機械,15.42,0,,RPWNMLPLNHNFFEF86CC
淡水區,建物,新北市淡水區濱海路三段148巷31~60號,0.0,住,,,1070512,土地0建物1車位0,六層,11,住宅大樓(11層含以上有電梯),住家用,鋼筋混凝土造,1030613,107.16999999999999,3,2,2,有,有,有,16000,149,,0.0,0,,RPPOMLPLNHNFFEF88CC
淡水區,房地(土地+建物)+車位,新北市淡水區中山北路二段211~240號,27.0,商,,,1070514,土地1建物1車位1,七層,13,辦公商業大樓,住家用,鋼筋混凝土造,1060220,177.48000000000002,3,2,2,有,無,無,24000,135,坡道平面,31.81,0,,RPVOMLPLNHNFFEF86CC
永和區,建物,新北市永和區竹林路75巷33弄31~60號,0.0,住,,,1070518,土地0建物1車位0,四層,4,公寓(5樓含以下無電梯),住家用,鋼筋混凝土造,0661225,99.92,3,1,1,有,無,有,15000,150,,0.0,0,,RPPOMLPLNHNFFHF56CC
永和區,建物,新北市永和區秀朗路192巷2弄1~30號,0.0,住,,,1070427,土地0建物1車位0,一層,6,店面(店鋪),商業用,鋼筋混凝土造,0860109,61.120000000000005,0,0,0,無,無,無,19000,311,,0.0,0,,RPQOMLPLNHNFFHF66CC
永和區,建物,新北市永和區文化路113巷38弄1~30號,0.0,住,,,1070427,土地0建物1車位0,四層,5,公寓(5樓含以下無電梯),住家用,鋼筋混凝土造,0700116,88.5,3,2,2,有,無,無,24000,271,,0.0,0,,RPROMLPLNHNFFHF76CC
中和區,房地(土地+建物),新北市中和區中和路378巷1~30號,38.25,商,,,1070504,土地1建物1車位0,一層,4,店面(店鋪),住家用,加強磚造,0590709,94.82,0,1,1,有,無,有,75000,791,,0.0,0,,RPTOMLPLNHNFFHF96CC
中和區,建物,新北市中和區宜安路168巷1~30號,0.0,住,,,1070429,土地0建物1車位0,十層,15,住宅大樓(11層含以上有電梯),見其他登記事項,見其他登記事項,1031006,195.53,4,2,2,有,有,無,42000,215,,0.0,0,,RPUOMLPLNHNFFHF07CC
中和區,建物,新北市中和區景平路421~450號,0.0,住,,,1070428,土地0建物1車位0,十層,17,住宅大樓(11層含以上有電梯),住家用,鋼筋混凝土造,0860515,36.980000000000004,1,1,1,有,有,無,12500,338,,0.0,0,,RPWOMLPLNHNFFHF27CC
永和區,建物,新北市永和區博愛街1~30號,0.0,住,,,1070427,土地0建物1車位0,五層,5,公寓(5樓含以下無電梯),見其他登記事項,鋼筋混凝土造,0681217,94.82,3,2,2,有,無,有,19000,200,,0.0,0,,RPXOMLPLNHNFFHF37CC
中和區,建物,新北市中和區福美路301巷8弄1~30號,0.0,住,,,1070427,土地0建物1車位0,三層,4,公寓(5樓含以下無電梯),住家用,鋼筋混凝土造,0661228,71.72,2,1,1,有,無,無,15000,209,,0.0,0,,RPOPMLPLNHNFFHF56CC
三峽區,房地(土地+建物),新北市三峽區大學路31~60號,15.01,住,,,1070517,土地1建物1車位0,四層,12,住宅大樓(11層含以上有電梯),見其他登記事項,鋼筋混凝土造,1060531,36.4,1,1,1,有,有,無,12500,343,,0.0,0,屋主自行隔間出租,RPRNMLPLNHNFFIF76CC
三重區,房地(土地+建物),新北市三重區中興北街61~90號,197.85,工,,,1070428,土地1建物1車位0,見其他登記事項,2,工廠,見其他登記事項,鋼筋混凝土造,0681023,304.0,0,0,0,無,無,無,80000,,,0.0,0,租金未稅,RPVRMLPLNHNFFGF37CC
汐止區,建物,新北市汐止區新臺五路一段151~180號,0.0,住,,,1070525,土地0建物1車位0,五層,5,公寓(5樓含以下無電梯),住家用,鋼筋混凝土造,0701117,83.28,3,2,1,有,無,無,15000,180,,0.0,0,,RPQNMLQLNHNFFDF88CC
淡水區,房地(土地+建物),新北市淡水區中正東路二段61~90號,8.59,住,,,1070519,土地1建物1車位0,十四層,15,住宅大樓(11層含以上有電梯),住家用,鋼筋混凝土造,0970711,52.18000000000001,1,1,1,有,有,有,17000,326,,0.0,0,,RPRNMLQLNHNFFEF09CC
板橋區,建物,新北市板橋區中山路二段148巷1~30號,0.0,住,,,1070525,土地0建物1車位0,全,2,透天厝,住家用,磚造,0570401,124.66,0,0,0,無,無,無,28000,225,,0.0,0,,RPSNMLQLNHNFFAF78CC
板橋區,建物,新北市板橋區金門街109巷1~30號,0.0,住,,,1070518,土地0建物1車位0,二層,4,公寓(5樓含以下無電梯),住家用,鋼筋混凝土造,,80.65,3,2,1,有,無,有,15000,186,,0.0,0,,RPOQMLSLNHNFFAF88CC
新店區,建物,新北市新店區檳榔路19巷1~30號,0.0,住,,,1070518,土地0建物1車位0,二層,5,公寓(5樓含以下無電梯),住家用,鋼筋混凝土造,0770106,105.56,3,2,2,有,無,有,22000,208,,0.0,0,,RPSOMLSLNHNFFCF66CC
林口區,房地(土地+建物),新北市林口區民權路151~180號,60.96,住,,,1070526,土地1建物1車位0,見其他登記事項,9,店面(店鋪),見其他登記事項,鋼筋混凝土造,1010828,221.48000000000002,0,0,0,無,有,無,38000,172,,0.0,0,,RPXRMLSLNHNFFBF37CC
林口區,建物,新北市林口區文化北路一段542巷37弄1~30號,0.0,住,,,1070514,土地0建物1車位1,三層,11,住宅大樓(11層含以上有電梯),見其他登記事項,鋼筋混凝土造,1060328,139.12,2,2,1,有,有,有,18000,129,坡道平面,43.64,0,,RPOSMLSLNHNFFBF56CC
新莊區,建物,新北市新莊區新北大道四段61~90號,0.0,商,,,1070515,土地0建物1車位1,七層,27,住宅大樓(11層含以上有電梯),見其他登記事項,鋼筋混凝土造,1050323,188.15,2,2,2,有,有,有,25000,133,坡道平面,39.97,0,,RPPSMLSLNHNFFBF66CC
林口區,建物,新北市林口區文化二路一段541~570號,0.0,商,,,1070520,土地0建物1車位1,十層,19,住宅大樓(11層含以上有電梯),住家用,鋼筋混凝土造,0961017,140.9,2,2,1,有,有,有,20000,142,坡道平面,41.78,0,,RPSSMLSLNHNFFBF96CC
林口區,建物,新北市林口區文化一路二段151~180號,0.0,住,,,1070501,土地0建物5車位8,見其他登記事項,5,店面(店鋪),見其他登記事項,鋼筋混凝土造,1060927,1042.19,0,0,0,無,無,無,150000,144,坡道平面,0.0,0,"承租標的物為毛胚屋,租金於第六年起調整為新台幣17萬元整,管理費由承租方負擔",RPTSMLSLNHNFFBF07CC
淡水區,建物,新北市淡水區英專路91~120號,0.0,住,,,1070513,土地0建物0車位0,五層,5,公寓(5樓含以下無電梯),住家用,鋼筋混凝土造,0770205,23.47,8,8,8,有,無,有,9000,383,,0.0,0,,RPPNMLSLNHNFFEF09CC
淡水區,建物,新北市淡水區英專路91~120號,0.0,住,,,1070515,土地0建物0車位0,五層,5,公寓(5樓含以下無電梯),住家用,鋼筋混凝土造,0770205,23.47,8,8,8,有,無,有,12000,511,,0.0,0,,RPQNMLSLNHNFFEF56CC
淡水區,房地(土地+建物),新北市淡水區新民街178巷42弄1~30號,6.01,住,,,1070526,土地1建物1車位0,七層,7,華廈(10層含以下有電梯),住家用,鋼筋混凝土造,0780815,34.41,1,0,1,有,有,有,5500,160,,0.0,0,,RPXNMLSLNHNFFEF27CC
淡水區,房地(土地+建物),新北市淡水區坪頂路52巷31~60號,20.17,住,,,1070527,土地1建物1車位0,二層,11,住宅大樓(11層含以上有電梯),見其他登記事項,鋼骨鋼筋混凝土造,0890418,107.34,0,0,0,無,無,無,21000,196,,0.0,0,,RPPOMLSLNHNFFEF56CC
淡水區,房地(土地+建物),新北市淡水區北新路141巷60弄1~30號,17.31,住,,,1070527,土地1建物1車位0,四層,12,住宅大樓(11層含以上有電梯),住家用,鋼筋混凝土造,0830809,106.85,4,2,2,有,有,有,16000,150,,0.0,0,,RPPSMLSLNHNFFEF96CC
淡水區,建物,新北市淡水區英專路65巷1~30號,0.0,其他,,,1070506,土地0建物1車位0,三層,14,套房(1房1廳1衛),住家用,鋼筋混凝土造,0961026,36.54,1,0,1,有,有,有,9500,260,,0.0,0,,RPVSMLSLNHNFFEF57CC
淡水區,建物,新北市淡水區淡金路二段61~90號,0.0,住,,,1070513,土地0建物1車位0,六層,19,住宅大樓(11層含以上有電梯),住家用,鋼筋混凝土造,0970917,81.12,2,2,1,有,有,有,15000,185,,0.0,0,,RPTTMLSLNHNFFEF47CC
汐止區,建物,新北市汐止區忠三街39巷31~60號,0.0,,山坡地保育區,丙種建築用地,1070515,土地0建物1車位3,全,4,透天厝,住家用,鋼筋混凝土造,0790915,551.46,6,3,5,有,有,有,75000,136,坡道平面,0.0,0,,RPQQMLSLNHNFFDF76CC
三重區,建物,新北市三重區三和路三段121~150號,0.0,住,,,1070525,土地0建物1車位0,一層,5,店面(店鋪),住家用,鋼筋混凝土造,0681226,100.0,0,0,0,無,無,無,38800,388,,0.0,0,,RPQQMLSLNHNFFGF07CC
樹林區,房地(土地+建物),新北市樹林區大雅路271~300號,14.6,商,,,1070525,土地1建物1車位0,一層,27,店面(店鋪),見其他登記事項,鋼筋混凝土造,0971030,209.01,1,0,1,有,有,無,120000,574,,0.0,0,,RPSOMLSLNHNFFIF27CC
汐止區,車位,新北市汐止區大同路三段601~630號,8.6,住,,,1070504,土地0建物0車位1,,,其他,,,,42.69,0,0,0,有,有,無,3000,,坡道平面,42.69,3000,1.坡道平面式車位含管理費(每個500元)。,RPTPMLSLNHNFFDF17EC
汐止區,房地(土地+建物),新北市汐止區大同路三段601~630號,6.64,住,,,1070514,土地1建物1車位0,十八層,32,住宅大樓(11層含以上有電梯),住家用,鋼筋混凝土造,0880203,75.11,2,1,1,有,有,無,13000,173,,0.0,0,含管理費(每坪50元)。,RPUPMLSLNHNFFDF27EC
汐止區,房地(土地+建物),新北市汐止區汐平路一段1~30號,8.89,住,,,1070516,土地1建物1車位0,四層,6,華廈(10層含以下有電梯),住家用,鋼筋混凝土造,0850322,102.08,2,1,1,有,無,有,11500,113,,0.0,0,1.含管理費(每戶1500元)。,RPXPMLSLNHNFFDF57EC
汐止區,建物,新北市汐止區新臺五路一段91~120號,0.0,工,,,1070425,土地0建物1車位0,二十二層,26,廠辦,工業用,鋼造,0831222,642.13,0,0,0,無,有,無,94000,146,,0.0,0,,RPRQMLSLNHNFFDF07EC
中和區,建物,新北市中和區永和路61~90號,0.0,住,,,1070519,土地0建物1車位0,一層,5,店面(店鋪),商業用,鋼筋混凝土造,0680426,84.7,0,1,1,有,無,無,23000,272,,0.0,0,,RPWQMLSLNHNFFHF77CC
中和區,建物,新北市中和區福祥路1~30號,0.0,住,,,1070520,土地0建物1車位0,十層,19,套房(1房1廳1衛),住家用,鋼筋混凝土造,0871120,54.15,1,1,1,有,有,有,14000,259,,0.0,0,,RPORMLSLNHNFFHF07CC
中和區,建物,新北市中和區中山路二段332巷31~60號,0.0,工,,,1070523,土地0建物1車位0,九層,15,住宅大樓(11層含以上有電梯),見其他登記事項,見其他登記事項,1060118,91.96,2,1,1,有,無,有,26000,283,,0.0,0,,RPUSMLTLNHNFFHF87CC
中和區,建物,新北市中和區中山路二段332巷1~30號,0.0,工,,,1070525,土地0建物1車位0,十二層,15,住宅大樓(11層含以上有電梯),見其他登記事項,見其他登記事項,1060118,92.12,2,1,1,有,無,有,25000,271,,0.0,0,,RPWSMLTLNHNFFHF08CC
樹林區,建物,新北市樹林區博愛街91~120號,0.0,商,,,1070520,土地0建物1車位0,見其他登記事項,12,店面(店鋪),見其他登記事項,鋼筋混凝土造,1040303,99.3,0,0,0,無,無,無,43000,433,,0.0,0,,RPTNMLTLNHNFFIF37CC
鶯歌區,建物,新北市鶯歌區中正三路156巷1~30號,1911.08,,一般農業區,丁種建築用地,1070503,土地0建物2車位0,見其他登記事項,3,工廠,見其他登記事項,鋼骨鋼筋混凝土造,1061107,4313.0,0,0,0,無,無,無,636300,,,0.0,0,,RPXOMLTLNHNFFIF87CC
樹林區,房地(土地+建物),新北市樹林區佳園路三段511~540號,19.54,住,,,1070523,土地1建物1車位0,六層,14,住宅大樓(11層含以上有電梯),住家用,鋼筋混凝土造,0970125,119.94,3,2,2,有,有,有,19000,158,,0.0,0,,RPRPMLTLNHNFFIF37CC
三重區,建物,新北市三重區中興北街135巷1~30號,0.0,工,,,1070403,土地0建物1車位0,全,2,透天厝,見其他登記事項,鋼筋混凝土造,0760310,137.76,0,0,0,無,有,無,36000,261,,0.0,0,另有車位一個租金1200元,RPOPMLTLNHNFFGF86CC
汐止區,房地(土地+建物),新北市汐止區仁愛路31~60號,88.5,住,,,1070425,土地1建物1車位0,一層,3,店面(店鋪),住家用,加強磚造,0610916,72.6,0,0,0,無,無,無,33000,455,,0.0,0,,RPOOMLTLNHNFFDF09CC
淡水區,房地(土地+建物)+車位,新北市淡水區中山北路二段211~240號,18.1,住,,,1070515,土地1建物1車位1,八層,13,住宅大樓(11層含以上有電梯),住家用,鋼筋混凝土造,1060220,129.81,2,2,1,有,有,無,19000,146,坡道平面,31.8,0,,RPWNMLTLNHNFFEF27CC
淡水區,房地(土地+建物)+車位,新北市淡水區新市一路一段91~120號,25.39,住,,,1070525,土地1建物1車位1,二十二層,23,住宅大樓(11層含以上有電梯),住家用,鋼筋混凝土造,1051020,158.33,4,2,2,有,有,有,26000,164,坡道平面,29.2,0,,RPQOMLTLNHNFFEF76CC
淡水區,房地(土地+建物),新北市淡水區北新路169巷61~90號,15.19,住,,,1070526,土地1建物1車位0,四層,15,住宅大樓(11層含以上有電梯),住家用,鋼筋混凝土造,0840913,101.77,1,0,1,有,有,有,5000,49,,0.0,0,,RPUOMLTLNHNFFEF17CC
林口區,房地(土地+建物),新北市林口區忠孝三路91~120號,45.54,住,,,1070501,土地1建物1車位0,一層,15,店面(店鋪),見其他登記事項,鋼筋混凝土造,1040122,262.46000000000004,0,0,0,無,有,無,50000,191,,0.0,0,,RPWPMLTLNHNFFBF17CC
林口區,房地(土地+建物),新北市林口區文化三路一段191巷31~60號,11.61,住,,,1070528,土地1建物1車位0,一層,13,店面(店鋪),見其他登記事項,鋼筋混凝土造,1041223,78.0,0,0,1,有,有,無,25000,321,,0.0,0,,RPQQMLTLNHNFFBF66CC
新店區,房地(土地+建物),新北市新店區民權路91~120號,524.84,其他,,,1070503,土地1建物1車位0,八層,10,辦公商業大樓,見其他登記事項,鋼筋混凝土造,0960730,136.32,0,0,0,無,無,無,51550,378,,0.0,0,,RPOOMLTLNHNFFCF98CC
新店區,建物,新北市新店區寶橋路235巷121~150號,0.0,工,,,1070525,土地0建物1車位1,五層,8,廠辦,工業用,鋼筋混凝土造,0881004,285.03,0,0,0,無,無,無,85000,298,坡道平面,0.0,0,,RPPOMLTLNHNFFCF09CC
新店區,建物,新北市新店區建國路271~300號,0.0,工,,,1070528,土地0建物1車位0,二層,11,辦公商業大樓,見其他登記事項,鋼筋混凝土造,0970901,573.9,0,0,0,無,無,無,227040,396,,0.0,0,含5個機車位,RPQOMLTLNHNFFCF56CC
板橋區,建物,新北市板橋區雙十路一段1~30號,0.0,住,,,1070522,土地0建物1車位0,十一層,12,住宅大樓(11層含以上有電梯),住家用,鋼筋混凝土造,0860520,79.42,2,2,1,有,有,有,22000,277,,0.0,0,租金含管理費,RPWOMLTLNHNFFAF96CC
新店區,建物,新北市新店區中興路三段211~240號,0.0,住,,,1070523,土地0建物1車位0,十層,24,住宅大樓(11層含以上有電梯),住家用,鋼筋混凝土造,0851116,25.42,1,0,1,有,有,有,12000,472,,0.0,0,租金含管理費,RPRNMLKMNHNFFCF38CC
新莊區,建物,新北市新莊區雙鳳路77巷1~30號,0.0,住,,,1070522,土地0建物1車位1,七層,21,住宅大樓(11層含以上有電梯),見其他登記事項,鋼筋混凝土造,1050914,187.7,3,2,2,有,有,無,26000,139,坡道平面,39.78,0,,RPPNMLKMNHNFFBF08CC
新莊區,建物,新北市新莊區福德二街61~90號,0.0,住,,,1070521,土地0建物1車位1,一層,14,店面(店鋪),見其他登記事項,鋼筋混凝土造,1001129,167.9,0,0,0,無,有,有,45000,268,坡道平面,38.7,0,租金含管理費,RPTNMLKMNHNFFBF48CC
新莊區,建物,新北市新莊區福樂街118巷1弄1~30號,0.0,住,,,1070522,土地0建物0車位0,三層,4,公寓(5樓含以下無電梯),住家用,鋼筋混凝土造,0660209,13.22,1,0,0,有,無,有,8000,605,,0.0,0,分租,RPUNMLKMNHNFFBF58CC
淡水區,房地(土地+建物),新北市淡水區淡海路31~60號,23.32,住,,,1070529,土地1建物1車位0,五層,5,公寓(5樓含以下無電梯),住家用,鋼筋混凝土造,0681121,79.51,3,2,1,有,無,有,11000,138,,0.0,0,,RPOQMLKMNHNFFEF58CC
淡水區,房地(土地+建物),新北市淡水區淡金路38巷61~90號,16.06,住,,,1070529,土地1建物1車位0,五層,11,住宅大樓(11層含以上有電梯),住家用,鋼筋混凝土造,0980821,83.50999999999999,2,1,1,有,有,有,18000,216,,0.0,0,,RPWQMLKMNHNFFEF76CC
汐止區,建物,新北市汐止區大同路二段271~300號,0.0,住,,,1070518,土地0建物1車位0,二十四層,24,套房(1房1廳1衛),住家用,鋼筋混凝土造,0840126,56.09,1,1,1,有,有,有,15000,267,,0.0,0,,RPPNMLKMNHNFFDF28CC
汐止區,建物,新北市汐止區水源路一段168巷1~30號,0.0,住,,,1070526,土地0建物1車位0,三層,5,公寓(5樓含以下無電梯),住家用,鋼筋混凝土造,0770813,123.62,3,2,2,有,無,有,19000,154,,0.0,0,,RPRNMLKMNHNFFDF48CC
三重區,建物,新北市三重區中興北街135巷1~30號,0.0,工,,,1070403,土地0建物1車位0,全,2,透天厝,見其他登記事項,鋼筋混凝土造,0760310,65.29,0,0,0,無,有,無,16000,245,,0.0,0,,RPVNMLKMNHNFFGF56CC
三重區,建物,新北市三重區中興北街135巷1~30號,0.0,工,,,1070403,土地0建物1車位0,全,2,透天厝,見其他登記事項,鋼筋混凝土造,0760310,82.0,0,0,0,無,有,無,18000,220,,0.0,0,,RPWNMLKMNHNFFGF66CC
三峽區,房地(土地+建物)+車位,新北市三峽區學成路271~300號,17.72,住,,,1070501,土地1建物1車位1,三層,15,住宅大樓(11層含以上有電梯),住家用,鋼筋混凝土造,0960212,129.1,2,1,1,有,有,有,18000,139,坡道平面,26.1,0,,RPXNMLKMNHNFFIF96CC
板橋區,房地(土地+建物)+車位,新北市板橋區中山路一段181~210號,16.94,其他,,,1070418,土地1建物1車位2,七層,29,住宅大樓(11層含以上有電梯),住家用,鋼骨鋼筋混凝土造,1011026,223.85,4,2,2,有,有,有,50874,227,坡道平面,0.0,0,本案車位面積無法拆算。租金含代扣繳租賃所得稅。含第二代全民健康保險補充保險費。107年4月18日至107年5月31日止為免租裝潢期。撤銷原申報書序號C2FA10704250015,RPTQMLKMNHNFFAF88EC
中和區,建物,新北市中和區中山路三段211~240號,0.0,住,,,1070518,土地0建物1車位0,七層,15,住宅大樓(11層含以上有電梯),見其他登記事項,見其他登記事項,1060801,81.76,2,2,1,有,有,有,22000,269,,0.0,0,,RPPNMLKMNHNFFHF68CC
中和區,房地(土地+建物),新北市中和區連城路139巷61~90號,28.44,住,,,1070518,土地1建物1車位0,一層,4,店面(店鋪),住家用,加強磚造,0640410,65.72,0,0,1,有,無,無,20000,304,,0.0,0,,RPQNMLKMNHNFFHF78CC
汐止區,房地(土地+建物),新北市汐止區大同路二段421~450號,0.0,住,,,1070514,土地2建物1車位0,一層,5,公寓(5樓含以下無電梯),商業用,鋼筋混凝土造,0681220,62.28,0,0,0,無,無,無,45000,723,,0.0,0,,RPQNMLKMNHNFFDF48DC
中和區,建物,新北市中和區建八路181~210號,0.0,工,,,1070501,土地0建物1車位0,七層,14,辦公商業大樓,見其他登記事項,鋼筋混凝土造,0960731,56.8,0,0,0,無,有,無,17500,308,,0.0,0,,RPSNMLLMNHNFFHF09CC
中和區,建物,新北市中和區景平路91~120號,0.0,住,,,1070506,土地0建物1車位0,十二層,15,住宅大樓(11層含以上有電梯),見其他登記事項,見其他登記事項,1060823,82.18,2,1,1,有,有,無,28500,347,,0.0,0,,RPXPMLLMNHNFFHF17CC
中和區,建物,新北市中和區宜安路1~30號,0.0,住,,,1070501,土地0建物1車位0,八層,14,住宅大樓(11層含以上有電梯),住家用,鋼筋混凝土造,0931008,71.5,2,1,1,有,有,無,20000,280,,0.0,0,,RPPQMLLMNHNFFHF09CC
中和區,建物,新北市中和區圓通路91~120號,0.0,住,,,1070512,土地0建物1車位0,五層,5,公寓(5樓含以下無電梯),住家用,鋼筋混凝土造,0690701,96.12,3,1,1,有,無,無,17000,177,,0.0,0,,RPTQMLLMNHNFFHF86CC
樹林區,建物,新北市樹林區中山路一段191巷1~30號,0.0,商,,,1070529,土地0建物1車位0,一層,2,倉庫,見其他登記事項,鋼筋混凝土造,,132.0,0,0,0,無,無,有,30000,,,0.0,0,"只有承租部份面積，租賃第一個月為裝潢期免租金,之後第一至二年每月租金參萬元(不含稅及不含二代健保補充保費),第三至五年每月租金參萬伍千元(不含稅及不含二代健保補充保費)",RPRNMLLMNHNFFIF09CC
汐止區,建物,新北市汐止區龍安路28巷1~30號,0.0,商,,,1070530,土地0建物1車位0,十四層,26,住宅大樓(11層含以上有電梯),商業用,鋼筋混凝土造,0860703,37.87,1,0,1,有,有,有,11000,290,,0.0,0,,RPSNMLLMNHNFFDF68CC
汐止區,建物,新北市汐止區龍安路151~180號,0.0,住,,,1070530,土地0建物1車位0,一層,14,店面(店鋪),住商用,鋼筋混凝土造,0800104,143.06,0,0,0,無,有,無,85000,594,,0.0,0,,RPTNMLLMNHNFFDF78CC
淡水區,房地(土地+建物)+車位,新北市淡水區濱海路一段306巷9弄31~60號,22.86,住,,,1070530,土地1建物1車位1,六層,15,住宅大樓(11層含以上有電梯),住家用,鋼筋混凝土造,1020902,159.08,3,2,2,有,無,有,20000,126,坡道平面,25.69,0,,RPUOMLLMNHNFFEF09CC
淡水區,房地(土地+建物),新北市淡水區淡金路38巷31~60號,4.68,住,,,1070519,土地1建物1車位0,十五層,22,住宅大樓(11層含以上有電梯),住家用,鋼筋混凝土造,0980218,44.7,1,1,1,有,有,有,12000,268,,0.0,0,,RPORMLLMNHNFFEF78CC
淡水區,房地(土地+建物)+車位,新北市淡水區淡金路38巷31~60號,5.91,住,,,1070520,土地1建物1車位1,十八層,22,住宅大樓(11層含以上有電梯),住家用,鋼筋混凝土造,0980218,78.24000000000001,1,1,1,有,有,有,14000,179,坡道平面,30.14,0,,RPQRMLLMNHNFFEF98CC
淡水區,房地(土地+建物),新北市淡水區中正東路二段61~90號,2.53,住,,,1070530,土地1建物1車位0,六層,26,住宅大樓(11層含以上有電梯),住家用,鋼骨混凝土造,0920922,52.36,1,1,1,有,有,有,16000,306,,0.0,0,,RPRRMLLMNHNFFEF09CC
淡水區,房地(土地+建物)+車位,新北市淡水區新市五路三段181~210號,8.34,商,,,1070516,土地1建物1車位1,九層,27,住宅大樓(11層含以上有電梯),住家用,鋼筋混凝土造,1061229,109.27000000000001,2,1,1,有,有,無,13000,119,坡道平面,15.42,0,,RPSRMLLMNHNFFEF56CC
板橋區,房地(土地+建物),新北市板橋區大觀路三段198巷1~30號,20.67,住,,,1070529,土地1建物1車位0,二層,7,華廈(10層含以下有電梯),住家用,鋼筋混凝土造,0850727,110.49000000000001,3,1,1,有,無,無,15000,136,,0.0,0,,RPUQMLLMNHNFFAF88CC
