﻿編號,土地區段位置,土地移轉面積(平方公尺),使用分區或編定
The serial number,land sector position,land shifting area (square meter),the use zoning or compiles and checks
RPOOMLNLNHNFFAG08CA,北成段,37.00,都市：住
RPOOMLNLNHNFFAG08CA,北成段,7.69,都市：住
RPRPMLSLNHNFFAG98CA,大吉一段,2654.71,非都市：特定農業區 ; 非都市編定：農牧用地
RPTOMLPLNHNFFAG78CA,北富段,.12,非都市：特定農業區 ; 非都市編定：甲種建築用地
RPTOMLPLNHNFFAG78CA,北富段,79.00,非都市：特定農業區 ; 非都市編定：甲種建築用地
RPTOMLPLNHNFFAG78CA,北富段,18.00,非都市：特定農業區 ; 非都市編定：甲種建築用地
RPQPMLSLNHNFFAG88CA,坪林段,45.21,都市：住
RPQPMLSLNHNFFAG88CA,坪林段,60.98,都市：住
RPQPMLSLNHNFFAG88CA,坪林段,67.70,都市：住
RPQPMLSLNHNFFAG88CA,坪林段,33.25,都市：住
RPQPMLSLNHNFFAG88CA,坪林段,12.12,都市：住
RPQPMLSLNHNFFAG88CA,坪林段,86.79,都市：住
RPROMLPLNHNFFAG58CA,群英段,80.09,都市：商
RPPNMLNLNHNFFAG08CA,東光段,60.00,都市：住
RPPNMLSLNHNFFAG58CA,興東段,33.20,都市：商
RPQOMLNLNHNFFAG28CA,富農段,36.20,非都市：特定農業區 ; 非都市編定：甲種建築用地
RPXNMLMLNHNFFAG78CA,羅莊段,7.66,都市：住
RPPOMLMLNHNFFAG08CA,公正段,29.20,都市：住
RPQSMLKMNHNFFAG48CA,存仁段,35.05,都市：農
RPQSMLKMNHNFFAG48CA,存仁段,80.66,都市：農
RPQSMLKMNHNFFAG48CA,存仁段,70.18,都市：農
RPQSMLKMNHNFFAG48CA,存仁段,69.37,都市：農
RPQSMLKMNHNFFAG48CA,存仁段,57.40,都市：農
RPQSMLKMNHNFFAG48CA,存仁段,41.94,都市：農
RPQSMLKMNHNFFAG48CA,存仁段,37.84,都市：農
RPTRMLKMNHNFFAG68CA,存仁段,7.79,都市：農
RPTRMLKMNHNFFAG68CA,存仁段,17.92,都市：農
RPTRMLKMNHNFFAG68CA,存仁段,15.60,都市：農
RPTRMLKMNHNFFAG68CA,存仁段,15.42,都市：農
RPTRMLKMNHNFFAG68CA,存仁段,12.76,都市：農
RPTRMLKMNHNFFAG68CA,存仁段,9.32,都市：農
RPTRMLKMNHNFFAG68CA,存仁段,8.41,都市：農
RPPQMLKMNHNFFAG18CA,存仁段,7.79,都市：農
RPPQMLKMNHNFFAG18CA,存仁段,17.92,都市：農
RPPQMLKMNHNFFAG18CA,存仁段,15.60,都市：農
RPPQMLKMNHNFFAG18CA,存仁段,15.42,都市：農
RPPQMLKMNHNFFAG18CA,存仁段,12.76,都市：農
RPPQMLKMNHNFFAG18CA,存仁段,9.32,都市：農
RPPQMLKMNHNFFAG18CA,存仁段,8.41,都市：農
RPXPMLKMNHNFFAG88CA,存仁段,25.24,都市：農
RPWPMLKMNHNFFAG78CA,存仁段,3.51,都市：農
RPWPMLKMNHNFFAG78CA,存仁段,8.07,都市：農
RPWPMLKMNHNFFAG78CA,存仁段,7.02,都市：農
RPWPMLKMNHNFFAG78CA,存仁段,6.94,都市：農
RPWPMLKMNHNFFAG78CA,存仁段,5.74,都市：農
RPWPMLKMNHNFFAG78CA,存仁段,4.19,都市：農
RPWPMLKMNHNFFAG78CA,存仁段,3.78,都市：農
RPRSMLKMNHNFFAG58CA,存仁段,25.24,都市：農
RPRSMLKMNHNFFAG58CA,存仁段,58.07,都市：農
RPRSMLKMNHNFFAG58CA,存仁段,50.53,都市：農
RPRSMLKMNHNFFAG58CA,存仁段,49.95,都市：農
RPPSMLKMNHNFFAG38CA,存仁段,21.78,都市：農
RPPSMLKMNHNFFAG38CA,存仁段,18.73,都市：農
RPPSMLKMNHNFFAG38CA,存仁段,10.22,都市：農
RPWRMLKMNHNFFAG98CA,存仁段,7.26,都市：農
RPWRMLKMNHNFFAG98CA,存仁段,6.24,都市：農
RPWRMLKMNHNFFAG98CA,存仁段,3.41,都市：農
RPOSMLKMNHNFFAG28CA,存仁段,21.78,都市：農
RPOSMLKMNHNFFAG28CA,存仁段,18.73,都市：農
RPOSMLKMNHNFFAG28CA,存仁段,10.22,都市：農
RPXRMLKMNHNFFAG09CA,存仁段,7.26,都市：農
RPXRMLKMNHNFFAG09CA,存仁段,6.24,都市：農
RPXRMLKMNHNFFAG09CA,存仁段,3.41,都市：農
RPTOMLOLNHNFFBG78CA,新公園段,116.12,都市：住
RPOOMLSJOHNFFAG48CA,群英段,73.03,都市：住
RPQPMLPLNHNFFBG68CA,武暖段,41.67,非都市：特定農業區 ; 非都市編定：甲種建築用地
RPQOMLRJOHNFFAG58CA,東安段,7.80,都市：住
RPQOMLRJOHNFFAG58CA,東安段,.30,都市：住
RPTPMLRJOHNFFAG98CA,百福段,20.53,都市：住
RPTPMLRJOHNFFAG98CA,百福段,6.66,都市：住
RPWOMLOLNHNFFBG09CA,溫泉段,92.12,都市：住
RPWOMLOLNHNFFBG09CA,溫泉段,20.63,都市：住
RPWOMLRJOHNFFAG56CA,大吉二段,37.58,非都市：一般農業區 ; 非都市編定：甲種建築用地
RPPOMLPLNHNFFBG48CA,巽門一段,23.30,都市：商
RPSOMLNLNHNFFBG58CA,金六結段七結小段,46.58,都市：住
RPSNMLPLNHNFFBG68CA,新公園段,279.91,都市：住
RPSPMLPLNHNFFBG88CA,武暖段,70.10,非都市：特定農業區 ; 非都市編定：甲種建築用地
RPVPMLPLNHNFFBG56CA,艮門三段,9.11,都市：商
RPVPMLPLNHNFFBG56CA,艮門三段,36.56,都市：住
RPQOMLNLNHNFFBG38CA,新店段,5.53,都市：商
RPOPMLPLNHNFFBG48CA,艮門三段,7.09,都市：商
RPQOMLNLNHNFFBG38CA,新店段,.58,都市：其他
RPOPMLPLNHNFFBG48CA,艮門三段,28.46,都市：住
RPRNMLSLNHNFFBG88CA,艮門三段,3.84,都市：商
RPRNMLSLNHNFFBG88CA,艮門三段,15.42,都市：住
SPVNMLSLNHNFFBG76CA,艮門三段,4.68,都市：商
SPVNMLSLNHNFFBG76CA,艮門三段,18.79,都市：住
RPPNMLSLNHNFFBG68CA,金六結一段,42.42,都市：住
RPUNMLSLNHNFFBG56CA,艮門三段,4.68,都市：商
RPUNMLSLNHNFFBG56CA,艮門三段,18.79,都市：住
SPRNMLSLNHNFFBG98CA,艮門三段,3.84,都市：商
SPRNMLSLNHNFFBG98CA,艮門三段,15.42,都市：住
RPVNMLSLNHNFFBG66CA,艮門三段,7.09,都市：商
RPVNMLSLNHNFFBG66CA,艮門三段,28.46,都市：住
RPQQMLPLNHNFFBG78CA,艮門三段,9.04,都市：商
RPQQMLPLNHNFFBG78CA,艮門三段,36.26,都市：住
RPQNMLSLNHNFFBG78CA,艮門三段,9.40,都市：商
RPQNMLSLNHNFFBG78CA,艮門三段,37.71,都市：住
RPTNMLSLNHNFFBG09CA,艮門三段,4.72,都市：商
RPTNMLSLNHNFFBG09CA,艮門三段,18.94,都市：住
RPSNMLSLNHNFFBG98CA,艮門三段,4.72,都市：商
RPSNMLSLNHNFFBG98CA,艮門三段,18.94,都市：住
RPRQMLPLNHNFFBG88CA,艮門三段,3.84,都市：商
RPRQMLPLNHNFFBG88CA,艮門三段,15.42,都市：住
RPSQMLPLNHNFFBG98CA,艮門三段,3.84,都市：商
RPSQMLPLNHNFFBG98CA,艮門三段,15.42,都市：住
RPSNMLNLNHNFFBG58DA,拔雅林五段,333.47,都市：工
RPSNMLNLNHNFFBG58DA,拔雅林五段,53.26,都市：其他
RPSNMLNLNHNFFBG58DA,拔雅林五段,6.28,都市：農
RPXNMLTLNHNFFBG96CA,新店段,8.99,都市：商
RPXNMLTLNHNFFBG96CA,新店段,.77,都市：其他
RPXNMLTLNHNFFBG96CA,新店段,3.71,都市：住
RPWPMLOKOHNFFBG56CA,公園段,27.16,都市：其他
RPVTMLSJOHNFFBG17CA,黎明段,157.54,都市：住
RPWNMLMLNHNFFBG88DA,港口段,330.50,都市：其他
RPSOMLPJOHNFFBG68CA,玉光一段,1121.81,非都市：特定農業區 ; 非都市編定：甲種建築用地
RPSNMLLLNHNFFBG48EA,深福段,16.50,非都市：特定農業區 ; 非都市編定：甲種建築用地
RPSNMLLLNHNFFBG48EA,深福段,74.25,非都市：特定農業區 ; 非都市編定：甲種建築用地
RPUOMLOLNHNFFBG88CA,金六結段金結小段,24.36,都市：住
RPVOMLMLNHNFFBG98EA,五峰段,9.73,都市：住
RPQOMLPLNHNFFBG58CA,龍泉段,43.88,都市：住
RPQNMLKMNHNFFBG08CA,金六結段金結小段,100.47,都市：住
RPQNMLKMNHNFFBG08CA,金六結段金結小段,34.98,都市：住
RPVOMLLMNHNFFBG78CA,珍子滿力段擺厘小段,27.00,都市：住
RPPPMLMLNHNFFBG48EA,黎明段,10.86,都市：商
RPQNMLLMNHNFFBG18CA,金古段,34.38,都市：住
RPSNMLSLNHNFFAG88CA,梅花段,10.10,非都市：特定農業區 ; 非都市編定：農牧用地
RPRQMLKMNHNFFAG38CA,中福段,1400.00,都市：工
RPRQMLKMNHNFFAG38CA,中福段,916.00,都市：工
RPRQMLKMNHNFFAG38CA,中福段,365.00,都市：工
RPUNMLNLNHNFFAG58CA,東興段,139.00,非都市：工業區 ; 非都市編定：丁種建築用地
RPQOMLQJOHNFFAG48CA,柯林三段,1100.28,非都市：特定農業區 ; 非都市編定：農牧用地
RPROMLNLNHNFFAG38CA,中里段,80.60,都市：農
RPROMLNLNHNFFAG38CA,中里段,88.48,都市：農
RPWNMLKLOHNFFAG78EA,學進段,420.63,都市：住
RPSNMLMKOHNFFBG38CA,龍泉段,43.88,都市：住
RPWNMLNLNHNFFAG78CA,大埤段,117.48,都市：其他
RPUNMLPLNHNFFAG78CA,福興段,281.10,非都市：特定農業區 ; 非都市編定：農牧用地
RPXNMLNLNHNFFAG88CA,隆昌段,21.42,都市：住
RPXNMLNLNHNFFAG88CA,隆昌段,55.88,都市：住
RPXNMLNLNHNFFAG88CA,隆昌段,11.33,都市：住
RPSOMLOLNHNFFAG58CA,南澳一段,272.44,都市：住
RPUNMLOLNHNFFAG68CA,柯林三段,52.67,非都市：特定農業區 ; 非都市編定：甲種建築用地
RPUNMLOLNHNFFAG68CA,柯林三段,125.02,非都市：特定農業區 ; 非都市編定：甲種建築用地
RPSRMLKMNHNFFAG58CA,福和段,3794.35,非都市：特定農業區 ; 非都市編定：農牧用地
RPSNMLLJOHNFFAG08CA,萬貴段,22.20,非都市：特定農業區 ; 非都市編定：甲種建築用地
RPSNMLLJOHNFFAG08CA,萬貴段,211.19,非都市：特定農業區 ; 非都市編定：甲種建築用地
RPWOMLOLNHNFFAG98CA,國華段,3.97,都市：住
RPVOMLOLNHNFFAG88CA,信義段,5.25,都市：商
RPPOMLOLNHNFFAG28CA,東興段,6612.00,非都市：工業區 ; 非都市編定：丁種建築用地
RPXNMLLMNHNFFAG78CA,三結段,378.00,都市：農
RPPNMLLMNHNFFAG97CA,北成段,53.33,都市：住
RPUOMLTLNHNFFAG66CA,內城段,972.13,非都市：山坡地保育區 ; 非都市編定：農牧用地
RPUOMLTLNHNFFAG66CA,北成一段,32.60,非都市：特定農業區 ; 非都市編定：農牧用地
RPUOMLTLNHNFFAG66CA,北成一段,56.87,非都市：特定農業區 ; 非都市編定：農牧用地
RPUOMLTLNHNFFAG66CA,北成一段,24.02,非都市：特定農業區 ; 非都市編定：農牧用地
RPWOMLLMNHNFFBG88CA,和平段,1653.16,都市：住
RPVNMLOLNHNFFBG88CA,金六結段七結小段,107.00,都市：住
RPPPMLOLNHNFFBG48CA,忠義段,10.52,都市：住
RPROMLOLNHNFFBG58CA,玉石段,.48,都市：其他
RPROMLOLNHNFFBG58CA,玉石段,9.91,都市：住
RPPOMLTLNHNFFAG78CA,福興段,20.00,非都市：特定農業區 ; 非都市編定：甲種建築用地
RPPOMLTLNHNFFAG78CA,福興段,84.08,非都市：特定農業區 ; 非都市編定：甲種建築用地
RPPOMLTLNHNFFAG78CA,福興段,92.00,非都市：特定農業區 ; 非都市編定：農牧用地
RPQNMLKLOHNFFAG97CA,新日興段,3.46,非都市：特定農業區 ; 非都市編定：甲種建築用地
RPQNMLKLOHNFFAG97CA,新日興段,16.80,非都市：特定農業區 ; 非都市編定：甲種建築用地
RPQNMLKLOHNFFAG97CA,新日興段,87.05,非都市：特定農業區 ; 非都市編定：甲種建築用地
RPSNMLKLOHNFFAG18CA,新日興段,3.46,非都市：特定農業區 ; 非都市編定：甲種建築用地
RPSNMLKLOHNFFAG18CA,新日興段,16.50,非都市：特定農業區 ; 非都市編定：甲種建築用地
RPSNMLKLOHNFFAG18CA,新日興段,87.51,非都市：特定農業區 ; 非都市編定：甲種建築用地
RPVPMLOJOHNFFBG98CA,金六結段七結小段,553.00,都市：住
RPVPMLOJOHNFFBG98CA,金六結段七結小段,90.00,都市：住
RPVPMLOJOHNFFBG98CA,金六結段七結小段,12.36,都市：住
RPVPMLOJOHNFFBG98CA,金六結段七結小段,947.50,都市：住
RPTPMLOJOHNFFBG78CA,金六結段七結小段,276.50,都市：住
RPTPMLOJOHNFFBG78CA,金六結段七結小段,6.18,都市：住
RPTPMLOJOHNFFBG78CA,金六結段七結小段,473.75,都市：住
RPUPMLOJOHNFFBG88CA,金六結段七結小段,276.50,都市：住
RPUPMLOJOHNFFBG88CA,金六結段七結小段,6.18,都市：住
RPUPMLOJOHNFFBG88CA,金六結段七結小段,473.75,都市：住
RPQOMLTLNHNFFBG98CA,艮門一段,35.54,都市：住
RPSOMLPLNHNFFBG78CA,中興段,26.63,都市：住
RPSOMLPLNHNFFBG78CA,中興段,102.07,都市：住
RPPNMLNJOHNFFBG08CA,十六結新段,1214.02,非都市：特定農業區 ; 非都市編定：農牧用地
RPUQMLPLNHNFFBG56CA,功勞段,83.00,非都市：特定農業區 ; 非都市編定：甲種建築用地
RPUQMLPLNHNFFBG56CA,功勞段,11.21,非都市：特定農業區 ; 非都市編定：農牧用地
RPUQMLPLNHNFFBG56CA,功勞段,1.52,非都市：特定農業區 ; 非都市編定：甲種建築用地
RPUQMLPLNHNFFBG56CA,功勞段,15.00,非都市：特定農業區 ; 非都市編定：甲種建築用地
RPUQMLPLNHNFFBG56CA,功勞段,15.00,非都市：特定農業區 ; 非都市編定：甲種建築用地
RPRNMLPLNHNFFAG68EA,國華段,100.00,都市：住
RPQQMLKMNHNFFAG48EA,大元段,3790.00,非都市：山坡地保育區 ; 非都市編定：農牧用地
RPPOMLOJOHNFFBG28CA,水源段,39.58,非都市：特定農業區 ; 非都市編定：甲種建築用地
RPTNMLPLNHNFFBG98EA,慶安段,902.18,非都市：一般農業區 ; 非都市編定：農牧用地
RPUNMLPLNHNFFBG09EA,建蘭段,115.00,都市：農
RPWNMLTLNHNFFBG86CA,新洲子段,1461.43,非都市：特定農業區 ; 非都市編定：農牧用地
RPUNMLTLNHNFFBG76DA,新金面段,1810.23,非都市：特定農業區 ; 非都市編定：農牧用地
RPTNMLRJOHNFFAG98EA,國華段,435.00,都市：住
RPOOMLSLNHNFFBG78DA,民權段,327.67,非都市：特定農業區 ; 非都市編定：農牧用地
RPOOMLSLNHNFFBG78DA,民權段,268.67,非都市：特定農業區 ; 非都市編定：農牧用地
RPPNMLPLNHNFFAG48EA,大隱段,52.00,非都市：特定農業區 ; 非都市編定：甲種建築用地
RPPNMLPLNHNFFAG48EA,大隱段,18.20,非都市：特定農業區 ; 非都市編定：甲種建築用地
RPQOMLSLNHNFFBG88CA,乾門一段,75.11,都市：住
RPRNMLOJOHNFFBG38CA,德陽段,15.56,非都市：特定農業區 ; 非都市編定：甲種建築用地
RPRNMLOJOHNFFBG38CA,德陽段,5.78,非都市：特定農業區 ; 非都市編定：甲種建築用地
RPWRMLOJOHNFFBG66CA,深惠段,52.19,非都市：鄉村區 ; 非都市編定：乙種建築用地
RPWRMLOJOHNFFBG66CA,深惠段,25.29,非都市：鄉村區 ; 非都市編定：乙種建築用地
RPPOMLKLOHNFFAG97CA,新日興段,82.36,非都市：特定農業區 ; 非都市編定：甲種建築用地
RPPOMLKLOHNFFAG97CA,新日興段,3.46,非都市：特定農業區 ; 非都市編定：甲種建築用地
RPPOMLKLOHNFFAG97CA,新日興段,17.10,非都市：特定農業區 ; 非都市編定：甲種建築用地
RPWOMLRJOHNFFBG66CA,協天段,10.40,都市：住
RPXNMLKLOHNFFAG68CA,新日興段,3.46,非都市：特定農業區 ; 非都市編定：甲種建築用地
RPXNMLKLOHNFFAG68CA,新日興段,15.60,非都市：特定農業區 ; 非都市編定：甲種建築用地
RPXNMLKLOHNFFAG68CA,新日興段,85.05,非都市：特定農業區 ; 非都市編定：甲種建築用地
RPVOMLPJOHNFFAG88CA,文化段,47.09,都市：住
RPTRMLOJOHNFFBG98CA,深惠段,55.69,非都市：鄉村區 ; 非都市編定：乙種建築用地
RPTRMLOJOHNFFBG98CA,深惠段,25.29,非都市：鄉村區 ; 非都市編定：乙種建築用地
RPOOMLPLNHNFFBG38CA,湯仔城段,3.15,都市：商
RPOOMLPLNHNFFBG38CA,湯仔城段,5.28,都市：商
RPPNMLTJOHNFFAG58CA,仁愛一段,359.65,非都市：特定農業區 ; 非都市編定：農牧用地
RPRRMLOJOHNFFBG78CA,深惠段,55.17,非都市：鄉村區 ; 非都市編定：乙種建築用地
RPRRMLOJOHNFFBG78CA,深惠段,.55,非都市：鄉村區 ; 非都市編定：乙種建築用地
RPRRMLOJOHNFFBG78CA,深惠段,24.74,非都市：鄉村區 ; 非都市編定：乙種建築用地
RPORMLOJOHNFFBG48CA,深惠段,2.19,非都市：鄉村區 ; 非都市編定：乙種建築用地
RPORMLOJOHNFFBG48CA,深惠段,53.73,非都市：鄉村區 ; 非都市編定：乙種建築用地
RPORMLOJOHNFFBG48CA,深惠段,23.11,非都市：鄉村區 ; 非都市編定：乙種建築用地
RPVRMLOJOHNFFBG56CA,深惠段,54.99,非都市：鄉村區 ; 非都市編定：乙種建築用地
RPVRMLOJOHNFFBG56CA,深惠段,25.29,非都市：鄉村區 ; 非都市編定：乙種建築用地
RPRPMLRJOHNFFAG78CA,國華段,3.97,都市：住
RPTPMLSLNHNFFAG56CA,頂寮段,585.05,非都市：工業區 ; 非都市編定：丁種建築用地
RPTPMLSLNHNFFAG56CA,頂寮段,2.42,非都市：工業區 ; 非都市編定：丁種建築用地
RPTPMLSLNHNFFAG56CA,頂寮段,702.51,非都市：工業區 ; 非都市編定：丁種建築用地
RPTPMLSLNHNFFAG56CA,利工段,184.43,非都市：工業區 ; 非都市編定：丁種建築用地
RPTPMLSLNHNFFAG56CA,利工段,185.87,非都市：工業區 ; 非都市編定：丁種建築用地
RPROMLPLNHNFFBG68CA,梅洲段,17.00,非都市：特定農業區 ; 非都市編定：甲種建築用地
RPROMLPLNHNFFBG68CA,梅洲段,86.00,非都市：特定農業區 ; 非都市編定：甲種建築用地
RPWNMLKLOHNFFAG58CA,新日興段,3.46,非都市：特定農業區 ; 非都市編定：甲種建築用地
RPWNMLKLOHNFFAG58CA,新日興段,6.64,非都市：特定農業區 ; 非都市編定：甲種建築用地
RPWNMLKLOHNFFAG58CA,新日興段,109.88,非都市：特定農業區 ; 非都市編定：甲種建築用地
RPVOMLTLNHNFFAG76CA,大吉二段,73.78,非都市：鄉村區 ; 非都市編定：乙種建築用地
RPXNMLTLNHNFFAG86CA,北成一段,76.09,非都市：特定農業區 ; 非都市編定：甲種建築用地
RPRNMLTLNHNFFAG88CA,福和段,252.09,非都市：鄉村區 ; 非都市編定：乙種建築用地
RPRNMLSLNHNFFAG78CA,興東段,64.00,都市：住
RPOOMLOJOHNFFAG08CA,東和段,71.87,都市：工
RPOOMLOJOHNFFAG08CA,東和段,99.12,都市：工
RPWNMLPLNHNFFBG09CA,湯仔城段,3.43,都市：商
RPWNMLPLNHNFFBG09CA,湯仔城段,5.76,都市：商
RPQOMLPLNHNFFAG48CA,中山段,20.00,非都市：一般農業區 ; 非都市編定：農牧用地
RPQOMLPLNHNFFAG48CA,中山段,2538.00,非都市：一般農業區 ; 非都市編定：農牧用地
RPPNMLTLNHNFFAG68CA,東安段,61.00,都市：住
RPQOMLSLNHNFFAG78CA,東安段,28.75,非都市：特定農業區 ; 非都市編定：甲種建築用地
RPSNMLTLNHNFFAG98CA,義成一段,29.52,非都市：特定農業區 ; 非都市編定：甲種建築用地
RPSNMLTLNHNFFAG98CA,義成一段,83.67,非都市：特定農業區 ; 非都市編定：甲種建築用地
RPVPMLSLNHNFFAG76CA,隆昌段,73.71,都市：住
RPVPMLSLNHNFFAG76CA,隆昌段,11.62,都市：住
RPQOMLKLOHNFFAG08CA,新日興段,21.00,非都市：特定農業區 ; 非都市編定：甲種建築用地
RPQOMLKLOHNFFAG08CA,新日興段,85.60,非都市：特定農業區 ; 非都市編定：甲種建築用地
RPQOMLKLOHNFFAG08CA,新日興段,3.46,非都市：特定農業區 ; 非都市編定：甲種建築用地
RPRNMLLJOHNFFAG97CA,中華段,130.00,都市：商
RPVNMLSLNHNFFAG56CA,中華段,46.55,都市：住
RPQNMLPLNHNFFAG38CA,永吉段,14.40,非都市：特定農業區 ; 非都市編定：甲種建築用地
RPQNMLPLNHNFFAG38CA,永吉段,84.47,非都市：特定農業區 ; 非都市編定：甲種建築用地
RPPNMLPLNHNFFAG28CA,永吉段,104.54,非都市：特定農業區 ; 非都市編定：甲種建築用地
SPQOMLSJOHNFFAG78CA,南昌段,20.50,都市：住
SPQOMLSJOHNFFAG78CA,南昌段,7.72,都市：住
RPPOMLSJOHNFFAG58CA,東興段,13908.00,非都市：工業區 ; 非都市編定：丁種建築用地
RPOQMLPLNHNFFBG58CA,協天段,14.20,都市：住
RPSOMLTLNHNFFBG56CA,艮門一段,34.58,都市：住
RPVNMLKLOHNFFAG48CA,新日興段,3.46,非都市：特定農業區 ; 非都市編定：甲種建築用地
RPVNMLKLOHNFFAG48CA,新日興段,15.60,非都市：特定農業區 ; 非都市編定：甲種建築用地
RPVNMLKLOHNFFAG48CA,新日興段,88.25,非都市：特定農業區 ; 非都市編定：甲種建築用地
RPQOMLSJOHNFFAG68CA,南昌段,20.50,都市：住
RPQOMLSJOHNFFAG68CA,南昌段,7.72,都市：住
RPQNMLQKOHNFFAG48CA,群英段,79.24,都市：住
RPVNMLKMNHNFFBG58CA,龍泉段,51.29,都市：住
RPPNMLQKOHNFFAG38CA,群英段,93.66,都市：住
RPPNMLQKOHNFFAG38CA,群英段,13.70,都市：住
RPSNMLQKOHNFFAG68CA,群英段,64.24,都市：住
RPSRMLOJOHNFFBG88CA,五峰段,11.99,都市：住
RPQRMLOJOHNFFBG68CA,五峰段,8.34,都市：住
RPXPMLOJOHNFFBG56CA,深惠段,75.54,非都市：鄉村區 ; 非都市編定：乙種建築用地
RPXPMLOJOHNFFBG56CA,深惠段,25.29,非都市：鄉村區 ; 非都市編定：乙種建築用地
RPRQMLOJOHNFFBG68CA,深惠段,104.98,非都市：鄉村區 ; 非都市編定：乙種建築用地
RPRQMLOJOHNFFBG68CA,深惠段,25.29,非都市：鄉村區 ; 非都市編定：乙種建築用地
RPXQMLOJOHNFFBG66CA,深惠段,2.19,非都市：鄉村區 ; 非都市編定：乙種建築用地
RPXQMLOJOHNFFBG66CA,深惠段,47.42,非都市：鄉村區 ; 非都市編定：乙種建築用地
RPXQMLOJOHNFFBG66CA,深惠段,24.78,非都市：鄉村區 ; 非都市編定：乙種建築用地
RPOQMLOJOHNFFBG38CA,深惠段,79.33,非都市：鄉村區 ; 非都市編定：乙種建築用地
RPOQMLOJOHNFFBG38CA,深惠段,25.29,非都市：鄉村區 ; 非都市編定：乙種建築用地
RPQQMLOJOHNFFBG58CA,深惠段,72.22,非都市：鄉村區 ; 非都市編定：乙種建築用地
RPQQMLOJOHNFFBG58CA,深惠段,25.29,非都市：鄉村區 ; 非都市編定：乙種建築用地
RPWPMLOJOHNFFBG09CA,深惠段,25.29,非都市：鄉村區 ; 非都市編定：乙種建築用地
RPWPMLOJOHNFFBG09CA,深惠段,69.90,非都市：鄉村區 ; 非都市編定：乙種建築用地
RPWQMLOJOHNFFBG56CA,深惠段,2.19,非都市：鄉村區 ; 非都市編定：乙種建築用地
RPWQMLOJOHNFFBG56CA,深惠段,47.67,非都市：鄉村區 ; 非都市編定：乙種建築用地
RPWQMLOJOHNFFBG56CA,深惠段,24.32,非都市：鄉村區 ; 非都市編定：乙種建築用地
RPSOMLOJOHNFFBG58CA,深惠段,33.15,非都市：鄉村區 ; 非都市編定：乙種建築用地
RPSOMLOJOHNFFBG58CA,深惠段,61.77,非都市：鄉村區 ; 非都市編定：乙種建築用地
RPTOMLOJOHNFFBG68CA,深惠段,28.56,非都市：鄉村區 ; 非都市編定：乙種建築用地
RPTOMLOJOHNFFBG68CA,深惠段,53.17,非都市：鄉村區 ; 非都市編定：乙種建築用地
RPVQMLOJOHNFFBG09CA,深惠段,60.50,非都市：鄉村區 ; 非都市編定：乙種建築用地
RPVQMLOJOHNFFBG09CA,深惠段,25.29,非都市：鄉村區 ; 非都市編定：乙種建築用地
RPQNMLQKOHNFFBG58CA,公園段,32.84,都市：其他
RPXOMLOJOHNFFBG09CA,深惠段,33.15,非都市：鄉村區 ; 非都市編定：乙種建築用地
RPXOMLOJOHNFFBG09CA,深惠段,61.83,非都市：鄉村區 ; 非都市編定：乙種建築用地
RPQNMLLJOHNFFAG08EA,猴猴段,110.18,非都市：鄉村區 ; 非都市編定：乙種建築用地
RPOOMLTKOHNFFAG88EA,新群一段,12.76,非都市：特定農業區 ; 非都市編定：甲種建築用地
RPRQMLKMNHNFFAG58EA,文化段,365.34,都市：住
RPRQMLKMNHNFFAG58EA,文化段,44.36,都市：其他
RPRQMLKMNHNFFAG58EA,文化段,597.04,都市：住
RPSQMLKMNHNFFAG68EA,文化段,712.50,都市：住
RPSQMLKMNHNFFAG68EA,文化段,48.80,都市：其他
RPSQMLKMNHNFFAG68EA,文化段,346.05,都市：住
RPOPMLOJOHNFFBG28CA,深惠段,33.15,非都市：鄉村區 ; 非都市編定：乙種建築用地
RPOPMLOJOHNFFBG28CA,深惠段,45.53,非都市：鄉村區 ; 非都市編定：乙種建築用地
RPPPMLOJOHNFFBG38CA,深惠段,33.15,非都市：鄉村區 ; 非都市編定：乙種建築用地
RPPPMLOJOHNFFBG38CA,深惠段,46.63,非都市：鄉村區 ; 非都市編定：乙種建築用地
RPWNMLKMNHNFFBG78DA,新打馬煙段,96.74,非都市：鄉村區 ; 非都市編定：乙種建築用地
RPRNMLPJOHNFFBG68EA,壯濱二段,69.04,非都市：一般農業區 ; 非都市編定：農牧用地
RPRNMLPJOHNFFBG68EA,壯濱二段,6.24,非都市：一般農業區 ; 非都市編定：農牧用地
RPSQMLOJOHNFFBG78CA,深惠段,80.52,非都市：鄉村區 ; 非都市編定：乙種建築用地
RPSQMLOJOHNFFBG78CA,深惠段,25.29,非都市：鄉村區 ; 非都市編定：乙種建築用地
RPXNMLKMNHNFFBG88DA,武營段,133.58,都市：住
RPPNMLTKOHNFFBG78CA,協天段,15.93,都市：住
RPSNMLPLOHNFFBG78CA,玉石段,4.98,都市：商
RPTQMLKMNHNFFAG78EA,文化段,399.01,都市：住
RPTQMLKMNHNFFAG78EA,文化段,70.97,都市：其他
RPTQMLKMNHNFFAG78EA,文化段,1140.67,都市：住
RPVNMLLKOHNFFBG58CA,五峰段,9.67,都市：住
RPVNMLLKOHNFFBG58CA,五峰段,14.51,都市：住
RPXNMLSLNHNFFBG07EA,協天段,8.25,都市：住
RPXNMLSLNHNFFBG07EA,協天段,15.75,都市：住
RPXNMLSLNHNFFBG07EA,協天段,2.08,都市：住
RPRNMLTLNHNFFBG56EA,金六結段七結小段,19.07,都市：住
RPRNMLTLNHNFFBG56EA,金六結段七結小段,.74,都市：住
RPPNMLMLOHNFFBG18CA,金六結段七結小段,2.92,都市：住
RPPNMLMLOHNFFBG18CA,金六結段七結小段,15.33,都市：住
RPPNMLMLOHNFFBG18CA,金六結段七結小段,.40,都市：住
RPPNMLMLOHNFFBG18CA,金六結段七結小段,97.12,都市：住
RPRPMLOJOHNFFBG58CA,金六結段七結小段,25.12,都市：住
RPQPMLOJOHNFFBG48CA,深惠段,20.18,非都市：鄉村區 ; 非都市編定：乙種建築用地
RPQPMLOJOHNFFBG48CA,深惠段,85.30,非都市：鄉村區 ; 非都市編定：乙種建築用地
RPQPMLOJOHNFFBG48CA,深惠段,6.14,非都市：鄉村區 ; 非都市編定：乙種建築用地
RPQNMLSLNHNFFAG88EA,義成二段,9.22,都市：其他
RPQNMLSLNHNFFAG88EA,義成二段,97.70,都市：住
RPVNMLRKOHNFFBG56CA,金六結段七結小段,95.22,都市：住
RPVNMLRKOHNFFBG56CA,金六結段七結小段,2.92,都市：住
RPVNMLRKOHNFFBG56CA,金六結段七結小段,15.03,都市：住
RPVNMLRKOHNFFBG56CA,金六結段七結小段,.40,都市：住
RPWNMLRKOHNFFBG66CA,金六結段七結小段,.40,都市：住
RPWNMLRKOHNFFBG66CA,金六結段七結小段,95.22,都市：住
RPWNMLRKOHNFFBG66CA,金六結段七結小段,2.92,都市：住
RPWNMLRKOHNFFBG66CA,金六結段七結小段,15.03,都市：住
RPXNMLRKOHNFFBG76CA,金六結段七結小段,.40,都市：住
RPXNMLRKOHNFFBG76CA,金六結段七結小段,90.92,都市：住
RPXNMLRKOHNFFBG76CA,金六結段七結小段,2.92,都市：住
RPXNMLRKOHNFFBG76CA,金六結段七結小段,15.03,都市：住
RPUOMLOJOHNFFBG78CA,深惠段,28.56,非都市：鄉村區 ; 非都市編定：乙種建築用地
RPUOMLOJOHNFFBG78CA,深惠段,70.43,非都市：鄉村區 ; 非都市編定：乙種建築用地
RPSPMLOJOHNFFBG68CA,深惠段,21.44,非都市：鄉村區 ; 非都市編定：乙種建築用地
RPSPMLOJOHNFFBG68CA,深惠段,57.32,非都市：鄉村區 ; 非都市編定：乙種建築用地
RPSPMLOJOHNFFBG68CA,深惠段,6.14,非都市：鄉村區 ; 非都市編定：乙種建築用地
RPOOMLRKOHNFFBG58CA,金六結段七結小段,2.92,都市：住
RPOOMLRKOHNFFBG58CA,金六結段七結小段,15.03,都市：住
RPOOMLRKOHNFFBG58CA,金六結段七結小段,97.50,都市：住
RPOOMLRKOHNFFBG58CA,金六結段七結小段,.40,都市：住
RPXRMLOJOHNFFBG76CA,公園段,18.98,都市：其他
RPVOMLOJOHNFFBG88CA,深惠段,63.06,非都市：鄉村區 ; 非都市編定：乙種建築用地
RPVOMLOJOHNFFBG88CA,深惠段,21.05,非都市：鄉村區 ; 非都市編定：乙種建築用地
RPVOMLOJOHNFFBG88CA,深惠段,6.14,非都市：鄉村區 ; 非都市編定：乙種建築用地
RPPOMLTLNHNFFBG88CA,金泰段,11.06,都市：住
RPRNMLLMNHNFFBG28CA,實踐段,2696.00,非都市：特定農業區 ; 非都市編定：農牧用地
RPRNMLLMNHNFFBG28CA,實踐段,1004.00,非都市：特定農業區 ; 非都市編定：農牧用地
RPWOMLPJOHNFFBG09CA,公園段,16.96,都市：其他
RPRNMLNKOHNFFBG38CA,新福段,22.12,非都市：特定農業區 ; 非都市編定：甲種建築用地
RPRNMLNKOHNFFBG38CA,新福段,16.52,非都市：特定農業區 ; 非都市編定：農牧用地
RPRNMLNKOHNFFBG38CA,新福段,20.43,非都市：特定農業區 ; 非都市編定：農牧用地
RPRNMLNKOHNFFBG38CA,新福段,86.00,非都市：特定農業區 ; 非都市編定：甲種建築用地
RPRNMLNKOHNFFBG38CA,新福段,21.44,非都市：特定農業區 ; 非都市編定：甲種建築用地
RPRNMLNKOHNFFBG38CA,新福段,1.96,非都市：特定農業區 ; 非都市編定：甲種建築用地
RPRQMLTLNHNFFBG66CA,宜商段,23.11,都市：住
RPUOMLNKOHNFFBG78CA,新張段,74.00,非都市：鄉村區 ; 非都市編定：乙種建築用地
RPPNMLNKOHNFFBG18CA,宜興段,30.81,都市：住
RPPNMLNKOHNFFBG18CA,宜興段,59.59,都市：住
RPWOMLOJOHNFFBG98CA,深惠段,20.18,非都市：鄉村區 ; 非都市編定：乙種建築用地
RPWOMLOJOHNFFBG98CA,深惠段,54.49,非都市：鄉村區 ; 非都市編定：乙種建築用地
RPWOMLOJOHNFFBG98CA,深惠段,9.78,非都市：鄉村區 ; 非都市編定：乙種建築用地
RPWOMLOJOHNFFBG98CA,深惠段,6.13,非都市：鄉村區 ; 非都市編定：乙種建築用地
RPWOMLOJOHNFFBG98CA,深惠段,6.14,非都市：鄉村區 ; 非都市編定：乙種建築用地
RPWPMLTLNHNFFBG07CA,金六結段金結小段,10.00,都市：住
RPWPMLTLNHNFFBG07CA,金六結段金結小段,29.00,都市：住
RPWPMLTLNHNFFBG07CA,金六結段金結小段,44.00,都市：住
RPVNMLLJOHNFFBG48CA,大里段,102.50,都市：住
RPUNMLLJOHNFFBG38CA,新張段,81.00,非都市：鄉村區 ; 非都市編定：乙種建築用地
RPTQMLTLNHNFFBG86CA,坤門三段,11.14,都市：其他
RPTQMLTLNHNFFBG86CA,坤門三段,39.73,都市：住
RPPNMLTLNHNFFBG78CA,合興段,37.04,都市：商
RPPNMLTLNHNFFBG78CA,合興段,14.08,都市：其他
RPPNMLPJOHNFFAG18CA,大隱段,491.00,非都市：特定農業區 ; 非都市編定：農牧用地
RPPNMLPJOHNFFAG18CA,大隱段,476.50,非都市：特定農業區 ; 非都市編定：農牧用地
RPPPMLRJOHNFFAG58CA,阿里史段張公圍小段,540.00,非都市：山坡地保育區 ; 非都市編定：農牧用地
RPPPMLRJOHNFFAG58CA,阿里史段張公圍小段,4298.00,非都市：山坡地保育區 ; 非都市編定：農牧用地
RPUNMLQJOHNFFAG78CA,萬貴段,1366.00,非都市：特定農業區 ; 非都市編定：農牧用地
RPQNMLKMNHNFFAG97CA,大吉二段,92.29,非都市：鄉村區 ; 非都市編定：乙種建築用地
RPWOMLTLNHNFFAG86CA,蘇港段,14.71,都市：商
RPWOMLTLNHNFFAG86CA,蘇港段,30.02,都市：商
RPTSMLKMNHNFFAG78CA,利工段,4245.76,非都市：工業區 ; 非都市編定：丁種建築用地
RPPNMLQJOHNFFBG38CA,五峰段,14.95,都市：住
RPPNMLKMNHNFFBG97CA,宜商段,33.59,都市：住
RPRNMLOJOHNFFAG28CA,季寶段,416.04,非都市：一般農業區 ; 非都市編定：農牧用地
RPWNMLSLNHNFFBG76CA,金六結段六結小段,69.00,都市：住
RPSSMLKMNHNFFAG68CA,仲岳段,800.00,非都市：山坡地保育區 ; 非都市編定：農牧用地
RPSNMLOJOHNFFAG38CA,季寶段,208.02,非都市：一般農業區 ; 非都市編定：農牧用地
RPXNMLKMNHNFFAG68CA,孝威段,52.00,非都市：鄉村區 ; 非都市編定：乙種建築用地
RPQQMLTLNHNFFBG56CA,金泰段,20.36,都市：農
RPQQMLTLNHNFFBG56CA,金泰段,93.86,都市：農
RPQQMLTLNHNFFBG56CA,金泰段,72.63,都市：農
RPQQMLTLNHNFFBG56CA,金泰段,59.81,都市：農
RPOQMLKMNHNFFAG08CA,信義段,77.00,都市：住
RPXNMLOJOHNFFBG98CA,和睦段,32.97,都市：住
RPXNMLOJOHNFFBG98CA,和睦段,85.91,都市：住
RPUOMLLMNHNFFAG58CA,公正段,10.44,都市：住
RPUOMLLMNHNFFAG58CA,公正段,3.81,都市：住
RPUOMLLMNHNFFAG58CA,公正段,5.24,都市：住
RPUOMLLMNHNFFAG58CA,公正段,5.16,都市：住
RPSPMLRJOHNFFAG88CA,頂寮段,71.51,非都市：工業區 ; 非都市編定：丁種建築用地
RPPOMLKMNHNFFBG08CA,龍泉段,.85,都市：其他
RPRNMLQKOHNFFAG58CA,群英段,55.93,都市：住
RPXNMLQJOHNFFAG09CA,東安段,.40,都市：住
RPXNMLQJOHNFFAG09CA,東安段,7.80,都市：住
RPPNMLMJOHNFFBG97CA,金六結段七結小段,74.00,都市：住
RPPNMLKMNHNFFAG87CA,永吉段,111.32,非都市：特定農業區 ; 非都市編定：甲種建築用地
RPPNMLKMNHNFFAG87CA,永吉段,17.05,非都市：特定農業區 ; 非都市編定：甲種建築用地
RPXTMLSJOHNFFBG37CA,艮門二段,88.21,都市：住
RPPNMLLJOHNFFBG87CA,珍子滿力段擺厘小段,16.04,都市：住
RPPOMLQJOHNFFBG48CA,和平段,30.47,都市：住
RPQPMLTLNHNFFBG09CA,珍子滿力段擺厘小段,12.15,都市：住
RPQOMLOJOHNFFBG38CA,深惠段,.55,非都市：鄉村區 ; 非都市編定：乙種建築用地
RPQOMLOJOHNFFBG38CA,深惠段,56.88,非都市：鄉村區 ; 非都市編定：乙種建築用地
RPQOMLOJOHNFFBG38CA,深惠段,16.94,非都市：鄉村區 ; 非都市編定：乙種建築用地
RPROMLOJOHNFFBG48CA,深惠段,58.69,非都市：鄉村區 ; 非都市編定：乙種建築用地
RPROMLOJOHNFFBG48CA,深惠段,15.69,非都市：鄉村區 ; 非都市編定：乙種建築用地
RPVOMLRKOHNFFBG66CA,烏石港段,22.38,都市：住
RPROMLRKOHNFFBG88CA,烏石港段,22.30,都市：住
RPRNMLKMNHNFFBG18CA,和睦段,35.27,都市：住
RPRNMLLKOHNFFBG18CA,宜商段,14.71,都市：住
RPPPMLRKOHNFFBG78CA,烏石港段,24.95,都市：住
RPQNMLQJOHNFFBG48CA,義結段,58.00,都市：住
RPQOMLRKOHNFFBG78CA,烏石港段,19.64,都市：住
RPTOMLSKOHNFFBG56CA,烏石港段,22.46,都市：住
RPXOMLSKOHNFFBG96CA,烏石港段,24.62,都市：住
RPXNMLPKOHNFFBG56CA,龍泉段,633.82,都市：農
RPOOMLPKOHNFFBG38CA,龍泉段,1195.99,都市：農
RPUOMLSKOHNFFBG66CA,烏石港段,19.64,都市：住
RPUPMLSKOHNFFBG76CA,烏石港段,23.13,都市：住
RPUNMLRKOHNFFBG09CA,烏石港段,19.64,都市：住
RPTNMLRKOHNFFBG98CA,烏石港段,19.64,都市：住
RPQOMLSKOHNFFBG88CA,烏石港段,19.98,都市：住
RPVNMLPKOHNFFBG98CA,振興段,1332.00,都市：農
RPRNMLRKOHNFFBG78CA,烏石港段,19.64,都市：住
RPUNMLQLOHNFFBG09CA,烏石港段,22.63,都市：住
RPVRMLQLOHNFFBG96CA,烏石港段,31.25,都市：住
RPRSMLQLOHNFFBG66CA,烏石港段,70.87,都市：住
RPQQMLQLOHNFFBG98CA,烏石港段,23.54,都市：住
RPQSMLQLOHNFFBG56CA,烏石港段,37.96,都市：住
RPVSMLQLOHNFFBG07CA,烏石港段,32.16,都市：住
RPURMLQLOHNFFBG86CA,烏石港段,45.42,都市：住
RPSSMLQLOHNFFBG76CA,烏石港段,71.62,都市：住
RPTSMLQLOHNFFBG86CA,烏石港段,24.12,都市：住
RPOSMLQLOHNFFBG98CA,烏石港段,23.13,都市：住
RPTRMLQLOHNFFBG76CA,烏石港段,24.37,都市：住
RPQTMLQLOHNFFBG66CA,烏石港段,23.46,都市：住
RPPSMLQLOHNFFBG09CA,烏石港段,71.95,都市：住
RPPTMLQLOHNFFBG56CA,烏石港段,71.86,都市：住
RPRTMLQLOHNFFBG76CA,烏石港段,24.29,都市：住
RPUSMLQLOHNFFBG96CA,烏石港段,23.79,都市：住
RPPNMLRLOHNFFBG68CA,烏石港段,23.54,都市：住
RPQNMLRLOHNFFBG78CA,烏石港段,24.70,都市：住
RPXSMLQLOHNFFBG27CA,烏石港段,72.36,都市：住
RPRNMLRLOHNFFBG88CA,烏石港段,22.13,都市：住
RPWNMLRLOHNFFBG76CA,烏石港段,72.28,都市：住
RPSTMLQLOHNFFBG86CA,烏石港段,24.20,都市：住
RPTNMLRLOHNFFBG09CA,烏石港段,23.71,都市：住
RPTTMLQLOHNFFBG96CA,烏石港段,25.28,都市：住
RPUNMLRLOHNFFBG56CA,烏石港段,24.20,都市：住
RPVOMLRLOHNFFBG76CA,烏石港段,19.64,都市：住
RPTOMLRLOHNFFBG56CA,烏石港段,19.64,都市：住
RPWOMLRLOHNFFBG86CA,烏石港段,19.98,都市：住
RPROMLSLOHNFFBG09CA,烏石港段,19.98,都市：住
RPVNMLRLOHNFFBG66CA,烏石港段,72.28,都市：住
RPQNMLTKOHNFFBG88CA,烏石港段,20.22,都市：住
RPXOMLRLOHNFFBG96CA,烏石港段,37.47,都市：住
RPUPMLOKOHNFFBG98CA,金六結段七結小段,91.00,都市：住
RPTOMLSLOHNFFBG66CA,烏石港段,20.22,都市：住
RPVOMLSLOHNFFBG86CA,烏石港段,19.98,都市：住
RPSNMLTKOHNFFBG09CA,烏石港段,22.21,都市：住
RPSOMLSLOHNFFBG56CA,烏石港段,20.22,都市：住
RPPOMLTKOHNFFBG88CA,烏石港段,24.70,都市：住
RPUNMLTKOHNFFBG66CA,烏石港段,19.98,都市：住
RPQOMLTKOHNFFBG98CA,烏石港段,24.70,都市：住
RPUOMLTKOHNFFBG76CA,烏石港段,71.20,都市：住
RPTOMLTKOHNFFBG66CA,烏石港段,23.79,都市：住
RPWOMLTKOHNFFBG96CA,烏石港段,72.28,都市：住
RPWPMLKMNHNFFAG98EA,五結段,75.17,都市：農
RPWPMLKMNHNFFAG98EA,五結段,328.56,都市：農
RPUNMLLMNHNFFAG68EA,東榮二段,476.07,都市：其他
RPUNMLMLOHNFFBG68CA,烏石港段,72.03,都市：住
RPOQMLKLOHNFFBG18CA,烏石港段,31.41,都市：住
RPQQMLKLOHNFFBG38CA,烏石港段,51.56,都市：住
RPOQMLLLOHNFFBG28CA,烏石港段,44.68,都市：住
RPSPMLKLOHNFFBG48CA,烏石港段,19.98,都市：住
RPUOMLLLOHNFFBG68CA,烏石港段,44.93,都市：住
RPPNMLLKOHNFFBG97CA,龍泉段,.78,都市：農
RPPNMLLKOHNFFBG97CA,龍泉段,50.47,都市：其他
RPPNMLLKOHNFFBG97CA,龍泉段,170.07,都市：農
RPQOMLKMNHNFFBG38EA,女中段,85.40,都市：住
RPXNMLKMNHNFFBG98EA,艮門二段,257.22,都市：其他
RPVPMLLLOHNFFBG88CA,烏石港段,37.22,都市：住
RPOPMLKMNHNFFAG18EA,中華段,33.20,都市：住
RPROMLLLOHNFFBG38CA,湯仔城段,2.29,都市：商
RPROMLLLOHNFFBG38CA,湯仔城段,3.84,都市：商
RPUNMLNKOHNFFBG68CA,宜榮段,1000.00,都市：農
RPVOMLPJOHNFFBG98CA,公園段,.03,都市：其他
RPOOMLKMNHNFFBG18EA,中興段,129.13,都市：住
RPTNMLNKOHNFFBG58CA,宜興段,19.67,都市：商
RPQNMLPJOHNFFAG48EA,公正段,13.66,都市：住
RPQNMLPJOHNFFAG48EA,公正段,1.26,都市：住
RPPOMLPJOHNFFAG28CA,大洲三段,699.78,非都市：鄉村區 ; 非都市編定：乙種建築用地
RPXPMLOKOHNFFBG66CA,金六結段七結小段,.40,都市：住
RPXPMLOKOHNFFBG66CA,金六結段七結小段,2.92,都市：住
RPXPMLOKOHNFFBG66CA,金六結段七結小段,15.03,都市：住
RPXPMLOKOHNFFBG66CA,金六結段七結小段,96.60,都市：住
RPQNMLOJOHNFFAG18CA,二萬五段,1748.31,非都市：特定農業區 ; 非都市編定：農牧用地
RPSOMLQJOHNFFBG78CA,艮門一段,35.54,都市：住
RPOSMLOJOHNFFBG58CA,公園段,18.95,都市：其他
RPSNMLRJOHNFFBG78CA,古結段,256.00,非都市：特定農業區 ; 非都市編定：甲種建築用地
RPOPMLRJOHNFFAG48CA,東安段,7.80,都市：住
RPOPMLRJOHNFFAG48CA,東安段,.30,都市：住
RPVPMLRJOHNFFAG56CA,義成三段,72.39,都市：住
RPVPMLRJOHNFFAG56CA,義成三段,5.51,都市：住
RPTOMLLKOHNFFAG38CA,維揚段,85.00,都市：住
RPSOMLQJOHNFFAG68CA,義成六段,112.50,非都市：特定農業區 ; 非都市編定：甲種建築用地
RPXNMLLMNHNFFBG88CA,深賢段,131.12,非都市：特定農業區 ; 非都市編定：甲種建築用地
RPXNMLLMNHNFFBG88CA,深賢段,.63,非都市：特定農業區 ; 非都市編定：甲種建築用地
RPUPMLRJOHNFFAG09CA,加新段,74.45,非都市：鄉村區 ; 非都市編定：交通用地
RPUPMLRJOHNFFAG09CA,加新段,134.12,非都市：鄉村區 ; 非都市編定：乙種建築用地
RPUPMLRJOHNFFAG09CA,加新段,25.41,非都市：鄉村區 ; 非都市編定：乙種建築用地
RPWNMLSJOHNFFBG66CA,東村段,54.77,都市：住
RPQOMLMKOHNFFAG18CA,健富段,2379.00,非都市：特定農業區 ; 非都市編定：農牧用地
RPOOMLLMNHNFFAG97CA,中山段,1911.00,非都市：一般農業區 ; 非都市編定：農牧用地
RPTNMLQKOHNFFAG78CA,群英段,4.98,都市：住
RPTNMLQKOHNFFAG78CA,群英段,82.63,都市：住
RPTNMLOJOHNFFAG48CA,紅柴林段八王圍小段,1400.00,非都市：一般農業區 ; 非都市編定：農牧用地
RPRNMLOKOHNFFAG38CA,協孝段,19.25,非都市：特定農業區 ; 非都市編定：甲種建築用地
RPRNMLOKOHNFFAG38CA,協孝段,83.42,非都市：特定農業區 ; 非都市編定：甲種建築用地
RPRNMLOKOHNFFAG38CA,協孝段,2.13,非都市：特定農業區 ; 非都市編定：甲種建築用地
RPRNMLOKOHNFFAG38CA,協孝段,.08,非都市：特定農業區 ; 非都市編定：甲種建築用地
RPRNMLOKOHNFFAG38CA,協孝段,3.15,非都市：特定農業區 ; 非都市編定：甲種建築用地
RPTNMLLJOHNFFAG18CA,錦草段,1586.00,非都市：特定農業區 ; 非都市編定：農牧用地
RPWNMLSJOHNFFAG56CA,鹿安一段,3.34,非都市：特定農業區 ; 非都市編定：甲種建築用地
RPWNMLSJOHNFFAG56CA,鹿安一段,17.22,非都市：特定農業區 ; 非都市編定：甲種建築用地
RPROMLOJOHNFFAG38CA,百福段,24.88,都市：住
RPROMLOJOHNFFAG38CA,百福段,.20,都市：住
RPROMLOJOHNFFAG38CA,百福段,.23,都市：農
RPVOMLOJOHNFFAG78CA,拱照段,1400.00,非都市：特定農業區 ; 非都市編定：農牧用地
RPQNMLLMNHNFFAG08CA,北成一段,16.01,非都市：特定農業區 ; 非都市編定：甲種建築用地
RPPNMLOJOHNFFAG08CA,中福段,391.57,都市：工
RPPOMLOJOHNFFAG18CA,北成一段,122.60,非都市：特定農業區 ; 非都市編定：甲種建築用地
RPRNMLPJOHNFFAG38CA,安平段,3556.32,非都市：一般農業區 ; 非都市編定：農牧用地
RPRNMLPJOHNFFAG38CA,安平段,1528.50,非都市：一般農業區 ; 非都市編定：農牧用地
RPRNMLPJOHNFFAG38CA,安平段,1538.05,非都市：一般農業區 ; 非都市編定：農牧用地
RPWNMLMKOHNFFAG68CA,龍德段,18.50,非都市： ; 非都市編定：
RPPNMLLJOHNFFAG77CA,中華段,9.31,都市：商
RPSNMLLMNHNFFAG28CA,永吉段,15.00,非都市：特定農業區 ; 非都市編定：甲種建築用地
RPSNMLLMNHNFFAG28CA,永吉段,88.75,非都市：特定農業區 ; 非都市編定：甲種建築用地
RPVNMLPJOHNFFAG78CA,新奇武荖段,251.46,非都市：特定農業區 ; 非都市編定：農牧用地
RPPNMLMLOHNFFAG08CA,中央段,86.77,都市：住
RPPNMLMLOHNFFAG08CA,中央段,98.14,都市：住
RPPNMLMLOHNFFAG08CA,中央段,24.19,都市：住
RPPNMLOJOHNFFBG18CA,德陽段,44.66,非都市：特定農業區 ; 非都市編定：農牧用地
RPVNMLQJOHNFFAG88CA,學新段,51.07,都市：住
RPPNMLMJOHNFFAG87CA,南富段,439.00,非都市：特定農業區 ; 非都市編定：農牧用地
RPPNMLMJOHNFFAG87CA,南富段,2150.00,非都市：風景區 ; 非都市編定：農牧用地
RPPOMLOKOHNFFAG28CA,中華段,6.08,都市：其他
RPQNMLOJOHNFFBG28CA,中興段,199.90,非都市：特定農業區 ; 非都市編定：農牧用地
RPQNMLOJOHNFFBG28CA,中興段,182.72,非都市：特定農業區 ; 非都市編定：農牧用地
RPTOMLPJOHNFFBG78CA,金泰段,1802.43,都市：農
RPROMLRJOHNFFAG68CA,利工段,4330.49,非都市：工業區 ; 非都市編定：丁種建築用地
RPOOMLPJOHNFFAG18CA,山明段,99.88,都市：住
RPVNMLOJOHNFFAG68CA,中里段,91.58,都市：住
RPVNMLOJOHNFFAG68CA,中里段,17.83,都市：住
RPVNMLOJOHNFFAG68CA,中里段,10.78,都市：住
RPQNMLLJOHNFFBG97CA,公園段,13.35,都市：其他
RPWNMLRJOHNFFBG56CA,延平段,.25,都市：農
RPWNMLRJOHNFFBG56CA,延平段,84.00,都市：農
RPWNMLRJOHNFFBG56CA,延平段,14.00,都市：農
RPWNMLRJOHNFFBG56CA,延平段,8.62,都市：農
RPWNMLRJOHNFFBG56CA,延平段,.38,都市：農
RPWNMLRJOHNFFBG56CA,延平段,.50,都市：農
RPWNMLRJOHNFFBG56CA,延平段,1.75,都市：農
RPWNMLRJOHNFFBG56CA,延平段,91.40,都市：農
RPWNMLRJOHNFFBG56CA,延平段,11.33,都市：農
RPWNMLRJOHNFFBG56CA,延平段,51.06,都市：農
RPQOMLNKOHNFFBG38CA,五峰段,9.04,都市：住
RPQOMLNKOHNFFBG38CA,五峰段,.13,都市：住
RPROMLNKOHNFFBG48CA,五峰段,6.27,都市：住
RPROMLNKOHNFFBG48CA,五峰段,.09,都市：住
RPOOMLPLOHNFFBG48CA,和平段,119.97,都市：住
RPVOMLNKOHNFFBG88CA,三民一段,76.03,非都市：特定農業區 ; 非都市編定：甲種建築用地
RPOOMLOJOHNFFBG28DA,壯濱三段,89.45,非都市：鄉村區 ; 非都市編定：乙種建築用地
RPVOMLNKOHNFFBG88CA,三民一段,45.34,非都市：特定農業區 ; 非都市編定：甲種建築用地
RPOPMLNKOHNFFBG28CA,三民一段,91.63,非都市：特定農業區 ; 非都市編定：甲種建築用地
RPOPMLNKOHNFFBG28CA,三民一段,18.32,非都市：特定農業區 ; 非都市編定：甲種建築用地
RPXOMLNKOHNFFBG09CA,三民一段,91.57,非都市：特定農業區 ; 非都市編定：甲種建築用地
RPXOMLNKOHNFFBG09CA,三民一段,18.74,非都市：特定農業區 ; 非都市編定：甲種建築用地
RPRNMLQJOHNFFBG68DA,枕山一段,31.93,非都市：一般農業區 ; 非都市編定：甲種建築用地
RPRNMLQJOHNFFBG68DA,枕山一段,46.08,非都市：一般農業區 ; 非都市編定：甲種建築用地
RPQNMLPJOHNFFBG58EA,深福段,108.41,非都市：特定農業區 ; 非都市編定：甲種建築用地
RPQNMLPJOHNFFBG58EA,深福段,11.24,非都市：特定農業區 ; 非都市編定：甲種建築用地
