﻿編號,屋齡,建物移轉面積(平方公尺),主要用途,主要建材,建築完成日期,總層數,建物分層
The serial number,room age,building shifting area (square meter),the main use,main building materials,construction completes the date,total layer,building lamination
RPOOMLNLNHNFFAG08CA,43,92.49,住家用,見其他登記事項,64年2月27日,四層,四層
RPTOMLPLNHNFFAG78CA,2,174.73,住家用,見其他登記事項,104年11月6日,三層,一層 二層 三層
RPQPMLSLNHNFFAG88CA,37,105.26,住家用,加強磚造,69年12月31日,二層,一層 二層
RPQPMLSLNHNFFAG88CA,37,104.10,住家用,加強磚造,69年12月30日,二層,一層 二層
RPROMLPLNHNFFAG58CA,37,207.90,住家用,鋼筋混凝土加強磚造,70年2月18日,三層,騎樓 一層 二層 三層
RPPNMLNLNHNFFAG08CA,41,137.97,住家用,鋼筋混凝土造,66年9月23日,三層,一層 二層 三層
RPPNMLSLNHNFFAG58CA,38,116.34,住家用,鋼筋混凝土造,69年10月24日,五層,四層
RPQOMLNLNHNFFAG28CA,22,82.36,住家用,鋼筋混凝土造,85年8月20日,四層,四層
RPQOMLNLNHNFFAG28CA,22,19.24,見其他登記事項,鋼筋混凝土造,85年8月20日,四層,
RPXNMLMLNHNFFAG78CA,22,39.46,住家用,鋼筋混凝土造,85年4月1日,八層,六層
RPXNMLMLNHNFFAG78CA,22,5.22,見其他登記事項,鋼筋混凝土造,85年4月1日,八層,
RPXNMLMLNHNFFAG78CA,22,4.37,見其他登記事項,鋼筋混凝土造,85年4月1日,八層,
RPPOMLMLNHNFFAG08CA,20,100.78,住家用,鋼筋混凝土造,86年12月24日,六層,五層
RPPOMLMLNHNFFAG08CA,20,11.88,見其他登記事項,鋼筋混凝土造,86年12月24日,六層,
RPPOMLMLNHNFFAG08CA,20,23.32,見其他登記事項,鋼筋混凝土造,86年12月24日,六層,
RPOOMLSJOHNFFAG48CA,2,175.45,住家用,見其他登記事項,104年12月29日,三層,一層 二層 三層 見其他登記事項
RPQOMLRJOHNFFAG58CA,22,57.85,住家用,鋼筋混凝土造,85年10月3日,十二層,二層
RPQOMLRJOHNFFAG58CA,22,11.56,見其他登記事項,鋼筋混凝土造,85年10月3日,十二層,
RPQOMLRJOHNFFAG58CA,22,10.68,見其他登記事項,鋼筋混凝土造,85年10月3日,十二層,
RPTPMLRJOHNFFAG98CA,23,112.65,住家用,鋼筋混凝土造,83年12月27日,六層,五層
RPTPMLRJOHNFFAG98CA,23,17.24,見其他登記事項,鋼筋混凝土造,83年12月27日,六層,
RPWOMLOLNHNFFBG09CA,28,141.89,住家用,鋼筋混凝土造,79年7月30日,二層,一層 二層
RPWOMLRJOHNFFAG56CA,23,91.77,住家用,鋼筋混凝土造,84年3月21日,五層,一層
RPWOMLRJOHNFFAG56CA,23,13.55,見其他登記事項,鋼筋混凝土造,84年3月21日,五層,
RPPOMLPLNHNFFBG48CA,22,80.47,住家用,鋼筋混凝土造,84年12月12日,八層,三層
RPPOMLPLNHNFFBG48CA,22,28.57,共有部分,鋼筋混凝土造,84年12月12日,八層,
RPSOMLNLNHNFFBG58CA,35,67.84,住家用,鋼筋混凝土造,72年8月8日,四層,二層
RPSOMLNLNHNFFBG58CA,35,5.16,共有部分,鋼筋混凝土造,72年8月8日,四層,
RPSOMLNLNHNFFBG58CA,35,4.95,共有部分,鋼筋混凝土造,72年8月8日,四層,
RPVPMLPLNHNFFBG56CA,,127.76,見其他登記事項,鋼筋混凝土造,107年1月23日,十四層,十二層
RPVPMLPLNHNFFBG56CA,,120.74,見其他登記事項,鋼筋混凝土造,107年1月23日,十四層,
RPQOMLNLNHNFFBG38CA,22,50.63,住家用,鋼筋混凝土造,84年12月7日,十二層,十二層
RPOPMLPLNHNFFBG48CA,,104.08,見其他登記事項,鋼筋混凝土造,107年1月23日,十四層,七層
RPQOMLNLNHNFFBG38CA,22,12.04,共有部分,鋼筋混凝土造,84年12月7日,,
RPOPMLPLNHNFFBG48CA,,77.63,見其他登記事項,鋼筋混凝土造,107年1月23日,十四層,
RPRNMLSLNHNFFBG88CA,,57.39,見其他登記事項,鋼筋混凝土造,107年1月23日,十一層,十層
RPRNMLSLNHNFFBG88CA,,56.03,見其他登記事項,鋼筋混凝土造,107年1月23日,十四層,
SPVNMLSLNHNFFBG76CA,,65.89,見其他登記事項,鋼筋混凝土造,107年1月23日,十一層,四層
SPVNMLSLNHNFFBG76CA,,60.54,見其他登記事項,鋼筋混凝土造,107年1月23日,十四層,
RPPNMLSLNHNFFBG68CA,14,114.16,住家用,鋼筋混凝土造,93年9月27日,十四層,二層
RPPNMLSLNHNFFBG68CA,14,16.73,共有部分,鋼筋混凝土造,93年9月27日,十四層,
RPPNMLSLNHNFFBG68CA,14,40.27,共有部分,鋼筋混凝土造,93年9月27日,十四層,
RPUNMLSLNHNFFBG56CA,,65.89,見其他登記事項,鋼筋混凝土造,107年1月23日,十一層,十一層
RPUNMLSLNHNFFBG56CA,,60.54,見其他登記事項,鋼筋混凝土造,107年1月23日,十四層,
SPRNMLSLNHNFFBG98CA,,57.39,見其他登記事項,鋼筋混凝土造,107年1月23日,十一層,十一層
SPRNMLSLNHNFFBG98CA,,56.03,見其他登記事項,鋼筋混凝土造,107年1月23日,十四層,
RPVNMLSLNHNFFBG66CA,,104.08,見其他登記事項,鋼筋混凝土造,107年1月23日,十四層,十層
RPVNMLSLNHNFFBG66CA,,77.63,見其他登記事項,鋼筋混凝土造,107年1月23日,十四層,
RPQQMLPLNHNFFBG78CA,,128.12,見其他登記事項,鋼筋混凝土造,107年1月23日,十四層,十三層
RPQQMLPLNHNFFBG78CA,,89.47,見其他登記事項,鋼筋混凝土造,107年1月23日,十四層,
RPQNMLSLNHNFFBG78CA,,172.97,見其他登記事項,鋼筋混凝土造,107年1月23日,十四層,一層 騎樓
RPQNMLSLNHNFFBG78CA,,77.97,見其他登記事項,鋼筋混凝土造,107年1月23日,十四層,
RPTNMLSLNHNFFBG09CA,,69.08,見其他登記事項,鋼筋混凝土造,107年1月23日,十一層,八層
RPTNMLSLNHNFFBG09CA,,60.87,見其他登記事項,鋼筋混凝土造,107年1月23日,十四層,
RPSNMLSLNHNFFBG98CA,,69.08,見其他登記事項,鋼筋混凝土造,107年1月23日,十一層,六層
RPSNMLSLNHNFFBG98CA,,60.87,見其他登記事項,鋼筋混凝土造,107年1月23日,十四層,
RPRQMLPLNHNFFBG88CA,,57.39,見其他登記事項,鋼筋混凝土造,107年1月23日,十一層,四層
RPRQMLPLNHNFFBG88CA,,56.03,見其他登記事項,鋼筋混凝土造,107年1月23日,十四層,
RPSQMLPLNHNFFBG98CA,,57.39,見其他登記事項,鋼筋混凝土造,107年1月23日,十一層,七層
RPSQMLPLNHNFFBG98CA,,56.03,見其他登記事項,鋼筋混凝土造,107年1月23日,十四層,
RPXNMLTLNHNFFBG96CA,24,96.51,見其他登記事項,鋼筋混凝土造,83年4月14日,十二層,十一層
RPXNMLTLNHNFFBG96CA,24,24.50,共有部分,鋼筋混凝土造,83年4月14日,十二層,
RPWPMLOKOHNFFBG56CA,1,41.51,見其他登記事項,鋼筋混凝土造,106年6月28日,十一層,四層
RPWPMLOKOHNFFBG56CA,1,34.38,見其他登記事項,鋼筋混凝土造,106年6月28日,十一層,
RPWPMLOKOHNFFBG56CA,1,7.01,見其他登記事項,鋼筋混凝土造,106年6月28日,十一層,
RPVTMLSJOHNFFBG17CA,18,100.09,住家用,鋼筋混凝土造,89年8月4日,一層,一層
RPSNMLLLNHNFFBG48EA,,172.10,住家用,鋼筋混凝土造,107年2月12日,三層,一層 二層 三層
RPUOMLOLNHNFFBG88CA,23,75.07,住家用,鋼筋混凝土造,84年9月11日,六層,六層
RPUOMLOLNHNFFBG88CA,23,11.52,共有部分,鋼筋混凝土造,84年9月11日,六層,
RPVOMLMLNHNFFBG98EA,22,35.75,住家用,鋼筋混凝土造,85年7月17日,七層,四層
RPVOMLMLNHNFFBG98EA,22,19.55,共有部分,鋼筋混凝土造,85年7月17日,七層,
RPVOMLMLNHNFFBG98EA,22,.38,住家用,鋼筋混凝土造,85年7月17日,七層,
RPVOMLMLNHNFFBG98EA,22,.21,共有部分,鋼筋混凝土造,85年7月17日,七層,
RPQOMLPLNHNFFBG58CA,,65.49,見其他登記事項,鋼筋混凝土造,107年2月8日,五層,三層
RPQOMLPLNHNFFBG58CA,,15.21,見其他登記事項,鋼筋混凝土造,107年2月8日,五層,
RPQOMLPLNHNFFBG58CA,,11.64,見其他登記事項,鋼筋混凝土造,107年2月8日,五層,
RPQNMLKMNHNFFBG08CA,4,266.58,見其他登記事項,鋼筋混凝土造,102年10月31日,三層,一層 二層 三層 見其他登記事項
RPVOMLLMNHNFFBG78CA,23,17.22,共有部分,鋼筋混凝土造,84年2月15日,十二層,
RPVOMLLMNHNFFBG78CA,26,112.87,住家用,鋼筋混凝土造,81年2月15日,十二層,五層
RPVOMLLMNHNFFBG78CA,26,15.51,共有部分,鋼筋混凝土造,81年2月15日,十二層,
RPVOMLLMNHNFFBG78CA,26,38.83,見其他登記事項,鋼筋混凝土造,81年2月15日,十二層,
RPPPMLMLNHNFFBG48EA,26,78.08,住家用,鋼筋混凝土造,81年10月17日,八層,六層
RPPPMLMLNHNFFBG48EA,26,18.54,共有部分,鋼筋混凝土造,81年10月17日,八層,
RPQNMLLMNHNFFBG18CA,19,113.68,住家用,鋼筋混凝土造,88年6月22日,五層,四層
RPQNMLLMNHNFFBG18CA,19,15.12,共有部分,鋼筋混凝土造,88年6月22日,五層,
RPQOMLQJOHNFFAG48CA,7,228.94,農舍,鋼筋混凝土造,100年1月20日,二層,一層 二層
RPQOMLQJOHNFFAG48CA,8,35.36,見其他登記事項,見其他登記事項,99年3月18日,一層,一層
RPWNMLKLOHNFFAG78EA,,399.99,住家用,鋼筋混凝土造,107年3月30日,二層,一層 二層
RPSNMLMKOHNFFBG38CA,,65.49,見其他登記事項,鋼筋混凝土造,107年2月8日,五層,三層
RPSNMLMKOHNFFBG38CA,,15.21,見其他登記事項,鋼筋混凝土造,107年2月8日,五層,
RPSNMLMKOHNFFBG38CA,,11.64,見其他登記事項,鋼筋混凝土造,107年2月8日,五層,
RPWNMLNLNHNFFAG78CA,35,114.60,住家用,鋼筋混凝土加強磚造,71年11月30日,二層,一層 二層 騎樓
RPXNMLNLNHNFFAG88CA,4,258.10,見其他登記事項,鋼筋混凝土造,103年6月5日,四層,一層 二層 三層 四層 地下層 見其他登記事項
RPXNMLNLNHNFFAG88CA,4,27.23,見其他登記事項,鋼筋混凝土造,103年6月5日,四層,
RPSNMLLJOHNFFAG08CA,1,282.08,住家用,見其他登記事項,105年12月19日,三層,一層 二層 三層
RPWOMLOLNHNFFAG98CA,22,37.84,住家用,鋼筋混凝土造,85年8月27日,二十四層,十層
RPWOMLOLNHNFFAG98CA,22,5.30,見其他登記事項,鋼筋混凝土造,85年8月27日,二十四層,
RPWOMLOLNHNFFAG98CA,22,5.60,見其他登記事項,鋼筋混凝土造,85年8月27日,二十四層,
RPVOMLOLNHNFFAG88CA,20,29.50,見其他登記事項,鋼筋混凝土造,86年12月11日,十層,四層
RPVOMLOLNHNFFAG88CA,20,4.82,見其他登記事項,鋼筋混凝土造,86年12月11日,十層,
RPVOMLOLNHNFFAG88CA,20,8.01,見其他登記事項,鋼筋混凝土造,86年12月11日,十層,
RPPOMLOLNHNFFAG28CA,18,559.88,見其他登記事項,鋼筋混凝土造,85年10月14日,三層,一層 二層 三層
RPXNMLLMNHNFFAG78CA,7,209.86,農舍,見其他登記事項,100年5月31日,四層,一層 二層 三層 四層 見其他登記事項
RPPNMLLMNHNFFAG97CA,40,42.10,住家用,鋼筋混凝土加強磚造,66年12月10日,三層,二層
RPPNMLLMNHNFFAG97CA,40,39.65,住家用,鋼筋混凝土加強磚造,66年12月10日,三層,一層
RPPNMLLMNHNFFAG97CA,40,19.72,見其他登記事項,鋼筋混凝土加強磚造,66年12月10日,三層,
RPUOMLTLNHNFFAG66CA,10,189.63,農舍,鋼筋混凝土造,96年12月31日,五層,一層 二層 三層 四層 五層
RPVNMLOLNHNFFBG88CA,16,373.57,住商用,鋼筋混凝土造,91年8月23日,五層,一層 二層 三層 四層 五層 騎樓
RPPPMLOLNHNFFBG48CA,12,41.87,住家用,鋼筋混凝土造,95年9月21日,十四層,八層
RPPPMLOLNHNFFBG48CA,12,6.87,共有部分,鋼筋混凝土造,95年9月21日,十四層,
RPPPMLOLNHNFFBG48CA,12,17.05,共有部分,鋼筋混凝土造,95年9月21日,十四層,
RPPPMLOLNHNFFBG48CA,12,1.15,共有部分,鋼筋混凝土造,95年9月21日,十四層,
RPROMLOLNHNFFBG58CA,22,28.59,住家用,鋼筋混凝土造,85年1月8日,六層,三層
RPROMLOLNHNFFBG58CA,22,8.70,共有部分,鋼筋混凝土造,85年1月8日,六層,
RPROMLOLNHNFFBG58CA,22,4.39,共有部分,鋼筋混凝土造,85年1月8日,六層,
RPPOMLTLNHNFFAG78CA,3,196.13,住家用,見其他登記事項,103年12月10日,三層,一層 二層 三層
RPQNMLKLOHNFFAG97CA,,192.87,住家用,見其他登記事項,107年2月7日,三層,一層 二層 三層
RPSNMLKLOHNFFAG18CA,,192.98,住家用,見其他登記事項,107年2月7日,三層,一層 二層 三層
RPQOMLTLNHNFFBG98CA,1,98.69,見其他登記事項,鋼筋混凝土造,106年6月3日,十二層,三層
RPQOMLTLNHNFFBG98CA,1,22.25,見其他登記事項,鋼筋混凝土造,106年6月3日,十二層,
RPQOMLTLNHNFFBG98CA,1,79.03,見其他登記事項,鋼筋混凝土造,106年6月3日,十二層,
RPSOMLPLNHNFFBG78CA,1,203.22,見其他登記事項,鋼筋混凝土造,106年6月8日,三層,一層 二層 三層 見其他登記事項
RPUQMLPLNHNFFBG56CA,10,180.14,住家用,鋼筋混凝土造,97年5月5日,三層,一層 二層 三層
RPPOMLOJOHNFFBG28CA,37,45.01,住家用,鋼筋混凝土加強磚造,70年8月29日,二層,一層 二層
RPPNMLPLNHNFFAG48EA,21,89.42,見其他登記事項,鋼筋混凝土造,86年4月8日,二層,一層 二層
RPRNMLOJOHNFFBG38CA,6,42.21,見其他登記事項,鋼筋混凝土造,101年5月2日,四層,二層
RPRNMLOJOHNFFBG38CA,6,12.15,見其他登記事項,鋼筋混凝土造,101年5月2日,四層,
RPTOMLTLNHNFFBG76DA,16,220.47,住家用,鋼筋混凝土造,90年11月27日,三層,一層 二層 三層 騎樓
RPWRMLOJOHNFFBG66CA,,180.41,見其他登記事項,鋼筋混凝土造,107年2月13日,四層,二層 三層 四層 見其他登記事項
RPPOMLKLOHNFFAG97CA,,181.84,住家用,見其他登記事項,107年2月7日,三層,一層 二層 三層
RPWOMLRJOHNFFBG66CA,21,32.00,住家用,鋼筋混凝土造,86年8月11日,六層,二層
RPWOMLRJOHNFFBG66CA,21,9.45,共有部分,鋼筋混凝土造,86年8月11日,六層,
RPWOMLRJOHNFFBG66CA,21,11.71,共有部分,鋼筋混凝土造,86年8月11日,六層,
RPXNMLKLOHNFFAG68CA,,189.92,住家用,見其他登記事項,107年2月7日,三層,一層 二層 三層
RPTRMLOJOHNFFBG98CA,,174.70,見其他登記事項,鋼筋混凝土造,107年2月13日,四層,二層 三層 四層 見其他登記事項
RPOOMLPLNHNFFBG38CA,9,42.66,見其他登記事項,鋼筋混凝土造,97年12月31日,十三層,十二層
RPOOMLPLNHNFFBG38CA,9,23.08,共有部分,鋼筋混凝土造,97年12月31日,十三層,
RPOOMLPLNHNFFBG38CA,9,4.08,共有部分,鋼筋混凝土造,97年12月31日,十三層,
RPOOMLPLNHNFFBG38CA,9,9.49,共有部分,鋼筋混凝土造,97年12月31日,十三層,
RPRRMLOJOHNFFBG78CA,,174.70,見其他登記事項,鋼筋混凝土造,107年2月13日,四層,二層 三層 四層 見其他登記事項
RPORMLOJOHNFFBG48CA,,174.70,見其他登記事項,鋼筋混凝土造,107年2月13日,四層,二層 三層 四層 見其他登記事項
RPVRMLOJOHNFFBG56CA,,174.60,見其他登記事項,鋼筋混凝土造,107年2月13日,四層,二層 三層 四層 見其他登記事項
RPRPMLRJOHNFFAG78CA,22,37.84,住家用,鋼筋混凝土造,85年8月27日,二十四層,二十三層
RPRPMLRJOHNFFAG78CA,22,5.60,見其他登記事項,鋼筋混凝土造,85年8月27日,二十四層,
RPRPMLRJOHNFFAG78CA,22,5.30,見其他登記事項,鋼筋混凝土造,85年8月27日,二十四層,
RPROMLPLNHNFFBG68CA,5,189.35,見其他登記事項,鋼筋混凝土造,102年7月2日,三層,一層 二層 三層 屋頂突出物
RPWNMLKLOHNFFAG58CA,,213.04,住家用,見其他登記事項,107年2月7日,三層,一層 二層 三層
RPVOMLTLNHNFFAG76CA,37,85.06,住家用,鋼筋混凝土加強磚造,70年7月25日,二層,一層 二層
RPXNMLTLNHNFFAG86CA,34,100.54,住家用,鋼筋混凝土加強磚造,73年3月3日,二層,二層 一層
RPRNMLSLNHNFFAG78CA,42,142.44,住家用,鋼筋混凝土加強磚造,65年6月14日,三層,一層 二層 三層 騎樓
RPOOMLOJOHNFFAG08CA,13,138.99,見其他登記事項,鋼筋混凝土造,94年9月13日,四層,一層 二層
RPWNMLPLNHNFFBG09CA,9,46.23,見其他登記事項,鋼筋混凝土造,97年12月31日,十三層,十二層
RPWNMLPLNHNFFBG09CA,9,14.01,共有部分,鋼筋混凝土造,97年12月31日,十三層,
RPWNMLPLNHNFFBG09CA,9,3.86,共有部分,鋼筋混凝土造,97年12月31日,十三層,
RPWNMLPLNHNFFBG09CA,9,10.37,共有部分,鋼筋混凝土造,97年12月31日,十三層,
RPPNMLTLNHNFFAG68CA,,40.50,住家用,木造,,一層,一層
RPSNMLTLNHNFFAG98CA,20,165.83,住家用,鋼筋混凝土造,87年6月5日,三層,三層 夾層 一層 二層
RPVPMLSLNHNFFAG76CA,27,155.34,住家用,鋼筋混凝土造,80年9月17日,四層,一層 二層 三層 四層
RPQOMLKLOHNFFAG08CA,,208.33,住家用,見其他登記事項,107年2月7日,三層,一層 二層 三層
RPVNMLSLNHNFFAG56CA,28,96.13,住家用,鋼筋混凝土造,79年5月30日,五層,四層
RPQNMLPLNHNFFAG38CA,,188.28,住家用,見其他登記事項,106年9月22日,三層,一層 二層 三層
RPPNMLPLNHNFFAG28CA,,191.23,住家用,見其他登記事項,106年9月22日,三層,一層 二層 三層
SPQOMLSJOHNFFAG78CA,28,80.07,住家用,鋼筋混凝土造,79年2月3日,五層,一層 騎樓
SPQOMLSJOHNFFAG78CA,33,7.08,共有部份,鋼筋混凝土造,74年3月1日,五層,
RPPOMLSJOHNFFAG58CA,24,4182.08,工業用,見其他登記事項,83年4月2日,一層,一層
RPPOMLSJOHNFFAG58CA,24,83.87,見其他登記事項,鋼筋混凝土造,83年4月2日,一層,一層 地下一層
RPOQMLPLNHNFFBG58CA,21,53.36,住家用,鋼筋混凝土造,86年1月21日,七層,六層
RPOQMLPLNHNFFBG58CA,21,23.28,共有部分,鋼筋混凝土造,86年1月21日,七層,
RPSOMLTLNHNFFBG56CA,1,95.47,見其他登記事項,鋼筋混凝土造,106年6月3日,十二層,十二層
RPSOMLTLNHNFFBG56CA,1,78.20,見其他登記事項,鋼筋混凝土造,106年6月3日,十二層,
RPSOMLTLNHNFFBG56CA,1,23.31,見其他登記事項,鋼筋混凝土造,106年6月3日,十二層,
RPVNMLKLOHNFFAG48CA,,197.48,住家用,見其他登記事項,107年2月7日,三層,一層 二層 三層
RPQOMLSJOHNFFAG68CA,28,84.75,住家用,鋼筋混凝土造,79年2月3日,五層,二層
RPQOMLSJOHNFFAG68CA,33,7.08,共有部份,鋼筋混凝土造,74年3月1日,五層,
RPQNMLQKOHNFFAG48CA,,200.38,見其他登記事項,見其他登記事項,107年2月12日,三層,一層 二層 三層 騎樓 見其他登記事項
RPVNMLKMNHNFFBG58CA,,74.84,見其他登記事項,鋼筋混凝土造,107年2月8日,五層,二層
RPVNMLKMNHNFFBG58CA,,17.78,見其他登記事項,鋼筋混凝土造,107年2月8日,五層,
RPVNMLKMNHNFFBG58CA,,11.64,見其他登記事項,鋼筋混凝土造,107年2月8日,五層,
RPPNMLQKOHNFFAG38CA,,259.97,見其他登記事項,見其他登記事項,107年2月12日,四層,一層 二層 三層 四層 騎樓 見其他登記事項
RPSNMLQKOHNFFAG68CA,,173.84,住家用,見其他登記事項,107年2月12日,三層,三層 騎樓 一層 二層 見其他登記事項
RPSRMLOJOHNFFBG88CA,21,43.22,住家用,鋼筋混凝土造,86年10月17日,八層,六層
RPSRMLOJOHNFFBG88CA,21,22.02,共有部分,鋼筋混凝土造,86年10月17日,八層,
RPQRMLOJOHNFFBG68CA,20,33.92,住家用,鋼筋混凝土造,86年12月26日,十三層,一層
RPQRMLOJOHNFFBG68CA,20,6.42,共有部分,鋼筋混凝土造,86年12月26日,十三層,
RPQRMLOJOHNFFBG68CA,20,6.40,共有部分,鋼筋混凝土造,86年12月26日,十三層,
RPQRMLOJOHNFFBG68CA,20,7.73,共有部分,鋼筋混凝土造,86年12月26日,十三層,
RPQRMLOJOHNFFBG68CA,20,.06,見其他登記事項,鋼筋混凝土造,86年12月26日,十三層,
RPQRMLOJOHNFFBG68CA,20,.01,共有部分,鋼筋混凝土造,86年12月26日,十三層,
RPQRMLOJOHNFFBG68CA,20,.01,共有部分,鋼筋混凝土造,86年12月26日,十三層,
RPQRMLOJOHNFFBG68CA,20,.82,共有部分,鋼筋混凝土造,86年12月26日,十三層,
RPXPMLOJOHNFFBG56CA,,197.24,見其他登記事項,鋼筋混凝土造,107年2月13日,四層,二層 三層 四層 見其他登記事項
RPRQMLOJOHNFFBG68CA,,240.00,見其他登記事項,鋼筋混凝土造,107年2月13日,四層,二層 三層 四層 見其他登記事項
RPXQMLOJOHNFFBG66CA,,174.70,見其他登記事項,鋼筋混凝土造,107年2月13日,四層,二層 三層 四層 見其他登記事項
RPOQMLOJOHNFFBG38CA,,196.89,見其他登記事項,鋼筋混凝土造,107年2月13日,四層,二層 三層 四層 見其他登記事項
RPQQMLOJOHNFFBG58CA,,196.89,見其他登記事項,鋼筋混凝土造,107年2月13日,四層,見其他登記事項 二層 三層 四層
RPWPMLOJOHNFFBG09CA,,204.68,見其他登記事項,鋼筋混凝土造,107年2月13日,四層,三層 四層 二層 見其他登記事項
RPWQMLOJOHNFFBG56CA,,174.70,見其他登記事項,鋼筋混凝土造,107年2月13日,四層,二層 三層 四層 見其他登記事項
RPSOMLOJOHNFFBG58CA,,220.79,見其他登記事項,鋼筋混凝土造,107年2月13日,四層,見其他登記事項 二層 三層 四層
RPTOMLOJOHNFFBG68CA,,173.94,見其他登記事項,鋼筋混凝土造,107年2月13日,四層,二層 三層 四層 見其他登記事項
RPVQMLOJOHNFFBG09CA,,174.64,見其他登記事項,鋼筋混凝土造,107年2月13日,四層,二層 三層 四層 見其他登記事項
RPQNMLQKOHNFFBG58CA,1,42.72,見其他登記事項,鋼筋混凝土造,106年6月28日,十一層,一層
RPQNMLQKOHNFFBG58CA,1,42.04,見其他登記事項,鋼筋混凝土造,106年6月28日,十一層,
RPXOMLOJOHNFFBG09CA,,223.45,見其他登記事項,鋼筋混凝土造,107年2月13日,四層,二層 三層 四層 見其他登記事項
RPOOMLTKOHNFFAG88EA,22,26.49,住家用,鋼筋混凝土造,85年2月16日,九層,六層
RPOOMLTKOHNFFAG88EA,22,8.61,見其他登記事項,鋼筋混凝土造,85年2月16日,九層,
RPOOMLTKOHNFFAG88EA,22,8.57,見其他登記事項,鋼筋混凝土造,85年2月16日,九層,
RPOOMLTKOHNFFAG88EA,22,7.30,見其他登記事項,鋼筋混凝土造,85年2月16日,九層,
RPOPMLOJOHNFFBG28CA,,164.69,見其他登記事項,鋼筋混凝土造,107年2月13日,四層,二層 三層 四層 見其他登記事項
RPPPMLOJOHNFFBG38CA,,169.75,見其他登記事項,鋼筋混凝土造,107年2月13日,四層,三層 四層 見其他登記事項 二層
RPWNMLKMNHNFFBG78DA,38,123.40,住家用,鋼筋混凝土加強磚造,69年6月14日,二層,一層 二層 騎樓
RPSQMLOJOHNFFBG78CA,,177.67,見其他登記事項,鋼筋混凝土造,107年2月13日,四層,二層 三層 四層 見其他登記事項
RPXNMLKMNHNFFBG88DA,50,235.66,住商用,加強磚造,57年7月1日,二層,一層 二層 騎樓
RPPNMLTKOHNFFBG78CA,14,71.87,住家用,鋼筋混凝土造,93年1月8日,九層,二層
RPPNMLTKOHNFFBG78CA,14,40.63,共有部分,鋼筋混凝土造,93年1月8日,九層,
RPSNMLPLOHNFFBG78CA,22,46.13,住家用,鋼筋混凝土造,85年3月18日,十二層,五層
RPSNMLPLOHNFFBG78CA,22,10.78,共有部分,鋼筋混凝土造,85年3月18日,十二層,
RPSNMLPLOHNFFBG78CA,22,10.72,共有部分,鋼筋混凝土造,85年3月18日,十二層,
RPVNMLLKOHNFFBG58CA,35,64.68,住家用,鋼筋混凝土造,72年10月7日,五層,二層
RPVNMLLKOHNFFBG58CA,35,12.13,共有部分,鋼筋混凝土造,72年10月7日,五層,
RPXNMLSLNHNFFBG07EA,3,51.45,見其他登記事項,鋼筋混凝土造,104年1月7日,九層,二層
RPXNMLSLNHNFFBG07EA,3,27.80,見其他登記事項,鋼筋混凝土造,104年1月7日,九層,
RPRNMLTLNHNFFBG56EA,24,89.95,住家用,鋼筋混凝土造,83年3月3日,七層,二層
RPRNMLTLNHNFFBG56EA,24,25.01,共有部分,鋼筋混凝土造,83年3月3日,七層,
RPRNMLTLNHNFFBG56EA,24,13.01,共有部分,鋼筋混凝土造,83年3月3日,七層,
RPPNMLMLOHNFFBG18CA,,226.30,見其他登記事項,鋼筋混凝土造,107年4月12日,三層,一層 二層 三層 見其他登記事項
RPQPMLOJOHNFFBG48CA,,214.21,見其他登記事項,鋼筋混凝土造,107年2月13日,四層,二層 三層 四層 見其他登記事項
RPQNMLSLNHNFFAG88EA,25,179.94,住家用,鋼筋混凝土造,82年1月16日,三層,一層 二層 三層
RPVNMLRKOHNFFBG56CA,,222.84,見其他登記事項,鋼筋混凝土造,107年4月12日,三層,一層 二層 三層 見其他登記事項
RPWNMLRKOHNFFBG66CA,,222.84,見其他登記事項,鋼筋混凝土造,107年4月12日,三層,一層 二層 三層 見其他登記事項
RPXNMLRKOHNFFBG76CA,,199.85,見其他登記事項,鋼筋混凝土造,107年4月12日,三層,一層 二層 三層 見其他登記事項
RPUOMLOJOHNFFBG78CA,,219.73,見其他登記事項,鋼筋混凝土造,107年2月13日,四層,二層 三層 四層 見其他登記事項
RPSPMLOJOHNFFBG68CA,,181.73,住家用,鋼筋混凝土造,107年2月13日,四層,二層 三層 四層 見其他登記事項
RPOOMLRKOHNFFBG58CA,,229.64,見其他登記事項,鋼筋混凝土造,107年4月12日,三層,一層 二層 三層 見其他登記事項
RPXRMLOJOHNFFBG76CA,3,55.06,見其他登記事項,鋼筋混凝土造,104年2月13日,十二層,三層
RPXRMLOJOHNFFBG76CA,3,74.25,見其他登記事項,鋼筋混凝土造,104年2月13日,十二層,
RPVOMLOJOHNFFBG88CA,,182.25,住家用,鋼筋混凝土造,107年2月13日,四層,二層 三層 四層 見其他登記事項
RPWOMLPJOHNFFBG09CA,3,49.27,見其他登記事項,鋼筋混凝土造,104年2月13日,十二層,五層
RPWOMLPJOHNFFBG09CA,3,39.89,見其他登記事項,鋼筋混凝土造,104年2月13日,十二層,
RPRNMLNKOHNFFBG38CA,2,287.07,見其他登記事項,鋼筋混凝土造,105年6月27日,四層,一層 二層 三層 四層
RPRQMLTLNHNFFBG66CA,25,73.49,住家用,鋼筋混凝土造,82年6月3日,五層,五層
RPRQMLTLNHNFFBG66CA,25,9.85,共有部分,鋼筋混凝土造,82年6月3日,五層,
RPUOMLNKOHNFFBG78CA,38,88.40,住家用,鋼筋混凝土加強磚造,69年7月7日,二層,一層 二層
RPPNMLNKOHNFFBG18CA,21,296.74,見其他登記事項,鋼筋混凝土造,85年12月16日,五層,一層 二層 三層 四層 五層 騎樓
RPPNMLNKOHNFFBG18CA,21,1.86,共有部分,鋼筋混凝土造,85年12月16日,五層,
RPWOMLOJOHNFFBG98CA,,178.06,見其他登記事項,鋼筋混凝土造,107年2月13日,四層,二層 三層 四層 見其他登記事項
RPWPMLTLNHNFFBG07CA,16,206.92,住商用,鋼筋混凝土造,90年10月30日,三層,一層 二層 三層 騎樓
RPVNMLLJOHNFFBG48CA,27,130.65,住家用,鋼筋混凝土加強磚造,80年3月1日,二層,一層 二層
RPUNMLLJOHNFFBG38CA,36,108.66,住家用,鋼筋混凝土加強磚造,71年5月21日,二層,一層 二層
RPTQMLTLNHNFFBG86CA,44,124.83,住商用,鋼筋混凝土加強磚造,63年9月21日,三層,一層 二層 三層 騎樓
RPUNMLQJOHNFFAG78CA,2,289.39,農舍,見其他登記事項,105年7月7日,三層,一層 二層 三層
RPQNMLKMNHNFFAG97CA,39,95.56,住家用,鋼筋混凝土加強磚造,68年10月23日,二層,一層 二層
RPWOMLTLNHNFFAG86CA,26,129.94,住家用,見其他登記事項,81年6月23日,四層,四層
RPTSMLKMNHNFFAG78CA,3,1475.34,見其他登記事項,鋼骨鋼筋混凝土造,104年10月12日,一層,一層
RPPNMLQJOHNFFBG38CA,2,44.58,見其他登記事項,鋼筋混凝土造,105年10月6日,十六層,七層
RPPNMLQJOHNFFBG38CA,2,33.16,見其他登記事項,鋼筋混凝土造,105年10月6日,十六層,
RPPNMLKMNHNFFBG97CA,23,94.53,住家用,鋼筋混凝土造,83年11月10日,五層,三層
RPPNMLKMNHNFFBG97CA,23,12.42,共有部分,鋼筋混凝土造,83年11月10日,五層,
RPWNMLSLNHNFFBG76CA,,86.71,住家用,鋼筋混凝土加強磚造,,二層,一層 二層
RPQQMLTLNHNFFBG56CA,6,169.56,住家用,鋼筋混凝土造,101年1月3日,三層,一層 二層 三層
RPOQMLKMNHNFFAG08CA,36,171.69,住家用,鋼筋混凝土造,70年12月29日,三層,一層 二層 三層 騎樓
RPXNMLOJOHNFFBG98CA,11,240.88,住家用,鋼筋混凝土造,96年4月30日,四層,一層 二層 三層 四層
RPUOMLLMNHNFFAG58CA,24,27.92,見其他登記事項,鋼筋混凝土造,83年7月2日,七層,
RPUOMLLMNHNFFAG58CA,24,97.69,住家用,鋼筋混凝土造,83年7月2日,七層,六層
RPSPMLRJOHNFFAG88CA,4,166.48,住家用,鋼筋混凝土造,103年3月3日,三層,一層 二層 三層
RPRNMLQKOHNFFAG58CA,,155.10,住家用,見其他登記事項,107年2月12日,三層,騎樓 見其他登記事項 一層 二層 三層
RPXNMLQJOHNFFAG09CA,22,57.85,住家用,鋼筋混凝土造,85年10月3日,十二層,五層
RPXNMLQJOHNFFAG09CA,22,10.68,見其他登記事項,鋼筋混凝土造,85年10月3日,十二層,
RPXNMLQJOHNFFAG09CA,22,11.56,見其他登記事項,鋼筋混凝土造,85年10月3日,十二層,
RPPNMLMJOHNFFBG97CA,39,86.16,住家用,鋼筋混凝土加強磚造,68年7月4日,二層,一層 二層
RPPNMLKMNHNFFAG87CA,,233.29,住家用,見其他登記事項,106年9月22日,三層,一層 二層 三層
RPXTMLSJOHNFFBG37CA,5,289.57,見其他登記事項,鋼筋混凝土造,102年2月8日,四層,一層 二層 三層 四層 屋頂突出物 騎樓
RPPNMLLJOHNFFBG87CA,23,69.70,住家用,鋼筋混凝土造,83年11月18日,七層,六層
RPPNMLLJOHNFFBG87CA,23,12.05,見其他登記事項,鋼筋混凝土造,83年11月18日,七層,
RPPOMLQJOHNFFBG48CA,1,73.55,見其他登記事項,鋼筋混凝土造,106年7月24日,九層,四層
RPPOMLQJOHNFFBG48CA,1,84.84,見其他登記事項,鋼筋混凝土造,106年7月24日,九層,
RPQPMLTLNHNFFBG09CA,23,49.05,住家用,鋼筋混凝土造,84年4月26日,七層,四層
RPQPMLTLNHNFFBG09CA,23,8.52,共有部分,鋼筋混凝土造,84年4月26日,七層,
RPQPMLTLNHNFFBG09CA,23,7.31,共有部分,鋼筋混凝土造,84年4月26日,七層,
RPQOMLOJOHNFFBG38CA,,174.64,見其他登記事項,鋼筋混凝土造,107年2月13日,四層,二層 三層 四層 見其他登記事項
RPROMLOJOHNFFBG48CA,,174.64,見其他登記事項,鋼筋混凝土造,107年2月13日,四層,二層 三層 四層 見其他登記事項
RPVOMLRKOHNFFBG66CA,,49.39,見其他登記事項,鋼骨鋼筋混凝土造,106年12月21日,二十九層,三層
RPVOMLRKOHNFFBG66CA,,39.52,見其他登記事項,鋼骨鋼筋混凝土造,106年12月21日,二十九層,
RPROMLRKOHNFFBG88CA,,49.37,見其他登記事項,鋼骨鋼筋混凝土造,106年12月21日,二十九層,十二層
RPROMLRKOHNFFBG88CA,,39.35,見其他登記事項,鋼骨鋼筋混凝土造,106年12月21日,二十九層,
RPRNMLKMNHNFFBG18CA,25,115.10,住家用,鋼筋混凝土造,81年12月23日,六層,六層
RPRNMLKMNHNFFBG18CA,25,35.60,共有部分,鋼筋混凝土造,81年12月23日,六層,
RPRNMLLKOHNFFBG18CA,23,54.72,住家用,鋼筋混凝土造,84年4月10日,八層,一層
RPRNMLLKOHNFFBG18CA,23,10.53,共有部分,鋼筋混凝土造,84年4月10日,八層,
RPRNMLLKOHNFFBG18CA,23,9.13,共有部分,鋼筋混凝土造,84年4月10日,八層,
RPPPMLRKOHNFFBG78CA,,54.40,見其他登記事項,鋼骨鋼筋混凝土造,106年12月21日,二十九層,十二層
RPPPMLRKOHNFFBG78CA,,44.10,見其他登記事項,鋼骨鋼筋混凝土造,106年12月21日,二十九層,
RPQNMLQJOHNFFBG48CA,42,68.54,住家用,鋼筋混凝土加強磚造,65年4月27日,二層,一層 二層
RPQOMLRKOHNFFBG78CA,,42.85,見其他登記事項,鋼骨鋼筋混凝土造,106年12月21日,二十九層,二十四層
RPQOMLRKOHNFFBG78CA,,34.77,見其他登記事項,鋼骨鋼筋混凝土造,106年12月21日,二十九層,
RPTOMLSKOHNFFBG56CA,,49.54,見其他登記事項,鋼骨鋼筋混凝土造,106年12月21日,二十九層,七層
RPTOMLSKOHNFFBG56CA,,39.69,見其他登記事項,鋼骨鋼筋混凝土造,106年12月21日,二十九層,
RPXOMLSKOHNFFBG96CA,,53.72,見其他登記事項,鋼骨鋼筋混凝土造,106年12月21日,二十九層,八層
RPXOMLSKOHNFFBG96CA,,43.59,見其他登記事項,鋼骨鋼筋混凝土造,106年12月21日,二十九層,
RPOOMLPKOHNFFBG38CA,34,87.58,住家用,加強磚造,72年7月12日,二層,一層
RPUOMLSKOHNFFBG66CA,,42.85,見其他登記事項,鋼骨鋼筋混凝土造,106年12月21日,二十九層,十三層
RPUOMLSKOHNFFBG66CA,,34.77,見其他登記事項,鋼骨鋼筋混凝土造,106年12月21日,二十九層,
RPUPMLSKOHNFFBG76CA,,51.10,見其他登記事項,鋼骨鋼筋混凝土造,106年12月21日,二十九層,二十三層
RPUPMLSKOHNFFBG76CA,,40.87,見其他登記事項,鋼骨鋼筋混凝土造,106年12月21日,二十九層,
RPUNMLRKOHNFFBG09CA,,42.85,見其他登記事項,鋼骨鋼筋混凝土造,106年12月21日,二十九層,二十一層
RPUNMLRKOHNFFBG09CA,,34.77,見其他登記事項,鋼骨鋼筋混凝土造,106年12月21日,二十九層,
RPTNMLRKOHNFFBG98CA,,42.85,見其他登記事項,鋼骨鋼筋混凝土造,106年12月21日,二十九層,二十二層
RPTNMLRKOHNFFBG98CA,,34.77,見其他登記事項,鋼骨鋼筋混凝土造,106年12月21日,二十九層,
RPQOMLSKOHNFFBG88CA,,43.45,見其他登記事項,鋼骨鋼筋混凝土造,106年12月21日,二十九層,十層
RPQOMLSKOHNFFBG88CA,,35.28,見其他登記事項,鋼骨鋼筋混凝土造,106年12月21日,二十九層,
RPRNMLRKOHNFFBG78CA,,42.85,見其他登記事項,鋼骨鋼筋混凝土造,106年12月21日,二十九層,十二層
RPRNMLRKOHNFFBG78CA,,34.77,見其他登記事項,鋼骨鋼筋混凝土造,106年12月21日,二十九層,
RPUNMLQLOHNFFBG09CA,,49.77,見其他登記事項,鋼骨鋼筋混凝土造,106年12月21日,二十九層,六層
RPUNMLQLOHNFFBG09CA,,40.03,見其他登記事項,鋼骨鋼筋混凝土造,106年12月21日,二十九層,
RPVRMLQLOHNFFBG96CA,,70.25,見其他登記事項,鋼骨鋼筋混凝土造,106年12月21日,二十九層,九層
RPVRMLQLOHNFFBG96CA,,55.29,見其他登記事項,鋼骨鋼筋混凝土造,106年12月21日,二十九層,
RPRSMLQLOHNFFBG66CA,,127.59,見其他登記事項,鋼骨鋼筋混凝土造,106年12月21日,二十九層,十六層
RPRSMLQLOHNFFBG66CA,,101.42,見其他登記事項,鋼骨鋼筋混凝土造,106年12月21日,二十九層,
RPRSMLQLOHNFFBG66CA,,.20,見其他登記事項,鋼骨鋼筋混凝土造,106年12月21日,二十九層,
RPRSMLQLOHNFFBG66CA,,55.45,見其他登記事項,鋼骨鋼筋混凝土造,106年12月21日,二十九層,
RPQQMLQLOHNFFBG98CA,,51.84,見其他登記事項,鋼骨鋼筋混凝土造,106年12月21日,二十九層,二十六層
RPQQMLQLOHNFFBG98CA,,41.72,見其他登記事項,鋼骨鋼筋混凝土造,106年12月21日,二十九層,
RPQSMLQLOHNFFBG56CA,,53.50,見其他登記事項,鋼骨鋼筋混凝土造,106年12月21日,二十九層,六層
RPQSMLQLOHNFFBG56CA,,43.25,見其他登記事項,鋼骨鋼筋混凝土造,106年12月21日,二十九層,
RPQSMLQLOHNFFBG56CA,,.20,見其他登記事項,鋼骨鋼筋混凝土造,106年12月21日,二十九層,
RPQSMLQLOHNFFBG56CA,,55.45,見其他登記事項,鋼骨鋼筋混凝土造,106年12月21日,二十九層,
RPVSMLQLOHNFFBG07CA,,71.80,見其他登記事項,鋼骨鋼筋混凝土造,106年12月21日,二十九層,五層
RPVSMLQLOHNFFBG07CA,,56.82,見其他登記事項,鋼骨鋼筋混凝土造,106年12月21日,二十九層,
RPURMLQLOHNFFBG86CA,,71.46,見其他登記事項,鋼骨鋼筋混凝土造,106年12月21日,二十九層,六層
RPURMLQLOHNFFBG86CA,,56.48,見其他登記事項,鋼骨鋼筋混凝土造,106年12月21日,二十九層,
RPURMLQLOHNFFBG86CA,,.20,見其他登記事項,鋼骨鋼筋混凝土造,106年12月21日,二十九層,
RPURMLQLOHNFFBG86CA,,55.45,見其他登記事項,鋼骨鋼筋混凝土造,106年12月21日,二十九層,
RPSSMLQLOHNFFBG76CA,,129.04,見其他登記事項,鋼骨鋼筋混凝土造,106年12月21日,二十九層,十八層
RPSSMLQLOHNFFBG76CA,,102.78,見其他登記事項,鋼骨鋼筋混凝土造,106年12月21日,二十九層,
RPSSMLQLOHNFFBG76CA,,.20,見其他登記事項,鋼骨鋼筋混凝土造,106年12月21日,二十九層,
RPSSMLQLOHNFFBG76CA,,55.45,見其他登記事項,鋼骨鋼筋混凝土造,106年12月21日,二十九層,
RPTSMLQLOHNFFBG86CA,,52.51,見其他登記事項,鋼骨鋼筋混凝土造,106年12月21日,二十九層,十三層
RPTSMLQLOHNFFBG86CA,,42.57,見其他登記事項,鋼骨鋼筋混凝土造,106年12月21日,二十九層,
RPOSMLQLOHNFFBG98CA,,50.59,見其他登記事項,鋼骨鋼筋混凝土造,106年12月21日,二十九層,三層
RPOSMLQLOHNFFBG98CA,,40.87,見其他登記事項,鋼骨鋼筋混凝土造,106年12月21日,二十九層,
RPTRMLQLOHNFFBG76CA,,53.14,見其他登記事項,鋼骨鋼筋混凝土造,106年12月21日,二十九層,十五層
RPTRMLQLOHNFFBG76CA,,43.08,見其他登記事項,鋼骨鋼筋混凝土造,106年12月21日,二十九層,
RPQTMLQLOHNFFBG66CA,,51.62,見其他登記事項,鋼骨鋼筋混凝土造,106年12月21日,二十九層,二十層
RPQTMLQLOHNFFBG66CA,,41.55,見其他登記事項,鋼骨鋼筋混凝土造,106年12月21日,二十九層,
RPPSMLQLOHNFFBG09CA,,128.48,見其他登記事項,鋼骨鋼筋混凝土造,106年12月21日,二十九層,二十八層
RPPSMLQLOHNFFBG09CA,,103.46,見其他登記事項,鋼骨鋼筋混凝土造,106年12月21日,二十九層,
RPPSMLQLOHNFFBG09CA,,.20,見其他登記事項,鋼骨鋼筋混凝土造,106年12月21日,二十九層,
RPPSMLQLOHNFFBG09CA,,55.45,見其他登記事項,鋼骨鋼筋混凝土造,106年12月21日,二十九層,
RPPTMLQLOHNFFBG56CA,,129.46,見其他登記事項,鋼骨鋼筋混凝土造,106年12月21日,二十九層,十九層
RPPTMLQLOHNFFBG56CA,,103.12,見其他登記事項,鋼骨鋼筋混凝土造,106年12月21日,二十九層,
RPPTMLQLOHNFFBG56CA,,.20,見其他登記事項,鋼骨鋼筋混凝土造,106年12月21日,二十九層,
RPPTMLQLOHNFFBG56CA,,55.45,見其他登記事項,鋼骨鋼筋混凝土造,106年12月21日,二十九層,
RPRTMLQLOHNFFBG76CA,,53.10,見其他登記事項,鋼骨鋼筋混凝土造,106年12月21日,二十九層,二十七層
RPRTMLQLOHNFFBG76CA,,42.91,見其他登記事項,鋼骨鋼筋混凝土造,106年12月21日,二十九層,
RPUSMLQLOHNFFBG96CA,,51.87,見其他登記事項,鋼骨鋼筋混凝土造,106年12月21日,二十九層,八層
RPUSMLQLOHNFFBG96CA,,42.06,見其他登記事項,鋼骨鋼筋混凝土造,106年12月21日,二十九層,
RPPNMLRLOHNFFBG68CA,,51.32,見其他登記事項,鋼骨鋼筋混凝土造,106年12月21日,二十九層,六層
RPPNMLRLOHNFFBG68CA,,41.72,見其他登記事項,鋼骨鋼筋混凝土造,106年12月21日,二十九層,
RPQNMLRLOHNFFBG78CA,,53.79,見其他登記事項,鋼骨鋼筋混凝土造,106年12月21日,二十九層,十六層
RPQNMLRLOHNFFBG78CA,,43.59,見其他登記事項,鋼骨鋼筋混凝土造,106年12月21日,二十九層,
RPXSMLQLOHNFFBG27CA,,130.29,見其他登記事項,鋼骨鋼筋混凝土造,106年12月21日,二十九層,二十二層
RPXSMLQLOHNFFBG27CA,,103.97,見其他登記事項,鋼骨鋼筋混凝土造,106年12月21日,二十九層,
RPXSMLQLOHNFFBG27CA,,.20,見其他登記事項,鋼骨鋼筋混凝土造,106年12月21日,二十九層,
RPXSMLQLOHNFFBG27CA,,55.45,見其他登記事項,鋼骨鋼筋混凝土造,106年12月21日,二十九層,
RPRNMLRLOHNFFBG88CA,,49.08,見其他登記事項,鋼骨鋼筋混凝土造,106年12月21日,二十九層,十層
RPRNMLRLOHNFFBG88CA,,39.18,見其他登記事項,鋼骨鋼筋混凝土造,106年12月21日,二十九層,
RPWNMLRLOHNFFBG76CA,,130.12,見其他登記事項,鋼骨鋼筋混凝土造,106年12月21日,二十九層,二十一層
RPWNMLRLOHNFFBG76CA,,103.80,見其他登記事項,鋼骨鋼筋混凝土造,106年12月21日,二十九層,
RPWNMLRLOHNFFBG76CA,,.20,見其他登記事項,鋼骨鋼筋混凝土造,106年12月21日,二十九層,
RPWNMLRLOHNFFBG76CA,,55.45,見其他登記事項,鋼骨鋼筋混凝土造,106年12月21日,二十九層,
RPSTMLQLOHNFFBG86CA,,52.77,見其他登記事項,鋼骨鋼筋混凝土造,106年12月21日,二十九層,十六層
RPSTMLQLOHNFFBG86CA,,42.91,見其他登記事項,鋼骨鋼筋混凝土造,106年12月21日,二十九層,
RPTNMLRLOHNFFBG09CA,,51.62,見其他登記事項,鋼骨鋼筋混凝土造,106年12月21日,二十九層,七層
RPTNMLRLOHNFFBG09CA,,41.89,見其他登記事項,鋼骨鋼筋混凝土造,106年12月21日,二十九層,
RPTTMLQLOHNFFBG96CA,,55.26,見其他登記事項,鋼骨鋼筋混凝土造,106年12月21日,二十九層,十六層
RPTTMLQLOHNFFBG96CA,,44.78,見其他登記事項,鋼骨鋼筋混凝土造,106年12月21日,二十九層,
RPUNMLRLOHNFFBG56CA,,52.76,見其他登記事項,鋼骨鋼筋混凝土造,106年12月21日,二十九層,十六層
RPUNMLRLOHNFFBG56CA,,42.91,見其他登記事項,鋼骨鋼筋混凝土造,106年12月21日,二十九層,
RPVOMLRLOHNFFBG76CA,,42.85,見其他登記事項,鋼骨鋼筋混凝土造,106年12月21日,二十九層,十六層
RPVOMLRLOHNFFBG76CA,,34.77,見其他登記事項,鋼骨鋼筋混凝土造,106年12月21日,二十九層,
RPTOMLRLOHNFFBG56CA,,42.85,見其他登記事項,鋼骨鋼筋混凝土造,106年12月21日,二十九層,十六層
RPTOMLRLOHNFFBG56CA,,34.77,見其他登記事項,鋼骨鋼筋混凝土造,106年12月21日,二十九層,
RPWOMLRLOHNFFBG86CA,,43.45,見其他登記事項,鋼骨鋼筋混凝土造,106年12月21日,二十九層,八層
RPWOMLRLOHNFFBG86CA,,35.28,見其他登記事項,鋼骨鋼筋混凝土造,106年12月21日,二十九層,
RPROMLSLOHNFFBG09CA,,43.45,見其他登記事項,鋼骨鋼筋混凝土造,106年12月21日,二十九層,六層
RPROMLSLOHNFFBG09CA,,35.28,見其他登記事項,鋼骨鋼筋混凝土造,106年12月21日,二十九層,
RPVNMLRLOHNFFBG66CA,,130.57,見其他登記事項,鋼骨鋼筋混凝土造,106年12月21日,二十九層,二十五層
RPVNMLRLOHNFFBG66CA,,103.97,見其他登記事項,鋼骨鋼筋混凝土造,106年12月21日,二十九層,
RPVNMLRLOHNFFBG66CA,,.20,見其他登記事項,鋼骨鋼筋混凝土造,106年12月21日,二十九層,
RPVNMLRLOHNFFBG66CA,,55.45,見其他登記事項,鋼骨鋼筋混凝土造,106年12月21日,二十九層,
RPQNMLTKOHNFFBG88CA,,43.99,見其他登記事項,鋼骨鋼筋混凝土造,106年12月21日,二十九層,八層
RPQNMLTKOHNFFBG88CA,,35.79,見其他登記事項,鋼骨鋼筋混凝土造,106年12月21日,二十九層,
RPXOMLRLOHNFFBG96CA,,52.21,見其他登記事項,鋼骨鋼筋混凝土造,106年12月21日,二十九層,九層
RPXOMLRLOHNFFBG96CA,,42.40,見其他登記事項,鋼骨鋼筋混凝土造,106年12月21日,二十九層,
RPXOMLRLOHNFFBG96CA,,.20,見其他登記事項,鋼骨鋼筋混凝土造,106年12月21日,二十九層,
RPXOMLRLOHNFFBG96CA,,55.45,見其他登記事項,鋼骨鋼筋混凝土造,106年12月21日,二十九層,
RPUPMLOKOHNFFBG98CA,36,109.96,住家用,鋼筋混凝土加強磚造,71年8月30日,二層,一層 二層
RPTOMLSLOHNFFBG66CA,,44.00,見其他登記事項,鋼骨鋼筋混凝土造,106年12月21日,二十九層,四層
RPTOMLSLOHNFFBG66CA,,35.79,見其他登記事項,鋼骨鋼筋混凝土造,106年12月21日,二十九層,
RPVOMLSLOHNFFBG86CA,,43.45,見其他登記事項,鋼骨鋼筋混凝土造,106年12月21日,二十九層,九層
RPVOMLSLOHNFFBG86CA,,35.28,見其他登記事項,鋼骨鋼筋混凝土造,106年12月21日,二十九層,
RPSNMLTKOHNFFBG09CA,,49.20,見其他登記事項,鋼骨鋼筋混凝土造,106年12月21日,二十九層,九層
RPSNMLTKOHNFFBG09CA,,39.35,見其他登記事項,鋼骨鋼筋混凝土造,106年12月21日,二十九層,
RPSOMLSLOHNFFBG56CA,,43.99,見其他登記事項,鋼骨鋼筋混凝土造,106年12月21日,二十九層,六層
RPSOMLSLOHNFFBG56CA,,35.79,見其他登記事項,鋼骨鋼筋混凝土造,106年12月21日,二十九層,
RPPOMLTKOHNFFBG88CA,,54.45,見其他登記事項,鋼骨鋼筋混凝土造,106年12月21日,二十九層,二十二層
RPPOMLTKOHNFFBG88CA,,43.76,見其他登記事項,鋼骨鋼筋混凝土造,106年12月21日,二十九層,
RPUNMLTKOHNFFBG66CA,,43.45,見其他登記事項,鋼骨鋼筋混凝土造,106年12月21日,二十九層,九層
RPUNMLTKOHNFFBG66CA,,35.28,見其他登記事項,鋼骨鋼筋混凝土造,106年12月21日,二十九層,
RPQOMLTKOHNFFBG98CA,,53.81,見其他登記事項,鋼骨鋼筋混凝土造,106年12月21日,二十九層,十層
RPQOMLTKOHNFFBG98CA,,43.59,見其他登記事項,鋼骨鋼筋混凝土造,106年12月21日,二十九層,
RPUOMLTKOHNFFBG76CA,,128.01,見其他登記事項,鋼骨鋼筋混凝土造,106年12月21日,二十九層,十七層
RPUOMLTKOHNFFBG76CA,,101.93,見其他登記事項,鋼骨鋼筋混凝土造,106年12月21日,二十九層,
RPUOMLTKOHNFFBG76CA,,.20,見其他登記事項,鋼骨鋼筋混凝土造,106年12月21日,二十九層,
RPUOMLTKOHNFFBG76CA,,55.45,見其他登記事項,鋼骨鋼筋混凝土造,106年12月21日,二十九層,
RPTOMLTKOHNFFBG66CA,,51.87,見其他登記事項,鋼骨鋼筋混凝土造,106年12月21日,二十九層,十一層
RPTOMLTKOHNFFBG66CA,,42.06,見其他登記事項,鋼骨鋼筋混凝土造,106年12月21日,二十九層,
RPWOMLTKOHNFFBG96CA,,130.12,見其他登記事項,鋼骨鋼筋混凝土造,106年12月21日,二十九層,二十一層
RPWOMLTKOHNFFBG96CA,,103.80,見其他登記事項,鋼骨鋼筋混凝土造,106年12月21日,二十九層,
RPWOMLTKOHNFFBG96CA,,.20,見其他登記事項,鋼骨鋼筋混凝土造,106年12月21日,二十九層,
RPWOMLTKOHNFFBG96CA,,55.45,見其他登記事項,鋼骨鋼筋混凝土造,106年12月21日,二十九層,
RPUNMLMLOHNFFBG68CA,,129.83,見其他登記事項,鋼骨鋼筋混凝土造,106年12月21日,二十九層,二十層
RPUNMLMLOHNFFBG68CA,,103.63,見其他登記事項,鋼骨鋼筋混凝土造,106年12月21日,二十九層,
RPUNMLMLOHNFFBG68CA,,.20,見其他登記事項,鋼骨鋼筋混凝土造,106年12月21日,二十九層,
RPUNMLMLOHNFFBG68CA,,55.45,見其他登記事項,鋼骨鋼筋混凝土造,106年12月21日,二十九層,
RPOQMLKLOHNFFBG18CA,,70.60,見其他登記事項,鋼骨鋼筋混凝土造,106年12月21日,二十九層,八層
RPOQMLKLOHNFFBG18CA,,55.63,見其他登記事項,鋼骨鋼筋混凝土造,106年12月21日,二十九層,
RPQQMLKLOHNFFBG38CA,,82.85,見其他登記事項,鋼骨鋼筋混凝土造,106年12月21日,二十九層,二十九層
RPQQMLKLOHNFFBG38CA,,67.33,見其他登記事項,鋼骨鋼筋混凝土造,106年12月21日,二十九層,
RPQQMLKLOHNFFBG38CA,,.20,見其他登記事項,鋼骨鋼筋混凝土造,106年12月21日,二十九層,
RPQQMLKLOHNFFBG38CA,,55.45,見其他登記事項,鋼骨鋼筋混凝土造,106年12月21日,二十九層,
RPSPMLKLOHNFFBG48CA,,43.45,見其他登記事項,鋼骨鋼筋混凝土造,106年12月21日,二十九層,八層
RPOQMLLLOHNFFBG28CA,,70.13,見其他登記事項,鋼骨鋼筋混凝土造,106年12月21日,二十九層,十層
RPSPMLKLOHNFFBG48CA,,35.28,見其他登記事項,鋼骨鋼筋混凝土造,106年12月21日,二十九層,
RPOQMLLLOHNFFBG28CA,,55.12,見其他登記事項,鋼骨鋼筋混凝土造,106年12月21日,二十九層,
RPOQMLLLOHNFFBG28CA,,.20,見其他登記事項,鋼骨鋼筋混凝土造,106年12月21日,二十九層,
RPOQMLLLOHNFFBG28CA,,55.45,見其他登記事項,鋼骨鋼筋混凝土造,106年12月21日,二十九層,
RPUOMLLLOHNFFBG68CA,,70.60,見其他登記事項,鋼骨鋼筋混凝土造,106年12月21日,二十九層,八層
RPUOMLLLOHNFFBG68CA,,55.63,見其他登記事項,鋼骨鋼筋混凝土造,106年12月21日,二十九層,
RPUOMLLLOHNFFBG68CA,,.20,見其他登記事項,鋼骨鋼筋混凝土造,106年12月21日,二十九層,
RPUOMLLLOHNFFBG68CA,,55.45,見其他登記事項,鋼骨鋼筋混凝土造,106年12月21日,二十九層,
RPVPMLLLOHNFFBG88CA,,51.99,見其他登記事項,鋼骨鋼筋混凝土造,106年12月21日,二十九層,十九層
RPVPMLLLOHNFFBG88CA,,41.89,見其他登記事項,鋼骨鋼筋混凝土造,106年12月21日,二十九層,
RPVPMLLLOHNFFBG88CA,,.20,見其他登記事項,鋼骨鋼筋混凝土造,106年12月21日,二十九層,
RPVPMLLLOHNFFBG88CA,,55.45,見其他登記事項,鋼骨鋼筋混凝土造,106年12月21日,二十九層,
RPOPMLKMNHNFFAG18EA,22,100.29,住家用,鋼筋混凝土造,85年6月17日,五層,二層
RPOPMLKMNHNFFAG18EA,22,14.60,共有部份,鋼筋混凝土造,85年6月17日,五層,
RPROMLLLOHNFFBG38CA,9,31.73,見其他登記事項,鋼筋混凝土造,97年12月31日,十三層,十三層
RPROMLLLOHNFFBG38CA,9,5.35,共有部分,鋼筋混凝土造,97年12月31日,十三層,
RPROMLLLOHNFFBG38CA,9,19.35,共有部分,鋼筋混凝土造,97年12月31日,十三層,
RPVOMLPJOHNFFBG98CA,3,30.64,見其他登記事項,鋼筋混凝土造,104年2月13日,十二層,
RPOOMLKMNHNFFBG18EA,38,126.90,住家用,鋼筋混凝土加強磚造,68年11月8日,二層,一層 二層
RPTNMLNKOHNFFBG58CA,25,95.34,住家用,鋼筋混凝土造,82年5月28日,五層,三層
RPTNMLNKOHNFFBG58CA,25,18.45,共有部分,鋼筋混凝土造,82年5月28日,五層,
RPQNMLPJOHNFFAG48EA,21,92.73,住家用,鋼筋混凝土造,85年11月9日,十三層,五層
RPQNMLPJOHNFFAG48EA,21,10.30,見其他登記事項,鋼筋混凝土造,85年11月9日,十三層,
RPQNMLPJOHNFFAG48EA,21,13.29,見其他登記事項,鋼筋混凝土造,85年11月9日,十三層,
RPXPMLOKOHNFFBG66CA,,224.04,見其他登記事項,鋼筋混凝土造,107年4月12日,三層,一層 二層 三層 見其他登記事項
RPSOMLQJOHNFFBG78CA,1,98.69,見其他登記事項,鋼筋混凝土造,106年6月3日,十二層,八層
RPSOMLQJOHNFFBG78CA,1,22.54,見其他登記事項,鋼筋混凝土造,106年6月3日,十二層,
RPSOMLQJOHNFFBG78CA,1,79.03,見其他登記事項,鋼筋混凝土造,106年6月3日,十二層,
RPOSMLOJOHNFFBG58CA,3,55.06,見其他登記事項,鋼筋混凝土造,104年2月13日,十二層,八層
RPOSMLOJOHNFFBG58CA,3,44.60,見其他登記事項,鋼筋混凝土造,104年2月13日,十二層,
RPSNMLRJOHNFFBG78CA,37,180.63,住家用,加強磚造,70年5月2日,三層,一層 二層
RPOPMLRJOHNFFAG48CA,22,57.85,住家用,鋼筋混凝土造,85年10月3日,十二層,十層
RPOPMLRJOHNFFAG48CA,22,11.56,見其他登記事項,鋼筋混凝土造,85年10月3日,十二層,
RPOPMLRJOHNFFAG48CA,22,10.68,見其他登記事項,鋼筋混凝土造,85年10月3日,十二層,
RPVPMLRJOHNFFAG56CA,34,96.41,住家用,鋼筋混凝土加強磚造,73年8月30日,二層,一層 二層
RPTOMLLKOHNFFAG38CA,19,184.47,住商用,鋼筋混凝土造,88年11月3日,三層,一層 二層 三層 夾層
RPSOMLQJOHNFFAG68CA,13,168.75,住家用,鋼筋混凝土造,94年5月23日,三層,一層 二層 三層
RPXNMLLMNHNFFBG88CA,2,288.52,見其他登記事項,鋼筋混凝土造,105年2月24日,四層,一層 二層 三層 四層 地下一層
RPXNMLLMNHNFFBG88CA,2,40.03,見其他登記事項,鋼筋混凝土造,105年2月24日,一層,
RPUPMLRJOHNFFAG09CA,36,129.40,住家用,鋼筋混凝土加強磚造,70年12月23日,二層,一層 二層 騎樓
RPWNMLSJOHNFFBG66CA,25,7.38,住家用,鋼筋混凝土造,82年5月14日,五層,
RPWNMLSJOHNFFBG66CA,25,48.96,共有部分,鋼筋混凝土造,82年5月14日,五層,
RPWNMLSJOHNFFBG66CA,25,157.64,住家用,鋼筋混凝土造,82年5月14日,五層,一層 二層 三層
RPQOMLMKOHNFFAG18CA,12,398.95,農舍,見其他登記事項,95年7月14日,二層,一層 二層 見其他登記事項
RPTNMLQKOHNFFAG78CA,,172.22,見其他登記事項,見其他登記事項,107年2月12日,三層,一層 二層 三層 見其他登記事項
RPRNMLOKOHNFFAG38CA,3,204.93,見其他登記事項,見其他登記事項,103年12月9日,四層,一層 二層 三層 四層
RPWNMLSJOHNFFAG56CA,22,57.79,住家用,鋼筋混凝土造,85年7月9日,五層,五層
RPWNMLSJOHNFFAG56CA,22,6.53,見其他登記事項,鋼筋混凝土造,85年7月9日,五層,
RPROMLOJOHNFFAG38CA,21,90.07,住家用,鋼筋混凝土造,86年1月23日,七層,六層
RPROMLOJOHNFFAG38CA,21,12.87,見其他登記事項,鋼筋混凝土造,86年1月23日,七層,
RPROMLOJOHNFFAG38CA,21,.71,見其他登記事項,鋼筋混凝土造,86年1月23日,七層,
RPROMLOJOHNFFAG38CA,21,22.37,見其他登記事項,鋼筋混凝土造,86年1月23日,七層,
RPVOMLOJOHNFFAG78CA,4,41.31,見其他登記事項,見其他登記事項,103年9月23日,一層,一層
RPQNMLLMNHNFFAG08CA,23,37.33,住家用,鋼筋混凝土造,84年10月16日,十層,三層
RPQNMLLMNHNFFAG08CA,23,17.97,見其他登記事項,鋼筋混凝土造,84年10月16日,十層,
RPQNMLLMNHNFFAG08CA,23,1.63,見其他登記事項,鋼筋混凝土造,84年10月16日,十層,
RPPOMLOJOHNFFAG18CA,26,211.60,住家用,鋼筋混凝土造,80年12月16日,三層,一層 二層 三層
RPPNMLLJOHNFFAG77CA,24,72.56,住家用,鋼筋混凝土造,83年7月21日,十二層,十一層
RPPNMLLJOHNFFAG77CA,24,25.41,見其他登記事項,鋼筋混凝土造,83年7月21日,十二層,
RPSNMLLMNHNFFAG28CA,,198.05,住家用,見其他登記事項,106年9月22日,三層,一層 二層 三層
RPPNMLMLOHNFFAG08CA,36,147.50,住家用,鋼筋混凝土造,70年12月4日,三層,一層 二層 三層 騎樓
RPPNMLMLOHNFFAG08CA,36,139.47,住家用,鋼筋混凝土造,70年12月4日,三層,一層 二層 三層 騎樓
RPVNMLQJOHNFFAG88CA,24,99.76,住家用,鋼筋混凝土造,83年7月20日,六層,六層
RPVNMLQJOHNFFAG88CA,24,26.99,見其他登記事項,鋼筋混凝土造,83年7月20日,六層,
RPPOMLOKOHNFFAG28CA,25,33.35,住家用,鋼筋混凝土造,82年1月19日,七層,六層
RPPOMLOKOHNFFAG28CA,25,6.15,見其他登記事項,鋼筋混凝土造,82年1月19日,七層,
RPPOMLOKOHNFFAG28CA,25,3.01,見其他登記事項,鋼筋混凝土造,82年1月19日,七層,
RPROMLRJOHNFFAG68CA,19,12.85,見其他登記事項,鋼骨混凝土造,87年12月8日,一層,一層
RPROMLRJOHNFFAG68CA,19,2171.44,見其他登記事項,鋼骨混凝土造,87年12月8日,二層,一層 二層
RPOOMLPJOHNFFAG18CA,13,163.12,住家用,鋼筋混凝土造,94年7月21日,三層,一層 二層 三層
RPVNMLOJOHNFFAG68CA,1,250.40,見其他登記事項,鋼筋混凝土造,105年9月6日,四層,一層 二層 三層 四層 見其他登記事項
RPQNMLLJOHNFFBG97CA,8,41.31,見其他登記事項,鋼筋混凝土造,98年12月3日,九層,三層
RPQNMLLJOHNFFBG97CA,8,1.68,見其他登記事項,鋼筋混凝土造,98年12月3日,九層,
RPQNMLLJOHNFFBG97CA,8,6.12,見其他登記事項,鋼筋混凝土造,98年12月3日,九層,
RPQNMLLJOHNFFBG97CA,8,23.63,見其他登記事項,鋼筋混凝土造,98年12月3日,九層,
RPWNMLRJOHNFFBG56CA,1,219.52,見其他登記事項,鋼筋混凝土造,105年12月2日,三層,一層 二層 三層 見其他登記事項
RPQOMLNKOHNFFBG38CA,24,27.06,住家用,鋼筋混凝土造,83年9月8日,七層,七層
RPQOMLNKOHNFFBG38CA,24,19.26,共有部分,鋼筋混凝土造,83年9月8日,七層,
RPROMLNKOHNFFBG48CA,24,18.49,住家用,鋼筋混凝土造,83年9月8日,七層,七層
RPROMLNKOHNFFBG48CA,24,14.62,共有部分,鋼筋混凝土造,83年9月8日,七層,
RPOOMLPLOHNFFBG48CA,11,223.78,住家用,鋼筋混凝土造,96年3月22日,三層,一層 二層 三層
RPVOMLNKOHNFFBG88CA,,256.97,見其他登記事項,鋼筋混凝土造,106年11月14日,四層,二層 三層 四層 見其他登記事項
RPOOMLOJOHNFFBG28DA,22,162.38,住家用,鋼筋混凝土造,85年8月2日,三層,一層 二層 三層
RPOPMLNKOHNFFBG28CA,,251.34,見其他登記事項,鋼筋混凝土造,106年11月14日,四層,二層 三層 四層 見其他登記事項
RPXOMLNKOHNFFBG09CA,,251.83,見其他登記事項,鋼筋混凝土造,106年11月14日,四層,二層 三層 四層 見其他登記事項
RPRNMLQJOHNFFBG68DA,37,118.08,住家用,鋼筋混凝土加強磚造,70年5月20日,二層,一層 二層 騎樓
RPQNMLPJOHNFFBG58EA,,261.15,見其他登記事項,鋼筋混凝土造,107年1月10日,三層,一層 二層 三層 見其他登記事項
