﻿鄉鎮市區,交易標的,土地區段位置/建物區段門牌,土地移轉總面積(平方公尺),都市土地使用分區,非都市土地使用分區,非都市土地使用編定,交易年月日,交易筆棟數,移轉層次,總樓層數,建物型態,主要用途,主要建材,建築完成年月,建物移轉總面積(平方公尺),建物現況格局-房,建物現況格局-廳,建物現況格局-衛,建物現況格局-隔間,有無管理組織,總價(元),單價(元/平方公尺),車位類別,車位移轉總面積(平方公尺),車位總價(元),備註,編號
The villages and towns urban district,transaction sign,land sector position/building sector house number plate,land shifting total area (square meter),the use zoning or compiles and checks,the non-metropolis land use district,non-metropolis land use,transaction year, month and day,transaction pen number,shifting level,total floor number,building state,main use,main building materials,construction to complete the years,building shifting total area,Building present situation pattern - room,building present situation pattern - hall,building present situation pattern - health,building present situation pattern - compartmented,Whether there is manages the organization,total price (Yuan),the unit price (a Yuan/square meter),the berth category,berth shifting total area (square meter),the berth total price (Yuan),the note,serial number
羅東鎮,房地(土地+建物),宜蘭縣羅東鎮南昌東街1~30號,7.66,住,,,1070504,土地1建物1車位0,六層,八層,套房(1房1廳1衛),住家用,鋼筋混凝土造,0850401,49.05,1,1,1,有,有,2550000,51988,,0.0,0,,RPXNMLMLNHNFFAG78CA
羅東鎮,房地(土地+建物)+車位,宜蘭縣羅東鎮豐年路61~90號,29.2,住,,,1070422,土地1建物1車位1,五層,六層,華廈(10層含以下有電梯),住家用,鋼筋混凝土造,0861224,135.98000000000002,3,2,2,有,有,6720000,49419,坡道平面,0.0,0,,RPPOMLMLNHNFFAG08CA
羅東鎮,房地(土地+建物),宜蘭縣羅東鎮體育路11巷1~30號,60.0,住,,,1070416,土地1建物1車位0,全,三層,透天厝,住家用,鋼筋混凝土造,0660923,137.97,6,1,5,有,無,9400000,68131,,0.0,0,1.2.3樓後方增建,RPPNMLNLNHNFFAG08CA
羅東鎮,房地(土地+建物),宜蘭縣羅東鎮純精路二段248巷1~30號,44.69,住,,,1070509,土地2建物1車位0,四層,四層,公寓(5樓含以下無電梯),住家用,見其他登記事項,0640227,92.49,3,2,2,有,無,4200000,45410,,0.0,0,,RPOOMLNLNHNFFAG08CA
冬山鄉,房地(土地+建物),宜蘭縣冬山鄉進福路70巷1~30號,36.2,,特定農業區,甲種建築用地,1070428,土地1建物1車位0,四層,四層,公寓(5樓含以下無電梯),住家用,鋼筋混凝土造,0850820,101.6,3,2,2,有,無,2700000,26575,,0.0,0,含增建或未登記建物。登記名義人有二人。,RPQOMLNLNHNFFAG28CA
冬山鄉,房地(土地+建物),宜蘭縣冬山鄉義成路三段541~570號,80.09,商,,,1070328,土地1建物1車位0,全,三層,透天厝,住家用,鋼筋混凝土加強磚造,0700218,207.9,3,2,3,有,無,12400000,59644,,0.0,0,,RPROMLPLNHNFFAG58CA
冬山鄉,房地(土地+建物),宜蘭縣冬山鄉武罕二路59巷1~30號,97.12,,特定農業區,甲種建築用地,1070402,土地3建物1車位0,全,三層,透天厝,住家用,見其他登記事項,1041106,174.73,5,2,5,有,無,10500000,60093,,0.0,0,,RPTOMLPLNHNFFAG78CA
羅東鎮,房地(土地+建物),宜蘭縣羅東鎮天津路1巷1~30號,33.2,商,,,1070501,土地1建物1車位0,四層,五層,公寓(5樓含以下無電梯),住家用,鋼筋混凝土造,0691024,116.34,4,2,2,有,無,3880000,33351,,0.0,0,後方陽台廁所增建,RPPNMLSLNHNFFAG58CA
蘇澳鎮,房地(土地+建物),宜蘭縣蘇澳鎮金湖街113巷1~30號,306.05,住,,,1070415,土地6建物2車位0,全,二層,透天厝,住家用,加強磚造,0691231,209.36,6,2,2,有,無,3800000,18151,,0.0,0,,RPQPMLSLNHNFFAG88CA
五結鄉,土地,大吉一段1~30地號,2654.71,,特定農業區,農牧用地,1070404,土地1建物0車位0,,,其他,,,,0.0,0,0,0,有,無,11000000,4144,,0.0,0,,RPRPMLSLNHNFFAG98CA
蘇澳鎮,土地,存仁段361~390地號,87.21,農,,,1070316,土地7建物0車位0,,,其他,,,,0.0,0,0,0,有,無,118710,1361,,0.0,0,,RPTRMLKMNHNFFAG68CA
蘇澳鎮,土地,存仁段361~390地號,16.91,農,,,1070316,土地3建物0車位0,,,其他,,,,0.0,0,0,0,有,無,23040,1363,,0.0,0,,RPWRMLKMNHNFFAG98CA
蘇澳鎮,土地,存仁段361~390地號,16.91,農,,,1070316,土地3建物0車位0,,,其他,,,,0.0,0,0,0,有,無,23040,1363,,0.0,0,,RPXRMLKMNHNFFAG09CA
蘇澳鎮,土地,存仁段361~390地號,50.73,農,,,1070316,土地3建物0車位0,,,其他,,,,0.0,0,0,0,有,無,69075,1362,,0.0,0,,RPOSMLKMNHNFFAG28CA
蘇澳鎮,土地,存仁段361~390地號,50.73,農,,,1070316,土地3建物0車位0,,,其他,,,,0.0,0,0,0,有,無,69075,1362,,0.0,0,,RPPSMLKMNHNFFAG38CA
蘇澳鎮,土地,存仁段361~390地號,392.44,農,,,1070331,土地7建物0車位0,,,其他,,,,0.0,0,0,0,有,無,534195,1361,,0.0,0,,RPQSMLKMNHNFFAG48CA
蘇澳鎮,土地,存仁段361~390地號,183.79,農,,,1070316,土地4建物0車位0,,,其他,,,,0.0,0,0,0,有,無,250200,1361,,0.0,0,,RPRSMLKMNHNFFAG58CA
蘇澳鎮,土地,存仁段361~390地號,39.24,農,,,1070306,土地7建物0車位0,,,其他,,,,0.0,0,0,0,有,無,53415,1361,,0.0,0,,RPWPMLKMNHNFFAG78CA
蘇澳鎮,土地,存仁段361~390地號,25.24,農,,,1070306,土地1建物0車位0,,,其他,,,,0.0,0,0,0,有,無,34380,1362,,0.0,0,,RPXPMLKMNHNFFAG88CA
蘇澳鎮,土地,存仁段361~390地號,87.21,農,,,1070316,土地7建物0車位0,,,其他,,,,0.0,0,0,0,有,無,118710,1361,,0.0,0,,RPPQMLKMNHNFFAG18CA
羅東鎮,房地(土地+建物),宜蘭縣羅東鎮光榮路241~270號,8.1,住,,,1070425,土地2建物1車位0,二層,十二層,住宅大樓(11層含以上有電梯),住家用,鋼筋混凝土造,0851003,80.09,3,2,2,有,有,4450000,55562,,0.0,0,夾層有增建。,RPQOMLRJOHNFFAG58CA
五結鄉,房地(土地+建物)+車位,宜蘭縣五結鄉大吉五路160巷1~30號,37.58,,一般農業區,甲種建築用地,1070427,土地1建物1車位1,一層,五層,公寓(5樓含以下無電梯),住家用,鋼筋混凝土造,0840321,105.32,3,2,2,有,無,4380000,41588,坡道平面,0.0,0,停車位僅有使用權。,RPWOMLRJOHNFFAG56CA
五結鄉,房地(土地+建物),宜蘭縣五結鄉中正西路41巷4弄1~30號,27.19,住,,,1070427,土地2建物1車位0,五層,六層,華廈(10層含以下有電梯),住家用,鋼筋混凝土造,0831227,129.89000000000001,4,1,2,有,有,5000000,38494,,0.0,0,,RPTPMLRJOHNFFAG98CA
冬山鄉,房地(土地+建物),宜蘭縣冬山鄉群英路91~120號,73.03,住,,,1070501,土地1建物1車位0,全,三層,透天厝,住家用,見其他登記事項,1041229,175.45,5,2,6,有,無,16700000,95184,,0.0,0,,RPOOMLSJOHNFFAG48CA
宜蘭市,房地(土地+建物),宜蘭縣宜蘭市大坡路一段1~30號,6.11,商,,,1070425,土地2建物1車位0,十二層,十二層,住宅大樓(11層含以上有電梯),住家用,鋼筋混凝土造,0841207,62.67,2,1,1,有,無,2000000,31913,,0.0,0,陽台外推,RPQOMLNLNHNFFBG38CA
宜蘭市,房地(土地+建物),宜蘭縣宜蘭市農權路211~240號,46.58,住,,,1070430,土地1建物1車位0,二層,四層,公寓(5樓含以下無電梯),住家用,鋼筋混凝土造,0720808,77.95,2,2,1,有,無,3000000,38486,,0.0,0,,RPSOMLNLNHNFFBG58CA
宜蘭市,土地,新公園段91~120地號,116.12,住,,,1070424,土地1建物0車位0,,,其他,,,,0.0,0,0,0,有,無,9835560,84702,,0.0,0,,RPTOMLOLNHNFFBG78CA
員山鄉,房地(土地+建物),宜蘭縣員山鄉溫泉路91~120號,112.75,住,,,1070504,土地2建物1車位0,全,二層,透天厝,住家用,鋼筋混凝土造,0790730,141.89,5,3,2,有,無,8600000,60610,,0.0,0,,RPWOMLOLNHNFFBG09CA
宜蘭市,土地,新公園段121~150地號,279.91,住,,,1070414,土地1建物0車位0,,,其他,,,,0.0,0,0,0,有,無,16934500,60500,,0.0,0,,RPSNMLPLNHNFFBG68CA
宜蘭市,房地(土地+建物),宜蘭縣宜蘭市崇聖街61~90號,23.3,商,,,1070417,土地1建物1車位0,三層,八層,華廈(10層含以下有電梯),住家用,鋼筋混凝土造,0841212,109.03999999999999,2,2,2,有,無,3100000,28430,,0.0,0,,RPPOMLPLNHNFFBG48CA
宜蘭市,房地(土地+建物)+車位,宜蘭縣宜蘭市吉祥路88巷1~30號,35.55,住,,,1050426,土地2建物1車位1,七層,十四層,住宅大樓(11層含以上有電梯),見其他登記事項,鋼筋混凝土造,1070123,181.70999999999998,4,1,2,有,無,10980000,66396,坡道平面,31.4,1000000,,RPOPMLPLNHNFFBG48CA
礁溪鄉,土地,武暖段1021~1050地號,41.67,,特定農業區,甲種建築用地,1070407,土地1建物0車位0,,,其他,,,,0.0,0,0,0,有,無,772922,18549,,0.0,0,,RPQPMLPLNHNFFBG68CA
礁溪鄉,土地,武暖段1021~1050地號,70.1,,特定農業區,甲種建築用地,1070407,土地1建物0車位0,,,其他,,,,0.0,0,0,0,有,無,1300000,18545,,0.0,0,,RPSPMLPLNHNFFBG88CA
宜蘭市,房地(土地+建物)+車位,宜蘭縣宜蘭市吉祥路88巷1~30號,45.68,住,,,1070411,土地2建物1車位2,十二層,十四層,住宅大樓(11層含以上有電梯),見其他登記事項,鋼筋混凝土造,1070123,248.5,2,2,2,有,無,14800000,68928,坡道平面,62.8,2000000,,RPVPMLPLNHNFFBG56CA
宜蘭市,房地(土地+建物)+車位,宜蘭縣宜蘭市泰山路85巷1~30號,42.42,住,,,1070507,土地1建物1車位1,二層,十四層,住宅大樓(11層含以上有電梯),住家用,鋼筋混凝土造,0930927,171.16,4,2,2,有,有,6950000,40605,坡道平面,0.0,0,,RPPNMLSLNHNFFBG68CA
宜蘭市,房地(土地+建物)+車位,宜蘭縣宜蘭市吉祥路91~120號,47.1,住,,,1070127,土地2建物1車位1,一層，騎樓,十四層,店面(店鋪),見其他登記事項,鋼筋混凝土造,1070123,250.94,0,0,1,無,無,21000000,90189,坡道平面,31.4,1200000,,RPQNMLSLNHNFFBG78CA
宜蘭市,房地(土地+建物)+車位,宜蘭縣宜蘭市吉祥路88巷1~30號,19.26,住,,,1040612,土地2建物1車位1,十層,十一層,住宅大樓(11層含以上有電梯),見其他登記事項,鋼筋混凝土造,1070123,113.42,1,1,1,有,無,6700000,69495,坡道平面,31.4,1000000,,RPRNMLSLNHNFFBG88CA
宜蘭市,房地(土地+建物)+車位,宜蘭縣宜蘭市吉祥路88巷1~30號,19.26,住,,,1040612,土地2建物1車位1,十一層,十一層,住宅大樓(11層含以上有電梯),見其他登記事項,鋼筋混凝土造,1070123,113.42,1,1,1,有,無,6800000,70714,坡道平面,31.4,1000000,,SPRNMLSLNHNFFBG98CA
宜蘭市,房地(土地+建物)+車位,宜蘭縣宜蘭市吉祥路88巷1~30號,23.67,住,,,1040914,土地2建物1車位1,六層,十一層,住宅大樓(11層含以上有電梯),見其他登記事項,鋼筋混凝土造,1070123,129.95,1,2,1,有,無,7500000,65956,坡道平面,31.4,1000000,,RPSNMLSLNHNFFBG98CA
宜蘭市,房地(土地+建物)+車位,宜蘭縣宜蘭市吉祥路88巷1~30號,23.67,住,,,1040509,土地2建物1車位1,八層,十一層,住宅大樓(11層含以上有電梯),見其他登記事項,鋼筋混凝土造,1070123,129.95,2,2,1,有,無,7450000,65449,坡道平面,31.4,1000000,,RPTNMLSLNHNFFBG09CA
宜蘭市,房地(土地+建物)+車位,宜蘭縣宜蘭市吉祥路88巷1~30號,23.48,住,,,1070324,土地2建物1車位1,十一層,十一層,住宅大樓(11層含以上有電梯),見其他登記事項,鋼筋混凝土造,1070123,126.43,2,2,1,有,無,7700000,70504,坡道平面,31.4,1000000,,RPUNMLSLNHNFFBG56CA
宜蘭市,房地(土地+建物)+車位,宜蘭縣宜蘭市吉祥路88巷1~30號,35.55,住,,,1070203,土地2建物1車位1,十層,十四層,住宅大樓(11層含以上有電梯),見其他登記事項,鋼筋混凝土造,1070123,181.70999999999998,4,1,2,有,無,11100000,67194,坡道平面,31.4,1000000,,RPVNMLSLNHNFFBG66CA
宜蘭市,房地(土地+建物)+車位,宜蘭縣宜蘭市吉祥路88巷1~30號,23.48,住,,,1070203,土地2建物1車位1,四層,十一層,住宅大樓(11層含以上有電梯),見其他登記事項,鋼筋混凝土造,1070123,126.43,2,2,1,有,無,7350000,66821,坡道平面,31.4,1000000,,SPVNMLSLNHNFFBG76CA
宜蘭市,房地(土地+建物)+車位,宜蘭縣宜蘭市吉祥路88巷1~30號,45.3,住,,,1040429,土地2建物1車位1,十三層,十四層,住宅大樓(11層含以上有電梯),見其他登記事項,鋼筋混凝土造,1070123,217.59,4,2,2,有,無,13860000,69069,坡道平面,31.4,1000000,,RPQQMLPLNHNFFBG78CA
宜蘭市,房地(土地+建物)+車位,宜蘭縣宜蘭市吉祥路88巷1~30號,19.26,住,,,1070420,土地2建物1車位1,四層,十一層,住宅大樓(11層含以上有電梯),見其他登記事項,鋼筋混凝土造,1070123,113.42,1,1,1,有,無,6450000,66447,坡道平面,31.4,1000000,,RPRQMLPLNHNFFBG88CA
宜蘭市,房地(土地+建物)+車位,宜蘭縣宜蘭市吉祥路88巷1~30號,19.26,住,,,1040621,土地2建物1車位1,七層,十一層,住宅大樓(11層含以上有電梯),見其他登記事項,鋼筋混凝土造,1070123,113.42,1,1,1,有,無,6700000,69495,坡道平面,31.4,1000000,,RPSQMLPLNHNFFBG98CA
宜蘭市,房地(土地+建物),宜蘭縣宜蘭市大坡路一段31~60號,13.47,商,,,1070423,土地3建物1車位0,十一層,十二層,住宅大樓(11層含以上有電梯),見其他登記事項,鋼筋混凝土造,0830414,121.01,3,2,2,有,有,4120000,34047,,0.0,0,另有增建，約1.5坪。,RPXNMLTLNHNFFBG96CA
員山鄉,房地(土地+建物),宜蘭縣員山鄉興農路31~60號,34.38,住,,,1070420,土地1建物1車位0,四層,五層,公寓(5樓含以下無電梯),住家用,鋼筋混凝土造,0880622,128.8,0,0,2,無,無,2100000,16304,,0.0,0,,RPQNMLLMNHNFFBG18CA
礁溪鄉,土地,玉光一段541~570地號,1121.81,,特定農業區,甲種建築用地,1070409,土地1建物0車位0,,,其他,,,,0.0,0,0,0,有,無,22493476,20051,,0.0,0,本筆買賣土地上有他人佔用並興建未保存登記之房屋2棟，佔用權源不明，由買方自行與佔用人協商價購房屋，賣方不點交土地。,RPSOMLPJOHNFFBG68CA
宜蘭市,房地(土地+建物),宜蘭縣宜蘭市女中路一段31~60號,157.54,住,,,1070423,土地1建物1車位0,全,一層,透天厝,住家用,鋼筋混凝土造,0890804,100.09,0,0,1,無,無,12600000,125887,,0.0,0,壹樓空地及二樓部分有增建。,RPVTMLSJOHNFFBG17CA
礁溪鄉,房地(土地+建物),宜蘭縣礁溪鄉公園路70巷39弄1~30號,27.16,其他,,,1070414,土地1建物1車位0,四層,十一層,辦公商業大樓,見其他登記事項,鋼筋混凝土造,1060628,82.9,0,0,0,無,無,10200000,123040,,0.0,0,包含裝修款60萬元。,RPWPMLOKOHNFFBG56CA
頭城鎮,土地,港口段181~210地號,330.5,其他,,,1070413,土地1建物0車位0,,,其他,,,,0.0,0,0,0,有,無,1000000,3026,,0.0,0,,RPWNMLMLNHNFFBG88DA
頭城鎮,土地,拔雅林五段481~510地號,393.0,工,,,1070507,土地3建物0車位0,,,其他,,,,0.0,0,0,0,有,無,8916000,22687,,0.0,0,,RPSNMLNLNHNFFBG58DA
五結鄉,房地(土地+建物),宜蘭縣五結鄉舊街二路121~150號,420.63,住,,,1070504,土地1建物1車位0,全,二層,透天厝,住家用,鋼筋混凝土造,1070330,399.99,4,2,5,有,無,23000000,57501,,0.0,0,,RPWNMLKLOHNFFAG78EA
員山鄉,房地(土地+建物),宜蘭縣員山鄉深洲一路61~90號,90.75,,特定農業區,甲種建築用地,1051128,土地2建物1車位0,全,三層,透天厝,住家用,鋼筋混凝土造,1070212,172.1,4,2,5,有,無,8300000,48228,,0.0,0,,RPSNMLLLNHNFFBG48EA
礁溪鄉,房地(土地+建物),宜蘭縣礁溪鄉德陽路247巷1~30號,9.73,住,,,1070509,土地1建物1車位0,四層,七層,套房(1房1廳1衛),住家用,鋼筋混凝土造,0850717,55.89,1,1,1,有,有,3680000,65844,,0.0,0,,RPVOMLMLNHNFFBG98EA
宜蘭市,房地(土地+建物)+車位,宜蘭縣宜蘭市陽明二路121~150號,10.86,商,,,1070430,土地1建物1車位1,六層,八層,華廈(10層含以下有電梯),住家用,鋼筋混凝土造,0811017,96.62,3,2,2,有,有,979930,10143,坡道平面,0.0,0,二親等買賣,RPPPMLMLNHNFFBG48EA
礁溪鄉,房地(土地+建物),宜蘭縣礁溪鄉龍潭路568巷1~30號,43.88,住,,,1050906,土地1建物1車位0,三層,五層,華廈(10層含以下有電梯),見其他登記事項,鋼筋混凝土造,1070208,92.35,2,2,2,有,有,4880000,52842,,0.0,0,,RPSNMLMKOHNFFBG38CA
宜蘭市,房地(土地+建物),宜蘭縣宜蘭市女中路三段607巷1~30號,135.45,住,,,1070413,土地2建物1車位0,全,三層,透天厝,見其他登記事項,鋼筋混凝土造,1021031,266.58,4,2,5,有,無,15200000,57019,,0.0,0,增建範圍: 一樓空地及陽台外推,RPQNMLKMNHNFFBG08CA
宜蘭市,房地(土地+建物)+車位,宜蘭縣宜蘭市自強路91~120號,27.0,住,,,1070424,土地1建物1車位1,五層,十二層,住宅大樓(11層含以上有電梯),住家用,鋼筋混凝土造,0810215,184.44,3,2,2,有,有,7000000,37955,坡道平面,0.0,0,,RPVOMLLMNHNFFBG78CA
礁溪鄉,房地(土地+建物),宜蘭縣礁溪鄉龍潭路568巷1~30號,43.88,住,,,1050906,土地1建物1車位0,三層,五層,華廈(10層含以下有電梯),見其他登記事項,鋼筋混凝土造,1070208,92.35,2,2,2,有,有,4880000,52842,,0.0,0,,RPQOMLPLNHNFFBG58CA
宜蘭市,房地(土地+建物),宜蘭縣宜蘭市嵐峰路三段102巷1~30號,24.36,住,,,1070321,土地1建物1車位0,六層,六層,華廈(10層含以下有電梯),住家用,鋼筋混凝土造,0840911,86.58999999999999,3,2,2,有,有,3150000,36378,,0.0,0,,RPUOMLOLNHNFFBG88CA
冬山鄉,房地(土地+建物),宜蘭縣冬山鄉柯林一路20巷1~30號,1100.28,,特定農業區,農牧用地,1070508,土地1建物2車位0,一層，二層,二層,農舍,農舍,鋼筋混凝土造,1000120,264.3,4,2,5,有,無,20000000,,,0.0,0,地上有一梀農舍及一棟農業資材室,RPQOMLQJOHNFFAG48CA
五結鄉,土地,中福段931~960地號,2681.0,工,,,1070301,土地3建物0車位0,,,其他,,,,0.0,0,0,0,有,無,47000000,17531,,0.0,0,,RPRQMLKMNHNFFAG38CA
五結鄉,房地(土地+建物),宜蘭縣五結鄉三興路181~210號,378.0,農,,,1070430,土地1建物1車位0,一層，二層，三層，四層，見其他登記事項,四層,農舍,農舍,見其他登記事項,1000531,209.86,5,2,5,有,無,13500000,,,0.0,0,,RPXNMLLMNHNFFAG78CA
冬山鄉,土地,梅花段421~450地號,10.1,,特定農業區,農牧用地,1070412,土地1建物0車位0,,,其他,,,,0.0,0,0,0,有,無,115900,11475,,0.0,0,,RPSNMLSLNHNFFAG88CA
五結鄉,房地(土地+建物),宜蘭縣五結鄉福和二路118巷31~60號,196.08,,特定農業區,農牧用地,1070401,土地3建物1車位0,全,三層,透天厝,住家用,見其他登記事項,1031210,196.13,5,2,5,有,無,10500000,53536,,0.0,0,,RPPOMLTLNHNFFAG78CA
冬山鄉,房地(土地+建物),宜蘭縣冬山鄉龍祥十路1~30號,6612.0,,工業區,丁種建築用地,1030808,土地1建物1車位0,一層，二層，三層,三層,工廠,見其他登記事項,鋼筋混凝土造,0851014,559.88,0,0,0,無,無,56000000,,,0.0,0,"買賣總價不包含雙方協議，買方應支付土地增值稅2,742,659元。",RPPOMLOLNHNFFAG28CA
五結鄉,土地,中里段691~720地號,169.08,農,,,1070501,土地2建物0車位0,,,其他,,,,0.0,0,0,0,有,無,1135880,6718,,0.0,0,"1.協議價格。2.本案有地上物補償金新台幣338,160元正。",RPROMLNLNHNFFAG38CA
冬山鄉,土地,東興段451~480地號,139.0,,工業區,丁種建築用地,1070425,土地1建物0車位0,,,其他,,,,0.0,0,0,0,有,無,1700000,12230,,0.0,0,,RPUNMLNLNHNFFAG58CA
冬山鄉,房地(土地+建物),宜蘭縣冬山鄉大埤二路61~90號,117.48,其他,,,1070416,土地1建物1車位0,全,二層,透天厝,住家用,鋼筋混凝土加強磚造,0711130,114.6,3,2,2,有,無,3500000,30541,,0.0,0,親友關係間之交易。,RPWNMLNLNHNFFAG78CA
五結鄉,房地(土地+建物)+車位,宜蘭縣五結鄉文昌路5巷1~30號,88.63,住,,,1070509,土地3建物1車位1,全,四層,透天厝,見其他登記事項,鋼筋混凝土造,1030605,285.33000000000004,5,2,5,有,無,12800000,44860,坡道平面,27.23,0,,RPXNMLNLNHNFFAG88CA
冬山鄉,土地,柯林三段181~210地號,177.69,,特定農業區,甲種建築用地,1070516,土地2建物0車位0,,,其他,,,,0.0,0,0,0,有,無,3300000,18572,,0.0,0,本買賣含未保存建物一棟，建物權利範圍1/5,RPUNMLOLNHNFFAG68CA
南澳鄉,土地,南澳一段361~390地號,272.44,住,,,1070429,土地1建物0車位0,,,其他,,,,0.0,0,0,0,有,無,1000000,3671,,0.0,0,,RPSOMLOLNHNFFAG58CA
羅東鎮,房地(土地+建物),宜蘭縣羅東鎮中正北路31~60號,5.25,商,,,1070510,土地1建物1車位0,四層,十層,套房(1房1廳1衛),見其他登記事項,鋼筋混凝土造,0861211,42.33,1,1,1,有,無,2400000,56697,,0.0,0,,RPVOMLOLNHNFFAG88CA
羅東鎮,房地(土地+建物),宜蘭縣羅東鎮公正路541~570號,3.97,住,,,1070421,土地1建物1車位0,十層,二十四層,住宅大樓(11層含以上有電梯),住家用,鋼筋混凝土造,0850827,48.730000000000004,0,0,1,無,無,2450000,50277,,0.0,0,,RPWOMLOLNHNFFAG98CA
羅東鎮,房地(土地+建物),宜蘭縣羅東鎮北成路二段136巷2弄31~60號,1085.61,,山坡地保育區,農牧用地,1070119,土地4建物1車位0,一層，二層，三層，四層，五層,五層,農舍,農舍,鋼筋混凝土造,0961231,189.63,5,2,4,有,無,12000000,,,0.0,0,,RPUOMLTLNHNFFAG66CA
五結鄉,土地,福興段271~300地號,281.1,,特定農業區,農牧用地,1070503,土地1建物0車位0,,,其他,,,,0.0,0,0,0,有,無,1700000,6048,,0.0,0,,RPUNMLPLNHNFFAG78CA
三星鄉,房地(土地+建物),宜蘭縣三星鄉上將路五段211~240號,233.39,,特定農業區,甲種建築用地,1070421,土地2建物1車位0,全,三層,透天厝,住家用,見其他登記事項,1051219,282.08,5,2,6,有,無,16330000,57891,,0.0,0,,RPSNMLLJOHNFFAG08CA
三星鄉,土地,福和段1441~1470地號,3794.35,,特定農業區,農牧用地,1061108,土地1建物0車位0,,,其他,,,,0.0,0,0,0,有,無,3231500,852,,0.0,0,,RPSRMLKMNHNFFAG58CA
羅東鎮,房地(土地+建物),宜蘭縣羅東鎮培英路61巷1~30號,53.33,住,,,1070512,土地1建物2車位0,二層,三層,公寓(5樓含以下無電梯),住家用,鋼筋混凝土加強磚造,0661210,101.47,3,2,2,有,無,5450000,53710,,0.0,0,,RPPNMLLMNHNFFAG97CA
礁溪鄉,房地(土地+建物)+車位,宜蘭縣礁溪鄉大忠路211~240號,10.52,住,,,1070506,土地1建物1車位1,八層,十四層,套房(1房1廳1衛),住家用,鋼筋混凝土造,0950921,66.94,1,1,1,有,有,5350000,79922,坡道平面,0.0,0,,RPPPMLOLNHNFFBG48CA
宜蘭市,房地(土地+建物),宜蘭縣宜蘭市宜中路151~180號,107.0,住,,,1070511,土地1建物1車位0,全,五層,透天厝,住商用,鋼筋混凝土造,0910823,373.57,4,4,4,有,無,35000000,93691,,0.0,0,,RPVNMLOLNHNFFBG88CA
礁溪鄉,房地(土地+建物),宜蘭縣礁溪鄉德陽街1~30號,10.39,住,,,1070502,土地1建物1車位0,三層,六層,套房(1房1廳1衛),住家用,鋼筋混凝土造,0850108,41.67,1,0,1,有,有,2130000,51116,,0.0,0,,RPROMLOLNHNFFBG58CA
三星鄉,房地(土地+建物),宜蘭縣三星鄉清洲一路30巷1~30號,107.31,,特定農業區,甲種建築用地,1060503,土地3建物1車位0,全,三層,透天厝,住家用,見其他登記事項,1070207,192.87,4,2,4,有,無,8950000,46404,,0.0,0,,RPQNMLKLOHNFFAG97CA
三星鄉,房地(土地+建物),宜蘭縣三星鄉清洲一路30巷1~30號,107.47,,特定農業區,甲種建築用地,1060608,土地3建物1車位0,全,三層,透天厝,住家用,見其他登記事項,1070207,192.98,4,2,4,有,無,9300000,48192,,0.0,0,,RPSNMLKLOHNFFAG18CA
宜蘭市,土地,和平段181~210地號,1653.16,住,,,1070331,土地1建物0車位0,,,其他,,,,0.0,0,0,0,有,無,110018000,66550,,0.0,0,,RPWOMLLMNHNFFBG88CA
礁溪鄉,土地,十六結新段361~390地號,1214.02,,特定農業區,農牧用地,1070508,土地1建物0車位0,,,其他,,,,0.0,0,0,0,有,無,5875000,4839,,0.0,0,,RPPNMLNJOHNFFBG08CA
礁溪鄉,房地(土地+建物),宜蘭縣礁溪鄉奇立丹路3巷91~120號,21.34,,特定農業區,甲種建築用地,1070502,土地2建物1車位0,二層,四層,套房(1房1廳1衛),見其他登記事項,鋼筋混凝土造,1010502,54.36,1,1,1,有,無,3800000,69904,,0.0,0,,RPRNMLOJOHNFFBG38CA
宜蘭市,房地(土地+建物)+車位,宜蘭縣宜蘭市樹人路31~60號,35.54,住,,,1070430,土地1建物1車位1,三層,十二層,住宅大樓(11層含以上有電梯),見其他登記事項,鋼筋混凝土造,1060603,199.97,3,2,2,有,有,10780000,65846,坡道平面,52.96,1100000,,RPQOMLTLNHNFFBG98CA
壯圍鄉,房地(土地+建物),宜蘭縣壯圍鄉永美路二段61巷83弄1~30號,125.73,,特定農業區,甲種建築用地,1070426,土地5建物1車位0,全,三層,透天厝,住家用,鋼筋混凝土造,0970505,180.14,4,3,3,有,無,8250000,45798,,0.0,0,,RPUQMLPLNHNFFBG56CA
宜蘭市,房地(土地+建物),宜蘭縣宜蘭市中興路248巷61~90號,128.7,住,,,1070501,土地2建物1車位0,全,三層,透天厝,見其他登記事項,鋼筋混凝土造,1060608,203.22,4,3,5,有,無,11300000,55605,,0.0,0,,RPSOMLPLNHNFFBG78CA
員山鄉,房地(土地+建物),宜蘭縣員山鄉成功一路32巷1~30號,39.58,,特定農業區,甲種建築用地,1070512,土地1建物1車位0,全,二層,透天厝,住家用,鋼筋混凝土加強磚造,0700829,45.01,4,1,3,有,無,1100000,24439,,0.0,0,,RPPOMLOJOHNFFBG28CA
宜蘭市,土地,金六結段七結小段61~90地號,756.43,住,,,1070508,土地3建物0車位0,,,其他,,,,0.0,0,0,0,有,無,75510000,99824,,0.0,0,,RPTPMLOJOHNFFBG78CA
宜蘭市,土地,金六結段七結小段61~90地號,756.43,住,,,1070508,土地3建物0車位0,,,其他,,,,0.0,0,0,0,有,無,75510000,99824,,0.0,0,,RPUPMLOJOHNFFBG88CA
宜蘭市,土地,金六結段七結小段31~60地號,1602.86,住,,,1070508,土地4建物0車位0,,,其他,,,,0.0,0,0,0,有,無,160010000,99828,,0.0,0,,RPVPMLOJOHNFFBG98CA
礁溪鄉,房地(土地+建物),宜蘭縣礁溪鄉化龍街8巷1~30號,10.4,住,,,1070430,土地1建物1車位0,二層,六層,套房(1房1廳1衛),住家用,鋼筋混凝土造,0860811,53.16,1,0,1,有,有,2600000,48909,,0.0,0,,RPWOMLRJOHNFFBG66CA
羅東鎮,土地,國華段31~60地號,435.0,住,,,1070420,土地1建物0車位0,,,其他,,,,0.0,0,0,0,有,無,39000000,89655,,0.0,0,,RPTNMLRJOHNFFAG98EA
礁溪鄉,土地,民權段781~810地號,596.33,,特定農業區,農牧用地,1070409,土地2建物0車位0,,,其他,,,,0.0,0,0,0,有,無,3250000,5450,,0.0,0,,RPOOMLSLNHNFFBG78DA
頭城鎮,土地,新金面段241~270地號,1810.23,,特定農業區,農牧用地,1070517,土地1建物0車位0,,,其他,,,,0.0,0,0,0,有,無,6078360,3358,,0.0,0,,RPUNMLTLNHNFFBG76DA
三星鄉,房地(土地+建物),宜蘭縣三星鄉大隱十一路167巷1~30號,70.2,,特定農業區,甲種建築用地,1070415,土地2建物1車位0,全,二層,透天厝,見其他登記事項,鋼筋混凝土造,0860408,89.42,2,2,1,有,無,4000000,44733,,0.0,0,,RPPNMLPLNHNFFAG48EA
羅東鎮,土地,國華段481~510地號,100.0,住,,,1070507,土地1建物0車位0,,,其他,,,,0.0,0,0,0,有,無,6000000,60000,,0.0,0,母女間親屬買賣,RPRNMLPLNHNFFAG68EA
大同鄉,土地,大元段31~60地號,3790.0,,山坡地保育區,農牧用地,1070418,土地1建物0車位0,,,其他,,,,0.0,0,0,0,有,無,250000,66,,0.0,0,,RPQQMLKMNHNFFAG48EA
頭城鎮,建物,宜蘭縣頭城鎮復興路18巷1~30號,0.0,,,,1070503,土地0建物1車位0,全,三層,透天厝,住家用,鋼筋混凝土造,0901127,220.47,5,1,2,有,無,2200000,9979,,0.0,0,,RPTOMLTLNHNFFBG76DA
員山鄉,土地,慶安段91~120地號,902.18,,一般農業區,農牧用地,1061024,土地1建物0車位0,,,其他,,,,0.0,0,0,0,有,無,3200000,3547,,0.0,0,含地上物:果園,RPTNMLPLNHNFFBG98EA
宜蘭市,土地,建蘭段751~780地號,115.0,農,,,1070515,土地1建物0車位0,,,其他,,,,0.0,0,0,0,有,無,4800000,41739,,0.0,0,含未辦保存登記建物,RPUNMLPLNHNFFBG09EA
員山鄉,土地,新洲子段481~510地號,1461.43,,特定農業區,農牧用地,1030830,土地1建物0車位0,,,其他,,,,0.0,0,0,0,有,無,5747000,3932,,0.0,0,由買方出資請賣方興建建築物，含未保存登記建物345.6平方公尺，所有權共兩人。,RPWNMLTLNHNFFBG86CA
員山鄉,房地(土地+建物),宜蘭縣員山鄉惠民路245巷1~30號,79.02,,鄉村區,乙種建築用地,1050215,土地3建物1車位0,全,四層,透天厝,見其他登記事項,鋼筋混凝土造,1070213,174.7,3,3,3,有,無,8500000,48655,,0.0,0,,RPORMLOJOHNFFBG48CA
員山鄉,房地(土地+建物),宜蘭縣員山鄉惠民路245巷1~30號,80.98,,鄉村區,乙種建築用地,1050106,土地2建物1車位0,全,四層,透天厝,見其他登記事項,鋼筋混凝土造,1070213,174.7,3,3,3,有,無,8390000,48025,,0.0,0,,RPTRMLOJOHNFFBG98CA
員山鄉,房地(土地+建物),宜蘭縣員山鄉惠民路245巷1~30號,80.28,,鄉村區,乙種建築用地,1050618,土地2建物1車位0,全,四層,透天厝,見其他登記事項,鋼筋混凝土造,1070213,174.6,3,3,3,有,無,8400000,48110,,0.0,0,,RPVRMLOJOHNFFBG56CA
員山鄉,房地(土地+建物),宜蘭縣員山鄉惠民路245巷1~30號,77.48,,鄉村區,乙種建築用地,1050731,土地2建物1車位0,全,四層,透天厝,見其他登記事項,鋼筋混凝土造,1070213,180.41,3,3,4,有,無,8680000,48113,,0.0,0,,RPWRMLOJOHNFFBG66CA
員山鄉,房地(土地+建物),宜蘭縣員山鄉惠民路245巷1~30號,80.46,,鄉村區,乙種建築用地,1050106,土地3建物1車位0,全,四層,透天厝,見其他登記事項,鋼筋混凝土造,1070213,174.7,3,3,3,有,無,8400000,48082,,0.0,0,,RPRRMLOJOHNFFBG78CA
宜蘭市,土地,乾門一段451~480地號,75.11,住,,,1070514,土地1建物0車位0,,,其他,,,,0.0,0,0,0,有,無,5396000,71841,,0.0,0,,RPQOMLSLNHNFFBG88CA
三星鄉,房地(土地+建物),宜蘭縣三星鄉清洲一路30巷1~30號,119.98,,特定農業區,甲種建築用地,1061001,土地3建物1車位0,全,三層,透天厝,住家用,見其他登記事項,1070207,213.04,4,2,4,有,無,9500000,44593,,0.0,0,,RPWNMLKLOHNFFAG58CA
三星鄉,房地(土地+建物),宜蘭縣三星鄉清洲一路30巷1~30號,104.11,,特定農業區,甲種建築用地,1060116,土地3建物1車位0,全,三層,透天厝,住家用,見其他登記事項,1070207,189.92,4,2,4,有,無,9100000,47915,,0.0,0,,RPXNMLKLOHNFFAG68CA
三星鄉,房地(土地+建物),宜蘭縣三星鄉清洲一路30巷1~30號,102.92,,特定農業區,甲種建築用地,1060214,土地3建物1車位0,全,三層,透天厝,住家用,見其他登記事項,1070207,181.84,4,2,4,有,無,8880000,48834,,0.0,0,,RPPOMLKLOHNFFAG97CA
三星鄉,房地(土地+建物),宜蘭縣三星鄉清洲一路30巷1~30號,110.06,,特定農業區,甲種建築用地,1060302,土地3建物1車位0,全,三層,透天厝,住家用,見其他登記事項,1070207,208.33,4,2,4,有,無,10150000,48721,,0.0,0,,RPQOMLKLOHNFFAG08CA
宜蘭市,房地(土地+建物),宜蘭縣宜蘭市慈航一路61~90號,103.0,,特定農業區,甲種建築用地,1070507,土地2建物1車位0,全,三層,透天厝,見其他登記事項,鋼筋混凝土造,1020702,189.35,4,2,3,有,無,8300000,43834,,0.0,0,,RPROMLPLNHNFFBG68CA
礁溪鄉,房地(土地+建物)+車位,宜蘭縣礁溪鄉信義路34巷1~30號,9.19,商,,,1070514,土地2建物1車位1,十二層,十三層,套房(1房1廳1衛),見其他登記事項,鋼筋混凝土造,0971231,74.46,1,1,1,有,有,6200000,83266,坡道平面,0.0,0,,RPWNMLPLNHNFFBG09CA
礁溪鄉,房地(土地+建物)+車位,宜蘭縣礁溪鄉信義路34巷1~30號,8.43,商,,,1070514,土地2建物1車位1,十二層,十三層,套房(1房1廳1衛),見其他登記事項,鋼筋混凝土造,0971231,79.31,1,1,1,有,有,6600000,83218,坡道平面,0.0,0,,RPOOMLPLNHNFFBG38CA
蘇澳鎮,土地,文化段901~930地號,47.09,住,,,1070508,土地1建物0車位0,,,其他,,,,0.0,0,0,0,有,無,800000,16989,,0.0,0,,RPVOMLPJOHNFFAG88CA
羅東鎮,房地(土地+建物),宜蘭縣羅東鎮公正路541~570號,3.97,住,,,1070515,土地1建物1車位0,二十三層,二十四層,套房(1房1廳1衛),住家用,鋼筋混凝土造,0850827,48.730000000000004,1,1,1,有,有,2820000,57870,,0.0,0,,RPRPMLRJOHNFFAG78CA
羅東鎮,土地,仁愛一段1261~1290地號,359.65,,特定農業區,農牧用地,1070512,土地1建物0車位0,,,其他,,,,0.0,0,0,0,有,無,5766000,16032,,0.0,0,,RPPNMLTJOHNFFAG58CA
羅東鎮,房地(土地+建物),宜蘭縣羅東鎮四維路152巷1~30號,76.09,,特定農業區,甲種建築用地,1070420,土地1建物1車位0,全,二層,透天厝,住家用,鋼筋混凝土加強磚造,0730303,100.54,5,3,4,有,無,8000000,79570,,0.0,0,,RPXNMLTLNHNFFAG86CA
冬山鄉,房地(土地+建物)+車位,宜蘭縣冬山鄉香中路262巷61~90號,170.99,工,,,1070328,土地2建物1車位1,全,四層,透天厝,見其他登記事項,鋼筋混凝土造,0940913,138.99,4,1,2,有,無,4800000,34535,一樓平面,0.0,0,,RPOOMLOJOHNFFAG08CA
蘇澳鎮,土地,頂寮段631~660地號,1660.28,,工業區,丁種建築用地,1070425,土地5建物0車位0,,,其他,,,,0.0,0,0,0,有,無,15598331,9395,,0.0,0,,RPTPMLSLNHNFFAG56CA
五結鄉,房地(土地+建物),宜蘭縣五結鄉大吉三路168巷1~30號,73.78,,鄉村區,乙種建築用地,1070424,土地1建物1車位0,全,二層,透天厝,住家用,鋼筋混凝土加強磚造,0700725,85.06,4,1,3,有,無,5000000,58782,,0.0,0,另有增建，約22坪。,RPVOMLTLNHNFFAG76CA
羅東鎮,房地(土地+建物),宜蘭縣羅東鎮天祥路166巷1~30號,61.0,住,,,1070419,土地1建物1車位0,全,一層,透天厝,住家用,木造,,40.5,2,1,1,有,無,5000000,123457,,0.0,0,,RPPNMLTLNHNFFAG68CA
冬山鄉,房地(土地+建物),宜蘭縣冬山鄉吉祥路112巷31~60號,104.54,,特定農業區,甲種建築用地,1061109,土地1建物1車位0,全,三層,透天厝,住家用,見其他登記事項,1060922,191.23,4,2,5,有,無,8450000,44188,,0.0,0,,RPPNMLPLNHNFFAG28CA
冬山鄉,房地(土地+建物),宜蘭縣冬山鄉吉祥路112巷31~60號,98.87,,特定農業區,甲種建築用地,1061109,土地2建物1車位0,全,三層,透天厝,住家用,見其他登記事項,1060922,188.28,4,2,5,有,無,7960000,42277,,0.0,0,,RPQNMLPLNHNFFAG38CA
羅東鎮,房地(土地+建物),宜蘭縣羅東鎮民意街1~30號,64.0,住,,,1070426,土地1建物1車位0,全,三層,透天厝,住家用,鋼筋混凝土加強磚造,0650614,142.44,0,0,3,無,無,6000000,42123,,0.0,0,,RPRNMLSLNHNFFAG78CA
三星鄉,土地,福和段1201~1230地號,252.09,,鄉村區,乙種建築用地,1070403,土地1建物0車位0,,,其他,,,,0.0,0,0,0,有,無,5560000,,,0.0,0,,RPRNMLTLNHNFFAG88CA
冬山鄉,房地(土地+建物),宜蘭縣冬山鄉光明路356巷1~30號,113.19,,特定農業區,甲種建築用地,1070420,土地2建物1車位0,全,三層,透天厝,住家用,鋼筋混凝土造,0870605,165.83,6,2,3,有,無,7200000,43418,,0.0,0,,RPSNMLTLNHNFFAG98CA
五結鄉,房地(土地+建物),宜蘭縣五結鄉中興路三段19巷1~30號,85.32,住,,,1070429,土地2建物1車位0,全,四層,透天厝,住家用,鋼筋混凝土造,0800917,155.34,4,3,3,有,無,6100000,39269,,0.0,0,,RPVPMLSLNHNFFAG76CA
冬山鄉,土地,中山段61~90地號,2558.0,,一般農業區,農牧用地,1070420,土地2建物0車位0,,,其他,,,,0.0,0,0,0,有,無,6100000,2385,,0.0,0,,RPQOMLPLNHNFFAG48CA
羅東鎮,房地(土地+建物),宜蘭縣羅東鎮復興路一段93巷1~30號,46.55,住,,,1070510,土地1建物1車位0,四層,五層,公寓(5樓含以下無電梯),住家用,鋼筋混凝土造,0790530,96.13,3,2,2,有,無,3650000,37969,,0.0,0,,RPVNMLSLNHNFFAG56CA
羅東鎮,土地,東安段1~30地號,28.75,,特定農業區,甲種建築用地,1070518,土地1建物0車位0,,,其他,,,,0.0,0,0,0,有,無,652625,22700,,0.0,0,,RPQOMLSLNHNFFAG78CA
冬山鄉,房地(土地+建物),宜蘭縣冬山鄉冬山路五段361~390號,107.36,住,,,1070411,土地2建物1車位0,一層，二層，三層，四層，騎樓，見其他登記事項,四層,店面(店鋪),見其他登記事項,見其他登記事項,1070212,259.97,5,0,7,有,無,25000000,96165,,0.0,0,,RPPNMLQKOHNFFAG38CA
冬山鄉,房地(土地+建物),宜蘭縣冬山鄉冬山路五段361~390號,79.24,住,,,1060123,土地1建物1車位0,一層，二層，三層，騎樓，見其他登記事項,三層,店面(店鋪),見其他登記事項,見其他登記事項,1070212,200.38,3,0,5,有,無,19000000,94820,,0.0,0,,RPQNMLQKOHNFFAG48CA
冬山鄉,房地(土地+建物),宜蘭縣冬山鄉龍祥十路1~30號,13908.0,,工業區,丁種建築用地,1070426,土地1建物2車位0,一層,一層,工廠,工業用,見其他登記事項,0830402,4265.95,0,0,0,無,無,175000000,,,0.0,0,,RPPOMLSJOHNFFAG58CA
羅東鎮,房地(土地+建物),宜蘭縣羅東鎮站前南路31~60號,28.22,住,,,1070424,土地2建物1車位0,二層,五層,公寓(5樓含以下無電梯),住家用,鋼筋混凝土造,0790203,91.83,3,2,2,有,無,3200000,34847,,0.0,0,平台有增建。,RPQOMLSJOHNFFAG68CA
羅東鎮,房地(土地+建物),宜蘭縣羅東鎮站前南路31~60號,28.22,住,,,1070424,土地2建物1車位0,一層，騎樓,五層,公寓(5樓含以下無電梯),住家用,鋼筋混凝土造,0790203,87.14999999999999,3,2,2,有,無,4800000,55077,,0.0,0,壹樓空地有增建。,SPQOMLSJOHNFFAG78CA
羅東鎮,土地,中華段121~150地號,130.0,商,,,1070428,土地1建物0車位0,,,其他,,,,0.0,0,0,0,有,無,24900000,191538,,0.0,0,,RPRNMLLJOHNFFAG97CA
礁溪鄉,房地(土地+建物),宜蘭縣礁溪鄉和平路31~60號,14.2,住,,,1070504,土地1建物1車位0,六層,七層,套房(1房1廳1衛),住家用,鋼筋混凝土造,0860121,76.64,1,1,1,有,無,3300000,43058,,0.0,0,,RPOQMLPLNHNFFBG58CA
三星鄉,房地(土地+建物),宜蘭縣三星鄉清洲一路30巷1~30號,107.31,,特定農業區,甲種建築用地,1060125,土地3建物1車位0,全,三層,透天厝,住家用,見其他登記事項,1070207,197.48,4,2,4,有,無,9550000,48359,,0.0,0,,RPVNMLKLOHNFFAG48CA
冬山鄉,房地(土地+建物),宜蘭縣冬山鄉冬山路五段361~390號,64.24,住,,,1060203,土地1建物1車位0,三層，騎樓，一層，二層，見其他登記事項,三層,店面(店鋪),住家用,見其他登記事項,1070212,173.84,3,0,5,有,無,17100000,98366,,0.0,0,,RPSNMLQKOHNFFAG68CA
宜蘭市,房地(土地+建物)+車位,宜蘭縣宜蘭市樹人路31~60號,34.58,住,,,1070413,土地1建物1車位1,十二層,十二層,住宅大樓(11層含以上有電梯),見其他登記事項,鋼筋混凝土造,1060603,196.98000000000002,3,2,2,有,有,11300000,70823,坡道平面,52.96,1100000,,RPSOMLTLNHNFFBG56CA
礁溪鄉,房地(土地+建物),宜蘭縣礁溪鄉龍潭路568巷1~30號,51.29,住,,,1050909,土地1建物1車位0,二層,五層,華廈(10層含以下有電梯),見其他登記事項,鋼筋混凝土造,1070208,104.27000000000001,3,2,2,有,有,5300000,50830,,0.0,0,,RPVNMLKMNHNFFBG58CA
礁溪鄉,房地(土地+建物),宜蘭縣礁溪鄉大忠路91~120號,11.99,住,,,1070424,土地1建物1車位0,六層,八層,套房(1房1廳1衛),住家用,鋼筋混凝土造,0861017,65.24,1,1,1,有,有,3690000,56560,,0.0,0,,RPSRMLOJOHNFFBG88CA
礁溪鄉,房地(土地+建物),宜蘭縣礁溪鄉仁愛路156巷1~30號,8.34,住,,,1070424,土地1建物1車位0,一層,十三層,套房(1房1廳1衛),住家用,鋼筋混凝土造,0861226,55.36,1,1,1,有,有,3800000,68654,,0.0,0,,RPQRMLOJOHNFFBG68CA
員山鄉,房地(土地+建物),宜蘭縣員山鄉惠民路245巷1~30號,95.19,,鄉村區,乙種建築用地,1050110,土地2建物1車位0,全,四層,透天厝,見其他登記事項,鋼筋混凝土造,1070213,204.68,3,3,3,有,無,10000000,48857,,0.0,0,,RPWPMLOJOHNFFBG09CA
員山鄉,房地(土地+建物),宜蘭縣員山鄉惠民路245巷1~30號,100.83,,鄉村區,乙種建築用地,1050115,土地2建物1車位0,全,四層,透天厝,見其他登記事項,鋼筋混凝土造,1070213,197.24,3,3,3,有,無,10200000,51714,,0.0,0,,RPXPMLOJOHNFFBG56CA
員山鄉,房地(土地+建物),宜蘭縣員山鄉惠民路245巷1~30號,104.62,,鄉村區,乙種建築用地,1050103,土地2建物1車位0,全,四層,透天厝,見其他登記事項,鋼筋混凝土造,1070213,196.89,3,3,3,有,無,9960000,50587,,0.0,0,,RPOQMLOJOHNFFBG38CA
員山鄉,房地(土地+建物),宜蘭縣員山鄉惠民路245巷1~30號,97.51,,鄉村區,乙種建築用地,1050109,土地2建物1車位0,全,四層,透天厝,見其他登記事項,鋼筋混凝土造,1070213,196.89,3,3,3,有,無,10060000,51095,,0.0,0,,RPQQMLOJOHNFFBG58CA
員山鄉,房地(土地+建物),宜蘭縣員山鄉惠民路245巷1~30號,130.27,,鄉村區,乙種建築用地,1050111,土地2建物1車位0,全,四層,透天厝,見其他登記事項,鋼筋混凝土造,1070213,240.0,3,3,3,有,無,10880000,45333,,0.0,0,,RPRQMLOJOHNFFBG68CA
員山鄉,房地(土地+建物),宜蘭縣員山鄉惠民路249巷1~30號,105.81,,鄉村區,乙種建築用地,1050119,土地2建物1車位0,全,四層,透天厝,見其他登記事項,鋼筋混凝土造,1070213,177.67,2,5,4,有,無,8700000,48967,,0.0,0,,RPSQMLOJOHNFFBG78CA
員山鄉,房地(土地+建物),宜蘭縣員山鄉惠民路249巷1~30號,85.79,,鄉村區,乙種建築用地,1060213,土地2建物1車位0,全,四層,透天厝,見其他登記事項,鋼筋混凝土造,1070213,174.64,3,3,3,有,無,8380000,47984,,0.0,0,,RPVQMLOJOHNFFBG09CA
員山鄉,房地(土地+建物),宜蘭縣員山鄉惠民路245巷1~30號,74.18,,鄉村區,乙種建築用地,1050106,土地3建物1車位0,全,四層,透天厝,見其他登記事項,鋼筋混凝土造,1070213,174.7,3,3,3,有,無,8400000,48082,,0.0,0,,RPWQMLOJOHNFFBG56CA
員山鄉,房地(土地+建物),宜蘭縣員山鄉惠民路245巷1~30號,74.38,,鄉村區,乙種建築用地,1050101,土地3建物1車位0,全,四層,透天厝,見其他登記事項,鋼筋混凝土造,1070213,174.7,3,3,3,有,無,8380000,47968,,0.0,0,,RPXQMLOJOHNFFBG66CA
員山鄉,房地(土地+建物),宜蘭縣員山鄉惠民路245巷1~30號,94.92,,鄉村區,乙種建築用地,1050305,土地2建物1車位0,全,四層,透天厝,見其他登記事項,鋼筋混凝土造,1070213,220.79,3,3,4,有,無,10500000,47557,,0.0,0,,RPSOMLOJOHNFFBG58CA
員山鄉,房地(土地+建物),宜蘭縣員山鄉惠民路245巷1~30號,81.73,,鄉村區,乙種建築用地,1050904,土地2建物1車位0,全,四層,透天厝,見其他登記事項,鋼筋混凝土造,1070213,173.94,3,3,3,有,無,8380000,48178,,0.0,0,,RPTOMLOJOHNFFBG68CA
員山鄉,房地(土地+建物),宜蘭縣員山鄉惠民路245巷1~30號,94.98,,鄉村區,乙種建築用地,1050312,土地2建物1車位0,全,四層,透天厝,見其他登記事項,鋼筋混凝土造,1070213,223.45,3,3,4,有,無,11000000,49228,,0.0,0,,RPXOMLOJOHNFFBG09CA
員山鄉,房地(土地+建物),宜蘭縣員山鄉惠民路245巷1~30號,78.68,,鄉村區,乙種建築用地,1050607,土地2建物1車位0,全,四層,透天厝,見其他登記事項,鋼筋混凝土造,1070213,164.69,3,3,3,有,無,8160000,49548,,0.0,0,,RPOPMLOJOHNFFBG28CA
員山鄉,房地(土地+建物),宜蘭縣員山鄉惠民路245巷1~30號,79.78,,鄉村區,乙種建築用地,1050902,土地2建物1車位0,全,四層,透天厝,見其他登記事項,鋼筋混凝土造,1070213,169.75,3,3,3,有,無,8280000,48778,,0.0,0,,RPPPMLOJOHNFFBG38CA
礁溪鄉,房地(土地+建物),宜蘭縣礁溪鄉德陽路242巷1~30號,24.19,住,,,1070428,土地2建物1車位0,二層,五層,套房(1房1廳1衛),住家用,鋼筋混凝土造,0721007,76.81,1,1,1,有,無,3100000,40359,,0.0,0,,RPVNMLLKOHNFFBG58CA
礁溪鄉,房地(土地+建物),宜蘭縣礁溪鄉公園路70巷39弄1~30號,32.84,其他,,,1070125,土地1建物1車位0,一層,十一層,店面(店鋪),見其他登記事項,鋼筋混凝土造,1060628,84.75999999999999,0,0,0,無,無,14700000,173431,,0.0,0,,RPQNMLQKOHNFFBG58CA
羅東鎮,房地(土地+建物),宜蘭縣羅東鎮中山路一段151~180號,12.76,,特定農業區,甲種建築用地,1070414,土地1建物1車位0,六層,九層,套房(1房1廳1衛),住家用,鋼筋混凝土造,0850216,50.97,1,1,1,有,有,2500000,49048,,0.0,0,,RPOOMLTKOHNFFAG88EA
礁溪鄉,房地(土地+建物),宜蘭縣礁溪鄉大忠路61~90號,15.93,住,,,1070424,土地1建物1車位0,二層,九層,華廈(10層含以下有電梯),住家用,鋼筋混凝土造,0930108,112.5,2,1,1,有,有,5000000,44444,,0.0,0,,RPPNMLTKOHNFFBG78CA
礁溪鄉,房地(土地+建物)+車位,宜蘭縣礁溪鄉溫泉路31~60號,4.98,商,,,1070424,土地1建物1車位1,五層,十二層,套房(1房1廳1衛),住家用,鋼筋混凝土造,0850318,67.63,1,1,1,有,有,3780000,55892,升降機械,0.0,0,,RPSNMLPLOHNFFBG78CA
蘇澳鎮,土地,猴猴段1231~1260地號,110.18,,鄉村區,乙種建築用地,1070423,土地1建物0車位0,,,其他,,,,0.0,0,0,0,有,無,1650000,14975,,0.0,0,親屬間交易(向兄嫂承買),RPQNMLLJOHNFFAG08EA
冬山鄉,房地(土地+建物),宜蘭縣冬山鄉永清路271~300號,106.92,住,,,1070410,土地2建物1車位0,全,三層,透天厝,住家用,鋼筋混凝土造,0820116,179.94,5,2,3,有,無,13000000,72246,,0.0,0,,RPQNMLSLNHNFFAG88EA
宜蘭市,房地(土地+建物),宜蘭縣宜蘭市女中路三段226巷1~30號,115.77,住,,,1070408,土地4建物1車位0,全,三層,透天厝,見其他登記事項,鋼筋混凝土造,1070412,226.3,4,3,5,有,無,15000000,66284,,0.0,0,,RPPNMLMLOHNFFBG18CA
蘇澳鎮,土地,文化段631~660地號,1006.74,住,,,1070331,土地3建物0車位0,,,其他,,,,0.0,0,0,0,有,無,17080000,16966,,0.0,0,,RPRQMLKMNHNFFAG58EA
蘇澳鎮,土地,文化段631~660地號,1107.35,住,,,1070331,土地3建物0車位0,,,其他,,,,0.0,0,0,0,有,無,18788000,16967,,0.0,0,"就現場填土,買方補貼新台幣三十二萬元給賣方",RPSQMLKMNHNFFAG68EA
蘇澳鎮,土地,文化段631~660地號,1610.65,住,,,1070323,土地3建物0車位0,,,其他,,,,0.0,0,0,0,有,無,27317000,16960,,0.0,0,"就現場填土,買方補貼新台幣465,000元給賣方",RPTQMLKMNHNFFAG78EA
頭城鎮,房地(土地+建物),宜蘭縣頭城鎮頭濱路二段463巷1~30號,96.74,,鄉村區,乙種建築用地,1070517,土地1建物1車位0,全,二層,透天厝,住家用,鋼筋混凝土加強磚造,0690614,123.4,3,1,2,有,無,2000000,16207,,0.0,0,,RPWNMLKMNHNFFBG78DA
頭城鎮,房地(土地+建物),宜蘭縣頭城鎮開蘭路241~270號,133.58,住,,,1070503,土地1建物1車位0,全,二層,透天厝,住商用,加強磚造,0570701,235.66,1,1,1,有,無,9000000,38191,,0.0,0,,RPXNMLKMNHNFFBG88DA
壯圍鄉,土地,壯濱二段451~480地號,75.28,,一般農業區,農牧用地,1070508,土地2建物0車位0,,,其他,,,,0.0,0,0,0,有,無,600000,7970,,0.0,0,買方為後面營業人因為經營輪胎行需要進出使用,RPRNMLPJOHNFFBG68EA
礁溪鄉,房地(土地+建物),宜蘭縣礁溪鄉大忠路62巷1~30號,26.08,住,,,1070518,土地3建物1車位0,二層,九層,套房(1房1廳1衛),見其他登記事項,鋼筋混凝土造,1040107,79.25,1,1,1,有,有,5800000,73186,,0.0,0,朋友間買賣,RPXNMLSLNHNFFBG07EA
宜蘭市,房地(土地+建物)+車位,宜蘭縣宜蘭市金六結路481~510號,19.81,住,,,1070426,土地2建物1車位1,二層,七層,華廈(10層含以下有電梯),住家用,鋼筋混凝土造,0830303,127.97,3,2,2,有,有,4400000,34383,坡道平面,0.0,0,1陽台外推、 2買受人有二人,RPRNMLTLNHNFFBG56EA
宜蘭市,房地(土地+建物),宜蘭縣宜蘭市女中路三段226巷1~30號,113.57,住,,,1060619,土地4建物1車位0,全,三層,透天厝,見其他登記事項,鋼筋混凝土造,1070412,222.84,3,3,4,有,無,15000000,67313,,0.0,0,,RPVNMLRKOHNFFBG56CA
宜蘭市,房地(土地+建物),宜蘭縣宜蘭市女中路三段226巷1~30號,113.57,住,,,1060619,土地4建物1車位0,全,三層,透天厝,見其他登記事項,鋼筋混凝土造,1070412,222.84,2,3,3,有,無,15000000,67313,,0.0,0,,RPWNMLRKOHNFFBG66CA
宜蘭市,房地(土地+建物),宜蘭縣宜蘭市女中路三段226巷1~30號,109.27,住,,,1060410,土地4建物1車位0,全,三層,透天厝,見其他登記事項,鋼筋混凝土造,1070412,199.85,4,3,5,有,無,14200000,71053,,0.0,0,,RPXNMLRKOHNFFBG76CA
宜蘭市,房地(土地+建物),宜蘭縣宜蘭市女中路三段226巷1~30號,115.85,住,,,1060915,土地4建物1車位0,全,三層,透天厝,見其他登記事項,鋼筋混凝土造,1070412,229.64,4,3,4,有,無,16260000,70806,,0.0,0,,RPOOMLRKOHNFFBG58CA
宜蘭市,房地(土地+建物),宜蘭縣宜蘭市成功路61~90號,90.4,住,,,1070501,土地2建物1車位0,全,五層,透天厝,見其他登記事項,鋼筋混凝土造,0851216,298.6,6,2,5,有,無,11500000,38513,,0.0,0,,RPPNMLNKOHNFFBG18CA
壯圍鄉,房地(土地+建物),宜蘭縣壯圍鄉中興六路118巷6弄1~30號,168.48,,特定農業區,甲種建築用地,1070427,土地6建物1車位0,全,四層,透天厝,見其他登記事項,鋼筋混凝土造,1050627,287.07,5,2,4,有,無,13100000,45633,,0.0,0,,RPRNMLNKOHNFFBG38CA
宜蘭市,房地(土地+建物),宜蘭縣宜蘭市大福路一段227巷1~30號,74.0,,鄉村區,乙種建築用地,1070422,土地1建物1車位0,全,二層,透天厝,住家用,鋼筋混凝土加強磚造,0690707,88.4,3,2,2,有,無,7900000,89367,,0.0,0,外觀拉皮、內部重新裝潢整修、三樓增建,RPUOMLNKOHNFFBG78CA
員山鄉,房地(土地+建物),宜蘭縣員山鄉惠民路235巷1~30號,111.62,,鄉村區,乙種建築用地,1051003,土地3建物1車位0,全,四層,透天厝,見其他登記事項,鋼筋混凝土造,1070213,214.21,3,3,3,有,無,10800000,50418,,0.0,0,,RPQPMLOJOHNFFBG48CA
宜蘭市,土地,金六結段七結小段61~90地號,25.12,住,,,1070518,土地1建物0車位0,,,其他,,,,0.0,0,0,0,有,無,2052084,81691,,0.0,0,,RPRPMLOJOHNFFBG58CA
員山鄉,房地(土地+建物),宜蘭縣員山鄉惠民路235巷1~30號,84.9,,鄉村區,乙種建築用地,1050526,土地3建物1車位0,全,四層,透天厝,住家用,鋼筋混凝土造,1070213,181.73,2,5,4,有,無,8480000,46663,,0.0,0,,RPSPMLOJOHNFFBG68CA
員山鄉,房地(土地+建物),宜蘭縣員山鄉惠民路245巷31~60號,98.99,,鄉村區,乙種建築用地,1060827,土地2建物1車位0,全,四層,透天厝,見其他登記事項,鋼筋混凝土造,1070213,219.73,3,3,4,有,無,11350000,51654,,0.0,0,,RPUOMLOJOHNFFBG78CA
員山鄉,房地(土地+建物),宜蘭縣員山鄉惠民路235巷1~30號,90.25,,鄉村區,乙種建築用地,1050523,土地3建物1車位0,全,四層,透天厝,住家用,鋼筋混凝土造,1070213,182.25,2,5,4,有,無,8480000,46529,,0.0,0,,RPVOMLOJOHNFFBG88CA
員山鄉,房地(土地+建物),宜蘭縣員山鄉惠民路235巷1~30號,96.72,,鄉村區,乙種建築用地,1050630,土地5建物1車位0,全,四層,透天厝,見其他登記事項,鋼筋混凝土造,1070213,178.06,3,3,3,有,無,8500000,47737,,0.0,0,,RPWOMLOJOHNFFBG98CA
礁溪鄉,房地(土地+建物)+車位,宜蘭縣礁溪鄉健康路61~90號,18.98,其他,,,1070415,土地1建物1車位1,三層,十二層,辦公商業大樓,見其他登記事項,鋼筋混凝土造,1040213,129.31,0,0,1,無,有,13980000,128249,坡道平面,29.66,1200000,,RPXRMLOJOHNFFBG76CA
礁溪鄉,房地(土地+建物),宜蘭縣礁溪鄉健康路61~90號,16.96,其他,,,1070329,土地1建物1車位0,五層,十二層,辦公商業大樓,見其他登記事項,鋼筋混凝土造,1040213,89.16,0,0,1,無,有,13000000,145805,,0.0,0,,RPWOMLPJOHNFFBG09CA
礁溪鄉,房地(土地+建物),宜蘭縣礁溪鄉德陽路181~210號,14.95,住,,,1070427,土地1建物1車位0,七層,十六層,套房(1房1廳1衛),見其他登記事項,鋼筋混凝土造,1051006,77.74,0,0,1,無,有,7000000,90044,,0.0,0,,RPPNMLQJOHNFFBG38CA
礁溪鄉,土地,實踐段571~600地號,3700.0,,特定農業區,農牧用地,1070430,土地2建物0車位0,,,其他,,,,0.0,0,0,0,有,無,14326400,3872,,0.0,0,,RPRNMLLMNHNFFBG28CA
宜蘭市,房地(土地+建物),宜蘭縣宜蘭市大福路一段25巷31~60號,81.0,,鄉村區,乙種建築用地,1070421,土地1建物1車位0,全,二層,透天厝,住家用,鋼筋混凝土加強磚造,0710521,108.66,4,2,2,有,無,4300000,39573,,0.0,0,,RPUNMLLJOHNFFBG38CA
頭城鎮,房地(土地+建物),宜蘭縣頭城鎮濱海路六段95巷61~90號,102.5,住,,,1070428,土地1建物1車位0,全,二層,透天厝,住家用,鋼筋混凝土加強磚造,0800301,130.65,4,2,3,有,無,5500000,42097,,0.0,0,3樓後半段增建.廚房增建鐵皮屋,RPVNMLLJOHNFFBG48CA
員山鄉,土地,金泰段841~870地號,11.06,住,,,1070424,土地1建物0車位0,,,其他,,,,0.0,0,0,0,有,無,614000,55515,,0.0,0,,RPPOMLTLNHNFFBG88CA
宜蘭市,房地(土地+建物),宜蘭縣宜蘭市女中路三段511~540號,83.0,住,,,1070418,土地3建物1車位0,全,三層,透天厝,住商用,鋼筋混凝土造,0901030,206.92,6,2,7,有,無,13230000,63938,,0.0,0,增建範圍: 一樓空地、頂樓及陽台外推,RPWPMLTLNHNFFBG07CA
宜蘭市,房地(土地+建物),宜蘭縣宜蘭市東港路34巷6弄1~30號,23.11,住,,,1070507,土地1建物1車位0,五層,五層,華廈(10層含以下有電梯),住家用,鋼筋混凝土造,0820603,83.33999999999999,3,2,2,有,無,3300000,39597,,0.0,0,,RPRQMLTLNHNFFBG66CA
宜蘭市,房地(土地+建物),宜蘭縣宜蘭市泰山路1~30號,50.87,住,,,1070510,土地2建物1車位0,一層，二層，三層，騎樓,三層,店面(店鋪),住商用,鋼筋混凝土加強磚造,0630921,124.83,0,0,2,無,無,10100000,80910,,0.0,0,,RPTQMLTLNHNFFBG86CA
宜蘭市,房地(土地+建物),宜蘭縣宜蘭市東港路1~30號,33.59,住,,,1070504,土地1建物1車位0,三層,五層,華廈(10層含以下有電梯),住家用,鋼筋混凝土造,0831110,106.95,3,2,2,有,無,4100000,38336,,0.0,0,有陽台外推,RPPNMLKMNHNFFBG97CA
頭城鎮,土地,合興段61~90地號,51.12,商,,,1070518,土地2建物0車位0,,,其他,,,,0.0,0,0,0,有,無,650000,12715,,0.0,0,,RPPNMLTLNHNFFBG78CA
三星鄉,土地,阿里史段張公圍小段121~150地號,4838.0,,山坡地保育區,農牧用地,1070328,土地2建物0車位0,,,其他,,,,0.0,0,0,0,有,無,6200000,1282,,0.0,0,,RPPPMLRJOHNFFAG58CA
宜蘭市,房地(土地+建物),宜蘭縣宜蘭市復興路一段107巷1~30號,69.0,住,,,1070428,土地1建物1車位0,全,二層,透天厝,住家用,鋼筋混凝土加強磚造,,86.71,4,2,3,有,無,8000000,92262,,0.0,0,,RPWNMLSLNHNFFBG76CA
三星鄉,房地(土地+建物),宜蘭縣三星鄉尚貴路二段121~150號,1366.0,,特定農業區,農牧用地,1070321,土地1建物1車位0,一層，二層，三層,三層,農舍,農舍,見其他登記事項,1050707,289.39,4,2,5,有,無,26800000,,,0.0,0,,RPUNMLQJOHNFFAG78CA
三星鄉,土地,大隱段271~300地號,967.5,,特定農業區,農牧用地,1070201,土地2建物0車位0,,,其他,,,,0.0,0,0,0,有,無,3500000,3618,,0.0,0,,RPPNMLPJOHNFFAG18CA
冬山鄉,房地(土地+建物),宜蘭縣冬山鄉冬山路五段361~390號,55.93,住,,,1060118,土地1建物1車位0,騎樓，見其他登記事項，一層，二層，三層,三層,店面(店鋪),住家用,見其他登記事項,1070212,155.1,3,0,5,有,無,15600000,100580,,0.0,0,,RPRNMLQKOHNFFAG58CA
五結鄉,房地(土地+建物),宜蘭縣五結鄉大吉三路302巷1弄1~30號,92.29,,鄉村區,乙種建築用地,1070502,土地1建物1車位0,全,二層,透天厝,住家用,鋼筋混凝土加強磚造,0681023,95.56,3,2,2,有,無,5000000,52323,,0.0,0,,RPQNMLKMNHNFFAG97CA
蘇澳鎮,房地(土地+建物),宜蘭縣蘇澳鎮蘇東中路31~60號,44.72,商,,,1070502,土地2建物1車位0,四層,四層,公寓(5樓含以下無電梯),住家用,見其他登記事項,0810623,129.94,3,1,2,有,無,1500000,11544,,0.0,0,1.二等親間交易，另申報贈與稅。2.含5樓增建未登記部分90.7平方公尺。,RPWOMLTLNHNFFAG86CA
五結鄉,土地,季寶段211~240地號,416.04,,一般農業區,農牧用地,1070521,土地1建物0車位0,,,其他,,,,0.0,0,0,0,有,無,600000,1442,,0.0,0,姐弟及舅甥間口頭立約買賣。,RPRNMLOJOHNFFAG28CA
五結鄉,房地(土地+建物),宜蘭縣五結鄉五濱路一段31~60號,4245.76,,工業區,丁種建築用地,1070511,土地1建物1車位0,一層,一層,工廠,見其他登記事項,鋼骨鋼筋混凝土造,1041012,1475.34,1,0,1,有,無,87000000,,,0.0,0,,RPTSMLKMNHNFFAG78CA
羅東鎮,房地(土地+建物),宜蘭縣羅東鎮站前路61~90號,77.0,住,,,1070430,土地1建物1車位0,全,三層,透天厝,住家用,鋼筋混凝土造,0701229,171.69,6,3,3,有,無,10000000,58245,,0.0,0,,RPOQMLKMNHNFFAG08CA
南澳鄉,土地,仲岳段421~450地號,800.0,,山坡地保育區,農牧用地,1070312,土地1建物0車位0,,,其他,,,,0.0,0,0,0,有,無,150000,188,,0.0,0,本件標的義務人於104年10月15日將可取得所有權之權利讓渡予權利人，並交付交易總價。,RPSSMLKMNHNFFAG68CA
五結鄉,土地,季寶段211~240地號,208.02,,一般農業區,農牧用地,1070521,土地1建物0車位0,,,其他,,,,0.0,0,0,0,有,無,300000,1442,,0.0,0,姑姪間口頭立約買賣。,RPSNMLOJOHNFFAG38CA
羅東鎮,房地(土地+建物),宜蘭縣羅東鎮純精路三段91~120號,24.65,住,,,1070421,土地4建物1車位0,六層,七層,華廈(10層含以下有電梯),住家用,鋼筋混凝土造,0830702,125.61,3,2,2,有,有,5200000,41398,,0.0,0,,RPUOMLLMNHNFFAG58CA
冬山鄉,房地(土地+建物),宜蘭縣冬山鄉吉祥路112巷31~60號,128.37,,特定農業區,甲種建築用地,1070125,土地2建物1車位0,全,三層,透天厝,住家用,見其他登記事項,1060922,233.29,5,2,6,有,無,10500000,45008,,0.0,0,,RPPNMLKMNHNFFAG87CA
五結鄉,土地,孝威段61~90地號,52.0,,鄉村區,乙種建築用地,1070518,土地1建物0車位0,,,其他,,,,0.0,0,0,0,有,無,200000,3846,,0.0,0,本筆土地增值稅211230元由承買人繳納,RPXNMLKMNHNFFAG68CA
蘇澳鎮,房地(土地+建物),宜蘭縣蘇澳鎮頂興路91~120號,71.51,,工業區,丁種建築用地,1070427,土地1建物1車位0,全,三層,透天厝,住家用,鋼筋混凝土造,1030303,166.48,3,2,3,有,無,5680000,34118,,0.0,0,,RPSPMLRJOHNFFAG88CA
羅東鎮,房地(土地+建物),宜蘭縣羅東鎮光榮路241~270號,8.2,住,,,1070502,土地2建物1車位0,五層,十二層,住宅大樓(11層含以上有電梯),住家用,鋼筋混凝土造,0851003,80.09,2,1,1,有,有,4650000,58060,,0.0,0,,RPXNMLQJOHNFFAG09CA
員山鄉,房地(土地+建物),宜蘭縣員山鄉員山路一段397巷79弄1~30號,246.66,農,,,1070430,土地4建物1車位0,全,三層,透天厝,住家用,鋼筋混凝土造,1010103,169.56,4,2,3,有,無,10400000,61335,,0.0,0,增建範圍: 一樓空地,RPQQMLTLNHNFFBG56CA
宜蘭市,房地(土地+建物),宜蘭縣宜蘭市女中路三段31~60號,12.15,住,,,1070516,土地1建物1車位0,四層,七層,華廈(10層含以下有電梯),住家用,鋼筋混凝土造,0840426,64.88,2,1,1,有,有,2600000,40074,,0.0,0,,RPQPMLTLNHNFFBG09CA
宜蘭市,房地(土地+建物),宜蘭縣宜蘭市泰山路301~330號,74.0,住,,,1070330,土地1建物1車位0,全,二層,透天厝,住家用,鋼筋混凝土加強磚造,0680704,86.16,5,2,3,有,無,6360000,73816,,0.0,0,,RPPNMLMJOHNFFBG97CA
宜蘭市,房地(土地+建物),宜蘭縣宜蘭市女中路二段231巷1弄1~30號,118.88,住,,,1070519,土地2建物1車位0,全,四層,透天厝,住家用,鋼筋混凝土造,0960430,240.88,4,2,4,有,無,11000000,45666,,0.0,0,,RPXNMLOJOHNFFBG98CA
礁溪鄉,土地,龍泉段421~450地號,0.85,其他,,,1070521,土地1建物0車位0,,,其他,,,,0.0,0,0,0,有,無,200000,0,,0.0,0,,RPPOMLKMNHNFFBG08CA
宜蘭市,房地(土地+建物)+車位,宜蘭縣宜蘭市女中路二段231巷61~90號,35.27,住,,,1070428,土地1建物1車位1,六層,六層,華廈(10層含以下有電梯),住家用,鋼筋混凝土造,0811223,150.7,3,2,2,有,無,4130000,27405,一樓平面,0.0,0,陽台有外推,RPRNMLKMNHNFFBG18CA
宜蘭市,房地(土地+建物),宜蘭縣宜蘭市女中路三段121~150號,16.04,住,,,1070419,土地1建物1車位0,六層,七層,華廈(10層含以下有電梯),住家用,鋼筋混凝土造,0831118,81.75,2,1,2,有,有,3550000,43425,,0.0,0,增建範圍：陽台外推。,RPPNMLLJOHNFFBG87CA
礁溪鄉,房地(土地+建物),宜蘭縣礁溪鄉礁溪路五段50巷1~30號,58.0,住,,,1070420,土地1建物1車位0,全,二層,透天厝,住家用,鋼筋混凝土加強磚造,0650427,68.54,6,1,3,有,無,7500000,109425,,0.0,0,,RPQNMLQJOHNFFBG48CA
宜蘭市,房地(土地+建物)+車位,宜蘭縣宜蘭市縣政一街1~30號,30.47,住,,,1070512,土地1建物1車位1,四層,九層,華廈(10層含以下有電梯),見其他登記事項,鋼筋混凝土造,1060724,158.39,2,1,1,有,有,9800000,75351,坡道平面,42.93,1100000,,RPPOMLQJOHNFFBG48CA
員山鄉,房地(土地+建物),宜蘭縣員山鄉惠民路249巷1~30號,74.37,,鄉村區,乙種建築用地,1070321,土地3建物1車位0,全,四層,透天厝,見其他登記事項,鋼筋混凝土造,1070213,174.64,3,3,3,有,無,9080000,51993,,0.0,0,,RPQOMLOJOHNFFBG38CA
員山鄉,房地(土地+建物),宜蘭縣員山鄉惠民路249巷1~30號,74.38,,鄉村區,乙種建築用地,1070331,土地2建物1車位0,全,四層,透天厝,見其他登記事項,鋼筋混凝土造,1070213,174.64,3,3,3,有,無,8900000,50962,,0.0,0,,RPROMLOJOHNFFBG48CA
宜蘭市,房地(土地+建物),宜蘭縣宜蘭市東港路34巷1~30號,14.71,住,,,1070430,土地1建物1車位0,一層,八層,華廈(10層含以下有電梯),住家用,鋼筋混凝土造,0840410,74.38,0,0,1,無,有,3250000,43695,,0.0,0,,RPRNMLLKOHNFFBG18CA
宜蘭市,房地(土地+建物),宜蘭縣宜蘭市新興路31~60號,88.21,住,,,1070505,土地1建物1車位0,一層，二層，三層，四層，屋頂突出物，騎樓,四層,店面(店鋪),見其他登記事項,鋼筋混凝土造,1020208,289.57,0,0,3,無,無,22600000,78047,,0.0,0,,RPXTMLSJOHNFFBG37CA
頭城鎮,房地(土地+建物),宜蘭縣頭城鎮朝陽路1~30號,19.64,住,,,1030713,土地1建物1車位0,二十四層,二十九層,套房(1房1廳1衛),見其他登記事項,鋼骨鋼筋混凝土造,1061221,77.62,1,1,1,有,有,7480000,96367,,0.0,0,,RPQOMLRKOHNFFBG78CA
頭城鎮,房地(土地+建物),宜蘭縣頭城鎮朝陽路1~30號,22.3,住,,,1030918,土地1建物1車位0,十二層,二十九層,套房(1房1廳1衛),見其他登記事項,鋼骨鋼筋混凝土造,1061221,88.72,1,1,1,有,有,8270000,93215,,0.0,0,,RPROMLRKOHNFFBG88CA
頭城鎮,房地(土地+建物),宜蘭縣頭城鎮朝陽路1~30號,22.38,住,,,1030924,土地1建物1車位0,三層,二十九層,套房(1房1廳1衛),見其他登記事項,鋼骨鋼筋混凝土造,1061221,88.91,1,1,1,有,有,7850000,88292,,0.0,0,,RPVOMLRKOHNFFBG66CA
頭城鎮,房地(土地+建物),宜蘭縣頭城鎮朝陽路1~30號,24.95,住,,,1031015,土地1建物1車位0,十二層,二十九層,住宅大樓(11層含以上有電梯),見其他登記事項,鋼骨鋼筋混凝土造,1061221,98.5,0,0,1,無,有,10500000,106599,,0.0,0,,RPPPMLRKOHNFFBG78CA
頭城鎮,房地(土地+建物),宜蘭縣頭城鎮朝陽路1~30號,19.98,住,,,1030716,土地1建物1車位0,十層,二十九層,套房(1房1廳1衛),見其他登記事項,鋼骨鋼筋混凝土造,1061221,78.73,1,1,1,有,有,8830000,112155,,0.0,0,,RPQOMLSKOHNFFBG88CA
頭城鎮,房地(土地+建物),宜蘭縣頭城鎮朝陽路1~30號,22.46,住,,,1031226,土地1建物1車位0,七層,二十九層,套房(1房1廳1衛),見其他登記事項,鋼骨鋼筋混凝土造,1061221,89.22999999999999,1,1,1,有,有,8850000,99182,,0.0,0,,RPTOMLSKOHNFFBG56CA
頭城鎮,房地(土地+建物),宜蘭縣頭城鎮朝陽路1~30號,19.64,住,,,1070329,土地1建物1車位0,十三層,二十九層,套房(1房1廳1衛),見其他登記事項,鋼骨鋼筋混凝土造,1061221,77.62,1,1,1,有,有,6670000,85931,,0.0,0,1.土地及建物分次登記案件。2.金額依據103.07.17簽訂之房屋土地預定買賣契約書登載。3.(107.03.29權利讓渡),RPUOMLSKOHNFFBG66CA
頭城鎮,房地(土地+建物),宜蘭縣頭城鎮朝陽路1~30號,24.62,住,,,1030720,土地1建物1車位0,八層,二十九層,住宅大樓(11層含以上有電梯),見其他登記事項,鋼骨鋼筋混凝土造,1061221,97.31,0,0,1,無,有,9120000,93721,,0.0,0,,RPXOMLSKOHNFFBG96CA
頭城鎮,房地(土地+建物),宜蘭縣頭城鎮朝陽路1~30號,23.13,住,,,1030721,土地1建物1車位0,二十三層,二十九層,住宅大樓(11層含以上有電梯),見其他登記事項,鋼骨鋼筋混凝土造,1061221,91.97,0,0,1,無,有,9920000,107861,,0.0,0,,RPUPMLSKOHNFFBG76CA
頭城鎮,房地(土地+建物),宜蘭縣頭城鎮朝陽路1~30號,19.64,住,,,1030721,土地1建物1車位0,十二層,二十九層,套房(1房1廳1衛),見其他登記事項,鋼骨鋼筋混凝土造,1061221,77.62,1,1,1,有,有,6490000,83612,,0.0,0,,RPRNMLRKOHNFFBG78CA
頭城鎮,房地(土地+建物),宜蘭縣頭城鎮朝陽路1~30號,19.64,住,,,1030710,土地1建物1車位0,二十二層,二十九層,套房(1房1廳1衛),見其他登記事項,鋼骨鋼筋混凝土造,1061221,77.62,1,1,1,有,有,7540000,97140,,0.0,0,,RPTNMLRKOHNFFBG98CA
頭城鎮,房地(土地+建物),宜蘭縣頭城鎮朝陽路1~30號,19.64,住,,,1030713,土地1建物1車位0,二十一層,二十九層,套房(1房1廳1衛),見其他登記事項,鋼骨鋼筋混凝土造,1061221,77.62,1,1,1,有,有,7720000,99459,,0.0,0,,RPUNMLRKOHNFFBG09CA
宜蘭市,土地,振興段631~660地號,1332.0,農,,,1050924,土地1建物0車位0,,,其他,,,,0.0,0,0,0,有,無,14000000,10511,,0.0,0,土地為配建.,RPVNMLPKOHNFFBG98CA
礁溪鄉,土地,龍泉段31~60地號,633.82,農,,,1070103,土地1建物0車位0,,,其他,,,,0.0,0,0,0,有,無,2517000,3971,,0.0,0,,RPXNMLPKOHNFFBG56CA
礁溪鄉,房地(土地+建物),宜蘭縣礁溪鄉龍泉路304巷1~30號,1195.99,農,,,1061229,土地1建物1車位0,全,二層,透天厝,住家用,加強磚造,0720712,87.58,0,0,1,無,無,23877000,272631,,0.0,0,,RPOOMLPKOHNFFBG38CA
頭城鎮,房地(土地+建物),宜蘭縣頭城鎮朝陽路1~30號,22.63,住,,,1070130,土地1建物1車位0,六層,二十九層,套房(1房1廳1衛),見其他登記事項,鋼骨鋼筋混凝土造,1061221,89.80000000000001,1,1,1,有,有,7993836,89018,,0.0,0,1.土地及建物分次登記案件。2.金額依據103.08.29日簽訂之房屋土地預定買賣契約書及交屋繳款明細表登載。3.(107.01.30權利讓渡),RPUNMLQLOHNFFBG09CA
頭城鎮,房地(土地+建物),宜蘭縣頭城鎮朝陽路1~30號,23.54,住,,,1030721,土地1建物1車位0,二十六層,二十九層,住宅大樓(11層含以上有電梯),見其他登記事項,鋼骨鋼筋混凝土造,1061221,93.56,0,0,1,無,有,10900000,116503,,0.0,0,,RPQQMLQLOHNFFBG98CA
頭城鎮,房地(土地+建物),宜蘭縣頭城鎮朝陽路1~30號,24.37,住,,,1030721,土地1建物1車位0,十五層,二十九層,住宅大樓(11層含以上有電梯),見其他登記事項,鋼骨鋼筋混凝土造,1061221,96.22,0,0,1,無,有,9780608,101648,,0.0,0,,RPTRMLQLOHNFFBG76CA
頭城鎮,房地(土地+建物)+車位,宜蘭縣頭城鎮朝陽路1~30號,45.42,住,,,1070327,土地1建物1車位1,六層,二十九層,住宅大樓(11層含以上有電梯),見其他登記事項,鋼骨鋼筋混凝土造,1061221,183.59,0,0,1,無,有,12649246,90018,坡道平面,55.29,1100000,1.土地及建物分次登記案件。2.金額依據103.09.11日簽訂之房屋土地預定買賣契約書及交屋繳款明細表登載。3.停車位編號地下一層第58號。4.(107.03.27權利讓渡),RPURMLQLOHNFFBG86CA
頭城鎮,房地(土地+建物),宜蘭縣頭城鎮朝陽路1~30號,31.25,住,,,1030827,土地1建物1車位0,九層,二十九層,住宅大樓(11層含以上有電梯),見其他登記事項,鋼骨鋼筋混凝土造,1061221,125.53999999999999,0,0,1,無,有,11735828,93483,,0.0,0,,RPVRMLQLOHNFFBG96CA
頭城鎮,房地(土地+建物),宜蘭縣頭城鎮朝陽路1~30號,23.13,住,,,1030713,土地1建物1車位0,三層,二十九層,住宅大樓(11層含以上有電梯),見其他登記事項,鋼骨鋼筋混凝土造,1061221,91.46000000000001,0,0,1,無,有,8347145,91266,,0.0,0,,RPOSMLQLOHNFFBG98CA
頭城鎮,房地(土地+建物)+車位,宜蘭縣頭城鎮朝陽路1~30號,71.95,住,,,1030927,土地1建物1車位1,二十八層,二十九層,住宅大樓(11層含以上有電梯),見其他登記事項,鋼骨鋼筋混凝土造,1061221,287.59000000000003,0,0,1,無,有,27377633,113119,坡道平面,55.29,1100000,,RPPSMLQLOHNFFBG09CA
頭城鎮,房地(土地+建物)+車位,宜蘭縣頭城鎮朝陽路1~30號,37.96,住,,,1070321,土地1建物1車位1,六層,二十九層,住宅大樓(11層含以上有電梯),見其他登記事項,鋼骨鋼筋混凝土造,1061221,152.4,0,0,1,無,有,9735024,88920,坡道平面,55.29,1100000,1.土地及建物分次登記案件。2.金額依據103.08.29日簽訂之房屋土地預定買賣契約書及交屋繳款明細表登載。3.停車位編號地下一層第23號。4.(107.03.21權利讓渡),RPQSMLQLOHNFFBG56CA
頭城鎮,房地(土地+建物)+車位,宜蘭縣頭城鎮朝陽路1~30號,70.87,住,,,1070323,土地1建物1車位1,十六層,二十九層,住宅大樓(11層含以上有電梯),見其他登記事項,鋼骨鋼筋混凝土造,1061221,284.67,2,1,2,有,有,23860268,99229,坡道平面,55.29,1100000,1.土地及建物分次登記案件。2.金額依據103.08.22日簽訂之房屋土地預定買賣契約書及交屋繳款明細表登載。3.停車位編號地下一層第24號。4.(107.03.23權利讓渡),RPRSMLQLOHNFFBG66CA
頭城鎮,房地(土地+建物)+車位,宜蘭縣頭城鎮朝陽路1~30號,71.62,住,,,1030829,土地1建物1車位1,十八層,二十九層,住宅大樓(11層含以上有電梯),見其他登記事項,鋼骨鋼筋混凝土造,1061221,287.47,2,1,2,有,有,23873349,98085,坡道平面,55.29,1100000,,RPSSMLQLOHNFFBG76CA
頭城鎮,房地(土地+建物),宜蘭縣頭城鎮朝陽路1~30號,24.12,住,,,1030726,土地1建物1車位0,十三層,二十九層,住宅大樓(11層含以上有電梯),見其他登記事項,鋼骨鋼筋混凝土造,1061221,95.08,0,0,1,無,有,9295706,97767,,0.0,0,,RPTSMLQLOHNFFBG86CA
頭城鎮,房地(土地+建物),宜蘭縣頭城鎮朝陽路1~30號,23.79,住,,,1070316,土地1建物1車位0,八層,二十九層,住宅大樓(11層含以上有電梯),見其他登記事項,鋼骨鋼筋混凝土造,1061221,93.93,0,0,1,無,有,8596547,91521,,0.0,0,1.土地及建物分次登記案件。2.金額依據103.08.23日簽訂之房屋土地預定買賣契約書及交屋繳款明細表登載。3.權利人共二人。4.(107.03.16權利讓渡),RPUSMLQLOHNFFBG96CA
頭城鎮,房地(土地+建物),宜蘭縣頭城鎮朝陽路1~30號,32.16,住,,,1030904,土地1建物1車位0,五層,二十九層,住宅大樓(11層含以上有電梯),見其他登記事項,鋼骨鋼筋混凝土造,1061221,128.62,0,0,1,無,有,11689122,90881,,0.0,0,,RPVSMLQLOHNFFBG07CA
頭城鎮,房地(土地+建物)+車位,宜蘭縣頭城鎮朝陽路1~30號,72.36,住,,,1030806,土地1建物1車位1,二十二層,二十九層,住宅大樓(11層含以上有電梯),見其他登記事項,鋼骨鋼筋混凝土造,1061221,289.90999999999997,0,0,1,無,有,27466212,112378,坡道平面,55.29,1100000,,RPXSMLQLOHNFFBG27CA
頭城鎮,房地(土地+建物)+車位,宜蘭縣頭城鎮朝陽路1~30號,71.86,住,,,1030829,土地1建物1車位1,十九層,二十九層,住宅大樓(11層含以上有電梯),見其他登記事項,鋼骨鋼筋混凝土造,1061221,288.23,2,1,2,有,有,24485212,100392,坡道平面,55.29,1100000,,RPPTMLQLOHNFFBG56CA
頭城鎮,房地(土地+建物),宜蘭縣頭城鎮朝陽路1~30號,23.46,住,,,1030821,土地1建物1車位0,二十層,二十九層,住宅大樓(11層含以上有電梯),見其他登記事項,鋼骨鋼筋混凝土造,1061221,93.16999999999999,0,0,1,無,有,9445241,101376,,0.0,0,,RPQTMLQLOHNFFBG66CA
頭城鎮,房地(土地+建物),宜蘭縣頭城鎮朝陽路1~30號,24.29,住,,,1030827,土地1建物1車位0,二十七層,二十九層,住宅大樓(11層含以上有電梯),見其他登記事項,鋼骨鋼筋混凝土造,1061221,96.00999999999999,0,0,1,無,有,10291291,107190,,0.0,0,,RPRTMLQLOHNFFBG76CA
頭城鎮,房地(土地+建物),宜蘭縣頭城鎮朝陽路1~30號,24.2,住,,,1030827,土地1建物1車位0,十六層,二十九層,住宅大樓(11層含以上有電梯),見其他登記事項,鋼骨鋼筋混凝土造,1061221,95.68,0,0,1,無,有,9273891,96926,,0.0,0,,RPSTMLQLOHNFFBG86CA
頭城鎮,房地(土地+建物),宜蘭縣頭城鎮朝陽路1~30號,25.28,住,,,1030910,土地1建物1車位0,十六層,二十九層,住宅大樓(11層含以上有電梯),見其他登記事項,鋼骨鋼筋混凝土造,1061221,100.03999999999999,0,0,1,無,有,9689386,96855,,0.0,0,,RPTTMLQLOHNFFBG96CA
頭城鎮,房地(土地+建物),宜蘭縣頭城鎮朝陽路1~30號,23.54,住,,,1030823,土地1建物1車位0,六層,二十九層,住宅大樓(11層含以上有電梯),見其他登記事項,鋼骨鋼筋混凝土造,1061221,93.03999999999999,0,0,1,無,有,8432080,90629,,0.0,0,,RPPNMLRLOHNFFBG68CA
頭城鎮,房地(土地+建物),宜蘭縣頭城鎮朝陽路1~30號,24.7,住,,,1030821,土地1建物1車位0,十六層,二十九層,住宅大樓(11層含以上有電梯),見其他登記事項,鋼骨鋼筋混凝土造,1061221,97.38,0,0,1,無,有,9532435,97889,,0.0,0,,RPQNMLRLOHNFFBG78CA
頭城鎮,房地(土地+建物),宜蘭縣頭城鎮朝陽路1~30號,22.13,住,,,1040212,土地1建物1車位0,十層,二十九層,套房(1房1廳1衛),見其他登記事項,鋼骨鋼筋混凝土造,1061221,88.25999999999999,1,1,1,有,有,8544090,96806,,0.0,0,1.土地及建物分次登記案件。2.金額依據103.07.21簽訂之房屋土地預定買賣契約書及交屋繳款明細表登載。3.(104.02.12權利讓渡),RPRNMLRLOHNFFBG88CA
頭城鎮,房地(土地+建物),宜蘭縣頭城鎮朝陽路1~30號,23.71,住,,,1030823,土地1建物1車位0,七層,二十九層,住宅大樓(11層含以上有電梯),見其他登記事項,鋼骨鋼筋混凝土造,1061221,93.50999999999999,0,0,1,無,有,8606655,92040,,0.0,0,,RPTNMLRLOHNFFBG09CA
頭城鎮,房地(土地+建物),宜蘭縣頭城鎮朝陽路1~30號,24.2,住,,,1030822,土地1建物1車位0,十六層,二十九層,住宅大樓(11層含以上有電梯),見其他登記事項,鋼骨鋼筋混凝土造,1061221,95.66999999999999,0,0,1,無,有,9451542,98793,,0.0,0,,RPUNMLRLOHNFFBG56CA
頭城鎮,房地(土地+建物)+車位,宜蘭縣頭城鎮朝陽路1~30號,72.28,住,,,1030924,土地1建物1車位1,二十五層,二十九層,住宅大樓(11層含以上有電梯),見其他登記事項,鋼骨鋼筋混凝土造,1061221,290.19,2,1,2,有,有,25612056,104777,坡道平面,55.29,1000000,,RPVNMLRLOHNFFBG66CA
頭城鎮,房地(土地+建物)+車位,宜蘭縣頭城鎮朝陽路1~30號,72.28,住,,,1030826,土地1建物1車位1,二十一層,二十九層,住宅大樓(11層含以上有電梯),見其他登記事項,鋼骨鋼筋混凝土造,1061221,289.57,2,1,2,有,有,25456690,103964,坡道平面,55.29,1100000,,RPWNMLRLOHNFFBG76CA
頭城鎮,房地(土地+建物),宜蘭縣頭城鎮朝陽路1~30號,19.64,住,,,1070328,土地1建物1車位0,十六層,二十九層,套房(1房1廳1衛),見其他登記事項,鋼骨鋼筋混凝土造,1061221,77.62,1,1,1,有,有,7485340,96436,,0.0,0,1.土地及建物分次登記案件。2.金額依據103.08.23簽訂之房屋土地預定買賣契約書及交屋繳款明細表登載。3.(107.03.28權利讓渡),RPTOMLRLOHNFFBG56CA
頭城鎮,房地(土地+建物),宜蘭縣頭城鎮朝陽路1~30號,19.64,住,,,1070316,土地1建物1車位0,十六層,二十九層,套房(1房1廳1衛),見其他登記事項,鋼骨鋼筋混凝土造,1061221,77.62,1,1,1,有,有,6812059,87762,,0.0,0,1.土地及建物分次登記案件。2.金額依據103.07.17日簽訂之房屋土地預定買賣契約書及交屋繳款明細表登載。3.(107.03.16權利讓渡),RPVOMLRLOHNFFBG76CA
頭城鎮,房地(土地+建物),宜蘭縣頭城鎮朝陽路1~30號,19.98,住,,,1030827,土地1建物1車位0,八層,二十九層,套房(1房1廳1衛),見其他登記事項,鋼骨鋼筋混凝土造,1061221,78.73,1,1,1,有,有,6041746,76740,,0.0,0,,RPWOMLRLOHNFFBG86CA
頭城鎮,房地(土地+建物)+車位,宜蘭縣頭城鎮朝陽路1~30號,37.47,住,,,1070321,土地1建物1車位1,九層,二十九層,住宅大樓(11層含以上有電梯),見其他登記事項,鋼骨鋼筋混凝土造,1061221,150.26,0,0,1,無,有,9767410,91265,坡道平面,55.29,1100000,1.土地及建物分次登記案件。2.金額依據103.09.05日簽訂之房屋土地預定買賣契約書及交屋繳款明細表登載。3.停車位編號地下一層第9號。4.(107.03.21權利讓渡),RPXOMLRLOHNFFBG96CA
頭城鎮,房地(土地+建物),宜蘭縣頭城鎮朝陽路1~30號,19.98,住,,,1061220,土地1建物1車位0,六層,二十九層,套房(1房1廳1衛),見其他登記事項,鋼骨鋼筋混凝土造,1061221,78.73,1,1,1,有,有,6011731,76359,,0.0,0,1.土地及建物分次登記案件。2.金額依據103.08.26日簽訂之房屋土地預定買賣契約書及交屋繳款明細表登載。3.(106.12.20權利讓渡),RPROMLSLOHNFFBG09CA
頭城鎮,房地(土地+建物),宜蘭縣頭城鎮朝陽路1~30號,20.22,住,,,1070402,土地1建物1車位0,六層,二十九層,套房(1房1廳1衛),見其他登記事項,鋼骨鋼筋混凝土造,1061221,79.78,1,1,1,有,有,6382166,79997,,0.0,0,1.土地及建物分次登記案件。2.金額依據103.07.18日簽訂之房屋土地預定買賣契約書及交屋繳款明細表登載。3.(107.04.02權利讓渡),RPSOMLSLOHNFFBG56CA
頭城鎮,房地(土地+建物),宜蘭縣頭城鎮朝陽路1~30號,20.22,住,,,1070321,土地1建物1車位0,四層,二十九層,套房(1房1廳1衛),見其他登記事項,鋼骨鋼筋混凝土造,1061221,79.78999999999999,1,1,1,有,有,6772890,84884,,0.0,0,1.土地及建物分次登記案件。2.金額依據103.07.21日簽訂之房屋土地預定買賣契約書及交屋繳款明細表登載。3.(107.03.21權利讓渡),RPTOMLSLOHNFFBG66CA
頭城鎮,房地(土地+建物),宜蘭縣頭城鎮朝陽路1~30號,19.98,住,,,1030720,土地1建物1車位0,九層,二十九層,套房(1房1廳1衛),見其他登記事項,鋼骨鋼筋混凝土造,1061221,78.73,1,1,1,有,有,6601902,83855,,0.0,0,,RPVOMLSLOHNFFBG86CA
宜蘭市,房地(土地+建物),宜蘭縣宜蘭市農權路二段21巷31~60號,91.0,住,,,1070409,土地1建物1車位0,全,二層,透天厝,住家用,鋼筋混凝土加強磚造,0710830,109.96,3,2,2,有,無,8500000,77301,,0.0,0,,RPUPMLOKOHNFFBG98CA
頭城鎮,房地(土地+建物),宜蘭縣頭城鎮朝陽路1~30號,20.22,住,,,1030712,土地1建物1車位0,八層,二十九層,套房(1房1廳1衛),見其他登記事項,鋼骨鋼筋混凝土造,1061221,79.78,1,1,1,有,有,6500000,81474,,0.0,0,,RPQNMLTKOHNFFBG88CA
頭城鎮,房地(土地+建物),宜蘭縣頭城鎮朝陽路1~30號,22.21,住,,,1070323,土地1建物1車位0,九層,二十九層,套房(1房1廳1衛),見其他登記事項,鋼骨鋼筋混凝土造,1061221,88.55000000000001,1,1,1,有,有,8290000,93619,,0.0,0,1.土地及建物分次登記案件。2.金額依據103.08.15日簽訂之房屋土地預定買賣契約書登載。3.(107.03.23權利讓渡),RPSNMLTKOHNFFBG09CA
頭城鎮,房地(土地+建物),宜蘭縣頭城鎮朝陽路1~30號,19.98,住,,,1070321,土地1建物1車位0,九層,二十九層,套房(1房1廳1衛),見其他登記事項,鋼骨鋼筋混凝土造,1061221,78.73,1,1,1,有,有,6530000,82942,,0.0,0,1.土地及建物分次登記案件。2.金額依據103.07.21日簽訂之房屋土地預定買賣契約書登載。3.(107.03.21權利讓渡),RPUNMLTKOHNFFBG66CA
頭城鎮,房地(土地+建物),宜蘭縣頭城鎮朝陽路1~30號,24.7,住,,,1070331,土地1建物1車位0,二十二層,二十九層,住宅大樓(11層含以上有電梯),見其他登記事項,鋼骨鋼筋混凝土造,1061221,98.21000000000001,0,0,1,無,有,10480000,106710,,0.0,0,1.土地及建物分次登記案件。2.金額依據103.07.19日簽訂之房屋土地預定買賣契約書登載。3.(107.03.31權利讓渡),RPPOMLTKOHNFFBG88CA
頭城鎮,房地(土地+建物),宜蘭縣頭城鎮朝陽路1~30號,24.7,住,,,1031205,土地1建物1車位0,十層,二十九層,住宅大樓(11層含以上有電梯),見其他登記事項,鋼骨鋼筋混凝土造,1061221,97.4,0,0,1,無,有,9360000,96099,,0.0,0,1.土地及建物分次登記案件。2.金額依據 103.07.26日簽訂之房屋土地預定買賣契約書登載。3.(103.12.05權利讓渡),RPQOMLTKOHNFFBG98CA
頭城鎮,房地(土地+建物),宜蘭縣頭城鎮朝陽路1~30號,23.79,住,,,1050729,土地1建物1車位0,十一層,二十九層,住宅大樓(11層含以上有電梯),見其他登記事項,鋼骨鋼筋混凝土造,1061221,93.93,0,0,1,無,有,9030000,96135,,0.0,0,1.土地及建物分次登記案件。2.金額依據103.07.26日簽訂之房屋土地預定買賣契約書登載。3.(105.07.29權利讓渡),RPTOMLTKOHNFFBG66CA
頭城鎮,房地(土地+建物)+車位,宜蘭縣頭城鎮朝陽路1~30號,71.2,住,,,1030811,土地1建物1車位1,十七層,二十九層,住宅大樓(11層含以上有電梯),見其他登記事項,鋼骨鋼筋混凝土造,1061221,285.59000000000003,2,1,2,有,有,25000000,103778,坡道平面,55.29,1100000,,RPUOMLTKOHNFFBG76CA
頭城鎮,房地(土地+建物)+車位,宜蘭縣頭城鎮朝陽路1~30號,72.28,住,,,1030801,土地1建物1車位1,二十一層,二十九層,住宅大樓(11層含以上有電梯),見其他登記事項,鋼骨鋼筋混凝土造,1061221,289.57,2,1,2,有,有,27000000,110551,坡道平面,55.29,1100000,,RPWOMLTKOHNFFBG96CA
頭城鎮,房地(土地+建物),宜蘭縣頭城鎮朝陽路1~30號,19.98,住,,,1070321,土地1建物1車位0,八層,二十九層,套房(1房1廳1衛),見其他登記事項,鋼骨鋼筋混凝土造,1061221,78.73,1,1,1,有,有,6470000,82180,,0.0,0,1.土地及建物分次登記案件。2.金額依據103.07.21日簽訂之房屋土地預定買賣契約書登載。3.(107.03.21權利讓渡),RPSPMLKLOHNFFBG48CA
頭城鎮,房地(土地+建物),宜蘭縣頭城鎮朝陽路1~30號,31.41,住,,,1061225,土地1建物1車位0,八層,二十九層,住宅大樓(11層含以上有電梯),見其他登記事項,鋼骨鋼筋混凝土造,1061221,126.22999999999999,0,0,1,無,有,11640000,92213,,0.0,0,1.土地及建物分次登記案件。2.金額依據103.12.07日簽訂之房屋土地預定買賣契約書登載。3.(106.12.25權利讓渡),RPOQMLKLOHNFFBG18CA
頭城鎮,房地(土地+建物)+車位,宜蘭縣頭城鎮朝陽路1~30號,51.56,住,,,1030720,土地1建物1車位1,二十九層,二十九層,住宅大樓(11層含以上有電梯),見其他登記事項,鋼骨鋼筋混凝土造,1061221,205.84,2,1,2,有,有,18660000,116647,坡道平面,55.29,1100000,,RPQQMLKLOHNFFBG38CA
頭城鎮,房地(土地+建物)+車位,宜蘭縣頭城鎮朝陽路1~30號,72.03,住,,,1030826,土地1建物1車位1,二十層,二十九層,住宅大樓(11層含以上有電梯),見其他登記事項,鋼骨鋼筋混凝土造,1061221,289.11,2,1,2,有,有,24590000,100462,坡道平面,55.29,1100000,,RPUNMLMLOHNFFBG68CA
頭城鎮,房地(土地+建物)+車位,宜蘭縣頭城鎮朝陽路1~30號,44.93,住,,,1040212,土地1建物1車位1,八層,二十九層,住宅大樓(11層含以上有電梯),見其他登記事項,鋼骨鋼筋混凝土造,1061221,181.88,0,0,1,無,有,12790000,92345,坡道平面,55.29,1100000,1.土地及建物分次登記案件。2.金額依據103.08.20日簽訂之房屋土地預定買賣契約書登載。3.停車位編號地下一層第65號。4.(104.02.12權利讓渡),RPUOMLLLOHNFFBG68CA
頭城鎮,房地(土地+建物)+車位,宜蘭縣頭城鎮朝陽路1~30號,37.22,住,,,1030829,土地1建物1車位1,十九層,二十九層,住宅大樓(11層含以上有電梯),見其他登記事項,鋼骨鋼筋混凝土造,1061221,149.53,0,0,1,無,有,10470000,99427,坡道平面,55.29,1100000,,RPVPMLLLOHNFFBG88CA
頭城鎮,房地(土地+建物)+車位,宜蘭縣頭城鎮朝陽路1~30號,44.68,住,,,1030924,土地1建物1車位1,十層,二十九層,住宅大樓(11層含以上有電梯),見其他登記事項,鋼骨鋼筋混凝土造,1061221,180.89999999999998,0,0,1,無,有,12770000,92907,坡道平面,55.29,1100000,,RPOQMLLLOHNFFBG28CA
羅東鎮,房地(土地+建物),宜蘭縣羅東鎮中華路181~210號,33.2,住,,,1070511,土地1建物1車位0,二層,五層,華廈(10層含以下有電梯),住家用,鋼筋混凝土造,0850617,114.89,3,2,2,有,無,5000000,43520,,0.0,0,,RPOPMLKMNHNFFAG18EA
五結鄉,土地,五結段691~720地號,403.74,農,,,1070503,土地2建物0車位0,,,其他,,,,0.0,0,0,0,有,無,2300000,5697,,0.0,0,印花稅.地政規費.代書費由買方負擔,RPWPMLKMNHNFFAG98EA
羅東鎮,土地,東榮二段1~30地號,476.07,其他,,,1070524,土地1建物0車位0,,,其他,,,,0.0,0,0,0,有,無,46888888,98492,,0.0,0,向縣府標售土地,RPUNMLLMNHNFFAG68EA
羅東鎮,房地(土地+建物),宜蘭縣羅東鎮純精路三段151~180號,14.92,住,,,1070301,土地2建物1車位0,五層,十三層,住宅大樓(11層含以上有電梯),住家用,鋼筋混凝土造,0851109,116.32000000000001,3,2,3,有,有,6700000,57600,,0.0,0,"買賣雙方係姐妹,屬於二親等間買賣,買賣價比一般便宜",RPQNMLPJOHNFFAG48EA
礁溪鄉,房地(土地+建物),宜蘭縣礁溪鄉信義路34巷1~30號,6.13,商,,,1070519,土地2建物1車位0,十三層,十三層,套房(1房1廳1衛),見其他登記事項,鋼筋混凝土造,0971231,56.42,1,1,1,有,有,4650000,82418,,0.0,0,,RPROMLLLOHNFFBG38CA
宜蘭市,土地,艮門二段91~120地號,257.22,其他,,,1070523,土地1建物0車位0,,,其他,,,,0.0,0,0,0,有,無,1000000,3888,,0.0,0,親屬買賣,RPXNMLKMNHNFFBG98EA
宜蘭市,房地(土地+建物),宜蘭縣宜蘭市慈安路10巷31~60號,129.13,住,,,1070420,土地1建物1車位0,全,二層,透天厝,住家用,鋼筋混凝土加強磚造,0681108,126.9,3,1,2,有,無,6500000,51221,,0.0,0,,RPOOMLKMNHNFFBG18EA
宜蘭市,土地,女中段541~570地號,85.4,住,,,1070510,土地1建物0車位0,,,其他,,,,0.0,0,0,0,有,無,8498154,99510,,0.0,0,,RPQOMLKMNHNFFBG38EA
宜蘭市,房地(土地+建物),宜蘭縣宜蘭市女中路三段226巷1~30號,114.95,住,,,1060813,土地4建物1車位0,全,三層,透天厝,見其他登記事項,鋼筋混凝土造,1070412,224.04,4,3,4,有,無,15000000,66952,,0.0,0,,RPXPMLOKOHNFFBG66CA
礁溪鄉,土地,龍泉段61~90地號,221.32,農,,,1070517,土地3建物0車位0,,,其他,,,,0.0,0,0,0,有,無,1004000,4536,,0.0,0,,RPPNMLLKOHNFFBG97CA
礁溪鄉,車位,宜蘭縣礁溪鄉健康路61~90號,0.03,其他,,,1070424,土地0建物0車位1,,,其他,,,,30.64,0,0,0,有,有,1400000,,坡道平面,30.64,1400000,,RPVOMLPJOHNFFBG98CA
宜蘭市,房地(土地+建物)+車位,宜蘭縣宜蘭市女中路二段190巷1~30號,54.77,住,,,1070504,土地1建物1車位1,一層，二層，三層,五層,公寓(5樓含以下無電梯),住家用,鋼筋混凝土造,0820514,213.98000000000002,4,3,3,有,有,8600000,40191,坡道平面,0.0,0,,RPWNMLSJOHNFFBG66CA
宜蘭市,房地(土地+建物),宜蘭縣宜蘭市校舍路78巷1~30號,19.67,商,,,1070430,土地1建物1車位0,三層,五層,公寓(5樓含以下無電梯),住家用,鋼筋混凝土造,0820528,113.79,3,2,2,有,無,4900000,43062,,0.0,0,,RPTNMLNKOHNFFBG58CA
宜蘭市,土地,宜榮段331~360地號,1000.0,農,,,1070502,土地1建物0車位0,,,其他,,,,0.0,0,0,0,有,無,4500000,4500,,0.0,0,,RPUNMLNKOHNFFBG68CA
礁溪鄉,房地(土地+建物),宜蘭縣礁溪鄉健康路61~90號,18.95,其他,,,1070413,土地1建物1車位0,八層,十二層,辦公商業大樓,見其他登記事項,鋼筋混凝土造,1040213,99.66,0,0,1,無,有,12870000,129139,,0.0,0,,RPOSMLOJOHNFFBG58CA
宜蘭市,房地(土地+建物)+車位,宜蘭縣宜蘭市樹人路61~90號,35.54,住,,,1070401,土地1建物1車位1,八層,十二層,住宅大樓(11層含以上有電梯),見其他登記事項,鋼筋混凝土造,1060603,200.25,3,2,2,有,有,11580000,71152,坡道平面,52.96,1100000,,RPSOMLQJOHNFFBG78CA
壯圍鄉,房地(土地+建物),宜蘭縣壯圍鄉古結路1~30號,256.0,,特定農業區,甲種建築用地,1070410,土地1建物1車位0,全,三層,透天厝,住家用,加強磚造,0700502,180.63,4,2,2,有,無,8450000,46781,,0.0,0,圍牆占用鄰地賣方補貼日後拆除費用，所有權共兩人。,RPSNMLRJOHNFFBG78CA
員山鄉,房地(土地+建物),宜蘭縣員山鄉賢好路23巷31弄1~30號,131.75,,特定農業區,甲種建築用地,1070415,土地2建物1車位0,全,四層,透天厝,見其他登記事項,鋼筋混凝土造,1050224,328.54999999999995,4,2,6,有,有,12000000,36524,,0.0,0,,RPXNMLLMNHNFFBG88CA
三星鄉,土地,大洲三段481~510地號,699.78,,鄉村區,乙種建築用地,1070508,土地1建物0車位0,,,其他,,,,0.0,0,0,0,有,無,10600000,15148,,0.0,0,土地尚有三棟未辦保存登記之建築物,RPPOMLPJOHNFFAG28CA
冬山鄉,房地(土地+建物),宜蘭縣冬山鄉冬山路三段301巷61~90號,112.5,,特定農業區,甲種建築用地,1070510,土地1建物1車位0,全,三層,透天厝,住家用,鋼筋混凝土造,0940523,168.75,4,2,4,有,無,8000000,47407,,0.0,0,,RPSOMLQJOHNFFAG68CA
羅東鎮,房地(土地+建物),宜蘭縣羅東鎮光榮路241~270號,8.1,住,,,1070511,土地2建物1車位0,十層,十二層,套房(1房1廳1衛),住家用,鋼筋混凝土造,0851003,80.09,1,1,1,有,有,4300000,53690,,0.0,0,夾層有增建。,RPOPMLRJOHNFFAG48CA
三星鄉,土地,二萬五段451~480地號,1748.31,,特定農業區,農牧用地,1070517,土地1建物0車位0,,,其他,,,,0.0,0,0,0,有,無,5817000,3327,,0.0,0,,RPQNMLOJOHNFFAG18CA
羅東鎮,房地(土地+建物),宜蘭縣羅東鎮南盟路79巷2弄1~30號,85.0,住,,,1070515,土地1建物1車位0,全,三層,透天厝,住商用,鋼筋混凝土造,0881103,184.47,5,3,3,有,無,10000000,54209,,0.0,0,,RPTOMLLKOHNFFAG38CA
三星鄉,房地(土地+建物),宜蘭縣三星鄉行健二路二段121~150號,2379.0,,特定農業區,農牧用地,1070209,土地1建物1車位0,一層，二層，見其他登記事項,二層,農舍,農舍,見其他登記事項,0950714,398.95,5,2,5,有,無,19000000,,,0.0,0,"因地界線之爭議需購買鄰地部分面積及小農舍增建,賣方另行補貼買方21.3萬",RPQOMLMKOHNFFAG18CA
五結鄉,房地(土地+建物),宜蘭縣五結鄉協和中路1~30號,108.03,,特定農業區,甲種建築用地,1070427,土地5建物1車位0,全,四層,透天厝,見其他登記事項,見其他登記事項,1031209,204.93,5,2,4,有,無,9380000,45772,,0.0,0,,RPRNMLOKOHNFFAG38CA
五結鄉,房地(土地+建物),宜蘭縣五結鄉新店路31~60號,233.98,,鄉村區,乙種建築用地,1070417,土地3建物1車位0,全,二層,透天厝,住家用,鋼筋混凝土加強磚造,0701223,129.4,0,2,2,有,無,3500000,27048,,0.0,0,,RPUPMLRJOHNFFAG09CA
冬山鄉,房地(土地+建物),宜蘭縣冬山鄉永安路465巷1~30號,77.9,住,,,1070504,土地2建物1車位0,全,二層,透天厝,住家用,鋼筋混凝土加強磚造,0730830,96.41,4,2,2,有,無,5600000,58085,,0.0,0,,RPVPMLRJOHNFFAG56CA
冬山鄉,房地(土地+建物),宜蘭縣冬山鄉永興路二段207巷1~30號,20.56,,特定農業區,甲種建築用地,1070502,土地2建物1車位0,五層,五層,公寓(5樓含以下無電梯),住家用,鋼筋混凝土造,0850709,64.32,3,2,2,有,無,2200000,34204,,0.0,0,,RPWNMLSJOHNFFAG56CA
冬山鄉,房地(土地+建物),宜蘭縣冬山鄉和平路61~90號,87.61,住,,,1060125,土地2建物1車位0,一層，二層，三層，見其他登記事項,三層,店面(店鋪),見其他登記事項,見其他登記事項,1070212,172.22,2,2,4,有,無,14800000,85937,,0.0,0,,RPTNMLQKOHNFFAG78CA
冬山鄉,土地,中山段31~60地號,1911.0,,一般農業區,農牧用地,1070509,土地1建物0車位0,,,其他,,,,0.0,0,0,0,有,無,3323900,1739,,0.0,0,,RPOOMLLMNHNFFAG97CA
三星鄉,土地,紅柴林段八王圍小段301~330地號,1400.0,,一般農業區,農牧用地,1070411,土地1建物0車位0,,,其他,,,,0.0,0,0,0,有,有,3140000,2243,,0.0,0,,RPTNMLOJOHNFFAG48CA
五結鄉,房地(土地+建物),宜蘭縣五結鄉大興路187巷80弄1~30號,120.19,住,,,1070225,土地3建物1車位0,全,四層,透天厝,見其他登記事項,鋼筋混凝土造,1050906,250.4,5,3,4,有,無,18000000,71885,,0.0,0,,RPVNMLOJOHNFFAG68CA
羅東鎮,房地(土地+建物),宜蘭縣羅東鎮四維路68巷1~30號,122.6,,特定農業區,甲種建築用地,1070510,土地1建物1車位0,全,三層,透天厝,住家用,鋼筋混凝土造,0801216,211.6,3,3,4,有,無,14500000,68526,,0.0,0,,RPPOMLOJOHNFFAG18CA
羅東鎮,房地(土地+建物),宜蘭縣羅東鎮四維路151~180號,16.01,,特定農業區,甲種建築用地,1070509,土地1建物1車位0,三層,十層,華廈(10層含以下有電梯),住家用,鋼筋混凝土造,0841016,56.93,3,2,1,有,有,4200000,73775,,0.0,0,,RPQNMLLMNHNFFAG08CA
冬山鄉,房地(土地+建物),宜蘭縣冬山鄉吉祥路112巷31~60號,103.75,,特定農業區,甲種建築用地,1061214,土地2建物1車位0,全,三層,透天厝,住家用,見其他登記事項,1060922,198.05,4,2,5,有,無,8380000,42313,,0.0,0,,RPSNMLLMNHNFFAG28CA
五結鄉,房地(土地+建物)+車位,宜蘭縣五結鄉台興路91~120號,25.31,住,,,1070503,土地3建物1車位1,六層,七層,華廈(10層含以下有電梯),住家用,鋼筋混凝土造,0860123,126.03,3,2,2,有,有,4450000,35309,升降機械,0.0,0,,RPROMLOJOHNFFAG38CA
三星鄉,房地(土地+建物),宜蘭縣三星鄉拱照三路1~30號,1400.0,,特定農業區,農牧用地,1070518,土地1建物1車位0,一層,一層,其他,見其他登記事項,見其他登記事項,1030923,41.31,1,1,1,有,無,5200000,,,0.0,0,建物型態：資材室,RPVOMLOJOHNFFAG78CA
羅東鎮,房地(土地+建物),宜蘭縣羅東鎮倉前路61~90號,9.31,商,,,1070506,土地1建物1車位0,十一層,十二層,住宅大樓(11層含以上有電梯),住家用,鋼筋混凝土造,0830721,97.97,3,1,1,有,有,4200000,42870,,0.0,0,,RPPNMLLJOHNFFAG77CA
五結鄉,土地,錦草段181~210地號,1586.0,,特定農業區,農牧用地,1070501,土地1建物0車位0,,,其他,,,,0.0,0,0,0,有,無,3200000,2018,,0.0,0,,RPTNMLLJOHNFFAG18CA
冬山鄉,土地,南富段811~840地號,2589.0,,風景區,農牧用地,1070420,土地2建物0車位0,,,其他,,,,0.0,0,0,0,有,無,7205000,2783,,0.0,0,,RPPNMLMJOHNFFAG87CA
五結鄉,土地,中福段931~960地號,391.57,工,,,1070521,土地1建物0車位0,,,其他,,,,0.0,0,0,0,有,無,9772119,24956,,0.0,0,,RPPNMLOJOHNFFAG08CA
蘇澳鎮,房地(土地+建物),宜蘭縣蘇澳鎮民富街31~60號,209.1,住,,,1070519,土地3建物2車位0,全,三層,透天厝,住家用,鋼筋混凝土造,0701204,286.97,4,2,2,有,無,8400000,29271,,0.0,0,,RPPNMLMLOHNFFAG08CA
羅東鎮,房地(土地+建物),宜蘭縣羅東鎮倉前路61~90號,6.08,其他,,,1070518,土地1建物1車位0,六層,七層,套房(1房1廳1衛),住家用,鋼筋混凝土造,0820119,42.510000000000005,1,1,1,有,有,2700000,63514,,0.0,0,陽台有外推。,RPPOMLOKOHNFFAG28CA
蘇澳鎮,土地,龍德段271~300地號,18.5,,,,1070523,土地1建物0車位0,,,其他,,,,0.0,0,0,0,有,無,448000,24216,,0.0,0,,RPWNMLMKOHNFFAG68CA
五結鄉,房地(土地+建物),宜蘭縣五結鄉中正路三段47巷31弄1~30號,51.07,住,,,1070424,土地1建物1車位0,六層,六層,華廈(10層含以下有電梯),住家用,鋼筋混凝土造,0830720,126.75,3,2,2,有,無,4150000,32742,,0.0,0,,RPVNMLQJOHNFFAG88CA
冬山鄉,土地,安平段271~300地號,6622.87,,一般農業區,農牧用地,1070306,土地3建物0車位0,,,其他,,,,0.0,0,0,0,有,無,13422914,2027,,0.0,0,,RPRNMLPJOHNFFAG38CA
冬山鄉,土地,新奇武荖段211~240地號,251.46,,特定農業區,農牧用地,1070503,土地1建物0車位0,,,其他,,,,0.0,0,0,0,有,無,874805,3479,,0.0,0,,RPVNMLPJOHNFFAG78CA
冬山鄉,房地(土地+建物),宜蘭縣冬山鄉香南路275巷6弄1~30號,99.88,住,,,1070410,土地1建物1車位0,全,三層,透天厝,住家用,鋼筋混凝土造,0940721,163.12,4,2,3,有,無,7250000,44446,,0.0,0,"權利人2人,一樓前方雨遮篷增建",RPOOMLPJOHNFFAG18CA
五結鄉,房地(土地+建物),宜蘭縣五結鄉利工一路二段31~60號,4330.49,,工業區,丁種建築用地,1070409,土地1建物2車位0,一層，二層,二層,工廠,見其他登記事項,鋼骨混凝土造,0871208,2184.29,1,0,1,有,無,67800000,,,0.0,0,,RPROMLRJOHNFFAG68CA
礁溪鄉,土地,德陽段991~1020地號,44.66,,特定農業區,農牧用地,1070524,土地1建物0車位0,,,其他,,,,0.0,0,0,0,有,無,535920,12000,,0.0,0,協議價購,RPPNMLOJOHNFFBG18CA
壯圍鄉,土地,中興段781~810地號,382.62,,特定農業區,農牧用地,1070510,土地2建物0車位0,,,其他,,,,0.0,0,0,0,有,無,1388880,3630,,0.0,0,,RPQNMLOJOHNFFBG28CA
礁溪鄉,房地(土地+建物),宜蘭縣礁溪鄉健康路31~60號,13.35,其他,,,1070507,土地1建物1車位0,三層,九層,套房(1房1廳1衛),見其他登記事項,鋼筋混凝土造,0981203,72.74000000000001,1,1,1,有,有,7700000,105856,,0.0,0,,RPQNMLLJOHNFFBG97CA
宜蘭市,房地(土地+建物),宜蘭縣宜蘭市延平一路198巷147弄31~60號,263.29,農,,,1070412,土地10建物1車位0,全,三層,透天厝,見其他登記事項,鋼筋混凝土造,1051202,219.52,4,2,4,有,無,17800000,81086,,0.0,0,,RPWNMLRJOHNFFBG56CA
員山鄉,土地,金泰段151~180地號,1802.43,農,,,1070501,土地1建物0車位0,,,其他,,,,0.0,0,0,0,有,無,13630000,7562,,0.0,0,,RPTOMLPJOHNFFBG78CA
礁溪鄉,房地(土地+建物),宜蘭縣礁溪鄉德陽路121~150號,9.17,住,,,1070507,土地2建物1車位0,七層,七層,套房(1房1廳1衛),住家用,鋼筋混凝土造,0830908,46.32,1,1,1,有,有,3000000,64767,,0.0,0,,RPQOMLNKOHNFFBG38CA
礁溪鄉,房地(土地+建物),宜蘭縣礁溪鄉德陽路121~150號,6.36,住,,,1070507,土地2建物1車位0,七層,七層,套房(1房1廳1衛),住家用,鋼筋混凝土造,0830908,33.11,1,1,1,有,有,2000000,60405,,0.0,0,,RPROMLNKOHNFFBG48CA
礁溪鄉,房地(土地+建物),宜蘭縣礁溪鄉柴圍路61~90號,121.37,,特定農業區,甲種建築用地,1070312,土地2建物1車位0,全,四層,透天厝,見其他登記事項,鋼筋混凝土造,1061114,256.97,4,2,5,有,無,12000000,46698,,0.0,0,,RPVOMLNKOHNFFBG88CA
礁溪鄉,房地(土地+建物),宜蘭縣礁溪鄉柴圍路61~90號,110.31,,特定農業區,甲種建築用地,1070331,土地2建物1車位0,全,四層,透天厝,見其他登記事項,鋼筋混凝土造,1061114,251.83,4,2,5,有,無,11670000,46341,,0.0,0,,RPXOMLNKOHNFFBG09CA
礁溪鄉,房地(土地+建物),宜蘭縣礁溪鄉柴圍路61~90號,109.95,,特定農業區,甲種建築用地,1070331,土地2建物1車位0,全,四層,透天厝,見其他登記事項,鋼筋混凝土造,1061114,251.34,4,2,5,有,無,10820000,43049,,0.0,0,,RPOPMLNKOHNFFBG28CA
員山鄉,房地(土地+建物),宜蘭縣員山鄉深洲路91~120號,119.65,,特定農業區,甲種建築用地,1070426,土地2建物1車位0,全,三層,透天厝,見其他登記事項,鋼筋混凝土造,1070110,261.15,4,2,5,有,無,12000000,45951,,0.0,0,,RPQNMLPJOHNFFBG58EA
壯圍鄉,房地(土地+建物),宜蘭縣壯圍鄉壯濱路三段211~240號,89.45,,鄉村區,乙種建築用地,1070505,土地1建物1車位0,全,三層,透天厝,住家用,鋼筋混凝土造,0850802,162.38,3,2,3,有,無,5000000,30792,,0.0,0,,RPOOMLOJOHNFFBG28DA
員山鄉,房地(土地+建物),宜蘭縣員山鄉枕山路75巷1~30號,78.01,,一般農業區,甲種建築用地,1070426,土地2建物1車位0,全,二層,透天厝,住家用,鋼筋混凝土加強磚造,0700520,118.08,5,2,3,有,無,3000000,25407,,0.0,0,,RPRNMLQJOHNFFBG68DA
宜蘭市,房地(土地+建物),宜蘭縣宜蘭市縣政一街96巷31~60號,119.97,住,,,1070508,土地1建物1車位0,全,三層,透天厝,住家用,鋼筋混凝土造,0960322,223.78,4,2,3,有,無,12700000,56752,,0.0,0,,RPOOMLPLOHNFFBG48CA
