﻿編號,土地區段位置,土地移轉面積(平方公尺),使用分區或編定
The serial number,land sector position,land shifting area (square meter),the use zoning or compiles and checks
RPXNMLLLNHNFFBH09CC,忠孝段,.00,都市：住
RPWNMLLLNHNFFBH98CC,榮民段,.00,都市：其他
RPQOMLLLNHNFFBH48CC,復興段,.00,都市：住
RPROMLLLNHNFFBH58CC,復興段,.00,都市：住
RPTNMLLLNHNFFBH68CC,環東段,.00,都市：住
RPTNMLLLNHNFFBH68CC,環東段,.00,都市：住
RPRPMLLLNHNFFBH68CC,普仁段,.00,都市：其他
RPRPMLLLNHNFFBH68CC,普仁段,.00,都市：其他
RPOPMLLLNHNFFBH38CC,遠東段,.00,都市：住
RPPQMLLLNHNFFBH58CC,三座屋段三座屋小段,22.38,都市：住
RPTNMLLLNHNFFCH88DC,南龍段,3786.84,都市：住
RPWOMLLLNHNFFBH09CC,遠東段,.00,都市：住
RPQOMLLLNHNFFHH09CC,南上段,30.14,都市：工
RPSNMLMLNHNFFAH78EC,玉山段,48.36,都市：住
RPRPMLLLNHNFFEH09DC,青峰段,47.88,都市：住
RPSNMLMLNHNFFFH56DC,同福段,23.67,都市：住
RPUOMLLLNHNFFAH98EC,慈文段,.00,都市：商
RPUOMLLLNHNFFAH98EC,慈文段,.00,都市：住
RPUOMLLLNHNFFAH98EC,慈文段,.00,都市：住
RPPNMLLLNHNFFFH78DC,大庄段,24.40,非都市：鄉村區 ; 非都市編定：乙種建築用地
RPUOMLMLNHNFFGH96DC,新勢段,284.25,都市：商
RPRPMLLLNHNFFAH78EC,大興段,43.81,都市：住
RPRPMLLLNHNFFAH78EC,大興段,27.98,都市：其他
RPTNMLMLNHNFFFH66DC,豐田段,42.55,都市：住
RPQNMLMLNHNFFGH98CC,新榮段,.00,都市：住
RPTNMLMLNHNFFHH76CC,迴龍段,.00,都市：住
RPRNMLMLNHNFFCH78DC,梅龍段,79.01,非都市：鄉村區 ; 非都市編定：乙種建築用地
RPPNMLMLNHNFFFH78CC,瑞豐段,.00,非都市：鄉村區 ; 非都市編定：乙種建築用地
RPQNMLMLNHNFFBH48CC,健行段,.00,都市：住
RPQNMLMLNHNFFBH48CC,健行段,.00,都市：住
RPTNMLMLNHNFFBH78CC,興南段中壢老小段,.00,都市：商
RPPNMLMLNHNFFGH88CC,平鎮段,.00,都市：商
RPUOMLMLNHNFFBH98CC,中北段,.00,都市：住
RPRNMLMLNHNFFBH58CC,榮民段,.00,都市：住
RPRNMLMLNHNFFEH88CC,青山段,.00,都市：住
RPWPMLMLNHNFFBH66CC,仁美段,45.00,都市：住
RPVOMLMLNHNFFBH09CC,成功段,.00,都市：住
RPROMLMLNHNFFBH68CC,興南段興南小段,.00,都市：商
RPQPMLMLNHNFFBH68CC,富強段,33.75,都市：住
RPRPMLMLNHNFFBH78CC,石頭段,.00,都市：商
RPSPMLMLNHNFFBH88CC,富強段,33.75,都市：住
RPRRMLMLNHNFFBH98CC,新街段,.00,都市：商
RPRRMLMLNHNFFBH98CC,新街段,.00,都市：商
RPTPMLMLNHNFFBH98CC,富強段,33.75,都市：住
RPQNMLNLNHNFFGH09CC,廣南段,5.98,都市：住
RPPPMLMLNHNFFBH58CC,富強段,33.75,都市：住
RPPNMLNLNHNFFAH38CC,龍安段,.00,都市：住
RPPNMLNLNHNFFBH48CC,忠福段,.00,都市：住
RPPNMLNLNHNFFBH48CC,忠福段,.00,都市：住
RPRPMLOLNHNFFCH56DC,逸園段,28.56,非都市：一般農業區 ; 非都市編定：甲種建築用地
RPSNMLPLNHNFFFH86DC,瑞豐段,21.51,非都市：鄉村區 ; 非都市編定：乙種建築用地
RPTOMLNLNHNFFEH76DC,竹圍段拔子林小段,75.00,都市：住
RPXRMLPLNHNFFAH37EC,東國段,33.15,都市：住
RPOPMLNLNHNFFEH98DC,五福段,9.57,都市：住
RPTNMLPLNHNFFGH07DC,復旦段,319.78,都市：住
RPWNMLPLNHNFFFH27DC,大華段,2.76,都市：住
RPWNMLPLNHNFFFH27DC,大華段,8.35,都市：住
RPVNMLPLNHNFFHH37DC,陸光段,53.70,都市：住
RPVNMLPLNHNFFHH37DC,陸光段,5.39,都市：住
RPRPMLPLNHNFFFH07EC,大華段,3.19,都市：住
RPUOMLPLNHNFFCH76CC,瑞源段,.00,非都市：鄉村區 ; 非都市編定：乙種建築用地
RPQNMLRLNHNFFBH98CC,青溪段,25.49,都市：住
RPPOMLSLNHNFFBH09CC,中北段,.00,都市：住
RPPOMLSLNHNFFBH09CC,中北段,.00,都市：住
RPPOMLSLNHNFFBH09CC,中北段,.00,都市：住
RPRNMLSLNHNFFBH56CC,忠孝段,.00,都市：住
RPVNMLSLNHNFFCH07CC,逸園段,141.36,非都市：鄉村區 ; 非都市編定：乙種建築用地
RPUPMLSLNHNFFAH96CC,桃園段長美小段,7.00,都市：住
RPUPMLSLNHNFFAH96CC,桃園段長美小段,8.02,都市：商
RPVOMLSLNHNFFFH47CC,瑞豐段,.00,非都市：鄉村區 ; 非都市編定：乙種建築用地
RPQNMLSLNHNFFBH09CC,興南段興南小段,.00,都市：商
RPQNMLSLNHNFFHH07CC,文化段,240.33,都市：住
RPXNMLSLNHNFFFH57CC,明智段,.00,都市：住
RPUOMLSLNHNFFEH27CC,南竹段,6114.99,都市：農
RPWPMLSLNHNFFFH77DC,廣福段,23.55,都市：住
RPSOMLTLNHNFFDH27EC,草湳坡段埔心小段,80.45,都市：住
RPQOMLTLNHNFFEH96CC,長興段,39.41,都市：工
RPQOMLTLNHNFFEH96CC,長興段,107.78,都市：工
RPQOMLTLNHNFFEH96CC,長興段,38.77,都市：工
RPQOMLTLNHNFFEH96CC,長興段,108.67,都市：工
RPQOMLTLNHNFFEH96CC,長興段,36.58,都市：工
RPQOMLTLNHNFFEH96CC,長興段,105.11,都市：工
RPUNMLTLNHNFFEH27CC,長安段,481.69,都市：工
RPUNMLTLNHNFFEH27CC,長安段,48.37,都市：工
RPUNMLTLNHNFFEH27CC,長安段,193.02,都市：工
RPPNMLTLNHNFFFH86CC,瑞豐段,.00,非都市：鄉村區 ; 非都市編定：乙種建築用地
RPQOMLSLNHNFFEH86CC,河底段,26.73,都市：住
RPOPMLTLNHNFFBH66DC,青溪段,29.21,都市：住
RPPQMLTLNHNFFAH66CC,富國段,10.98,都市：住
RPSNMLTLNHNFFGH27CC,新榮段,.00,都市：住
RPUNMLTLNHNFFGH47CC,義民段,.00,都市：住
RPOSMLTLNHNFFBH96DC,青溪段,33.94,都市：住
RPQNMLTLNHNFFBH56CC,中壢埔頂段,.00,都市：住
RPOOMLTLNHNFFBH09CC,中北段,.00,都市：住
RPVNMLTLNHNFFCH17CC,仁善段,.00,都市：住
RPSOMLTLNHNFFBH86CC,忠福段,.00,都市：住
RPSOMLTLNHNFFBH86CC,忠福段,.00,都市：住
RPSOMLTLNHNFFBH86CC,忠福段,.00,都市：住
RPTNMLTLNHNFFBH86CC,中壢埔頂段,.00,都市：住
RPQOMLKMNHNFFAH38CC,陽明段,.00,都市：住
RPXNMLTLNHNFFBH27CC,仁和段,.00,都市：商
RPSOMLKMNHNFFAH58CC,延壽段,.00,都市：住
RPPOMLTLNHNFFBH56CC,三座屋段舊社小段,.00,都市：其他
RPWOMLKMNHNFFAH98CC,中山段,9.38,都市：住
RPSNMLKMNHNFFAH48CC,國聖段,.00,都市：住
RPQNMLKMNHNFFFH78CC,茄明段,.00,都市：住
RPOPMLKMNHNFFAH28CC,國聖段,18.61,都市：住
RPUPMLKMNHNFFAH88CC,富國段,22.77,都市：住
RPUNMLKMNHNFFGH76DC,南勢段,15.80,都市：商
RPUNMLKMNHNFFGH76DC,平鎮段,.04,都市：商
RPVOMLKMNHNFFAH09EC,新埔段,10.83,都市：住
RPUOMLLMNHNFFGH96DC,振平段,.00,非都市： ; 非都市編定：
RPVOMLLMNHNFFDH66CC,大金山下段大金山下小段,.00,都市：住
RPXOMLLMNHNFFDH86CC,大金山下段大金山下小段,.00,都市：住
RPUOMLLMNHNFFFH76CC,大和段,.00,都市：住
RPPPMLLMNHNFFDH78CC,大金山下段大金山下小段,.00,都市：住
RPOPMLLMNHNFFDH68CC,大金山下段大金山下小段,.00,都市：住
RPSOMLLMNHNFFDH98CC,大金山下段大金山下小段,.00,都市：住
RPWOMLLMNHNFFDH76CC,大金山下段大金山下小段,.00,都市：住
RPQPMLLMNHNFFDH88CC,大金山下段大金山下小段,.00,都市：住
RPRPMLLMNHNFFDH98CC,大金山下段大金山下小段,.00,都市：住
RPUQMLLMNHNFFBH56CC,三座屋段三座屋小段,22.38,都市：住
