﻿鄉鎮市區,交易標的,土地區段位置/建物區段門牌,土地移轉總面積(平方公尺),都市土地使用分區,非都市土地使用分區,非都市土地使用編定,交易年月日,交易筆棟數,移轉層次,總樓層數,建物型態,主要用途,主要建材,建築完成年月,建物移轉總面積(平方公尺),建物現況格局-房,建物現況格局-廳,建物現況格局-衛,建物現況格局-隔間,有無管理組織,總價(元),單價(元/平方公尺),車位類別,車位移轉總面積(平方公尺),車位總價(元),備註,編號
The villages and towns urban district,transaction sign,land sector position/building sector house number plate,land shifting total area (square meter),the use zoning or compiles and checks,the non-metropolis land use district,non-metropolis land use,transaction year, month and day,transaction pen number,shifting level,total floor number,building state,main use,main building materials,construction to complete the years,building shifting total area,Building present situation pattern - room,building present situation pattern - hall,building present situation pattern - health,building present situation pattern - compartmented,Whether there is manages the organization,total price (Yuan),the unit price (a Yuan/square meter),the berth category,berth shifting total area (square meter),the berth total price (Yuan),the note,serial number
嘉義市,房地(土地+建物)+車位,嘉義市嘉義市文雅街116巷1~30號,3.26,住,,,1070410,土地1建物1車位1,,,華廈(10層含以下有電梯),,,,21.09,0,0,0,有,有,700000,0,坡道平面,21.09,700000,,RPVNMLNLNHNFFAI88CA
嘉義市,房地(土地+建物),嘉義市嘉義市永福一街1~30號,9.88,商,,,1070508,土地1建物1車位0,六層,八層,華廈(10層含以下有電梯),住家用,鋼筋混凝土造,0821102,76.56,2,1,1,有,有,2100000,27429,,0.0,0,,RPROMLNLNHNFFAI58CA
嘉義市,房地(土地+建物),嘉義市嘉義市仁愛路331~360號,4.1,商,,,1070507,土地2建物1車位0,十三層,十四層,住宅大樓(11層含以上有電梯),住家用,鋼筋混凝土造,0850130,41.61,1,1,1,有,無,1200000,28839,,0.0,0,,RPWNMLPLNHNFFAI56CA
嘉義市,房地(土地+建物),嘉義市嘉義市臺林街117巷1~30號,11.32,住,,,1070422,土地1建物1車位0,八層,十一層,住宅大樓(11層含以上有電梯),住家用,鋼筋混凝土造,0850401,57.66,2,1,1,有,有,2400000,41623,,0.0,0,,RPTNMLQLNHNFFAI98CA
嘉義市,房地(土地+建物),嘉義市嘉義市林森東路269巷91~120號,73.0,住,,,1070420,土地1建物1車位0,全,二層,透天厝,住家用,鋼筋混凝土加強磚造,0650211,88.24,3,2,2,有,無,3900000,44198,,0.0,0,,RPXNMLKMNHNFFAI88CA
嘉義市,房地(土地+建物),嘉義市嘉義市嘉北街12巷31~60號,14.87,住,,,1070411,土地1建物1車位0,五層,七層,華廈(10層含以下有電梯),住家用,鋼筋混凝土造,0791015,88.99000000000001,2,2,1,有,有,2700000,30340,,0.0,0,,RPOOMLLMNHNFFAI18CA
嘉義市,房地(土地+建物),嘉義市嘉義市杭州五街91~120號,104.0,住,,,1070420,土地1建物1車位0,全,三層,透天厝,見其他登記事項,見其他登記事項,1070222,208.79,4,3,5,有,無,16000000,76632,,0.0,0,,RPSNMLLMNHNFFAI48CA
嘉義市,房地(土地+建物),嘉義市嘉義市吳鳳南路37巷1~30號,92.5,住,,,1070504,土地2建物1車位0,全,四層,透天厝,見其他登記事項,見其他登記事項,1041021,194.95,4,2,3,有,無,11800000,60528,,0.0,0,,RPRPMLLMNHNFFAI58CA
嘉義市,房地(土地+建物)+車位,嘉義市嘉義市大同路451~480號,23.41,住,,,1070409,土地1建物1車位1,四層,八層,華廈(10層含以下有電梯),住家用,鋼筋混凝土造,0830824,166.46,3,2,2,有,有,4500000,27034,坡道機械,0.0,0,,RPSPMLLMNHNFFAI68CA
嘉義市,房地(土地+建物),嘉義市嘉義市義教街22巷1~30號,66.0,住,,,1070424,土地1建物1車位0,全,二層,透天厝,住家用,鋼筋混凝土加強磚造,0670517,95.32,3,3,4,有,無,3600000,37768,,0.0,0,房屋內有漏水及壁癌瑕疵，由買受人自行修繕。,RPPOMLQJOHNFFAI58CA
嘉義市,房地(土地+建物),嘉義市嘉義市民權路91~120號,24.48,住,,,1070321,土地4建物1車位0,三層,五層,公寓(5樓含以下無電梯),住家用,鋼筋混凝土造,0680403,84.14,3,1,1,有,無,1700000,20204,,0.0,0,,RPPOMLOKOHNFFAI48CA
嘉義市,房地(土地+建物),嘉義市嘉義市博東路1~30號,10.0,住,,,1070507,土地2建物1車位0,十一層,十二層,套房(1房1廳1衛),住家用,鋼筋混凝土造,0830525,65.11,0,0,0,無,無,2300000,35325,,0.0,0,,RPPOMLLLNHNFFAI28DA
嘉義市,房地(土地+建物),嘉義市嘉義市西區劉厝里玉山路369巷1~30號,81.0,住,,,1070501,土地1建物1車位0,全,二層,透天厝,住家用,鋼筋混凝土加強磚造,0650419,105.41,3,2,4,有,無,4480000,42501,,0.0,0,,RPOOMLTLNHNFFAI98DA
嘉義市,土地,盧厝段271~300地號,26.0,農,,,1070427,土地1建物0車位0,,,其他,,,,0.0,0,0,0,有,無,204360,7860,,0.0,0,,RPPNMLMLNHNFFAI38EA
嘉義市,土地,盧厝段271~300地號,150.0,農,,,1070427,土地1建物0車位0,,,其他,,,,0.0,0,0,0,有,無,1179620,7864,,0.0,0,,RPQNMLMLNHNFFAI48EA
嘉義市,房地(土地+建物),嘉義市嘉義市溪興街105巷31~60號,13.0,住,,,1070504,土地1建物1車位0,四層,十四層,住宅大樓(11層含以上有電梯),住家用,鋼筋混凝土造,0860131,109.30000000000001,3,2,2,有,有,3200000,29277,,0.0,0,,RPWNMLNLNHNFFAI56EA
嘉義市,房地(土地+建物),嘉義市嘉義市義教街613巷11弄31~60號,121.0,住,,,1070402,土地2建物1車位0,全,二層,透天厝,住家用,加強磚造,0790426,165.39,10,1,5,有,無,10000000,60463,,0.0,0,,RPRNMLRJOHNFFAI98EA
嘉義市,房地(土地+建物),嘉義市嘉義市盧厝里7鄰盧厝31~60號,84.42,住,,,1070415,土地1建物1車位0,全,二層,透天厝,住家用,鋼筋混凝土加強磚造,0730316,109.26,2,1,1,有,無,3150000,28830,,0.0,0,,RPSNMLRJOHNFFAI09EA
嘉義市,土地,溪東段151~180地號,12.91,住,,,1050425,土地1建物0車位0,,,其他,,,,0.0,0,0,0,有,無,189132,14650,,0.0,0,,RPPOMLPKOHNFFAI78EA
嘉義市,房地(土地+建物),嘉義市嘉義市北社尾路323巷31~60號,60.0,住,,,1070415,土地1建物1車位0,全,四層,透天厝,住家用,鋼筋混凝土造,0810731,177.71,5,1,2,有,無,6450000,36295,,0.0,0,,RPTNMLRJOHNFFAI56EA
嘉義市,土地,竹圍子段91~120地號,28.0,住,,,1070506,土地1建物0車位0,,,其他,,,,0.0,0,0,0,有,無,3260000,116429,,0.0,0,,RPSOMLOKOHNFFAI78CA
嘉義市,房地(土地+建物),嘉義市嘉義市蘭井街151~180號,13.08,商,,,1070429,土地3建物1車位0,十四層,十四層,住宅大樓(11層含以上有電梯),住家用,鋼筋混凝土造,0820227,91.37,3,2,3,有,有,3050000,33381,,0.0,0,,RPPNMLKKOHNFFAI97CA
嘉義市,房地(土地+建物),嘉義市嘉義市德安路1~30號,10.76,住,,,1070427,土地1建物1車位0,二層,十四層,住宅大樓(11層含以上有電梯),住家用,鋼筋混凝土造,0830701,160.83,3,2,2,有,無,3600000,22384,,0.0,0,,RPVOMLQJOHNFFAI56CA
嘉義市,房地(土地+建物),嘉義市嘉義市民生北路151~180號,3.32,商,,,1070410,土地3建物1車位0,地下一層,十二層,住宅大樓(11層含以上有電梯),商業用,鋼筋混凝土造,0820105,17.76,0,0,0,無,有,900000,50676,,0.0,0,本件建物作為停車使用(車位兩位),RPPNMLLLOHNFFAI18CA
嘉義市,房地(土地+建物),嘉義市嘉義市林森西路61~90號,143.0,商,,,1070411,土地1建物1車位0,一層，二層，騎樓,二層,店面(店鋪),見其他登記事項,見其他登記事項,0730804,223.58,2,2,2,有,無,16380000,73262,,0.0,0,,RPVNMLLMNHNFFAI78CA
嘉義市,房地(土地+建物),嘉義市嘉義市重慶二街148巷31~60號,89.0,住,,,1070425,土地1建物1車位0,全,二層,透天厝,住商用,加強磚造,0780727,117.82,4,2,3,有,無,3900000,33101,,0.0,0,,RPROMLMJOHNFFAI38CA
嘉義市,房地(土地+建物),嘉義市嘉義市西榮街255巷1~30號,48.0,商,,,1070424,土地1建物1車位0,全,一層,透天厝,住家用,木造,0570301,47.36,2,1,1,有,無,1600000,33784,,0.0,0,,RPTOMLMJOHNFFAI58CA
嘉義市,房地(土地+建物),嘉義市嘉義市嘉南街1~30號,11.75,住,,,1070330,土地1建物1車位0,七層,七層,華廈(10層含以下有電梯),住家用,鋼筋混凝土造,0810623,136.85,2,2,2,有,有,3200000,23383,,0.0,0,,RPXNMLOJOHNFFAI09CA
嘉義市,房地(土地+建物)+車位,嘉義市嘉義市友愛路541~570號,6.44,住,,,1070402,土地1建物2車位1,十層,十四層,套房(1房1廳1衛),商業用,鋼筋混凝土造,0840724,67.53999999999999,1,1,1,有,有,2020000,29908,坡道平面,0.0,0,,RPTOMLOJOHNFFAI78CA
嘉義市,房地(土地+建物),嘉義市嘉義市圓福街1~30號,12.02,住,,,1070508,土地1建物1車位0,三層,十層,華廈(10層含以下有電梯),住家用,鋼筋混凝土造,0810828,61.120000000000005,1,2,1,有,有,2300000,37631,,0.0,0,,RPVPMLSLNHNFFAI96CA
嘉義市,房地(土地+建物),嘉義市嘉義市蘭井街151~180號,19.42,商,,,1070430,土地3建物1車位0,八層,十四層,住宅大樓(11層含以上有電梯),住家用,鋼筋混凝土造,0820227,136.07,3,2,2,有,有,3800000,27927,,0.0,0,,RPRNMLTLNHNFFAI09CA
嘉義市,土地,埤子頭段331~360地號,92.2,住,,,1070402,土地14建物0車位0,,,其他,,,,0.0,0,0,0,有,無,777900,8437,,0.0,0,":土增稅由買方負擔,土地上有數十棟未保存登記建物出賣人不點交,移轉面積36.44平方公尺及49.29平方公尺兩筆以每坪新台幣3萬元整計價,其餘土地不計入總金額併同移轉給買方",RPSNMLTLNHNFFAI56CA
嘉義市,土地,埤子頭段新厝小段301~330地號,166.0,住,,,1070509,土地2建物0車位0,,,其他,,,,0.0,0,0,0,有,無,7782550,46883,,0.0,0,,RPVNMLQLNHNFFAI56CA
嘉義市,土地,溪厝段31~60地號,3108.06,農,,,1070423,土地3建物0車位0,,,其他,,,,0.0,0,0,0,有,無,29000000,9331,,0.0,0,,RPPOMLSLNHNFFAI88CA
嘉義市,房地(土地+建物),嘉義市嘉義市世賢路三段91~120號,96.0,住,,,1070417,土地1建物1車位0,全,四層,透天厝,住家用,鋼筋混凝土造,0951101,225.57,4,2,5,有,無,9000000,39899,,0.0,0,,RPROMLPLNHNFFAI78CA
嘉義市,土地,湖東段121~150地號,51.0,住,,,1070415,土地1建物0車位0,,,其他,,,,0.0,0,0,0,有,無,1800000,35294,,0.0,0,,RPUOMLPLNHNFFAI09CA
嘉義市,土地,後庄段1141~1170地號,993.0,農,,,1070421,土地6建物0車位0,,,其他,,,,0.0,0,0,0,有,無,890000,896,,0.0,0,,RPOOMLPLNHNFFAI48CA
嘉義市,房地(土地+建物),嘉義市嘉義市友愛路541~570號,2.32,住,,,1070428,土地1建物1車位0,六層,十四層,套房(1房1廳1衛),住家用,鋼筋混凝土造,0840724,33.59,1,1,1,有,有,750000,22328,,0.0,0,,RPPOMLPLNHNFFAI58CA
嘉義市,房地(土地+建物),嘉義市嘉義市友忠路961~990號,13.1,住,,,1070509,土地2建物1車位0,十一層,十二層,住宅大樓(11層含以上有電梯),住家用,鋼筋混凝土造,0870226,99.11,3,2,2,有,有,2900000,29260,,0.0,0,,RPRNMLOLNHNFFAI58CA
嘉義市,土地,彌陀段661~690地號,163.0,住,,,1070426,土地2建物0車位0,,,其他,,,,0.0,0,0,0,有,無,3000000,18405,,0.0,0,為親友之間買賣且買賣標的為無鄰接道路之裡地,RPVNMLOLNHNFFAI98CA
嘉義市,土地,北門段三小段31~60地號,91.0,商,,,1070517,土地1建物0車位0,,,其他,,,,0.0,0,0,0,有,無,3578575,39325,,0.0,0,,RPTNMLPLNHNFFAI88CA
嘉義市,房地(土地+建物),嘉義市嘉義市溪興街6巷1~30號,185.87,住,,,1070509,土地5建物2車位0,全,五層,透天厝,見其他登記事項,見其他登記事項,1020605,418.99,7,2,7,有,有,22180000,52937,,0.0,0,,RPXNMLPLNHNFFAI66CA
嘉義市,房地(土地+建物),嘉義市嘉義市五福街61~90號,26.81,住,,,1070419,土地1建物2車位0,六層,七層,華廈(10層含以下有電梯),住家用,鋼筋混凝土造,0811119,157.18,2,1,2,有,有,3700000,23538,,0.0,0,,RPTNMLKMNHNFFAI48CA
嘉義市,房地(土地+建物),嘉義市嘉義市遠東街151~180號,10.8,住,,,1070505,土地1建物1車位0,九層,九層,華廈(10層含以下有電梯),住家用,鋼筋混凝土造,0820526,100.96,2,2,1,有,有,2830000,28031,,0.0,0,,RPPOMLLMNHNFFAI28CA
嘉義市,房地(土地+建物),嘉義市嘉義市五顯街92巷1~30號,47.0,住,,,1070405,土地1建物1車位0,全,二層,透天厝,住家用,鋼筋混凝土造,0900403,63.21,4,2,3,有,無,1000000,15820,,0.0,0,,RPQNMLQJOHNFFAI58CA
嘉義市,土地,遠東段391~420地號,7675.01,工,,,1070201,土地17建物0車位0,,,其他,,,,0.0,0,0,0,有,無,116000000,15114,,0.0,0,,RPSNMLQJOHNFFAI78CA
嘉義市,房地(土地+建物)+車位,嘉義市嘉義市志昇街91~120號,48.63,住,,,1070429,土地1建物1車位1,八層,十四層,住宅大樓(11層含以上有電梯),住家用,鋼筋混凝土造,0931103,204.82999999999998,3,2,2,有,有,6300000,30757,坡道平面,0.0,0,,RPSOMLMJOHNFFAI48CA
嘉義市,房地(土地+建物),嘉義市嘉義市彌陀路241~270號,90.0,住,,,1070407,土地1建物1車位0,全,三層,透天厝,住商用,鋼筋混凝土加強磚造,0660524,197.66,4,3,3,有,無,12200000,61722,,0.0,0,,RPROMLLJOHNFFAI28CA
嘉義市,房地(土地+建物),嘉義市嘉義市南京路61~90號,13.2,商,,,1070419,土地1建物1車位0,六層,十二層,住宅大樓(11層含以上有電梯),住家用,鋼筋混凝土造,0821118,131.71,3,2,2,有,有,3520000,26725,,0.0,0,,RPTNMLLMNHNFFAI58CA
嘉義市,房地(土地+建物),嘉義市嘉義市林森東路612巷1弄1~30號,100.0,住,,,1070415,土地1建物1車位0,全,一層,透天厝,住家用,磚造,0650501,51.67,2,2,1,有,無,4100000,79350,,0.0,0,,RPUPMLLMNHNFFAI88CA
嘉義市,房地(土地+建物),嘉義市嘉義市大利街121~150號,207.8,住,,,1070422,土地1建物1車位0,全,五層,透天厝,見其他登記事項,見其他登記事項,1061214,440.39,4,2,6,有,無,35000000,79475,,0.0,0,,RPPNMLOLNHNFFAI58EA
嘉義市,房地(土地+建物),嘉義市嘉義市新榮路91~120號,76.0,住,,,1070502,土地1建物1車位0,全,四層,透天厝,住家用,鋼筋混凝土造,0760112,182.3,7,1,4,有,無,13800000,75699,,0.0,0,,RPPNMLPLNHNFFAI68EA
嘉義市,土地,西門段五小段31~60地號,124.0,商,,,1070507,土地1建物0車位0,,,其他,,,,0.0,0,0,0,有,無,7921000,63879,,0.0,0,,RPPPMLSLNHNFFAI56EA
嘉義市,房地(土地+建物),嘉義市嘉義市玉山路240巷1~30號,12.8,住,,,1070510,土地1建物1車位0,五層,十二層,住宅大樓(11層含以上有電梯),住家用,鋼筋混凝土造,0830718,121.06,3,2,2,有,無,2000000,16521,,0.0,0,,RPXNMLTKOHNFFAI27EA
嘉義市,房地(土地+建物),嘉義市嘉義市溪興街153巷12弄31~60號,17.01,住,,,1070504,土地1建物1車位0,五層,五層,公寓(5樓含以下無電梯),住家用,鋼筋混凝土造,0711116,56.449999999999996,2,1,1,有,無,1000000,17715,,0.0,0,,RPROMLPKOHNFFAI78CA
嘉義市,房地(土地+建物),嘉義市嘉義市忠孝北街113巷2弄1~30號,102.0,住,,,1070507,土地1建物1車位0,全,三層,透天厝,住家用,見其他登記事項,1010220,183.23,5,2,3,有,無,10500000,57305,,0.0,0,,RPQOMLQJOHNFFAI68CA
嘉義市,房地(土地+建物),嘉義市嘉義市宣信街402巷1~30號,87.0,住,,,1070503,土地1建物1車位0,全,三層,透天厝,住家用,鋼筋混凝土加強磚造,0690620,97.87,4,3,3,有,無,4600000,47001,,0.0,0,,RPVNMLMJOHNFFAI68CA
嘉義市,房地(土地+建物),嘉義市嘉義市興雅路61~90號,43.36,商,,,1070428,土地1建物1車位0,十二層,十二層,住宅大樓(11層含以上有電梯),商業用,鋼筋混凝土造,0831109,507.06,14,0,14,有,有,15000000,29582,,0.0,0,,RPPOMLLJOHNFFAI08CA
嘉義市,房地(土地+建物),嘉義市嘉義市文雅街121~150號,5.97,住,,,1070514,土地1建物1車位0,九層,九層,華廈(10層含以下有電梯),住家用,鋼筋混凝土造,0850618,38.06,1,1,1,有,有,1450000,38098,,0.0,0,,RPPOMLMJOHNFFAI18CA
嘉義市,房地(土地+建物),嘉義市嘉義市松江三街91~120號,5.52,商,,,1070423,土地1建物1車位0,八層,九層,華廈(10層含以下有電梯),住家用,鋼筋混凝土造,0830322,47.59,1,1,1,有,無,938000,19710,,0.0,0,,RPOOMLQJOHNFFAI48CA
嘉義市,房地(土地+建物),嘉義市嘉義市信興街96巷31~60號,124.0,住,,,1070421,土地1建物1車位0,全,三層,透天厝,住家用,鋼筋混凝土造,0790629,178.33,7,2,3,有,無,7300000,40935,,0.0,0,,RPVNMLKMNHNFFAI68CA
嘉義市,房地(土地+建物),嘉義市嘉義市新庄街91~120號,44.0,住,,,1070510,土地1建物1車位0,全,一層,透天厝,住家用,木造,0570106,33.0,2,1,1,有,無,2260000,68485,,0.0,0,,RPQOMLKMNHNFFAI28CA
嘉義市,土地,軍輝段151~180地號,30.0,住,,,1070516,土地1建物0車位0,,,其他,,,,0.0,0,0,0,有,無,1080000,36000,,0.0,0,,RPQOMLPLNHNFFAI68CA
嘉義市,房地(土地+建物),嘉義市嘉義市軍輝路281巷31~60號,90.55,住,,,1070514,土地2建物1車位0,全,四層,透天厝,見其他登記事項,見其他登記事項,1040513,201.32999999999998,3,2,3,有,無,13000000,64571,,0.0,0,,RPVOMLPLNHNFFAI56CA
嘉義市,房地(土地+建物),嘉義市嘉義市南京路61~90號,13.58,商,,,1070424,土地1建物1車位0,九層,十二層,住宅大樓(11層含以上有電梯),住家用,鋼筋混凝土造,0821118,135.92,3,2,2,有,有,4000000,29429,,0.0,0,,RPSOMLPLNHNFFAI88CA
嘉義市,房地(土地+建物),嘉義市嘉義市育人路691~720號,86.38,住,,,1051106,土地1建物1車位0,全,三層,透天厝,住家用,見其他登記事項,1070123,159.06,4,2,4,有,無,8700000,54696,,0.0,0,,RPOPMLSLNHNFFAI88CA
嘉義市,土地,下路頭段481~510地號,776.7,農,,,1070510,土地2建物0車位0,,,其他,,,,0.0,0,0,0,有,無,3400000,4377,,0.0,0,建物未保存，親友或其他特殊關係間之交易。,RPPNMLSLNHNFFAI78CA
嘉義市,房地(土地+建物),嘉義市嘉義市民生南路271~300號,13.5,住,,,1070510,土地1建物1車位0,六層,七層,華廈(10層含以下有電梯),住家用,鋼筋混凝土造,0780203,77.3,2,1,1,有,有,1880000,24321,,0.0,0,,RPPNMLTLNHNFFAI88CA
嘉義市,房地(土地+建物),嘉義市嘉義市市宅街31~60號,93.0,住,,,1070430,土地1建物1車位0,全,五層,透天厝,住商用,鋼筋混凝土造,0900517,225.04,5,3,4,有,無,13300000,59101,,0.0,0,,RPQNMLTLNHNFFAI98CA
嘉義市,房地(土地+建物),嘉義市嘉義市忠孝路781~810號,81.0,住,,,1070418,土地1建物1車位0,全,三層,透天厝,住家用,鋼筋混凝土造,0830205,222.93,4,2,4,有,無,1267200,5684,,0.0,0,,RPPNMLLMNHNFFAI18CA
嘉義市,房地(土地+建物),嘉義市嘉義市友愛路481~510號,11.95,住,,,1070415,土地1建物2車位0,七層，夾層,十二層,住宅大樓(11層含以上有電梯),住家用,鋼筋混凝土造,0881129,107.72,2,2,2,有,有,3400000,31560,,0.0,0,,RPQOMLOJOHNFFAI48CA
嘉義市,房地(土地+建物),嘉義市嘉義市文山街31~60號,81.0,住,,,1070429,土地1建物1車位0,全,四層,透天厝,見其他登記事項,見其他登記事項,1050721,248.57,6,2,5,有,無,11500000,46265,,0.0,0,,RPQNMLNJOHNFFAI28CA
嘉義市,房地(土地+建物),嘉義市嘉義市長安街91~120號,21.35,住,,,1070428,土地1建物1車位0,三層,十層,華廈(10層含以下有電梯),住家用,鋼筋混凝土造,0821027,114.07000000000001,3,2,2,有,有,3100000,27176,,0.0,0,,RPXNMLMJOHNFFAI88CA
嘉義市,房地(土地+建物)+車位,嘉義市嘉義市忠孝路571~600號,30.1,住,,,1070408,土地1建物1車位1,五層,十層,華廈(10層含以下有電梯),住家用,鋼筋混凝土造,0800508,174.24,3,2,2,有,有,3980000,22842,坡道平面,0.0,0,,RPXNMLLJOHNFFAI78CA
嘉義市,房地(土地+建物),嘉義市嘉義市民族路331~360號,292.0,商,,,1070515,土地2建物1車位0,全,二層,透天厝,商業用,鋼造,0810129,399.64,5,2,3,有,無,70664000,176819,,0.0,0,,RPROMLQJOHNFFAI78CA
嘉義市,房地(土地+建物),嘉義市嘉義市吳鳳南路547巷1~30號,26.94,住,,,1070416,土地2建物1車位0,一層,七層,華廈(10層含以下有電梯),住家用,鋼筋混凝土造,0791109,127.22,3,2,2,有,有,3600000,28297,,0.0,0,,RPOPMLQJOHNFFAI58CA
嘉義市,土地,元段六小段61~90地號,70.0,商,,,1070516,土地1建物0車位0,,,其他,,,,0.0,0,0,0,有,無,50000000,714286,,0.0,0,"1.土地增值稅由買方負擔，金額：1,643,711元。 2.買賣含地上未保存建物，鋼鐵造，187.3平方公尺。",RPPNMLRJOHNFFAI58CA
嘉義市,房地(土地+建物)+車位,嘉義市嘉義市雙竹街121~150號,29.78,住,,,1070508,土地2建物1車位1,八層,十層,華廈(10層含以下有電梯),住家用,見其他登記事項,1070222,175.74,3,2,2,有,有,7760000,43946,坡道機械,8.26,400000,,RPQOMLLLOHNFFAI38CA
嘉義市,房地(土地+建物)+車位,嘉義市嘉義市雙竹街121~150號,41.08,住,,,1070508,土地2建物1車位2,十層，見其他登記事項,十層,華廈(10層含以下有電梯),住家用,見其他登記事項,1070222,267.95,4,2,2,有,有,11330000,41483,坡道機械,16.52,900000,,RPROMLLLOHNFFAI48CA
嘉義市,房地(土地+建物)+車位,嘉義市嘉義市雙竹街121~150號,28.87,住,,,1070508,土地2建物1車位1,三層,十層,華廈(10層含以下有電梯),住家用,見其他登記事項,1070222,160.88,3,2,2,有,有,7300000,44227,坡道機械,8.26,550000,,RPSOMLLLOHNFFAI58CA
嘉義市,房地(土地+建物)+車位,嘉義市嘉義市雙竹街121~150號,31.69,住,,,1070508,土地2建物1車位1,五層,十層,華廈(10層含以下有電梯),住家用,見其他登記事項,1070222,183.31,3,2,2,有,有,7880000,41874,坡道機械,8.26,550000,,RPPNMLMLOHNFFAI28CA
嘉義市,房地(土地+建物),嘉義市嘉義市仁愛路240巷1~30號,34.93,住,,,1070331,土地1建物1車位0,四層,十四層,住宅大樓(11層含以上有電梯),住家用,鋼筋混凝土造,0931028,187.01,3,2,2,有,有,4600000,24598,,0.0,0,,RPWNMLTKOHNFFAI96CA
嘉義市,房地(土地+建物),嘉義市嘉義市垂楊路301~330號,18.17,商,,,1070518,土地3建物1車位0,八層,十二層,住宅大樓(11層含以上有電梯),住家用,鋼筋混凝土造,0780703,144.72,3,2,2,有,有,5800000,40077,,0.0,0,,RPSNMLSLNHNFFAI66EA
嘉義市,土地,下路頭段601~630地號,47.0,住,,,1070510,土地1建物0車位0,,,其他,,,,0.0,0,0,0,有,無,2561500,54500,,0.0,0,,RPRNMLTLNHNFFAI66EA
嘉義市,房地(土地+建物),嘉義市嘉義市公園街79巷1~30號,58.5,住,,,1070419,土地1建物1車位0,全,一層,透天厝,住家用,木造,0610315,30.96,2,1,1,有,無,1323900,42762,,0.0,0,,RPUNMLKMNHNFFAI78EA
嘉義市,房地(土地+建物),嘉義市嘉義市文雅街116巷31~60號,21.72,住,,,1070417,土地1建物1車位0,九層,九層,華廈(10層含以下有電梯),住家用,鋼筋混凝土造,0850618,139.6,2,2,2,有,有,5050000,36175,,0.0,0,,RPQNMLTKOHNFFAI98CA
嘉義市,房地(土地+建物)+車位,嘉義市嘉義市保建街31~60號,24.6,住,,,1070424,土地1建物2車位1,十層,十二層,住宅大樓(11層含以上有電梯),住家用,鋼筋混凝土造,0820623,144.11,3,2,2,有,無,4760000,33030,坡道平面,0.0,0,,RPPNMLOJOHNFFAI48EA
嘉義市,房地(土地+建物)+車位,嘉義市嘉義市雙竹街121~150號,28.87,住,,,1070508,土地2建物1車位1,五層,十層,華廈(10層含以下有電梯),住家用,見其他登記事項,1070222,162.97,3,2,2,有,有,7780000,47379,坡道機械,8.26,450000,,RPSNMLMLOHNFFAI58CA
嘉義市,房地(土地+建物)+車位,嘉義市嘉義市雙竹街121~150號,40.34,住,,,1070508,土地2建物1車位1,十層，見其他登記事項,十層,華廈(10層含以下有電梯),住家用,見其他登記事項,1070222,245.37,4,2,2,有,有,11500000,46814,坡道機械,8.26,400000,,RPTNMLMLOHNFFAI68CA
嘉義市,房地(土地+建物)+車位,嘉義市嘉義市雙竹街121~150號,32.9,住,,,1070508,土地2建物1車位1,九層,十層,華廈(10層含以下有電梯),住家用,見其他登記事項,1070222,191.69,3,2,2,有,有,8300000,43600,坡道平面,16.23,650000,,RPVNMLMLOHNFFAI88CA
嘉義市,房地(土地+建物)+車位,嘉義市嘉義市雙竹街121~150號,31.69,住,,,1070508,土地2建物1車位1,四層,十層,華廈(10層含以下有電梯),住家用,見其他登記事項,1070222,191.49,3,2,2,有,有,7860000,38001,坡道平面,16.23,1200000,,RPPPMLMLOHNFFAI48CA
嘉義市,房地(土地+建物)+車位,嘉義市嘉義市雙竹街121~150號,32.9,住,,,1070508,土地2建物1車位1,八層,十層,華廈(10層含以下有電梯),住家用,見其他登記事項,1070222,183.81,3,2,2,有,有,8000000,43293,坡道機械,8.26,400000,,RPRPMLMLOHNFFAI68CA
嘉義市,房地(土地+建物)+車位,嘉義市嘉義市雙竹街121~150號,31.65,住,,,1070508,土地2建物1車位2,九層,十層,華廈(10層含以下有電梯),住家用,見其他登記事項,1070222,191.1,3,2,2,有,有,7800000,40096,坡道機械,16.52,800000,,RPSPMLMLOHNFFAI78CA
嘉義市,房地(土地+建物)+車位,嘉義市嘉義市雙竹街121~150號,43.1,住,,,1070508,土地2建物1車位2,十層，見其他登記事項,十層,華廈(10層含以下有電梯),住家用,見其他登記事項,1070222,289.74,4,2,2,有,有,11500000,39962,坡道平面,24.49,900000,,RPTPMLMLOHNFFAI88CA
嘉義市,房地(土地+建物)+車位,嘉義市嘉義市雙竹街121~150號,28.87,住,,,1070508,土地2建物1車位1,六層,十層,華廈(10層含以下有電梯),住家用,見其他登記事項,1070222,163.59,3,2,2,有,有,6880000,41718,坡道機械,8.26,400000,,RPVPMLMLOHNFFAI09CA
嘉義市,房地(土地+建物)+車位,嘉義市嘉義市雙竹街121~150號,30.2,住,,,1070508,土地2建物1車位1,九層,十層,華廈(10層含以下有電梯),住家用,見其他登記事項,1070222,183.42,3,2,2,有,有,8000000,42467,坡道平面,16.23,900000,,RPWPMLMLOHNFFAI56CA
嘉義市,土地,彌陀段241~270地號,122.0,其他,,,1070504,土地2建物0車位0,,,其他,,,,0.0,0,0,0,有,無,415288,3404,,0.0,0,,RPQNMLKLOHNFFAI18CA
嘉義市,土地,下路頭段451~480地號,521.77,其他,,,1070504,土地2建物0車位0,,,其他,,,,0.0,0,0,0,有,無,2584705,4954,,0.0,0,,RPRNMLKLOHNFFAI28CA
嘉義市,房地(土地+建物)+車位,嘉義市嘉義市自由路481~510號,15.35,住,,,1070427,土地1建物1車位1,八層,十六層,住宅大樓(11層含以上有電梯),住家用,鋼筋混凝土造,0830530,181.59,4,2,2,有,有,5550000,30563,坡道平面,0.0,0,,RPTOMLOKOHNFFAI88CA
嘉義市,房地(土地+建物),嘉義市嘉義市竹子腳1~30號,94.02,住,,,1070514,土地1建物1車位0,全,四層,透天厝,住家用,鋼筋混凝土造,0800511,210.31,3,1,2,有,無,5200000,24725,,0.0,0,,RPWNMLOJOHNFFAI98CA
嘉義市,土地,軍輝段631~660地號,268.0,住,,,1070414,土地2建物0車位0,,,其他,,,,0.0,0,0,0,有,無,10409000,38840,,0.0,0,,RPROMLOJOHNFFAI58CA
嘉義市,房地(土地+建物)+車位,嘉義市嘉義市民生南路510巷91~120號,41.69,住,,,1070428,土地1建物1車位0,一層，二層，三層，騎樓,六層,華廈(10層含以下有電梯),住商用,鋼筋混凝土造,0830701,198.44,3,2,2,有,有,4550000,22929,坡道平面,0.0,0,,RPSOMLOJOHNFFAI68CA
嘉義市,房地(土地+建物),嘉義市嘉義市福州五街1~30號,8.58,住,,,1070508,土地1建物1車位0,三層,七層,套房(1房1廳1衛),住家用,鋼筋混凝土造,0810903,57.629999999999995,1,1,1,有,有,1450000,25161,,0.0,0,,RPOOMLOJOHNFFAI28CA
嘉義市,房地(土地+建物),嘉義市嘉義市友孝路121~150號,17.46,住,,,1070107,土地1建物1車位0,五層,九層,華廈(10層含以下有電梯),住家用,鋼筋混凝土造,0800225,125.74,3,2,2,有,無,3500000,27835,,0.0,0,,RPQNMLLMNHNFFAI28CA
嘉義市,土地,大溪段301~330地號,2813.75,農,,,1070331,土地1建物0車位0,,,其他,,,,0.0,0,0,0,有,無,29000000,10307,,0.0,0,,RPSOMLKMNHNFFAI48CA
嘉義市,房地(土地+建物),嘉義市嘉義市民生南路437巷1~30號,92.0,住,,,1070418,土地1建物1車位0,全,二層,透天厝,住家用,加強磚造,0581216,73.11,3,2,2,有,無,3120000,42675,,0.0,0,,RPTOMLLMNHNFFAI68CA
嘉義市,房地(土地+建物),嘉義市嘉義市永樂一街31~60號,93.0,住,,,1070521,土地1建物1車位0,全,四層,透天厝,住家用,鋼筋混凝土造,0840902,253.12,6,1,6,有,無,9000000,35556,,0.0,0,,RPPNMLNJOHNFFAI18CA
嘉義市,土地,末廣段四小段1~30地號,108.0,商,,,1070502,土地1建物0車位0,,,其他,,,,0.0,0,0,0,有,無,2200000,20370,,0.0,0,,RPOOMLLJOHNFFAI97CA
嘉義市,土地,元段二小段1~30地號,295.0,商,,,1070504,土地2建物0車位0,,,其他,,,,0.0,0,0,0,有,無,60000000,203390,,0.0,0,1.權利人2人2.含地尚未登記建物使用權,RPXOMLLMNHNFFAI09CA
嘉義市,房地(土地+建物),嘉義市嘉義市溫州二街91~120號,16.1,住,,,1070316,土地1建物2車位0,二層,六層,套房(1房1廳1衛),住家用,鋼筋混凝土造,0801115,83.48,2,2,2,有,有,1280000,15333,,0.0,0,,RPUOMLSJOHNFFAI66CA
嘉義市,房地(土地+建物),嘉義市嘉義市下埤路288巷31~60號,77.49,住,,,1070429,土地2建物1車位0,全,三層,透天厝,住家用,鋼筋混凝土造,0871217,152.79,4,2,3,有,無,5350000,35015,,0.0,0,,RPSOMLQJOHNFFAI88CA
嘉義市,房地(土地+建物),嘉義市嘉義市世賢路四段350巷21弄31~60號,23.4,住,,,1070419,土地1建物1車位0,二層,六層,華廈(10層含以下有電梯),住家用,鋼筋混凝土造,0810903,109.78999999999999,3,1,2,有,有,1600000,14573,,0.0,0,,RPSNMLKLOHNFFAI38CA
嘉義市,房地(土地+建物),嘉義市嘉義市蘭潭里小雅路181~210號,4.88,住,,,1070521,土地1建物1車位0,三層,十六層,住宅大樓(11層含以上有電梯),住家用,鋼筋混凝土造,0820609,40.91,1,0,1,有,有,860000,21022,,0.0,0,,RPPNMLLJOHNFFAI08DA
嘉義市,房地(土地+建物),嘉義市嘉義市公明路1~30號,81.0,住,,,1070510,土地1建物1車位0,全,二層,透天厝,住家用,鋼筋混凝土加強磚造,0590904,103.86,3,2,2,有,無,4150000,39958,,0.0,0,含增建或未登記建物。,RPTOMLPKOHNFFAI98CA
嘉義市,房地(土地+建物)+車位,嘉義市嘉義市世賢路一段661~690號,16.3,住,,,1070501,土地1建物1車位1,一層，二層，三層，騎樓,十二層,住宅大樓(11層含以上有電梯),住商用,鋼筋混凝土造,0830718,180.32999999999998,3,2,2,有,有,3750000,20795,坡道機械,0.0,0,,RPPNMLQKOHNFFAI58CA
嘉義市,房地(土地+建物)+車位,嘉義市嘉義市友和路31~60號,91.0,住,,,1070518,土地1建物1車位0,一層，二層，三層，騎樓，地下層,七層,華廈(10層含以下有電梯),住商用,鋼筋混凝土造,0830826,511.15,6,3,4,有,有,13400000,26215,坡道平面,0.0,0,,RPUNMLLMNHNFFAI88EA
嘉義市,房地(土地+建物),嘉義市嘉義市友愛路241~270號,207.0,商,,,1070512,土地1建物1車位0,一層,一層,店面(店鋪),見其他登記事項,見其他登記事項,0890831,59.35,0,0,0,無,無,28000000,471778,,0.0,0,,RPWNMLMLOHNFFAI98CA
嘉義市,房地(土地+建物)+車位,嘉義市嘉義市嘉義市中興路481~510號,18.45,住,,,1070507,土地1建物2車位1,五層,七層,華廈(10層含以下有電梯),住家用,鋼筋混凝土造,0820209,108.86,3,2,2,有,有,3500000,32154,坡道平面,0.0,0,,RPXNMLMLOHNFFAI09CA
嘉義市,房地(土地+建物),嘉義市嘉義市忠孝北街91~120號,87.0,住,,,1070413,土地1建物1車位0,全,三層,透天厝,見其他登記事項,見其他登記事項,1010509,174.4,4,2,3,有,無,7650000,43865,,0.0,0,,RPTOMLMLOHNFFAI78CA
嘉義市,房地(土地+建物),嘉義市嘉義市博東路151~180號,14.48,住,,,1070510,土地1建物1車位0,十六層,二十二層,住宅大樓(11層含以上有電梯),住家用,鋼筋混凝土造,0870319,119.94,1,1,1,有,無,3600000,30015,,0.0,0,,RPOOMLKLOHNFFAI08CA
嘉義市,房地(土地+建物),嘉義市嘉義市友竹街61~90號,22.83,住,,,1070504,土地2建物1車位0,四層,十層,華廈(10層含以下有電梯),住家用,見其他登記事項,1051027,90.53999999999999,2,2,1,有,有,3900000,43075,,0.0,0,,RPQNMLMLOHNFFAI38CA
嘉義市,土地,陳厝段1~30地號,78.25,住,,,1070524,土地1建物0車位0,,,其他,,,,0.0,0,0,0,有,無,1770000,22620,,0.0,0,買賣標的屬共有土地持分額。,RPTOMLQJOHNFFAI98CA
嘉義市,房地(土地+建物),嘉義市嘉義市林森東路321巷11弄1~30號,94.0,住,,,1070417,土地1建物1車位0,全,二層,透天厝,住家用,鋼筋混凝土加強磚造,0720207,117.24,4,2,2,有,無,6300000,53736,,0.0,0,,RPPOMLLKOHNFFAI18CA
嘉義市,房地(土地+建物)+車位,嘉義市嘉義市志昇街91~120號,48.63,住,,,1070428,土地1建物1車位1,六層,十四層,住宅大樓(11層含以上有電梯),住家用,鋼筋混凝土造,0931103,204.82999999999998,3,2,2,有,有,6750000,32954,坡道平面,0.0,0,,RPQOMLLKOHNFFAI28CA
嘉義市,房地(土地+建物),嘉義市嘉義市美源街91~120號,59.04,住,,,1070502,土地2建物1車位0,全,二層,透天厝,住家用,鋼筋混凝土造,0721114,71.98,4,1,2,有,無,3200000,44457,,0.0,0,二親等間買賣，雙方價金自行交付。,RPWNMLLJOHNFFAI68CA
嘉義市,房地(土地+建物),嘉義市嘉義市自由路481~510號,10.09,住,,,1070406,土地1建物1車位0,七層,十六層,住宅大樓(11層含以上有電梯),住家用,鋼筋混凝土造,0830530,120.21000000000001,3,2,2,有,有,3500000,29116,,0.0,0,,RPTPMLLMNHNFFAI78CA
嘉義市,房地(土地+建物),嘉義市嘉義市坤明街53巷1~30號,59.0,住,,,1070511,土地0建物1車位0,全,一層,透天厝,住家用,木造,0541020,42.0,2,1,1,有,無,1300000,30952,,0.0,0,,RPUNMLPJOHNFFAI88CA
嘉義市,房地(土地+建物),嘉義市嘉義市友愛路271~300號,13.47,商,,,1070407,土地1建物1車位0,五層,十層,華廈(10層含以下有電梯),見其他登記事項,鋼筋混凝土造,0810515,125.0,0,0,0,無,有,3300000,26400,,0.0,0,,RPOPMLOJOHNFFAI38CA
嘉義市,房地(土地+建物),嘉義市嘉義市成仁街91~120號,102.0,商,,,1070508,土地2建物7車位0,六層,六層,華廈(10層含以下有電梯),住家用,鋼筋混凝土造,0870313,590.98,16,0,7,有,無,26000000,43995,,0.0,0,,RPQNMLPJOHNFFAI48CA
嘉義市,房地(土地+建物),嘉義市嘉義市文化路694巷29弄1~30號,61.0,住,,,1070501,土地1建物1車位0,全,二層,透天厝,住家用,鋼筋混凝土加強磚造,0651114,85.64,3,2,2,有,無,3300000,38533,,0.0,0,,RPVOMLLMNHNFFAI88CA
嘉義市,車位,嘉義市嘉義市忠孝路781~810號,1.79,住,,,1070501,土地0建物0車位1,,,其他,,,,14.31,0,0,0,有,有,500000,,坡道機械,14.31,500000,,RPTOMLKMNHNFFAI58CA
嘉義市,房地(土地+建物),嘉義市嘉義市林森東路691巷139弄1~30號,80.0,農,,,1070514,土地0建物1車位0,全,一層,透天厝,住家用,鋼筋混凝土加強磚造,0670529,58.82,3,2,1,有,無,2700000,45903,,0.0,0,,RPUOMLKMNHNFFAI68CA
嘉義市,房地(土地+建物)+車位,嘉義市嘉義市忠孝路781~810號,16.86,住,,,1070423,土地1建物1車位1,四層,十四層,住宅大樓(11層含以上有電梯),見其他登記事項,見其他登記事項,1050510,136.04,3,2,2,有,有,6200000,46414,坡道機械,14.31,550000,,RPROMLKMNHNFFAI38CA
嘉義市,房地(土地+建物),嘉義市嘉義市世賢路一段580巷181~210號,125.5,住,,,1070504,土地2建物1車位0,全,三層,透天厝,見其他登記事項,見其他登記事項,1020904,183.52,4,3,3,有,無,8700000,47406,,0.0,0,,RPRNMLPJOHNFFAI58CA
嘉義市,土地,竹圍子段友愛小段31~60地號,186.0,住,,,1070506,土地2建物0車位0,,,其他,,,,0.0,0,0,0,有,無,10126000,54441,,0.0,0,,RPWOMLOJOHNFFAI09CA
嘉義市,房地(土地+建物),嘉義市嘉義市新榮路1~30號,46.45,住,,,1070419,土地1建物1車位0,四層,五層,公寓(5樓含以下無電梯),住家用,鋼筋混凝土造,0780606,142.95,3,1,2,有,無,2200000,15391,,0.0,0,二等親間買賣,RPWNMLPJOHNFFAI09CA
嘉義市,房地(土地+建物),嘉義市嘉義市德明路30巷1~30號,76.0,住,,,1070411,土地1建物1車位0,全,二層,透天厝,住家用,加強磚造,0580812,74.0,4,2,1,有,無,3100000,41892,,0.0,0,,RPROMLLKOHNFFAI38CA
嘉義市,房地(土地+建物),嘉義市嘉義市康樂街91~120號,21.86,商,,,1070422,土地1建物1車位0,五層,六層,華廈(10層含以下有電梯),住家用,鋼筋混凝土造,0820702,107.36000000000001,3,2,1,有,有,3450000,32135,,0.0,0,,RPWNMLOKOHNFFAI09CA
嘉義市,房地(土地+建物),嘉義市嘉義市忠孝路511~540號,41.33,住,,,1070418,土地1建物1車位0,二層,四層,公寓(5樓含以下無電梯),見其他登記事項,鋼筋混凝土加強磚造,0690917,85.51,3,2,1,有,無,2300000,26897,,0.0,0,,RPUOMLOKOHNFFAI98CA
嘉義市,房地(土地+建物),嘉義市嘉義市安和街211~240號,28.0,住,,,1070516,土地1建物1車位0,全,二層,透天厝,住家用,鋼筋混凝土加強磚造,0630621,40.18,3,1,2,有,無,2700000,67198,,0.0,0,姊妹間買賣,RPPNMLPKOHNFFAI48CA
嘉義市,房地(土地+建物),嘉義市嘉義市八德路331~360號,18.34,住,,,1070426,土地1建物1車位0,七層,八層,華廈(10層含以下有電梯),住家用,鋼筋混凝土造,0821108,90.75,3,2,1,有,有,3380000,37245,,0.0,0,,RPROMLKLOHNFFAI38CA
嘉義市,房地(土地+建物),嘉義市嘉義市錦州一街1~30號,57.0,住,,,1070510,土地1建物1車位0,全,三層,透天厝,住商用,鋼筋混凝土造,0760518,134.6,4,2,2,有,無,6750000,50149,,0.0,0,,RPTOMLKLOHNFFAI58CA
嘉義市,房地(土地+建物),嘉義市嘉義市盧義路239巷31~60號,139.68,農,,,1070424,土地3建物1車位0,全,四層,透天厝,見其他登記事項,見其他登記事項,1070118,301.48,4,2,5,有,無,13750000,45608,,0.0,0,,RPSOMLTKOHNFFAI66CA
嘉義市,房地(土地+建物),嘉義市嘉義市盧義路239巷31~60號,156.9,農,,,1070424,土地3建物1車位0,全,四層,透天厝,見其他登記事項,見其他登記事項,1070118,302.65999999999997,4,2,5,有,無,14380000,47512,,0.0,0,,RPTOMLTKOHNFFAI76CA
嘉義市,房地(土地+建物),嘉義市嘉義市盧義路239巷33弄1~30號,150.9,農,,,1070424,土地3建物1車位0,全,四層,透天厝,見其他登記事項,見其他登記事項,1070118,321.5,4,4,5,有,無,13990000,43515,,0.0,0,,RPUOMLTKOHNFFAI86CA
嘉義市,房地(土地+建物),嘉義市嘉義市盧義路239巷33弄1~30號,150.9,農,,,1070424,土地3建物1車位0,全,四層,透天厝,見其他登記事項,見其他登記事項,1070118,323.15999999999997,4,4,5,有,無,13990000,43291,,0.0,0,,RPVOMLTKOHNFFAI96CA
嘉義市,房地(土地+建物),嘉義市嘉義市盧義路239巷33弄1~30號,150.9,農,,,1070424,土地3建物1車位0,全,四層,透天厝,見其他登記事項,見其他登記事項,1070118,311.95,4,3,5,有,無,13950000,44719,,0.0,0,,RPWOMLTKOHNFFAI07CA
嘉義市,房地(土地+建物),嘉義市嘉義市盧義路239巷33弄1~30號,140.9,農,,,1070424,土地3建物1車位0,全,四層,透天厝,見其他登記事項,見其他登記事項,1070118,242.12,4,3,5,有,無,11300000,46671,,0.0,0,,RPPPMLTKOHNFFAI09CA
嘉義市,房地(土地+建物),嘉義市嘉義市盧義路239巷33弄1~30號,140.9,農,,,1070424,土地3建物1車位0,全,四層,透天厝,見其他登記事項,見其他登記事項,1070118,240.91,4,3,5,有,無,11280000,46822,,0.0,0,,RPRPMLTKOHNFFAI66CA
嘉義市,房地(土地+建物),嘉義市嘉義市盧義路239巷33弄1~30號,140.9,農,,,1070424,土地3建物1車位0,全,四層,透天厝,見其他登記事項,見其他登記事項,1070118,238.97,4,3,5,有,無,11600000,48542,,0.0,0,,RPSPMLTKOHNFFAI76CA
嘉義市,房地(土地+建物),嘉義市嘉義市盧義路239巷33弄1~30號,126.9,農,,,1070424,土地3建物1車位0,全,四層,透天厝,見其他登記事項,見其他登記事項,1070118,241.69,4,3,5,有,無,10400000,43030,,0.0,0,,RPTPMLTKOHNFFAI86CA
嘉義市,房地(土地+建物),嘉義市嘉義市盧義路239巷33弄1~30號,126.9,農,,,1070424,土地3建物1車位0,全,四層,透天厝,見其他登記事項,見其他登記事項,1070118,239.81,4,3,5,有,無,10800000,45036,,0.0,0,,RPUPMLTKOHNFFAI96CA
嘉義市,房地(土地+建物),嘉義市嘉義市啟明路31~60號,30.51,住,,,1070417,土地1建物1車位0,一層，二層，騎樓,十二層,住宅大樓(11層含以上有電梯),住商用,鋼筋混凝土造,0870826,245.23999999999998,3,2,3,有,有,11500000,46893,,0.0,0,,RPPQMLTKOHNFFAI56CA
嘉義市,房地(土地+建物),嘉義市嘉義市蘭潭里小雅路181~210號,14.64,住,,,1070514,土地1建物1車位0,十層,十六層,住宅大樓(11層含以上有電梯),住家用,鋼筋混凝土造,0820609,122.56,3,1,2,有,有,3800000,31005,,0.0,0,,RPPNMLMJOHNFFAI18DA
嘉義市,房地(土地+建物),嘉義市嘉義市國賢二街1~30號,138.0,住,,,1070521,土地1建物1車位0,全,二層,透天厝,住家用,見其他登記事項,0890711,120.27,0,0,0,無,無,7900000,65686,,0.0,0,,RPTOMLPLOHNFFAI09CA
嘉義市,房地(土地+建物),嘉義市嘉義市市大富西街85巷1~30號,106.34,住,,,1070508,土地2建物1車位0,全,四層,透天厝,住家用,鋼筋混凝土造,0960112,239.59,4,2,4,有,無,8800000,36729,,0.0,0,,RPTNMLSLOHNFFAI66CA
嘉義市,土地,埤子頭段361~390地號,20.33,住,,,1070430,土地1建物0車位0,,,其他,,,,0.0,0,0,0,有,無,500000,24594,,0.0,0,,RPWNMLLMNHNFFAI09EA
嘉義市,房地(土地+建物),嘉義市嘉義市光正街67巷1~30號,59.0,住,,,1070508,土地1建物1車位0,全,二層,透天厝,住家用,鋼筋混凝土加強磚造,0651105,73.2,3,1,1,有,無,1460000,19945,,0.0,0,,RPRNMLLJOHNFFAI38EA
