﻿鄉鎮市區,交易標的,土地區段位置/建物區段門牌,土地面積(平方公尺),都市土地使用分區,非都市土地使用分區,非都市土地使用編定,租賃年月日,租賃筆棟數,租賃層次,總樓層數,建物型態,主要用途,主要建材,建築完成年月,建物總面積(平方公尺),建物現況格局-房,建物現況格局-廳,建物現況格局-衛,建物現況格局-隔間,有無管理組織,有無附傢俱,總額(元),單價(元/平方公尺),車位類別,車位面積(平方公尺),車位總額(元),備註,編號
The villages and towns urban district,transaction sign,land sector position/building sector house number plate,land shifting total area (square meter),the use zoning or compiles and checks,the non-metropolis land use district,non-metropolis land use,transaction year, month and day,transaction pen number,shifting level,total floor number,building state,main use,main building materials,construction to complete the years,building shifting total area,Building present situation pattern - room,building present situation pattern - hall,building present situation pattern - health,building present situation pattern - compartmented,Whether there is manages the organization,Whether there is attaches the furniture,total price (Yuan),the unit price (a Yuan/square meter),the berth category,berth shifting total area (square meter),the berth total price (Yuan),the note,serial number
嘉義市,房地(土地+建物),嘉義市嘉義市垂楊路271~300號,11.16,住,,,1070516,土地1建物1車位0,十一層,12,住宅大樓(11層含以上有電梯),住家用,鋼筋混凝土造,0780703,123.9,3,2,2,有,有,有,15000,121,,0.0,0,,RPOOMLLLNHNFFAI28CC
嘉義市,房地(土地+建物),嘉義市嘉義市中山路61~90號,53.19,住,,,1070515,土地1建物1車位0,一層,13,店面(店鋪),見其他登記事項,鋼筋混凝土造,0860529,223.53,0,0,0,無,無,無,75000,336,,0.0,0,,RPTNMLMLNHNFFAI88DC
嘉義市,房地(土地+建物),嘉義市嘉義市博東路91~120號,9.65,住,,,1070503,土地1建物1車位0,二層,22,住宅大樓(11層含以上有電梯),住家用,鋼筋混凝土造,0870319,84.41,2,2,1,有,有,有,9500,113,,0.0,0,,RPXNMLMLNHNFFAI66DC
嘉義市,房地(土地+建物),嘉義市嘉義市東區南興路91~120號,63.0,住,,,1070505,土地1建物1車位0,全,2,透天厝,住商用,鋼筋混凝土加強磚造,0670717,90.04,3,2,2,有,無,無,14500,161,,0.0,0,,RPSNMLOLNHNFFAI88CC
嘉義市,房地(土地+建物),嘉義市嘉義市西區北鎮街34巷1~30號,12.32,住,,,1070510,土地1建物1車位0,三層,6,華廈(10層含以下有電梯),住家用,鋼筋混凝土造,0790522,57.4,1,1,1,有,無,有,6000,105,,0.0,0,,RPTOMLQLNHNFFAI66CC
嘉義市,房地(土地+建物),嘉義市嘉義市中正路631~660號,165.0,商,,,1070517,土地4建物1車位0,全,4,透天厝,住商用,鋼筋混凝土造,0660309,612.27,0,0,0,無,無,無,45000,73,,0.0,0,,RPWPMLSLNHNFFAI47EC
