﻿編號,土地區段位置,土地移轉面積(平方公尺),使用分區或編定
The serial number,land sector position,land shifting area (square meter),the use zoning or compiles and checks
RPQQMLMLNHNFFBJ78CA,正興段,190.80,都市：工
RPQQMLMLNHNFFBJ78CA,正興段,4.86,都市：工
RPXPMLMLNHNFFBJ76CA,隘興段,37.94,都市：住
RPWPMLMLNHNFFBJ66CA,莊敬段,30.35,都市：住
RPRQMLMLNHNFFBJ88CA,隘興段,31.22,都市：住
RPXQMLMLNHNFFBJ86CA,新城段,212.00,非都市：山坡地保育區 ; 非都市編定：丙種建築用地
RPUPMLMLNHNFFBJ09CA,台科段,21.29,都市：商
RPXRMLMLNHNFFBJ96CA,縣華段,6.88,都市：住
RPQTMLMLNHNFFBJ09CA,縣福段,17.89,都市：商
RPPTMLMLNHNFFBJ98CA,翰林段,33.24,都市：住
RPOTMLMLNHNFFBJ88CA,自強段,39.20,都市：住
RPROMLNLNHNFFBJ78CA,永興段,93.64,都市：住
RPVOMLNLNHNFFBJ56CA,蓮華段,1053.99,非都市：特定農業區 ; 非都市編定：農牧用地
RPUNMLOLNHNFFBJ09CA,家興段,79.83,都市：住
RPWOMLOLNHNFFBJ76CA,永興段,28.14,都市：住
RPVNMLOLNHNFFBJ56CA,家興段,77.95,都市：住
RPXNMLOLNHNFFBJ76CA,家興段,79.83,都市：住
RPWNMLOLNHNFFBJ66CA,家興段,72.38,都市：住
RPPNMLSLNHNFFBJ98CA,豆子埔段,15.62,都市：住
RPPNMLQLNHNFFBJ78CA,中正段,36.81,都市：住
RPQNMLRLNHNFFBJ98CA,隘興段,27.47,都市：住
RPQQMLSLNHNFFBJ76CA,家興段,77.95,都市：住
RPRPMLNLNHNFFBJ88CA,府前段,70.16,都市：住
RPRPMLNLNHNFFBJ88CA,台科段,4.13,都市：住
RPWOMLPLNHNFFBJ86CA,大學段,3.87,都市：商
RPRQMLPLNHNFFBJ56CA,家興段,9.32,都市：住
RPRNMLPLNHNFFBJ88CA,縣福段,5.76,都市：商
RPROMLOJOHNFFBJ78CA,永興段,45.82,都市：商
RPVPMLLMNHNFFBJ56CA,莊敬段,23.05,都市：商
RPQOMLLLNHNFFCJ58CA,上德段,115.47,都市：住
RPWOMLLJOHNFFBJ98CA,家興段,29.21,都市：住
RPTOMLLKOHNFFBJ78CA,台科段,34.96,都市：住
RPSOMLLKOHNFFBJ68CA,台科段,22.59,都市：住
RPUOMLLKOHNFFBJ88CA,台科段,34.96,都市：住
RPWOMLLKOHNFFBJ09CA,隘興段,44.19,都市：住
RPSNMLKMNHNFFCJ68CA,仁愛段,37.05,都市：住
RPWRMLKMNHNFFBJ76CA,家興段,34.50,都市：住
RPQNMLMLNHNFFCJ58CA,資源段,60.00,都市：住
RPOSMLLJOHNFFCJ68CA,竹東段竹東小段,29.68,都市：住
RPSTMLLJOHNFFCJ56CA,竹東段竹東小段,31.08,都市：住
RPRTMLLJOHNFFCJ09CA,竹東段竹東小段,29.45,都市：住
RPQTMLLJOHNFFCJ98CA,竹東段竹東小段,29.45,都市：住
RPPNMLOJOHNFFCJ58CA,竹東段竹東小段,21.73,都市：住
SPPNMLOJOHNFFCJ68CA,竹東段竹東小段,14.49,都市：住
RPRNMLOJOHNFFCJ78CA,竹東段竹東小段,25.47,都市：住
RPPSMLLJOHNFFCJ78CA,竹東段竹東小段,29.68,都市：住
RPWSMLLJOHNFFCJ86CA,竹東段竹東小段,26.17,都市：住
RPQNMLOJOHNFFCJ68CA,竹東段竹東小段,28.98,都市：住
RPXSMLLJOHNFFCJ96CA,竹東段竹東小段,29.21,都市：住
RPRSMLLJOHNFFCJ98CA,竹東段竹東小段,32.72,都市：住
RPUNMLOJOHNFFCJ09CA,竹東段竹東小段,14.49,都市：住
RPUSMLLJOHNFFCJ66CA,竹東段竹東小段,26.17,都市：住
RPOTMLLJOHNFFCJ78CA,竹東段竹東小段,26.17,都市：住
SPUNMLOJOHNFFCJ56CA,竹東段竹東小段,14.49,都市：住
RPTNMLOJOHNFFCJ98CA,竹東段竹東小段,22.67,都市：住
RPPOMLOJOHNFFCJ68CA,竹東段竹東小段,21.73,都市：住
RPROMLOJOHNFFCJ88CA,竹東段竹東小段,29.45,都市：住
RPTOMLOJOHNFFCJ09CA,竹東段竹東小段,26.17,都市：住
RPQOMLOJOHNFFCJ78CA,竹東段竹東小段,22.20,都市：住
RPSOMLOJOHNFFCJ98CA,竹東段竹東小段,29.68,都市：住
RPPNMLMLNHNFFDJ58CA,永安段,54.16,非都市：鄉村區 ; 非都市編定：乙種建築用地
RPOPMLLLNHNFFDJ58CA,德興段,171.52,都市：住
RPXNMLMLNHNFFDJ76CA,中崙段,198.00,非都市：特定農業區 ; 非都市編定：甲種建築用地
RPRNMLPLNHNFFDJ09CA,綠園段,17.74,非都市：鄉村區 ; 非都市編定：乙種建築用地
RPSNMLNLNHNFFDJ98CA,錦安段,43.47,都市：住
RPQNMLPLNHNFFDJ98CA,湖南段,52.98,非都市：鄉村區 ; 非都市編定：乙種建築用地
RPOUMLLJOHNFFCJ88CA,竹東段竹東小段,14.84,都市：住
RPOUMLLJOHNFFCJ88CA,竹東段竹東小段,14.84,都市：住
RPTOMLPLNHNFFDJ76CA,吉祥段,67.72,非都市：鄉村區 ; 非都市編定：乙種建築用地
RPOPMLNLNHNFFBJ68DA,集義段,119.48,都市：住
RPSQMLPLNHNFFBJ76DA,東華段,112.92,非都市：鄉村區 ; 非都市編定：乙種建築用地
RPTPMLNLNHNFFBJ56DA,新庄子段,177.00,非都市：特定農業區 ; 非都市編定：甲種建築用地
RPTPMLNLNHNFFBJ56DA,新庄子段,17.50,非都市：特定農業區 ; 非都市編定：甲種建築用地
RPRNMLMLNHNFFDJ78CA,和興段,21.75,非都市：特定農業區 ; 非都市編定：甲種建築用地
RPRNMLMLNHNFFDJ78CA,和興段,85.00,非都市：特定農業區 ; 非都市編定：甲種建築用地
RPRNMLMLNHNFFDJ78CA,和興段,.95,非都市：特定農業區 ; 非都市編定：甲種建築用地
RPSNMLMLNHNFFDJ88CA,下北勢段下北勢小段,77.00,非都市：鄉村區 ; 非都市編定：乙種建築用地
RPXNMLPLNHNFFDJ07CA,青埔子段,291.00,非都市：特定農業區 ; 非都市編定：甲種建築用地
RPPNMLRKNHNFFCJ56CD,富興段水流東小段,2496.00,非都市：山坡地保育區 ; 非都市編定：農牧用地
RPTNMLNLNHNFFDJ09CA,崁頭段,122.00,非都市：特定農業區 ; 非都市編定：甲種建築用地
RPTNMLNLNHNFFDJ09CA,崁頭段,17.44,非都市：特定農業區 ; 非都市編定：甲種建築用地
RPTNMLTKOHNFFCJ96CA,志學段,22.55,都市：其他
RPTNMLTKOHNFFCJ96CA,志學段,.18,都市：其他
RPTNMLTKOHNFFCJ96CA,志學段,.01,都市：其他
RPSOMLMLNHNFFDJ98CA,湖南段,198.00,非都市：特定農業區 ; 非都市編定：甲種建築用地
RPSOMLMLNHNFFDJ98CA,湖南段,247.00,非都市：特定農業區 ; 非都市編定：甲種建築用地
RPSOMLMLNHNFFDJ98CA,湖南段,24.58,非都市：特定農業區 ; 非都市編定：甲種建築用地
RPVNMLPLNHNFFDJ86CA,褔龍段,25.80,非都市：特定農業區 ; 非都市編定：甲種建築用地
RPXNMLTLNHNFFDJ47CA,錦安段,12.17,都市：住
RPXNMLTLNHNFFDJ47CA,錦安段,28.99,都市：住
RPXNMLTLNHNFFDJ47CA,錦安段,44.82,都市：住
RPQNMLTJOHNFFCJ56CA,洽水段,472.15,非都市：山坡地保育區 ; 非都市編定：丙種建築用地
RPVNMLSJOHNFFDJ07CA,建興段鳳凰小段,36.40,非都市：工業區 ; 非都市編定：丁種建築用地
RPPNMLNLNHNFFDJ68CA,南湖段,88.00,都市：住
RPPPMLOJOHNFFCJ98EA,明湖段,4.01,都市：住
RPPPMLOJOHNFFCJ98EA,明湖段,3.01,都市：住
RPPPMLOJOHNFFCJ98EA,明湖段,2.80,都市：住
RPPPMLOJOHNFFCJ98EA,明湖段,2.92,都市：住
RPPPMLOJOHNFFCJ98EA,明湖段,3.62,都市：住
RPPPMLOJOHNFFCJ98EA,明湖段,85.06,都市：住
RPPPMLOJOHNFFCJ98EA,明湖段,.63,都市：住
RPSPMLNKOHNFFCJ09CA,煤源段,13232.00,非都市：山坡地保育區 ; 非都市編定：林業用地
RPRNMLLKOHNFFDJ68CA,文昌段,110.05,都市：住
RPUNMLKMNHNFFCJ88CA,東寧段,18.62,都市：住
RPSNMLSJOHNFFDJ76CA,中興段中興小段,25.00,非都市：工業區 ; 非都市編定：丁種建築用地
RPTNMLLMNHNFFDJ98CA,祥湖段,498.05,非都市：一般農業區 ; 非都市編定：農牧用地
RPOOMLMLNHNFFCJ48CA,南坑段大南坑小段,178.00,非都市：山坡地保育區 ; 非都市編定：林業用地
RPSNMLRLNHNFFCJ66CA,東寧段,135.00,都市：住
RPSNMLRLNHNFFCJ66CA,東寧段,13.67,都市：住
RPQOMLMLNHNFFCJ68CA,南坑段大南坑小段,172.00,非都市：山坡地保育區 ; 非都市編定：林業用地
RPQQMLLMNHNFFCJ88CA,仁愛段,39.63,都市：住
RPPOMLPJOHNFFDJ88CA,員興段,154.88,非都市：山坡地保育區 ; 非都市編定：丙種建築用地
RPPOMLPJOHNFFDJ88CA,員興段,1.27,非都市：山坡地保育區 ; 非都市編定：丙種建築用地
RPPNMLOLNHNFFCJ68CA,綠獅段,230.63,非都市：鄉村區 ; 非都市編定：乙種建築用地
RPOOMLNLNHNFFCJ58CA,志學段,24.68,都市：其他
RPOOMLNLNHNFFCJ58CA,志學段,.19,都市：其他
RPOOMLNLNHNFFCJ58CA,志學段,.01,都市：其他
RPVNMLTLNHNFFCJ17CA,竹東段竹東小段,306.00,非都市：特定農業區 ; 非都市編定：農牧用地
RPVNMLTLNHNFFCJ17CA,竹東段竹東小段,69.00,都市：其他
RPVNMLTLNHNFFCJ17CA,竹東段竹東小段,29.00,都市：其他
RPPOMLTLNHNFFCJ66CA,中員段,516.94,非都市：特定農業區 ; 非都市編定：甲種建築用地
RPPPMLSLNHNFFCJ66CA,濫子段尖筆窩小段,2409.00,非都市：山坡地保育區 ; 非都市編定：農牧用地
RPPNMLMKOHNFFBJ38CA,莊敬段,34.72,都市：住
RPQNMLTLNHNFFCJ66CA,明星段,5.53,都市：農
RPQNMLTLNHNFFCJ66CA,明星段,1.14,都市：農
RPQNMLTLNHNFFCJ66CA,明星段,132.15,都市：農
RPQNMLLJOHNFFBJ28CA,竹義段,27.03,都市：住
RPQOMLOJOHNFFBJ68CA,莊敬段,18.29,都市：商
RPQNMLQKOHNFFBJ88CA,永興段,39.25,都市：住
RPSQMLLMNHNFFBJ98CA,仰德段,55.06,非都市：鄉村區 ; 非都市編定：乙種建築用地
RPSQMLLMNHNFFBJ98CA,仰德段,5.65,非都市：鄉村區 ; 非都市編定：乙種建築用地
RPSQMLLMNHNFFBJ98CA,仰德段,19.38,非都市：鄉村區 ; 非都市編定：乙種建築用地
RPTQMLLMNHNFFBJ09CA,仰德段,19.38,非都市：鄉村區 ; 非都市編定：乙種建築用地
RPTQMLLMNHNFFBJ09CA,仰德段,55.07,非都市：鄉村區 ; 非都市編定：乙種建築用地
RPTQMLLMNHNFFBJ09CA,仰德段,5.65,非都市：鄉村區 ; 非都市編定：乙種建築用地
RPUQMLSLNHNFFBJ17CA,大學段,29.43,都市：住
RPUOMLSLNHNFFBJ96CA,國義段,20.76,都市：住
RPTOMLSLNHNFFBJ86CA,國義段,20.76,都市：住
RPWOMLSLNHNFFBJ17CA,國義段,25.34,都市：住
RPOPMLSLNHNFFBJ09CA,國義段,20.76,都市：住
RPXOMLSLNHNFFBJ27CA,國義段,25.34,都市：住
RPPNMLNLNHNFFCJ58CA,東寧段,66.00,都市：住
RPPPMLNKOHNFFBJ68CA,豆子埔段,21.56,都市：住
RPROMLOLNHNFFBJ88CA,上寮段,392.65,非都市：山坡地保育區 ; 非都市編定：丙種建築用地
RPRPMLSLNHNFFBJ76CA,國義段,20.76,都市：住
RPSPMLSLNHNFFBJ86CA,國義段,25.34,都市：住
RPXPMLPLNHNFFBJ07CA,國義段,26.53,都市：住
RPVPMLPLNHNFFBJ86CA,國義段,20.76,都市：住
RPOPMLPLNHNFFBJ78CA,國義段,22.13,都市：住
RPOPMLPJOHNFFBJ68CA,莊敬段,10.10,都市：商
RPQNMLOLNHNFFCJ78CA,濫子段薯園小段,2134.00,非都市：山坡地保育區 ; 非都市編定：林業用地
RPRNMLOLNHNFFCJ88CA,上德段,17.65,都市：住
RPRNMLOLNHNFFDJ98CA,竹九段,45.24,非都市：鄉村區 ; 非都市編定：乙種建築用地
RPRNMLOLNHNFFDJ98CA,竹九段,13.86,非都市：鄉村區 ; 非都市編定：乙種建築用地
RPPOMLOLNHNFFCJ78CA,中興段中興小段,205.00,非都市：山坡地保育區 ; 非都市編定：農牧用地
RPUOMLNLNHNFFBJ09CA,嘉興段,23.72,都市：住
RPUOMLNLNHNFFBJ09CA,嘉興段,4.51,都市：住
RPUOMLNLNHNFFBJ09CA,公園段,7.10,都市：住
RPXNMLNLNHNFFCJ76CA,竹林段,7671.00,非都市：山坡地保育區 ; 非都市編定：農牧用地
RPQNMLNJOHNFFBJ48CA,永興段,29.88,都市：住
RPTNMLTLNHNFFCJ96CA,竹東段竹東小段,99.00,非都市：特定農業區 ; 非都市編定：農牧用地
RPQOMLNLNHNFFCJ78CA,濫子段尖筆窩小段,1334.00,非都市：山坡地保育區 ; 非都市編定：農牧用地
RPQNMLRLNHNFFCJ09CA,田寮段,1425.84,非都市：山坡地保育區 ; 非都市編定：農牧用地
RPQNMLRLNHNFFCJ09CA,田寮段,1188.60,非都市：山坡地保育區 ; 非都市編定：林業用地
RPQNMLRLNHNFFCJ09CA,田寮段,1283.80,非都市：山坡地保育區 ; 非都市編定：林業用地
RPQNMLRLNHNFFCJ09CA,田寮段,1353.50,非都市：山坡地保育區 ; 非都市編定：林業用地
RPQNMLRLNHNFFCJ09CA,田寮段,782.19,非都市：山坡地保育區 ; 非都市編定：農牧用地
RPQNMLRLNHNFFCJ09CA,田寮段,45.37,非都市：山坡地保育區 ; 非都市編定：農牧用地
RPQNMLRLNHNFFCJ09CA,田寮段,189.16,非都市：山坡地保育區 ; 非都市編定：農牧用地
RPSOMLMKOHNFFBJ78CA,大學段,8.29,都市：商
RPUNMLOLNHNFFCJ56CA,志學段,22.20,都市：其他
RPUNMLOLNHNFFCJ56CA,志學段,.17,都市：其他
RPUNMLOLNHNFFCJ56CA,志學段,.01,都市：其他
RPWQMLLMNHNFFBJ76CA,仰德段,55.02,非都市：鄉村區 ; 非都市編定：乙種建築用地
RPWQMLLMNHNFFBJ76CA,仰德段,19.38,非都市：鄉村區 ; 非都市編定：乙種建築用地
RPWQMLLMNHNFFBJ76CA,仰德段,5.65,非都市：鄉村區 ; 非都市編定：乙種建築用地
RPWNMLOLNHNFFDJ86CA,新豐段,1522.00,非都市：特定農業區 ; 非都市編定：農牧用地
RPXNMLTJOHNFFBJ17CA,家興段,13.23,都市：住
RPUNMLTLNHNFFDJ17CA,青埔子段,2500.00,非都市：特定農業區 ; 非都市編定：農牧用地
RPVNMLOLNHNFFDJ76CA,新豐段,349.00,非都市：特定農業區 ; 非都市編定：甲種建築用地
RPVNMLOLNHNFFDJ76CA,紅毛段,279.00,非都市：特定農業區 ; 非都市編定：甲種建築用地
RPVNMLTLNHNFFDJ27CA,榮華段,296.51,非都市：特定農業區 ; 非都市編定：甲種建築用地
RPUTMLLJOHNFFCJ76CA,九莊段,64.83,非都市：山坡地保育區 ; 非都市編定：丙種建築用地
RPUNMLOKOHNFFCJ56CA,竹東段番社子小段,17.86,都市：住
RPTNMLSJOHNFFCJ76CA,東寧段,15.36,都市：住
RPTNMLSJOHNFFCJ76CA,東寧段,58.00,都市：住
RPPNMLLMNHNFFDJ58CA,中崙段,2000.00,非都市：特定農業區 ; 非都市編定：農牧用地
RPTNMLSLNHNFFDJ96CA,文昌段,24.99,都市：住
RPWNMLLJOHNFFDJ56DA,中義段,236.20,都市：住
RPPPMLOJOHNFFCJ78CA,金福段,100.31,非都市：山坡地保育區 ; 非都市編定：丙種建築用地
RPUNMLSLNHNFFDJ07CA,文昌段,22.37,都市：住
RPPPMLTLNHNFFDJ86CA,和興段,216.00,非都市：特定農業區 ; 非都市編定：甲種建築用地
RPQOMLSLNHNFFDJ76CA,文昌段,19.10,都市：住
RPOOMLSLNHNFFDJ56CA,文昌段,21.98,都市：住
RPPOMLSLNHNFFDJ66CA,文昌段,23.79,都市：住
RPSNMLSJOHNFFBJ56CA,東華段,34.81,都市：住
RPROMLSLNHNFFDJ86CA,湖南段,89.67,非都市：特定農業區 ; 非都市編定：甲種建築用地
RPWNMLPLNHNFFDJ96CA,長嶺段,2096.00,非都市：特定農業區 ; 非都市編定：農牧用地
RPWNMLPLNHNFFDJ96CA,長嶺段,945.00,非都市：特定農業區 ; 非都市編定：農牧用地
RPWNMLPLNHNFFDJ96CA,長嶺段,945.00,非都市：特定農業區 ; 非都市編定：農牧用地
RPVOMLOJOHNFFCJ66CA,水坑壹段,101.10,非都市：山坡地保育區 ; 非都市編定：丙種建築用地
RPTOMLMLOHNFFCJ66EA,公園段,45.43,都市：其他
RPQNMLTKOHNFFCJ66CA,湖西段,3566.61,非都市：山坡地保育區 ; 非都市編定：農牧用地
RPQNMLTKOHNFFCJ66CA,湖西段,2156.47,非都市：山坡地保育區 ; 非都市編定：農牧用地
RPQNMLTKOHNFFCJ66CA,湖西段,423.67,非都市：山坡地保育區 ; 非都市編定：農牧用地
RPXOMLPJPHNFFBJ96CA,仰德段,19.38,非都市：鄉村區 ; 非都市編定：乙種建築用地
RPXOMLPJPHNFFBJ96CA,仰德段,5.65,非都市：鄉村區 ; 非都市編定：乙種建築用地
RPXOMLPJPHNFFBJ96CA,仰德段,57.13,非都市：鄉村區 ; 非都市編定：乙種建築用地
RPXNMLTLNHNFFCJ37CA,楓橋段,163.84,非都市：山坡地保育區 ; 非都市編定：丙種建築用地
RPOOMLTLNHNFFCJ56CA,楓橋段,478.06,非都市：山坡地保育區 ; 非都市編定：林業用地
RPOOMLTLNHNFFCJ56CA,楓橋段,207.23,非都市：山坡地保育區 ; 非都市編定：農牧用地
RPTNMLOLNHNFFCJ09CA,新別段,60.95,非都市：特定農業區 ; 非都市編定：交通用地
RPPNMLQLNHNFFCJ88CA,埔興段,6.70,都市：其他
RPPNMLQLNHNFFCJ88CA,埔興段,63.44,都市：住
RPPNMLQLNHNFFCJ88CA,埔興段,12.23,都市：其他
RPWNMLKMNHNFFDJ56CA,竹九段,87.95,非都市：一般農業區 ; 非都市編定：甲種建築用地
RPQOMLLJOHNFFDJ58CA,建興段鳳凰小段,31.40,非都市：工業區 ; 非都市編定：丁種建築用地
RPQNMLNKOHNFFDJ78CA,建興段鳳凰小段,1.00,非都市：工業區 ; 非都市編定：丁種建築用地
RPWNMLSJOHNFFCJ07CA,竹東段竹東小段,6.15,都市：住
RPWNMLSJOHNFFCJ07CA,竹東段竹東小段,63.98,都市：住
RPQNMLMKOHNFFCJ58CA,東寧段,77.00,都市：住
RPWNMLPLNHNFFCJ86CA,竹東段竹東小段,32.01,都市：住
RPQQMLLMNHNFFBJ78CA,莊敬段,23.13,都市：商
RPPUMLKMNHNFFBJ98CA,隘興段,36.71,都市：住
RPSPMLKMNHNFFBJ78CA,莊敬段,27.46,都市：住
RPWPMLLMNHNFFBJ66CA,公園段,10.62,都市：住
RPWPMLLMNHNFFBJ66CA,公園段,3.44,都市：住
RPWPMLLMNHNFFBJ66CA,公園段,3.44,都市：住
RPWPMLLMNHNFFBJ66CA,公園段,3.44,都市：住
RPWPMLLMNHNFFBJ66CA,公園段,3.44,都市：住
RPXPMLKMNHNFFBJ66CA,興崙段,22.06,都市：商
RPPQMLLLOHNFFBJ68CA,九芎湖段,1098.96,非都市：山坡地保育區 ; 非都市編定：特定目的事業用地
RPPQMLLLOHNFFBJ68CA,九芎湖段,2558.09,非都市：山坡地保育區 ; 非都市編定：特定目的事業用地
RPPQMLLLOHNFFBJ68CA,九芎湖段,206.03,非都市：山坡地保育區 ; 非都市編定：特定目的事業用地
RPPQMLLLOHNFFBJ68CA,九芎湖段,3187.11,非都市：山坡地保育區 ; 非都市編定：特定目的事業用地
RPPQMLLLOHNFFBJ68CA,九芎湖段,2558.14,非都市：山坡地保育區 ; 非都市編定：特定目的事業用地
RPSTMLKMNHNFFBJ56CA,台科段,40.27,都市：住
RPORMLLMNHNFFBJ68CA,福田段,108.88,都市：住
RPPOMLLJOHNFFBJ28CA,東安段,93.38,都市：工
RPOOMLLJOHNFFBJ18CA,中山段,123.78,都市：住
RPOOMLLJOHNFFBJ18CA,中山段,7.51,都市：住
RPQNMLPJOHNFFBJ68CA,公園段,25.25,都市：商
RPUPMLPJOHNFFBJ66CA,莊敬段,26.77,都市：住
RPQNMLLMNHNFFBJ48CA,大學段,22.75,都市：商
RPQNMLSLNHNFFBJ09CA,台科段,21.82,都市：商
RPQQMLPLNHNFFBJ09CA,台科段,18.01,都市：住
RPPNMLRLNHNFFBJ88CA,莊敬段,24.49,都市：住
RPSOMLSLNHNFFBJ76CA,隘興段,35.18,都市：住
RPVNMLPKOHNFFDJ86CA,中勢段,154.17,都市：工
RPVNMLPKOHNFFDJ86CA,中勢段,177.74,都市：工
RPVNMLPKOHNFFDJ86CA,中勢段,131.64,都市：工
RPVNMLPKOHNFFDJ86CA,中勢段,99.04,都市：工
RPVNMLPKOHNFFDJ86CA,中勢段,126.67,都市：工
RPXNMLLJOHNFFBJ98CA,豆子埔段,13.32,都市：住
RPXNMLLJOHNFFBJ98CA,豆子埔段,13.32,都市：住
RPTQMLTLNHNFFBJ17CA,東安段,81.48,都市：住
RPSNMLOJOHNFFBJ78CA,水瀧段,13.92,都市：商
RPSNMLLJOHNFFBJ48CA,大學段,19.55,都市：商
RPXOMLKMNHNFFBJ56CA,北平段,1.46,非都市：山坡地保育區 ; 非都市編定：農牧用地
RPXOMLKMNHNFFBJ56CA,北平段,119.92,非都市：山坡地保育區 ; 非都市編定：農牧用地
RPXOMLKMNHNFFBJ56CA,北平段,5.93,非都市：山坡地保育區 ; 非都市編定：農牧用地
RPXOMLKMNHNFFBJ56CA,大平窩段,155.54,非都市：山坡地保育區 ; 非都市編定：農牧用地
RPXOMLKMNHNFFBJ56CA,北平段,549.15,非都市：山坡地保育區 ; 非都市編定：農牧用地
RPXOMLKMNHNFFBJ56CA,北平段,594.92,非都市：山坡地保育區 ; 非都市編定：農牧用地
RPWNMLTLNHNFFBJ17CA,隘興段,10.05,都市：住
RPXNMLTLNHNFFBJ27CA,隘興段,10.57,都市：住
RPOQMLLMNHNFFBJ58CA,莊敬段,20.06,都市：住
RPOOMLLLOHNFFBJ38CA,文化段,15.49,都市：住
RPROMLQJOHNFFBJ98CA,家興段,29.53,都市：住
RPPOMLPLNHNFFCJ88CA,寶中段,112.67,都市：住
RPPNMLSLNHNFFCJ09CA,鹿寮坑段,2001.00,非都市：山坡地保育區 ; 非都市編定：林業用地
RPWNMLSLNHNFFCJ17CA,綠獅段,737.06,非都市：鄉村區 ; 非都市編定：乙種建築用地
RPTNMLMLOHNFFBJ88CA,家興段,49.64,都市：住
RPVNMLTLNHNFFBJ17DA,下寮段,212.95,非都市：山坡地保育區 ; 非都市編定：丙種建築用地
RPVNMLTLNHNFFBJ17DA,下寮段,4.83,非都市：山坡地保育區 ; 非都市編定：丙種建築用地
RPVNMLTLNHNFFBJ17DA,下寮段,20.39,非都市：山坡地保育區 ; 非都市編定：丙種建築用地
RPVNMLTLNHNFFBJ17DA,下寮段,24.06,非都市：山坡地保育區 ; 非都市編定：丙種建築用地
RPVNMLTLNHNFFBJ17DA,下寮段,.80,非都市：山坡地保育區 ; 非都市編定：丙種建築用地
RPOOMLSLNHNFFCJ09CA,敦睦段,39.55,非都市：鄉村區 ; 非都市編定：乙種建築用地
RPOOMLSLNHNFFCJ09CA,敦睦段,33.61,非都市：鄉村區 ; 非都市編定：乙種建築用地
RPWOMLLMNHNFFCJ66CA,二重埔段,237.00,都市：工
RPOQMLLJOHNFFCJ48CA,王爺坑段,1668.00,非都市：特定農業區 ; 非都市編定：農牧用地
RPOQMLLJOHNFFCJ48CA,王爺坑段,829.00,非都市：特定農業區 ; 非都市編定：農牧用地
RPSOMLMKOHNFFCJ88CA,二重埔段,155.00,都市：工
RPSOMLMKOHNFFCJ88CA,二重埔段,223.45,都市：工
RPXOMLMLOHNFFBJ76CA,關農段,13.94,都市：商
RPTPMLMLOHNFFBJ09CA,關農段,22.94,都市：商
RPQPMLMLOHNFFBJ78CA,關農段,18.81,都市：商
RPRNMLTKOHNFFCJ76CA,橫華段,111.43,都市：住
RPOPMLMLOHNFFBJ58CA,關農段,10.88,都市：商
RPPPMLMLOHNFFBJ68CA,關農段,14.19,都市：商
RPXNMLOJOHNFFCJ76CA,員崠段,103.36,非都市：山坡地保育區 ; 非都市編定：丙種建築用地
RPXNMLOJOHNFFCJ76CA,員崠段,16.61,非都市：山坡地保育區 ; 非都市編定：交通用地
RPSNMLOJOHNFFCJ88CA,煤源段,4963.00,非都市：山坡地保育區 ; 非都市編定：農牧用地
RPSNMLOJOHNFFCJ88CA,煤源段,177.00,非都市：山坡地保育區 ; 非都市編定：農牧用地
RPSNMLOJOHNFFCJ88CA,煤源段,3695.00,非都市：山坡地保育區 ; 非都市編定：農牧用地
RPROMLRJOHNFFBJ09CA,站後段,17.72,都市：住
RPSQMLLMNHNFFCJ09CA,大林段,111.98,都市：住
RPSQMLLMNHNFFCJ09CA,大林段,17.90,都市：住
RPUQMLLMNHNFFCJ66CA,二坪段,.18,非都市：山坡地保育區 ; 非都市編定：國土保安用地
RPUQMLLMNHNFFCJ66CA,二坪段,232.28,非都市：山坡地保育區 ; 非都市編定：國土保安用地
RPUQMLLMNHNFFCJ66CA,二坪段,.18,非都市：山坡地保育區 ; 非都市編定：國土保安用地
RPUQMLLMNHNFFCJ66CA,二坪段,7.81,非都市：山坡地保育區 ; 非都市編定：國土保安用地
RPUQMLLMNHNFFCJ66CA,二坪段,.21,非都市：山坡地保育區 ; 非都市編定：國土保安用地
RPUQMLLMNHNFFCJ66CA,二坪段,.92,非都市：山坡地保育區 ; 非都市編定：國土保安用地
RPUQMLLMNHNFFCJ66CA,二坪段,.53,非都市：山坡地保育區 ; 非都市編定：國土保安用地
RPUQMLLMNHNFFCJ66CA,二坪段,.38,非都市：山坡地保育區 ; 非都市編定：國土保安用地
RPUQMLLMNHNFFCJ66CA,二坪段,.32,非都市：山坡地保育區 ; 非都市編定：國土保安用地
RPUQMLLMNHNFFCJ66CA,二坪段,.09,非都市：山坡地保育區 ; 非都市編定：國土保安用地
RPUQMLLMNHNFFCJ66CA,二坪段,.10,非都市：山坡地保育區 ; 非都市編定：國土保安用地
RPUQMLLMNHNFFCJ66CA,二坪段,8.38,非都市：山坡地保育區 ; 非都市編定：丙種建築用地
RPUQMLLMNHNFFCJ66CA,二坪段,8.72,非都市：山坡地保育區 ; 非都市編定：農牧用地
RPUQMLLMNHNFFCJ66CA,二坪段,1.66,非都市：山坡地保育區 ; 非都市編定：交通用地
RPUQMLLMNHNFFCJ66CA,二坪段,.10,非都市：山坡地保育區 ; 非都市編定：國土保安用地
RPUQMLLMNHNFFCJ66CA,二坪段,1.87,非都市：山坡地保育區 ; 非都市編定：農牧用地
RPUQMLLMNHNFFCJ66CA,二坪段,.27,非都市：山坡地保育區 ; 非都市編定：交通用地
RPUQMLLMNHNFFCJ66CA,二坪段,.15,非都市：山坡地保育區 ; 非都市編定：交通用地
RPUQMLLMNHNFFCJ66CA,二坪段,16.65,非都市：山坡地保育區 ; 非都市編定：丙種建築用地
RPUQMLLMNHNFFCJ66CA,二坪段,.18,非都市：山坡地保育區 ; 非都市編定：國土保安用地
RPUQMLLMNHNFFCJ66CA,二坪段,3.49,非都市：山坡地保育區 ; 非都市編定：國土保安用地
RPUQMLLMNHNFFCJ66CA,二坪段,247.97,非都市：山坡地保育區 ; 非都市編定：丙種建築用地
RPUQMLLMNHNFFCJ66CA,二坪段,.50,非都市：山坡地保育區 ; 非都市編定：國土保安用地
RPUQMLLMNHNFFCJ66CA,二坪段,1.14,非都市：山坡地保育區 ; 非都市編定：國土保安用地
RPUQMLLMNHNFFCJ66CA,二坪段,2.23,非都市：山坡地保育區 ; 非都市編定：國土保安用地
RPSNMLLKOHNFFDJ78CA,泰安段,7.44,都市：住
RPSNMLLKOHNFFDJ78CA,泰安段,24.35,都市：住
RPPNMLTKOHNFFDJ66CA,德盛段,593.00,非都市：特定農業區 ; 非都市編定：甲種建築用地
RPPNMLTKOHNFFDJ66CA,德盛段,4257.00,非都市：特定農業區 ; 非都市編定：甲種建築用地
RPPNMLTKOHNFFDJ66CA,德盛段,200.38,非都市：特定農業區 ; 非都市編定：甲種建築用地
RPTNMLLKOHNFFDJ88CA,建興段鳳凰小段,20.87,非都市：工業區 ; 非都市編定：丁種建築用地
RPQNMLRJOHNFFCJ98CA,十二寮段十寮坑小段,3948.00,非都市：山坡地保育區 ; 非都市編定：農牧用地
RPUNMLLKOHNFFDJ98CA,青埔子段,1552.00,非都市：特定農業區 ; 非都市編定：農牧用地
RPUNMLLMNHNFFDJ09CA,下北勢段下北勢小段,21.00,非都市：鄉村區 ; 非都市編定：乙種建築用地
RPXNMLQJOHNFFCJ96CA,資源段,5.20,都市：住
RPWPMLRJOHNFFCJ17CA,資源段,54.00,都市：住
RPXNMLQJOHNFFCJ96CA,資源段,10.46,都市：商
RPROMLQJOHNFFCJ09CA,富貴段,88.91,都市：住
RPSNMLKMNHNFFDJ78CA,永安段,74.84,非都市：鄉村區 ; 非都市編定：乙種建築用地
RPQOMLTLNHNFFDJ86CA,德興段,38.52,非都市：特定農業區 ; 非都市編定：農牧用地
RPQOMLTLNHNFFDJ86CA,德興段,12.30,非都市：特定農業區 ; 非都市編定：甲種建築用地
RPQOMLTLNHNFFDJ86CA,德興段,76.74,非都市：特定農業區 ; 非都市編定：農牧用地
RPQOMLTLNHNFFDJ86CA,德興段,17.37,非都市：特定農業區 ; 非都市編定：甲種建築用地
RPQOMLTLNHNFFDJ86CA,德興段,77.55,非都市：特定農業區 ; 非都市編定：農牧用地
RPQOMLTLNHNFFDJ86CA,德興段,50.84,非都市：特定農業區 ; 非都市編定：農牧用地
RPWNMLTLNHNFFDJ37CA,中勢段,389.86,非都市：特定農業區 ; 非都市編定：農牧用地
RPWNMLTLNHNFFDJ37CA,中勢段,389.86,非都市：特定農業區 ; 非都市編定：農牧用地
RPRNMLTLNHNFFDJ86CA,永寧段,41.49,都市：商
RPVNMLOKOHNFFDJ76CA,德盛段,28.62,非都市：特定農業區 ; 非都市編定：甲種建築用地
RPWNMLNKOHNFFDJ76CA,中興段復興小段,81.00,非都市：工業區 ; 非都市編定：丁種建築用地
RPRNMLLMNHNFFDJ78CA,忠信段,60.53,都市：住
RPVNMLSLNHNFFDJ17CA,綠園段,8.65,非都市：鄉村區 ; 非都市編定：乙種建築用地
RPTNMLSLNHNFFBJ86DA,中興段,32.71,都市：其他
RPUNMLSLNHNFFBJ96DA,中興段,26.82,都市：其他
RPSNMLTLNHNFFDJ96CA,永安段,137.05,非都市：鄉村區 ; 非都市編定：乙種建築用地
RPTNMLTLNHNFFDJ07CA,永安段,72.72,非都市：鄉村區 ; 非都市編定：乙種建築用地
RPOPMLTLNHNFFDJ76CA,汶山段,69.08,非都市：鄉村區 ; 非都市編定：乙種建築用地
RPTNMLPJOHNFFDJ56CA,吉祥段,63.32,非都市：一般農業區 ; 非都市編定：甲種建築用地
RPOOMLLJOHNFFDJ38CA,中興段復興小段,15.67,非都市：工業區 ; 非都市編定：丁種建築用地
RPSNMLLJOHNFFDJ68CA,湖南段,72.00,非都市：特定農業區 ; 非都市編定：甲種建築用地
RPXNMLMKOHNFFCJ66CA,埔中段,69.51,都市：住
RPQNMLOKOHNFFCJ78CA,油林段,40.00,都市：住
RPQNMLOKOHNFFCJ78CA,油林段,43.00,都市：住
RPPNMLRJOHNFFCJ88CA,東寧段,67.00,都市：住
RPPNMLKMNHNFFCJ38CA,明湖段,4.67,非都市：山坡地保育區 ; 非都市編定：丙種建築用地
RPPNMLKMNHNFFCJ38CA,明湖段,.84,非都市：山坡地保育區 ; 非都市編定：丙種建築用地
RPPNMLKMNHNFFCJ38CA,明湖段,20.39,非都市：山坡地保育區 ; 非都市編定：丙種建築用地
RPPNMLKMNHNFFCJ38CA,明湖段,.32,非都市：山坡地保育區 ; 非都市編定：丙種建築用地
RPPNMLKMNHNFFCJ38CA,明湖段,250.81,非都市：山坡地保育區 ; 非都市編定：丙種建築用地
RPRNMLSKOHNFFBJ56CA,貓兒錠段後面小段,1057.00,非都市：特定農業區 ; 非都市編定：農牧用地
RPPNMLOJOHNFFDJ78DA,永安段,39.56,非都市：鄉村區 ; 非都市編定：乙種建築用地
RPQPMLLMNHNFFCJ78CA,四重段,13.50,非都市：特定農業區 ; 非都市編定：甲種建築用地
RPQPMLLMNHNFFCJ78CA,四重段,16.64,非都市：特定農業區 ; 非都市編定：甲種建築用地
RPQPMLLMNHNFFCJ78CA,四重段,14.06,非都市：特定農業區 ; 非都市編定：甲種建築用地
RPQPMLLMNHNFFCJ78CA,四重段,73.58,非都市：特定農業區 ; 非都市編定：甲種建築用地
RPPOMLLKOHNFFBJ38CA,翰林段,37.48,都市：住
RPRNMLQJOHNFFDJ09CA,中興段中興小段,19.21,非都市：工業區 ; 非都市編定：丁種建築用地
RPVNMLOKOHNFFBJ56CA,台科段,51.19,都市：住
RPQNMLLMNHNFFCJ58CA,竹美段,3.93,都市：住
RPUOMLMKOHNFFBJ98CA,翰林段,27.28,都市：住
RPWOMLRJOHNFFBJ96CA,站後段,19.95,都市：住
RPQOMLSJOHNFFBJ09CA,永興段,39.35,都市：住
RPVOMLMKOHNFFBJ09CA,家興段,36.07,都市：住
RPXNMLOJOHNFFBJ66CA,中興段,56.01,都市：其他
RPPOMLOJOHNFFBJ58CA,中興段,28.01,都市：其他
RPPNMLOJOHNFFBJ48CA,縣華段,24.36,都市：商
RPVNMLQJOHNFFBJ66CA,大學段,13.18,都市：商
RPWNMLPJOHNFFCJ76CA,旭光段,24.48,都市：其他
RPWNMLPJOHNFFCJ76CA,旭光段,.40,都市：其他
RPVNMLPJOHNFFBJ56CA,縣華段,6.77,都市：商
RPQPMLKMNHNFFBJ58CA,隘興段,35.90,都市：住
RPXPMLLMNHNFFBJ76CA,隘興段,34.42,都市：住
RPQPMLLJOHNFFBJ48CA,興崙段,22.14,都市：商
RPVTMLKMNHNFFBJ86CA,縣福段,9.25,都市：住
RPQQMLKMNHNFFBJ68CA,黃梨園段,2121.12,非都市：山坡地保育區 ; 非都市編定：農牧用地
RPUSMLKMNHNFFBJ66CA,東海窟段東海窟小段,49.00,非都市：特定農業區 ; 非都市編定：農牧用地
RPUSMLKMNHNFFBJ66CA,東海窟段東海窟小段,254.00,非都市：特定農業區 ; 非都市編定：農牧用地
RPUSMLKMNHNFFBJ66CA,東海窟段東海窟小段,426.00,非都市：特定農業區 ; 非都市編定：農牧用地
RPUSMLKMNHNFFBJ66CA,東海窟段東海窟小段,1018.00,非都市：特定農業區 ; 非都市編定：農牧用地
RPUSMLKMNHNFFBJ66CA,東海窟段東海窟小段,1018.00,非都市：特定農業區 ; 非都市編定：農牧用地
RPUNMLPJOHNFFCJ56CA,富貴段,27.05,都市：住
RPUNMLPJOHNFFCJ56CA,富貴段,124.99,都市：住
RPXOMLLMNHNFFBJ66CA,上南片段渡船頭小段,189.00,非都市：山坡地保育區 ; 非都市編定：丁種建築用地
RPXOMLLMNHNFFBJ66CA,上南片段渡船頭小段,3920.00,非都市：山坡地保育區 ; 非都市編定：丁種建築用地
RPXOMLLMNHNFFBJ66CA,上南片段渡船頭小段,143.00,非都市：山坡地保育區 ; 非都市編定：丁種建築用地
RPXOMLLMNHNFFBJ66CA,上南片段渡船頭小段,1296.00,非都市：山坡地保育區 ; 非都市編定：丁種建築用地
RPVOMLLMNHNFFBJ09CA,汶水坑段,1240.07,非都市：山坡地保育區 ; 非都市編定：農牧用地
RPRQMLKMNHNFFBJ78CA,華興段,20.23,都市：住
RPPNMLNLOHNFFDJ78CA,振興段,36.78,都市：住
SPRQMLKMNHNFFBJ88CA,華興段,20.23,都市：住
RPOUMLKMNHNFFBJ88CA,省道段,113.60,都市：商
RPXTMLKMNHNFFBJ07CA,興崙段,16.01,都市：商
RPWNMLPJOHNFFBJ66CA,上橫坑段,371.00,非都市：山坡地保育區 ; 非都市編定：農牧用地
RPWNMLPJOHNFFBJ66CA,上橫坑段,20.94,非都市：山坡地保育區 ; 非都市編定：農牧用地
RPWNMLPJOHNFFBJ66CA,上橫坑段,65.75,非都市：山坡地保育區 ; 非都市編定：農牧用地
RPWNMLPJOHNFFBJ66CA,上橫坑段,101.25,非都市：山坡地保育區 ; 非都市編定：農牧用地
RPWNMLPJOHNFFBJ66CA,上橫坑段,35.75,非都市：山坡地保育區 ; 非都市編定：農牧用地
RPWNMLPJOHNFFBJ66CA,上橫坑段,38.81,非都市：山坡地保育區 ; 非都市編定：農牧用地
RPWNMLPJOHNFFBJ66CA,上橫坑段,17.00,非都市：山坡地保育區 ; 非都市編定：農牧用地
RPWNMLPJOHNFFBJ66CA,上橫坑段,33.94,非都市：山坡地保育區 ; 非都市編定：農牧用地
RPWNMLPJOHNFFBJ66CA,上橫坑段,20.31,非都市：山坡地保育區 ; 非都市編定：農牧用地
RPWNMLPJOHNFFBJ66CA,上橫坑段,143.06,非都市：山坡地保育區 ; 非都市編定：農牧用地
RPWNMLPJOHNFFBJ66CA,上橫坑段,74.31,非都市：山坡地保育區 ; 非都市編定：農牧用地
RPWNMLPJOHNFFBJ66CA,上橫坑段,82.75,非都市：山坡地保育區 ; 非都市編定：農牧用地
RPWNMLPJOHNFFBJ66CA,上橫坑段,15.44,非都市：山坡地保育區 ; 非都市編定：農牧用地
RPWNMLPJOHNFFBJ66CA,上橫坑段,27.88,非都市：山坡地保育區 ; 非都市編定：農牧用地
RPVNMLOJOHNFFDJ66CA,東湖段,60.00,都市：住
RPSNMLPJOHNFFBJ88CA,豆子埔段,25.62,都市：住
RPTOMLPJOHNFFBJ09CA,莊敬段,21.89,都市：商
RPTNMLTLNHNFFBJ86CA,隘興段,26.64,都市：住
RPRPMLPJOHNFFBJ98CA,莊敬段,9.38,都市：商
RPSOMLPJOHNFFBJ98CA,莊敬段,21.85,都市：商
RPSOMLOJOHNFFBJ88CA,永興段,38.02,都市：商
RPPQMLQJOHNFFBJ98CA,家興段,20.05,都市：住
RPUOMLSJOHNFFBJ86CA,永興段,44.20,都市：住
RPTOMLOJOHNFFBJ98CA,永興段,40.95,都市：商
RPQOMLOKOHNFFBJ78CA,上旱坑段,628.81,非都市：山坡地保育區 ; 非都市編定：農牧用地
RPQOMLOKOHNFFBJ78CA,上旱坑段,2195.89,非都市：山坡地保育區 ; 非都市編定：林業用地
RPQOMLOKOHNFFBJ78CA,上旱坑段,77.61,非都市：山坡地保育區 ; 非都市編定：丙種建築用地
RPQOMLOKOHNFFBJ78CA,下旱坑段,483.26,非都市：山坡地保育區 ; 非都市編定：農牧用地
RPUOMLLLOHNFFBJ98CA,台科段,22.59,都市：住
RPVOMLLLOHNFFBJ09CA,台科段,32.93,都市：住
RPXOMLLLOHNFFBJ66CA,台科段,34.96,都市：住
RPOPMLLLOHNFFBJ48CA,台科段,26.77,都市：住
RPPPMLOKOHNFFBJ78CA,大學段,13.18,都市：商
RPRPMLLLOHNFFBJ78CA,台科段,34.96,都市：住
RPPNMLPKOHNFFBJ68CA,國義段,23.26,都市：住
RPTPMLLLOHNFFBJ98CA,台科段,34.96,都市：住
RPWPMLLLOHNFFBJ66CA,台科段,34.96,都市：住
RPUOMLRJOHNFFDJ96CA,中義段,91.88,都市：住
RPRQMLLMNHNFFBJ88CA,社北段,18.19,都市：住
RPRQMLLMNHNFFBJ88CA,社北段,62.27,都市：住
RPRQMLLMNHNFFBJ88CA,社北段,6.78,都市：住
RPOOMLTLNHNFFBJ09CA,縣華段,12.85,都市：住
RPOOMLTLNHNFFBJ09CA,縣華段,34.27,都市：住
RPVPMLLLOHNFFBJ56CA,台科段,22.59,都市：住
RPXPMLLLOHNFFBJ76CA,台科段,34.96,都市：住
RPOQMLLLOHNFFBJ58CA,台科段,32.93,都市：住
RPRQMLLLOHNFFBJ88CA,台科段,34.96,都市：住
RPQQMLLLOHNFFBJ78CA,台科段,22.59,都市：住
RPRNMLKMNHNFFCJ58CA,寶斗仁段深井小段,22.00,非都市：山坡地保育區 ; 非都市編定：農牧用地
RPSQMLLLOHNFFBJ98CA,台科段,32.93,都市：住
RPSPMLMLOHNFFBJ98CA,永興段,45.10,都市：住
RPSPMLLJOHNFFCJ78CA,內灣段,105.47,非都市：鄉村區 ; 非都市編定：乙種建築用地
RPTPMLLJOHNFFCJ88CA,內灣段,9.91,非都市：鄉村區 ; 非都市編定：乙種建築用地
RPTPMLLJOHNFFCJ88CA,內灣段,8.86,非都市：鄉村區 ; 非都市編定：乙種建築用地
RPQNMLMJOHNFFCJ48CA,燥樹排段,145.00,非都市：山坡地保育區 ; 非都市編定：交通用地
RPQNMLMJOHNFFCJ48CA,燥樹排段,53.00,非都市：山坡地保育區 ; 非都市編定：農牧用地
RPQNMLMJOHNFFCJ48CA,燥樹排段,1864.00,非都市：山坡地保育區 ; 非都市編定：農牧用地
RPQNMLMJOHNFFCJ48CA,燥樹排段,1612.00,非都市：山坡地保育區 ; 非都市編定：農牧用地
RPQNMLMJOHNFFCJ48CA,燥樹排段,257.00,非都市：山坡地保育區 ; 非都市編定：農牧用地
RPQNMLMJOHNFFCJ48CA,燥樹排段,704.00,非都市：山坡地保育區 ; 非都市編定：水利用地
RPUNMLTLNHNFFCJ07CA,竹東段竹東小段,33.18,都市：住
RPOOMLNKOHNFFDJ68CA,中興段中興小段,29.69,非都市：工業區 ; 非都市編定：丁種建築用地
RPQOMLRJOHNFFDJ56CA,文昌段,46.19,都市：住
RPXNMLLKOHNFFDJ66CA,建興段鳳凰小段,21.02,非都市：工業區 ; 非都市編定：丁種建築用地
RPVNMLKMNHNFFCJ98CA,敦睦段,69.49,都市：住
RPVNMLKMNHNFFCJ98CA,敦睦段,1.43,都市：住
RPVNMLKMNHNFFCJ98CA,敦睦段,.19,都市：住
RPVNMLKMNHNFFCJ98CA,敦睦段,2.51,都市：住
RPPOMLLJOHNFFDJ48CA,瑞興段,1473.00,非都市：特定農業區 ; 非都市編定：農牧用地
RPXNMLNKOHNFFBJ66CA,大學段,10.06,都市：商
RPTNMLLJOHNFFDJ78CA,福陽段,27.99,非都市：一般農業區 ; 非都市編定：甲種建築用地
RPQNMLTKOHNFFDJ76CA,泰豐段,6.83,都市：住
RPQNMLTKOHNFFDJ76CA,泰豐段,74.25,都市：住
RPQNMLKMNHNFFCJ68EA,中員段,29.14,非都市：特定農業區 ; 非都市編定：甲種建築用地
RPQNMLKMNHNFFCJ68EA,中員段,60.00,非都市：特定農業區 ; 非都市編定：甲種建築用地
RPXPMLLJOHNFFCJ76DA,富興段富興小段,230.00,非都市：鄉村區 ; 非都市編定：乙種建築用地
RPVOMLTLNHNFFDJ37CA,中興段復興小段,20.46,非都市：工業區 ; 非都市編定：丁種建築用地
RPWOMLTLNHNFFDJ47CA,中興段復興小段,20.46,非都市：工業區 ; 非都市編定：丁種建築用地
RPSOMLOJOHNFFDJ09CA,德盛段,73.76,非都市：特定農業區 ; 非都市編定：甲種建築用地
RPSNMLPKOHNFFCJ09CA,柯子湖段,117.49,非都市：山坡地保育區 ; 非都市編定：林業用地
RPWRMLLJOHNFFCJ96EA,埔興段,37.73,都市：住
RPSNMLPKOHNFFCJ09CA,柯子湖段,87.03,非都市：山坡地保育區 ; 非都市編定：林業用地
RPWRMLLJOHNFFCJ96EA,埔興段,3.84,都市：住
RPSNMLPKOHNFFCJ09CA,柯子湖段,3.26,非都市：山坡地保育區 ; 非都市編定：農牧用地
RPWOMLLMNHNFFBJ66DA,上南片段南片小段,2747.00,非都市：特定農業區 ; 非都市編定：農牧用地
RPWOMLLMNHNFFBJ66DA,上南片段南片小段,2510.00,非都市：特定農業區 ; 非都市編定：農牧用地
RPVOMLRLOHNFFBJ07CA,台科段,34.96,都市：住
RPUOMLRLOHNFFBJ96CA,台科段,25.36,都市：住
RPPNMLLJOHNFFDJ38CA,長威段,96.97,非都市：鄉村區 ; 非都市編定：乙種建築用地
RPTNMLKMNHNFFDJ88CA,埔和段,156.93,非都市：鄉村區 ; 非都市編定：乙種建築用地
RPQNMLLMNHNFFDJ78DA,長威段,139.93,非都市：鄉村區 ; 非都市編定：乙種建築用地
RPUOMLLJOHNFFDJ98CA,文昌段,21.98,都市：住
RPUNMLKMNHNFFDJ98CA,永寧段,23.54,都市：住
RPUNMLKMNHNFFDJ98CA,永寧段,108.78,都市：住
RPUNMLKMNHNFFDJ98CA,永寧段,6.09,都市：住
RPUPMLKLOHNFFBJ98CA,社北段,26.44,都市：住
RPQNMLQJOHNFFDJ98CA,坑子口段,1.30,非都市：特定農業區 ; 非都市編定：農牧用地
RPQNMLQJOHNFFDJ98CA,濱海段,37.74,非都市：一般農業區 ; 非都市編定：林業用地
RPQNMLQJOHNFFDJ98CA,濱海段,11.49,非都市：一般農業區 ; 非都市編定：農牧用地
RPQNMLQJOHNFFDJ98CA,濱海段,.54,非都市：一般農業區 ; 非都市編定：甲種建築用地
RPQNMLQJOHNFFDJ98CA,濱海段,462.78,非都市：一般農業區 ; 非都市編定：農牧用地
RPQNMLQJOHNFFDJ98CA,濱海段,244.98,非都市：一般農業區 ; 非都市編定：農牧用地
RPQNMLQJOHNFFDJ98CA,濱海段,26.67,非都市：一般農業區 ; 非都市編定：農牧用地
RPQNMLQJOHNFFDJ98CA,濱海段,5.48,非都市：一般農業區 ; 非都市編定：農牧用地
RPQNMLQJOHNFFDJ98CA,濱海段,205.56,非都市：一般農業區 ; 非都市編定：農牧用地
RPQNMLQJOHNFFDJ98CA,濱海段,471.28,非都市：一般農業區 ; 非都市編定：農牧用地
RPQNMLQJOHNFFDJ98CA,濱海段,66.19,非都市：一般農業區 ; 非都市編定：農牧用地
RPQNMLQJOHNFFDJ98CA,濱海段,5.41,非都市：一般農業區 ; 非都市編定：農牧用地
RPQNMLNJOHNFFDJ68CA,新庄子段,209.40,非都市：特定農業區 ; 非都市編定：甲種建築用地
RPOOMLOJOHNFFDJ68CA,泰豐段,33.28,都市：住
RPVNMLLKOHNFFDJ09CA,湖南段,53.44,非都市：鄉村區 ; 非都市編定：乙種建築用地
RPXNMLQLOHNFFDJ27CA,中美段,1011.11,都市：其他
RPXNMLQLOHNFFDJ27CA,中美段,254.06,都市：其他
RPXNMLQLOHNFFDJ27CA,中美段,184.15,都市：其他
RPXNMLQLOHNFFDJ27CA,中美段,13.27,都市：其他
RPPNMLMJOHNFFCJ38CA,東寧段,56.00,都市：住
RPPNMLMJOHNFFCJ38CA,東寧段,25.00,都市：其他
RPUNMLPLOHNFFDJ86CA,坪頂段,20.87,非都市：鄉村區 ; 非都市編定：乙種建築用地
RPUNMLPLOHNFFDJ86CA,坪頂段,2.59,非都市：鄉村區 ; 非都市編定：乙種建築用地
RPRNMLSJOHNFFCJ56CA,興眉段,103.14,非都市：鄉村區 ; 非都市編定：乙種建築用地
RPVSMLLJOHNFFCJ76CA,中山段,2.00,都市：住
RPQPMLLJOHNFFCJ58CA,內灣段,33.95,非都市：鄉村區 ; 非都市編定：乙種建築用地
RPQSMLLJOHNFFCJ88CA,中山段,3.00,都市：住
RPWOMLOJOHNFFCJ76CA,東寧段,6.67,都市：住
RPWOMLOJOHNFFCJ76CA,東寧段,74.00,都市：住
RPPNMLSLNHNFFCJ76CD,中山段,72.00,都市：住
RPPNMLSLNHNFFCJ76CD,中山段,20.00,都市：住
RPQQMLMLOHNFFBJ88CA,國義段,25.34,都市：住
RPQOMLLKOHNFFBJ48CA,錦山段,405.00,非都市：山坡地保育區 ; 非都市編定：農牧用地
RPWNMLPJOHNFFDJ86CA,崁頭段,113.00,非都市：特定農業區 ; 非都市編定：甲種建築用地
RPWNMLPJOHNFFDJ86CA,崁頭段,22.00,非都市：特定農業區 ; 非都市編定：甲種建築用地
RPTNMLTJOHNFFBJ76CA,家興段,39.92,都市：住
RPPOMLSJOHNFFBJ98CA,翰林段,9.92,都市：住
RPWOMLMKOHNFFBJ56CA,縣華段,16.77,都市：商
RPOOMLTJOHNFFBJ98CA,國義段,22.19,都市：住
RPXOMLKLOHNFFBJ56CA,永興段,44.20,都市：住
RPPOMLTJOHNFFBJ09CA,家興段,24.27,都市：住
RPQOMLTJOHNFFBJ56CA,家興段,49.64,都市：住
RPQNMLOJOHNFFBJ58CA,府前段,.98,都市：其他
RPQNMLOJOHNFFBJ58CA,府前段,.81,都市：其他
RPQNMLOJOHNFFBJ58CA,府前段,78.53,都市：其他
RPROMLTJOHNFFBJ66CA,家興段,37.29,都市：住
RPOOMLLKOHNFFBJ28CA,永興段,39.69,都市：住
RPRNMLSKOHNFFDJ76CA,榮華段,24.84,非都市：山坡地保育區 ; 非都市編定：丙種建築用地
RPRNMLSKOHNFFDJ76CA,榮華段,1.76,非都市：山坡地保育區 ; 非都市編定：農牧用地
RPRNMLSKOHNFFDJ76CA,榮華段,15.27,非都市：山坡地保育區 ; 非都市編定：農牧用地
RPRNMLSKOHNFFDJ76CA,榮華段,.49,非都市：山坡地保育區 ; 非都市編定：丙種建築用地
RPRNMLSKOHNFFDJ76CA,榮華段,106.99,非都市：山坡地保育區 ; 非都市編定：丙種建築用地
RPUOMLOJOHNFFBJ09CA,台科段,105.80,都市：住
RPXNMLMKOHNFFDJ76CA,大埔段,4.96,都市：住
RPPPMLLJOHNFFBJ38CA,社北段,23.15,都市：住
RPSPMLLJOHNFFBJ68CA,仰德段,74.06,非都市：鄉村區 ; 非都市編定：乙種建築用地
RPXNMLPJOHNFFBJ76CA,上橫坑段,414.62,非都市：山坡地保育區 ; 非都市編定：農牧用地
RPXNMLPJOHNFFBJ76CA,上橫坑段,124.88,非都市：山坡地保育區 ; 非都市編定：林業用地
RPXNMLPJOHNFFBJ76CA,上橫坑段,143.69,非都市：山坡地保育區 ; 非都市編定：林業用地
RPXNMLPJOHNFFBJ76CA,上橫坑段,506.81,非都市：山坡地保育區 ; 非都市編定：林業用地
RPXNMLPJOHNFFBJ76CA,上橫坑段,157.94,非都市：山坡地保育區 ; 非都市編定：農牧用地
RPXNMLPJOHNFFBJ76CA,上橫坑段,1118.65,非都市：山坡地保育區 ; 非都市編定：林業用地
RPVNMLLJOHNFFBJ78CA,豆子埔段,33.23,都市：住
RPPPMLPJOHNFFBJ78CA,莊敬段,13.15,都市：商
RPVNMLLMNHNFFBJ98CA,鹿鳴坑段,245.10,非都市：一般農業區 ; 非都市編定：農牧用地
RPPOMLLMNHNFFBJ48CA,台科段,168.00,都市：住
RPVNMLRJOHNFFBJ76CA,自強段,15.41,都市：商
RPUNMLLMNHNFFBJ88CA,隘興段,34.66,都市：住
RPVNMLMLOHNFFDJ66CA,振興段,18.53,都市：住
RPSPMLLMNHNFFBJ88CA,永興段,7.53,都市：商
RPQOMLLJOHNFFBJ38CA,莊敬段,8.33,都市：商
RPTOMLLJOHNFFBJ68CA,莊敬段,8.53,都市：商
RPSOMLLJOHNFFBJ58CA,莊敬段,13.33,都市：商
RPUOMLLJOHNFFBJ78CA,莊敬段,8.33,都市：商
RPVOMLLJOHNFFBJ88CA,莊敬段,8.41,都市：商
RPXOMLLJOHNFFBJ09CA,永興段,33.40,都市：住
RPVOMLPKOHNFFBJ76CA,舊港段漁寮小段,19.80,非都市：特定農業區 ; 非都市編定：甲種建築用地
RPVOMLPKOHNFFBJ76CA,舊港段漁寮小段,87.00,非都市：特定農業區 ; 非都市編定：甲種建築用地
RPQNMLQLOHNFFBJ98CA,家興段,24.27,都市：住
RPOPMLLJOHNFFBJ28CA,台科段,27.71,都市：住
RPPNMLQLOHNFFBJ88CA,家興段,49.64,都市：住
RPXOMLOJOHNFFCJ86CA,富興段富興小段,183.00,非都市：山坡地保育區 ; 非都市編定：丙種建築用地
RPOOMLQJOHNFFCJ78CA,嘉樂段,2050.00,非都市：山坡地保育區 ; 非都市編定：農牧用地
RPOOMLQJOHNFFCJ78CA,嘉樂段,840.00,非都市：山坡地保育區 ; 非都市編定：農牧用地
RPOOMLQJOHNFFCJ78CA,嘉樂段,700.00,非都市：山坡地保育區 ; 非都市編定：農牧用地
RPOOMLQJOHNFFCJ78CA,嘉樂段,9658.00,非都市：山坡地保育區 ; 非都市編定：林業用地
RPQNMLQJOHNFFCJ88CA,綠獅段,694.47,非都市：鄉村區 ; 非都市編定：乙種建築用地
RPXNMLOKOHNFFCJ86CA,上德段,22.92,都市：住
RPPNMLOLOHNFFBJ68CA,公園段,88.36,都市：商
RPWNMLLJOHNFFCJ98CA,竹林段,73.01,非都市：鄉村區 ; 非都市編定：乙種建築用地
RPOOMLLKOHNFFDJ48CA,青埔子段,1930.00,非都市：特定農業區 ; 非都市編定：農牧用地
RPVNMLMKOHNFFDJ56CA,福陽段,2674.45,非都市：鄉村區 ; 非都市編定：乙種建築用地
RPSNMLPJOHNFFDJ09CA,湖南段,1846.00,非都市：特定農業區 ; 非都市編定：農牧用地
RPQPMLQJOHNFFBJ98CA,莊敬段,21.02,都市：住
RPRNMLOJOHNFFDJ88CA,崁頭段,348.00,非都市：特定農業區 ; 非都市編定：農牧用地
RPQNMLPJOHNFFDJ88CA,新盛段,151.23,非都市：特定農業區 ; 非都市編定：甲種建築用地
RPSSMLLJOHNFFCJ09CA,放翁段,101.00,非都市：山坡地保育區 ; 非都市編定：丙種建築用地
RPSSMLLJOHNFFCJ09CA,放翁段,23.76,非都市：山坡地保育區 ; 非都市編定：丙種建築用地
RPWPMLTKOHNFFBJ37CA,莊敬段,17.30,都市：商
RPPOMLPKOHNFFDJ98CA,建興段鳳凰小段,23.20,非都市：工業區 ; 非都市編定：丁種建築用地
RPQPMLPKOHNFFDJ56CA,福興段十一股小段,76.45,非都市：特定農業區 ; 非都市編定：甲種建築用地
RPRPMLPKOHNFFDJ66CA,福興段十一股小段,74.97,非都市：特定農業區 ; 非都市編定：甲種建築用地
RPTNMLPLOHNFFCJ66CA,莒光段,276.96,非都市：山坡地保育區 ; 非都市編定：農牧用地
RPTNMLPLOHNFFCJ66CA,莒光段,468.40,非都市：山坡地保育區 ; 非都市編定：農牧用地
RPVOMLLJOHNFFDJ09CA,中興段復興小段,20.46,非都市：工業區 ; 非都市編定：丁種建築用地
RPQNMLMJOHNFFDJ58CA,湖南段,82.00,非都市：特定農業區 ; 非都市編定：甲種建築用地
RPPPMLLJOHNFFDJ58CA,中興段復興小段,20.46,非都市：工業區 ; 非都市編定：丁種建築用地
RPWNMLLMNHNFFCJ56CA,員崠段,12.59,非都市：特定農業區 ; 非都市編定：甲種建築用地
RPWNMLLMNHNFFCJ56CA,員崠段,50.96,非都市：特定農業區 ; 非都市編定：甲種建築用地
RPWNMLLMNHNFFCJ56CA,員崠段,2.42,非都市：特定農業區 ; 非都市編定：交通用地
