﻿編號,屋齡,建物移轉面積(平方公尺),主要用途,主要建材,建築完成日期,總層數,建物分層
The serial number,room age,building shifting area (square meter),the main use,main building materials,construction completes the date,total layer,building lamination
RPXPMLMLNHNFFBJ76CA,6,154.63,住家用,鋼筋混凝土造,101年9月24日,二十五層,十六層
RPXPMLMLNHNFFBJ76CA,6,73.70,見其他登記事項,鋼筋混凝土造,101年9月24日,二十五層,
RPXPMLMLNHNFFBJ76CA,6,33.93,見其他登記事項,鋼筋混凝土造,101年9月24日,二十五層,
RPWPMLMLNHNFFBJ66CA,1,101.52,住家用,鋼筋混凝土造,105年12月14日,二十層,二十層
RPWPMLMLNHNFFBJ66CA,1,89.29,見其他登記事項,鋼筋混凝土造,105年12月14日,二十層,
RPRQMLMLNHNFFBJ88CA,7,.20,見其他登記事項,鋼筋混凝土造,100年7月20日,十三層,
RPRQMLMLNHNFFBJ88CA,7,66.49,見其他登記事項,鋼筋混凝土造,100年7月20日,十三層,
RPRQMLMLNHNFFBJ88CA,7,115.69,住家用,鋼筋混凝土造,100年7月20日,十三層,六層
RPRQMLMLNHNFFBJ88CA,7,17.65,見其他登記事項,鋼筋混凝土造,100年7月20日,十三層,
RPRQMLMLNHNFFBJ88CA,7,26.51,見其他登記事項,鋼筋混凝土造,100年7月20日,十三層,
RPXQMLMLNHNFFBJ86CA,27,213.99,住家用,鋼筋混凝土造,80年6月8日,三層,一層 二層 三層
RPUPMLMLNHNFFBJ09CA,4,118.79,住家用,鋼筋混凝土造,103年7月28日,二十四層,十九層
RPUPMLMLNHNFFBJ09CA,4,25.48,見其他登記事項,鋼筋混凝土造,103年7月28日,二十四層,
RPUPMLMLNHNFFBJ09CA,4,25.50,見其他登記事項,鋼筋混凝土造,103年7月28日,二十四層,
RPUPMLMLNHNFFBJ09CA,4,.04,見其他登記事項,鋼筋混凝土造,103年7月28日,二十四層,
RPUPMLMLNHNFFBJ09CA,4,66.44,見其他登記事項,鋼筋混凝土造,103年7月28日,二十四層,
RPXRMLMLNHNFFBJ96CA,22,28.24,住家用,鋼筋混凝土造,85年1月30日,八層,三層
RPXRMLMLNHNFFBJ96CA,22,13.87,共用部分,鋼筋混凝土造,85年1月30日,八層,
RPQTMLMLNHNFFBJ09CA,20,85.95,住家用,鋼筋混凝土造,86年11月4日,九層,七層
RPQTMLMLNHNFFBJ09CA,20,10.13,共用部分,鋼筋混凝土造,86年11月4日,九層,
RPQTMLMLNHNFFBJ09CA,20,10.44,共用部分,鋼筋混凝土造,86年11月4日,九層,
RPQTMLMLNHNFFBJ09CA,20,.15,住家用,鋼筋混凝土造,86年11月4日,九層,
RPQTMLMLNHNFFBJ09CA,20,27.20,共用部分,鋼筋混凝土造,86年11月4日,九層,
RPPTMLMLNHNFFBJ98CA,11,134.64,住家用,鋼筋混凝土造,96年10月12日,十五層,十三層
RPPTMLMLNHNFFBJ98CA,11,93.71,共用部分,鋼筋混凝土造,96年10月12日,十五層,
RPOTMLMLNHNFFBJ88CA,6,140.79,住家用,鋼筋混凝土造,101年4月10日,十四層,十一層
RPOTMLMLNHNFFBJ88CA,6,118.21,見其他登記事項,鋼筋混凝土造,101年4月10日,十四層,
RPUNMLOLNHNFFBJ09CA,2,323.20,住家用,鋼筋混凝土造,104年12月14日,二十六層,二十一層
RPUNMLOLNHNFFBJ09CA,2,182.85,見其他登記事項,鋼筋混凝土造,104年12月14日,二十六層,
RPUNMLOLNHNFFBJ09CA,2,26.10,見其他登記事項,鋼筋混凝土造,104年12月14日,二十六層,
RPUNMLOLNHNFFBJ09CA,2,72.75,見其他登記事項,鋼筋混凝土造,104年12月14日,二十六層,
RPWOMLOLNHNFFBJ76CA,,104.75,住家用,鋼筋混凝土造,106年10月20日,十五層,十一層
RPWOMLOLNHNFFBJ76CA,,21.73,見其他登記事項,鋼筋混凝土造,106年10月20日,十五層,
RPWOMLOLNHNFFBJ76CA,,10.65,見其他登記事項,鋼筋混凝土造,106年10月20日,十五層,
RPWOMLOLNHNFFBJ76CA,,55.60,見其他登記事項,鋼筋混凝土造,106年10月20日,十五層,
RPVNMLOLNHNFFBJ56CA,2,322.21,住家用,鋼筋混凝土造,104年12月14日,二十六層,二十層
RPVNMLOLNHNFFBJ56CA,2,25.61,見其他登記事項,鋼筋混凝土造,104年12月14日,二十六層,
RPVNMLOLNHNFFBJ56CA,2,72.75,見其他登記事項,鋼筋混凝土造,104年12月14日,二十六層,
RPVNMLOLNHNFFBJ56CA,2,177.56,見其他登記事項,鋼筋混凝土造,104年12月14日,二十六層,
RPXNMLOLNHNFFBJ76CA,2,182.85,見其他登記事項,鋼筋混凝土造,104年12月14日,二十六層,
RPXNMLOLNHNFFBJ76CA,2,323.20,住家用,鋼筋混凝土造,104年12月14日,二十六層,二十三層
RPXNMLOLNHNFFBJ76CA,2,26.10,見其他登記事項,鋼筋混凝土造,104年12月14日,二十六層,
RPXNMLOLNHNFFBJ76CA,2,72.75,見其他登記事項,鋼筋混凝土造,104年12月14日,二十六層,
RPWNMLOLNHNFFBJ66CA,2,300.35,住家用,鋼筋混凝土造,104年12月14日,二十六層,二十一層
RPWNMLOLNHNFFBJ66CA,2,23.88,見其他登記事項,鋼筋混凝土造,104年12月14日,二十六層,
RPWNMLOLNHNFFBJ66CA,2,65.82,見其他登記事項,鋼筋混凝土造,104年12月14日,二十六層,
RPWNMLOLNHNFFBJ66CA,2,160.00,見其他登記事項,鋼筋混凝土造,104年12月14日,二十六層,
RPPNMLSLNHNFFBJ98CA,23,107.65,住家用,鋼筋混凝土造,84年10月28日,十二層,五層
RPPNMLSLNHNFFBJ98CA,23,15.89,共用部分,鋼筋混凝土造,84年10月28日,十二層,
RPPNMLSLNHNFFBJ98CA,23,14.34,共用部分,鋼筋混凝土造,84年10月28日,十二層,
RPPNMLQLNHNFFBJ78CA,1,114.45,住家用,鋼筋混凝土造,106年1月9日,十四層,九層
RPPNMLQLNHNFFBJ78CA,1,25.18,見其他登記事項,鋼筋混凝土造,106年1月9日,十四層,
RPPNMLQLNHNFFBJ78CA,1,60.43,見其他登記事項,鋼筋混凝土造,106年1月9日,十四層,
RPPNMLQLNHNFFBJ78CA,1,.10,見其他登記事項,鋼筋混凝土造,106年1月9日,十四層,
RPQNMLRLNHNFFBJ98CA,7,94.60,住家用,鋼筋混凝土造,99年12月31日,十二層,二層
RPQNMLRLNHNFFBJ98CA,7,23.48,見其他登記事項,鋼筋混凝土造,99年12月31日,十二層,
RPQNMLRLNHNFFBJ98CA,7,38.46,見其他登記事項,鋼筋混凝土造,99年12月31日,十二層,
RPQQMLSLNHNFFBJ76CA,2,25.61,見其他登記事項,鋼筋混凝土造,104年12月14日,二十六層,
RPQQMLSLNHNFFBJ76CA,2,322.21,住家用,鋼筋混凝土造,104年12月14日,二十六層,十四層
RPQQMLSLNHNFFBJ76CA,2,72.75,見其他登記事項,鋼筋混凝土造,104年12月14日,二十六層,
RPQQMLSLNHNFFBJ76CA,2,177.74,見其他登記事項,鋼筋混凝土造,104年12月14日,二十六層,
RPRPMLNLNHNFFBJ88CA,20,213.16,住家用,鋼筋混凝土造,87年8月19日,四層,一層 二層 三層 四層
RPRPMLNLNHNFFBJ88CA,20,1.57,共用部分,鋼筋混凝土造,87年8月19日,地下層,
RPWOMLPLNHNFFBJ86CA,12,28.46,住家用,鋼筋混凝土造,94年11月14日,十五層,十三層
RPWOMLPLNHNFFBJ86CA,12,3.52,共用部分,鋼筋混凝土造,94年11月14日,十五層,
RPWOMLPLNHNFFBJ86CA,12,6.00,共用部分,鋼筋混凝土造,94年11月14日,十五層,
RPRQMLPLNHNFFBJ56CA,10,61.12,住家用,鋼筋混凝土造,97年9月27日,十四層,九層
RPRQMLPLNHNFFBJ56CA,10,18.35,共用部分,鋼筋混凝土造,97年9月27日,十四層,
RPRQMLPLNHNFFBJ56CA,10,12.87,共用部分,鋼筋混凝土造,97年9月27日,十四層,
RPRQMLPLNHNFFBJ56CA,10,.03,見其他登記事項,鋼筋混凝土造,97年9月27日,十四層,
RPRQMLPLNHNFFBJ56CA,10,.00,共用部分,鋼筋混凝土造,97年9月27日,十四層,
RPRQMLPLNHNFFBJ56CA,10,22.80,共用部分,鋼筋混凝土造,97年9月27日,十四層,
RPRNMLPLNHNFFBJ88CA,10,1.15,商業用,鋼骨鋼筋混凝土造,96年12月28日,十層,
RPRNMLPLNHNFFBJ88CA,10,30.84,商業用,鋼骨鋼筋混凝土造,96年12月28日,十層,六層
RPRNMLPLNHNFFBJ88CA,10,11.15,共用部分,鋼骨鋼筋混凝土造,96年12月28日,十層,
RPRNMLPLNHNFFBJ88CA,10,1.48,共用部分,鋼骨鋼筋混凝土造,96年12月28日,十層,
RPRNMLPLNHNFFBJ88CA,10,.42,共用部分,鋼骨鋼筋混凝土造,96年12月28日,十層,
RPRNMLPLNHNFFBJ88CA,10,.06,共用部分,鋼骨鋼筋混凝土造,96年12月28日,十層,
RPROMLOJOHNFFBJ78CA,2,225.25,住家用,鋼筋混凝土造,105年1月11日,二十層,六層
RPROMLOJOHNFFBJ78CA,2,48.92,見其他登記事項,鋼筋混凝土造,105年1月11日,二十層,
RPROMLOJOHNFFBJ78CA,2,60.52,見其他登記事項,鋼筋混凝土造,105年1月11日,二十一層,
RPROMLOJOHNFFBJ78CA,2,79.32,見其他登記事項,鋼筋混凝土造,105年1月11日,二十一層,
RPVPMLLMNHNFFBJ56CA,3,185.21,住家用,鋼骨鋼筋混凝土造,104年7月31日,三十二層,三層
RPVPMLLMNHNFFBJ56CA,3,148.35,見其他登記事項,鋼骨鋼筋混凝土造,104年7月31日,三十二層,
RPWOMLLJOHNFFBJ98CA,3,91.25,住家用,鋼筋混凝土造,104年8月28日,十三層,八層
RPWOMLLJOHNFFBJ98CA,3,14.11,見其他登記事項,鋼筋混凝土造,104年8月28日,十三層,
RPWOMLLJOHNFFBJ98CA,3,96.17,見其他登記事項,鋼筋混凝土造,104年8月28日,十三層,
RPTOMLLKOHNFFBJ78CA,,100.38,住家用,鋼筋混凝土造,106年11月29日,十七層,八層
RPTOMLLKOHNFFBJ78CA,,18.05,見其他登記事項,鋼筋混凝土造,106年11月29日,十七層,
RPTOMLLKOHNFFBJ78CA,,33.84,見其他登記事項,鋼筋混凝土造,106年11月29日,十七層,
RPTOMLLKOHNFFBJ78CA,,38.62,見其他登記事項,鋼筋混凝土造,106年11月29日,十七層,
RPSOMLLKOHNFFBJ68CA,,67.23,住家用,鋼筋混凝土造,106年11月29日,十七層,六層
RPSOMLLKOHNFFBJ68CA,,11.66,見其他登記事項,鋼筋混凝土造,106年11月29日,十七層,
RPSOMLLKOHNFFBJ68CA,,21.83,見其他登記事項,鋼筋混凝土造,106年11月29日,十七層,
RPSOMLLKOHNFFBJ68CA,,38.62,見其他登記事項,鋼筋混凝土造,106年11月29日,十七層,
RPUOMLLKOHNFFBJ88CA,,100.06,住家用,鋼筋混凝土造,106年11月29日,十七層,二層
RPUOMLLKOHNFFBJ88CA,,18.05,見其他登記事項,鋼筋混凝土造,106年11月29日,十七層,
RPUOMLLKOHNFFBJ88CA,,33.01,見其他登記事項,鋼筋混凝土造,106年11月29日,十七層,
RPUOMLLKOHNFFBJ88CA,,38.62,見其他登記事項,鋼筋混凝土造,106年11月29日,十七層,
RPWOMLLKOHNFFBJ09CA,2,150.18,住家用,鋼筋混凝土造,105年5月12日,十三層,十三層
RPWOMLLKOHNFFBJ09CA,2,160.95,見其他登記事項,鋼筋混凝土造,105年5月12日,十三層,
RPSNMLKMNHNFFCJ68CA,24,240.74,商業用,鋼筋混凝土造,82年12月22日,十二層,四層
RPSNMLKMNHNFFCJ68CA,24,30.26,共有部份,鋼筋混凝土造,82年12月22日,十二層,
RPSNMLKMNHNFFCJ68CA,24,35.40,共有部份,鋼筋混凝土造,82年12月22日,十二層,
RPWRMLKMNHNFFBJ76CA,10,137.54,住家用,鋼筋混凝土造,97年2月1日,十九層,十六層
RPWRMLKMNHNFFBJ76CA,10,38.82,共用部分,鋼筋混凝土造,97年2月1日,十九層,
RPWRMLKMNHNFFBJ76CA,10,15.83,共用部分,鋼筋混凝土造,97年2月1日,十九層,
RPWRMLKMNHNFFBJ76CA,10,.03,商業用,鋼筋混凝土造,97年2月1日,十九層,
RPWRMLKMNHNFFBJ76CA,10,.01,共用部分,鋼筋混凝土造,97年2月1日,十九層,
RPWRMLKMNHNFFBJ76CA,10,30.08,共用部分,鋼筋混凝土造,97年2月1日,十九層,
RPQNMLMLNHNFFCJ58CA,39,112.19,見其他登記事項,鋼筋混凝土造,68年10月3日,二層,一層 二層 屋頂突出物 騎樓
RPOSMLLJOHNFFCJ68CA,,99.04,見其他登記事項,鋼筋混凝土造,107年3月8日,十三層,十層
RPOSMLLJOHNFFCJ68CA,,21.24,見其他登記事項,鋼筋混凝土造,107年3月8日,十三層,
RPOSMLLJOHNFFCJ68CA,,5.87,見其他登記事項,鋼筋混凝土造,107年3月8日,十三層,
RPOSMLLJOHNFFCJ68CA,,85.01,見其他登記事項,鋼筋混凝土造,107年3月8日,十三層,
RPSTMLLJOHNFFCJ56CA,,99.51,見其他登記事項,鋼筋混凝土造,107年3月8日,十三層,十二層
RPSTMLLJOHNFFCJ56CA,,21.24,見其他登記事項,鋼筋混凝土造,107年3月8日,十三層,
RPSTMLLJOHNFFCJ56CA,,5.87,見其他登記事項,鋼筋混凝土造,107年3月8日,十三層,
RPSTMLLJOHNFFCJ56CA,,99.18,見其他登記事項,鋼筋混凝土造,107年3月8日,十三層,
RPRTMLLJOHNFFCJ09CA,,99.51,見其他登記事項,鋼筋混凝土造,107年3月8日,十三層,十一層
RPRTMLLJOHNFFCJ09CA,,21.24,見其他登記事項,鋼筋混凝土造,107年3月8日,十三層,
RPRTMLLJOHNFFCJ09CA,,5.87,見其他登記事項,鋼筋混凝土造,107年3月8日,十三層,
RPRTMLLJOHNFFCJ09CA,,85.01,見其他登記事項,鋼筋混凝土造,107年3月8日,十三層,
RPQTMLLJOHNFFCJ98CA,,99.51,見其他登記事項,鋼筋混凝土造,107年3月8日,十三層,九層
RPQTMLLJOHNFFCJ98CA,,21.24,見其他登記事項,鋼筋混凝土造,107年3月8日,十三層,
RPQTMLLJOHNFFCJ98CA,,5.87,見其他登記事項,鋼筋混凝土造,107年3月8日,十三層,
RPQTMLLJOHNFFCJ98CA,,85.01,見其他登記事項,鋼筋混凝土造,107年3月8日,十三層,
RPPNMLOJOHNFFCJ58CA,,83.23,見其他登記事項,鋼筋混凝土造,107年3月8日,十三層,十二層
RPPNMLOJOHNFFCJ58CA,,17.46,見其他登記事項,鋼筋混凝土造,107年3月8日,十三層,
RPPNMLOJOHNFFCJ58CA,,4.40,見其他登記事項,鋼筋混凝土造,107年3月8日,十三層,
RPPNMLOJOHNFFCJ58CA,,49.00,見其他登記事項,鋼筋混凝土造,107年3月8日,十三層,
SPPNMLOJOHNFFCJ68CA,,45.77,見其他登記事項,鋼筋混凝土造,107年3月8日,十三層,十二層
SPPNMLOJOHNFFCJ68CA,,10.63,見其他登記事項,鋼筋混凝土造,107年3月8日,十三層,
SPPNMLOJOHNFFCJ68CA,,2.94,見其他登記事項,鋼筋混凝土造,107年3月8日,十三層,
SPPNMLOJOHNFFCJ68CA,,41.92,見其他登記事項,鋼筋混凝土造,107年3月8日,十三層,
RPRNMLOJOHNFFCJ78CA,,82.34,見其他登記事項,鋼筋混凝土造,107年3月8日,十三層,七層
RPRNMLOJOHNFFCJ78CA,,18.30,見其他登記事項,鋼筋混凝土造,107年3月8日,十三層,
RPRNMLOJOHNFFCJ78CA,,4.89,見其他登記事項,鋼筋混凝土造,107年3月8日,十三層,
RPRNMLOJOHNFFCJ78CA,,80.88,見其他登記事項,鋼筋混凝土造,107年3月8日,十三層,
RPPSMLLJOHNFFCJ78CA,,99.04,見其他登記事項,鋼筋混凝土造,107年3月8日,十三層,十一層
RPPSMLLJOHNFFCJ78CA,,21.24,見其他登記事項,鋼筋混凝土造,107年3月8日,十三層,
RPPSMLLJOHNFFCJ78CA,,5.87,見其他登記事項,鋼筋混凝土造,107年3月8日,十三層,
RPPSMLLJOHNFFCJ78CA,,85.01,見其他登記事項,鋼筋混凝土造,107年3月8日,十三層,
RPWSMLLJOHNFFCJ86CA,,99.51,見其他登記事項,鋼筋混凝土造,107年3月8日,十三層,二層
RPWSMLLJOHNFFCJ86CA,,5.87,見其他登記事項,鋼筋混凝土造,107年3月8日,十三層,
RPWSMLLJOHNFFCJ86CA,,20.74,見其他登記事項,鋼筋混凝土造,107年3月8日,十三層,
RPWSMLLJOHNFFCJ86CA,,53.13,見其他登記事項,鋼筋混凝土造,107年3月8日,十三層,
RPQNMLOJOHNFFCJ68CA,,99.51,見其他登記事項,鋼筋混凝土造,107年3月8日,十三層,十三層
RPQNMLOJOHNFFCJ68CA,,21.24,見其他登記事項,鋼筋混凝土造,107年3月8日,十三層,
RPQNMLOJOHNFFCJ68CA,,5.87,見其他登記事項,鋼筋混凝土造,107年3月8日,十三層,
RPQNMLOJOHNFFCJ68CA,,79.11,見其他登記事項,鋼筋混凝土造,107年3月8日,十三層,
RPXSMLLJOHNFFCJ96CA,,99.51,見其他登記事項,鋼筋混凝土造,107年3月8日,十三層,三層
RPXSMLLJOHNFFCJ96CA,,20.74,見其他登記事項,鋼筋混凝土造,107年3月8日,十三層,
RPXSMLLJOHNFFCJ96CA,,5.87,見其他登記事項,鋼筋混凝土造,107年3月8日,十三層,
RPXSMLLJOHNFFCJ96CA,,82.06,見其他登記事項,鋼筋混凝土造,107年3月8日,十三層,
RPRSMLLJOHNFFCJ98CA,,99.04,見其他登記事項,鋼筋混凝土造,107年3月8日,十三層,十二層
RPRSMLLJOHNFFCJ98CA,,21.24,見其他登記事項,鋼筋混凝土造,107年3月8日,十三層,
RPRSMLLJOHNFFCJ98CA,,5.87,見其他登記事項,鋼筋混凝土造,107年3月8日,十三層,
RPRSMLLJOHNFFCJ98CA,,113.35,見其他登記事項,鋼筋混凝土造,107年3月8日,十三層,
RPUNMLOJOHNFFCJ09CA,,45.77,見其他登記事項,鋼筋混凝土造,107年3月8日,十三層,八層
RPUNMLOJOHNFFCJ09CA,,9.87,見其他登記事項,鋼筋混凝土造,107年3月8日,十三層,
RPUNMLOJOHNFFCJ09CA,,2.94,見其他登記事項,鋼筋混凝土造,107年3月8日,十三層,
RPUNMLOJOHNFFCJ09CA,,41.92,見其他登記事項,鋼筋混凝土造,107年3月8日,十三層,
RPUSMLLJOHNFFCJ66CA,,99.04,見其他登記事項,鋼筋混凝土造,107年3月8日,十三層,十三層
RPUSMLLJOHNFFCJ66CA,,21.24,見其他登記事項,鋼筋混凝土造,107年3月8日,十三層,
RPUSMLLJOHNFFCJ66CA,,5.87,見其他登記事項,鋼筋混凝土造,107年3月8日,十三層,
RPUSMLLJOHNFFCJ66CA,,53.13,見其他登記事項,鋼筋混凝土造,107年3月8日,十三層,
RPOTMLLJOHNFFCJ78CA,,99.51,見其他登記事項,鋼筋混凝土造,107年3月8日,十三層,五層
RPOTMLLJOHNFFCJ78CA,,20.74,見其他登記事項,鋼筋混凝土造,107年3月8日,十三層,
RPOTMLLJOHNFFCJ78CA,,5.87,見其他登記事項,鋼筋混凝土造,107年3月8日,十三層,
RPOTMLLJOHNFFCJ78CA,,53.13,見其他登記事項,鋼筋混凝土造,107年3月8日,十三層,
SPUNMLOJOHNFFCJ56CA,,45.77,見其他登記事項,鋼筋混凝土造,107年3月8日,十三層,三層
SPUNMLOJOHNFFCJ56CA,,9.87,見其他登記事項,鋼筋混凝土造,107年3月8日,十三層,
SPUNMLOJOHNFFCJ56CA,,2.94,見其他登記事項,鋼筋混凝土造,107年3月8日,十三層,
SPUNMLOJOHNFFCJ56CA,,41.92,見其他登記事項,鋼筋混凝土造,107年3月8日,十三層,
RPTNMLOJOHNFFCJ98CA,,85.23,見其他登記事項,鋼筋混凝土造,107年3月8日,十三層,六層
RPTNMLOJOHNFFCJ98CA,,18.22,見其他登記事項,鋼筋混凝土造,107年3月8日,十三層,
RPTNMLOJOHNFFCJ98CA,,4.89,見其他登記事項,鋼筋混凝土造,107年3月8日,十三層,
RPTNMLOJOHNFFCJ98CA,,49.59,見其他登記事項,鋼筋混凝土造,107年3月8日,十三層,
RPPOMLOJOHNFFCJ68CA,,83.23,見其他登記事項,鋼筋混凝土造,107年3月8日,十三層,三層
RPPOMLOJOHNFFCJ68CA,,16.70,見其他登記事項,鋼筋混凝土造,107年3月8日,十三層,
RPPOMLOJOHNFFCJ68CA,,4.89,見其他登記事項,鋼筋混凝土造,107年3月8日,十三層,
RPPOMLOJOHNFFCJ68CA,,49.00,見其他登記事項,鋼筋混凝土造,107年3月8日,十三層,
RPROMLOJOHNFFCJ88CA,,99.04,見其他登記事項,鋼筋混凝土造,107年3月8日,十三層,三層
RPROMLOJOHNFFCJ88CA,,20.74,見其他登記事項,鋼筋混凝土造,107年3月8日,十三層,
RPROMLOJOHNFFCJ88CA,,5.87,見其他登記事項,鋼筋混凝土造,107年3月8日,十三層,
RPROMLOJOHNFFCJ88CA,,85.01,見其他登記事項,鋼筋混凝土造,107年3月8日,十三層,
RPTOMLOJOHNFFCJ09CA,,99.51,見其他登記事項,鋼筋混凝土造,107年3月8日,十三層,四層
RPTOMLOJOHNFFCJ09CA,,20.74,見其他登記事項,鋼筋混凝土造,107年3月8日,十三層,
RPTOMLOJOHNFFCJ09CA,,5.87,見其他登記事項,鋼筋混凝土造,107年3月8日,十三層,
RPTOMLOJOHNFFCJ09CA,,53.13,見其他登記事項,鋼筋混凝土造,107年3月8日,十三層,
RPQOMLOJOHNFFCJ78CA,,83.23,見其他登記事項,鋼筋混凝土造,107年3月8日,十三層,五層
RPQOMLOJOHNFFCJ78CA,,16.70,見其他登記事項,鋼筋混凝土造,107年3月8日,十三層,
RPQOMLOJOHNFFCJ78CA,,4.89,見其他登記事項,鋼筋混凝土造,107年3月8日,十三層,
RPQOMLOJOHNFFCJ78CA,,51.95,見其他登記事項,鋼筋混凝土造,107年3月8日,十三層,
RPSOMLOJOHNFFCJ98CA,,99.04,見其他登記事項,鋼筋混凝土造,107年3月8日,十三層,六層
RPSOMLOJOHNFFCJ98CA,,21.24,見其他登記事項,鋼筋混凝土造,107年3月8日,十三層,
RPSOMLOJOHNFFCJ98CA,,5.87,見其他登記事項,鋼筋混凝土造,107年3月8日,十三層,
RPSOMLOJOHNFFCJ98CA,,85.01,見其他登記事項,鋼筋混凝土造,107年3月8日,十三層,
RPXNMLMLNHNFFDJ76CA,,209.08,住家用,鋼筋混凝土加強磚造,,二層,一層 二層
RPRNMLPLNHNFFDJ09CA,14,44.08,住家用,鋼筋混凝土造,93年7月5日,八層,三層
RPRNMLPLNHNFFDJ09CA,14,7.55,停車空間,鋼筋混凝土造,93年7月5日,八層,
RPRNMLPLNHNFFDJ09CA,14,6.93,見其他登記事項,鋼筋混凝土造,93年7月5日,八層,
RPRNMLPLNHNFFDJ09CA,14,3.26,見其他登記事項,鋼筋混凝土造,93年7月5日,八層,
RPSNMLNLNHNFFDJ98CA,24,82.32,住家用,鋼筋混凝土造,82年12月10日,五層,三層
RPSNMLNLNHNFFDJ98CA,24,9.75,共有部份,鋼筋混凝土造,82年12月10日,五層,
RPSNMLNLNHNFFDJ98CA,24,32.92,共有部份,鋼筋混凝土造,82年12月10日,停車場,
RPQNMLPLNHNFFDJ98CA,18,12.94,見其他登記事項,鋼筋混凝土造,89年7月14日,五層,
RPQNMLPLNHNFFDJ98CA,18,102.06,住家用,鋼筋混凝土造,89年7月14日,五層,三層
RPOUMLLJOHNFFCJ88CA,,49.76,見其他登記事項,鋼筋混凝土造,107年3月8日,十三層,八層
RPOUMLLJOHNFFCJ88CA,,10.62,見其他登記事項,鋼筋混凝土造,107年3月8日,十三層,
RPOUMLLJOHNFFCJ88CA,,2.94,見其他登記事項,鋼筋混凝土造,107年3月8日,十三層,
RPOUMLLJOHNFFCJ88CA,,49.76,見其他登記事項,鋼筋混凝土造,107年3月8日,十三層,八層
RPOUMLLJOHNFFCJ88CA,,42.51,見其他登記事項,鋼筋混凝土造,107年3月8日,十三層,
RPOUMLLJOHNFFCJ88CA,,10.62,見其他登記事項,鋼筋混凝土造,107年3月8日,十三層,
RPOUMLLJOHNFFCJ88CA,,2.94,見其他登記事項,鋼筋混凝土造,107年3月8日,十三層,
RPOUMLLJOHNFFCJ88CA,,42.51,見其他登記事項,鋼筋混凝土造,107年3月8日,十三層,
RPTOMLPLNHNFFDJ76CA,41,57.20,住家用,磚造,66年2月1日,一層,一層
RPOPMLNLNHNFFBJ68DA,,154.92,住家用,鋼筋混凝土造,,二層,一層 二層
RPSQMLPLNHNFFBJ76DA,,325.92,農舍,鋼筋混凝土造,,三層,一層 二層 三層
RPRNMLMLNHNFFDJ78CA,11,195.36,見其他登記事項,鋼筋混凝土造,96年2月1日,四層,一層 二層 三層 四層
RPSNMLMLNHNFFDJ88CA,40,42.68,住家用,加強磚造,67年3月20日,二層,一層 二層
RPTNMLNLNHNFFDJ09CA,1,189.58,住家用,鋼筋混凝土造,106年8月9日,四層,一層 二層 三層 四層
RPTNMLTKOHNFFCJ96CA,3,85.17,見其他登記事項,鋼筋混凝土造,104年3月25日,十四層,九層
RPTNMLTKOHNFFCJ96CA,3,18.62,共有部份,鋼筋混凝土造,104年3月25日,十四層,
RPTNMLTKOHNFFCJ96CA,3,19.14,共有部份,鋼筋混凝土造,104年3月25日,十五層,
RPTNMLTKOHNFFCJ96CA,3,.02,見其他登記事項,鋼筋混凝土造,104年3月25日,十四層,
RPTNMLTKOHNFFCJ96CA,3,.00,共有部份,鋼筋混凝土造,104年3月25日,十四層,
RPTNMLTKOHNFFCJ96CA,3,27.00,共有部份,鋼筋混凝土造,104年3月25日,十五層,
RPVNMLPLNHNFFDJ86CA,24,4.42,見其他登記事項,鋼筋混凝土造,83年1月26日,五層,
RPVNMLPLNHNFFDJ86CA,24,66.34,住家用,鋼筋混凝土造,83年1月26日,五層,二層
RPVNMLPLNHNFFDJ86CA,24,12.45,共有部份,鋼筋混凝土造,83年1月26日,五層,
RPXNMLTLNHNFFDJ47CA,,112.40,住家用,加強磚造,,三層,一層 二層 三層
RPVNMLSJOHNFFDJ07CA,20,118.80,住家用,鋼筋混凝土造,87年8月10日,五層,四層 五層
RPVNMLSJOHNFFDJ07CA,20,14.93,共有部份,鋼筋混凝土造,87年8月10日,五層,
RPPNMLNLNHNFFDJ68CA,51,180.68,住家用,加強磚造,56年6月1日,二層,一層 二層 騎樓
RPPPMLOJOHNFFCJ98EA,25,228.57,住家用,鋼筋混凝土造,81年10月27日,四層,一層 二層 三層 四層
RPRNMLLKOHNFFDJ68CA,3,116.41,見其他登記事項,鋼筋混凝土造,104年8月17日,三層,一層 二層 三層 屋頂突出物
RPRNMLLKOHNFFDJ68CA,3,116.41,見其他登記事項,鋼筋混凝土造,104年8月17日,三層,一層 二層 三層 屋頂突出物
RPUNMLKMNHNFFCJ88CA,23,80.99,住家用,鋼筋混凝土造,83年11月21日,十三層,七層
RPUNMLKMNHNFFCJ88CA,23,8.97,共有部份,鋼筋混凝土造,83年11月21日,十三層,
RPUNMLKMNHNFFCJ88CA,23,12.37,共有部份,鋼筋混凝土造,83年11月21日,十三層,
RPUNMLKMNHNFFCJ88CA,23,.36,見其他登記事項,鋼筋混凝土造,83年11月21日,十三層,
RPUNMLKMNHNFFCJ88CA,23,21.07,共有部份,鋼筋混凝土造,83年11月21日,十三層,
RPSNMLSJOHNFFDJ76CA,21,78.13,住家用,鋼筋混凝土造,86年4月21日,六層,六層
RPSNMLSJOHNFFDJ76CA,21,7.00,見其他登記事項,鋼筋混凝土造,86年4月21日,六層,
RPSNMLSJOHNFFDJ76CA,21,10.92,見其他登記事項,鋼筋混凝土造,86年4月21日,六層,
RPSNMLRLNHNFFCJ66CA,1,307.90,見其他登記事項,鋼筋混凝土造,105年11月10日,四層,一層 二層 三層 四層 見其他登記事項
RPQQMLLMNHNFFCJ88CA,25,141.08,住家用,鋼筋混凝土造,82年2月2日,五層,一層
RPQQMLLMNHNFFCJ88CA,25,35.15,共有部份,鋼筋混凝土造,82年2月2日,五層,
RPPOMLPJOHNFFDJ88CA,11,337.04,見其他登記事項,鋼筋混凝土造,96年1月31日,四層,四層 地下層 一層 二層 三層
RPOOMLNLNHNFFCJ58CA,3,93.31,見其他登記事項,鋼筋混凝土造,104年3月25日,十四層,五層
RPOOMLNLNHNFFCJ58CA,3,24.33,共有部份,鋼筋混凝土造,104年3月25日,十五層,
RPOOMLNLNHNFFCJ58CA,3,17.13,共有部份,鋼筋混凝土造,104年3月25日,十四層,
RPOOMLNLNHNFFCJ58CA,3,.04,見其他登記事項,鋼筋混凝土造,104年3月25日,十四層,
RPOOMLNLNHNFFCJ58CA,3,55.65,共有部份,鋼筋混凝土造,104年3月25日,十五層,
RPOOMLNLNHNFFCJ58CA,3,.01,共有部份,鋼筋混凝土造,104年3月25日,十四層,
RPPNMLMKOHNFFBJ38CA,2,125.30,住家用,鋼筋混凝土造,104年11月16日,十四層,十三層 十四層
RPPNMLMKOHNFFBJ38CA,2,120.97,見其他登記事項,鋼筋混凝土造,104年11月16日,十四層,
RPQNMLTLNHNFFCJ66CA,,127.55,住家用,加強磚造,,一層,一層 騎樓
RPQNMLLJOHNFFBJ28CA,20,116.67,住家用,鋼筋混凝土造,86年12月9日,十二層,十層
RPQNMLLJOHNFFBJ28CA,20,47.27,共用部分,鋼筋混凝土造,86年12月9日,十二層,
RPQNMLLJOHNFFBJ28CA,20,14.02,共用部分,鋼筋混凝土造,86年12月9日,十二層,
RPQOMLOJOHNFFBJ68CA,3,.09,住家用,鋼筋混凝土造,104年4月17日,二十九層,
RPQOMLOJOHNFFBJ68CA,3,59.50,見其他登記事項,鋼筋混凝土造,104年4月17日,二十九層,
RPQOMLOJOHNFFBJ68CA,3,125.70,住家用,鋼筋混凝土造,104年4月17日,二十九層,四層
RPQOMLOJOHNFFBJ68CA,3,.00,見其他登記事項,鋼筋混凝土造,104年4月17日,二十九層,
RPQOMLOJOHNFFBJ68CA,3,21.82,見其他登記事項,鋼筋混凝土造,104年4月17日,二十九層,
RPQOMLOJOHNFFBJ68CA,3,7.74,見其他登記事項,鋼筋混凝土造,104年4月17日,二十九層,
RPQOMLOJOHNFFBJ68CA,3,26.55,見其他登記事項,鋼筋混凝土造,104年4月17日,二十九層,
RPQNMLQKOHNFFBJ88CA,7,134.21,住家用,鋼筋混凝土造,99年12月23日,十四層,九層
RPQNMLQKOHNFFBJ88CA,7,122.45,見其他登記事項,鋼筋混凝土造,99年12月23日,十四層,
RPSQMLLMNHNFFBJ98CA,,238.93,見其他登記事項,鋼筋混凝土造,107年2月1日,四層,一層 二層 三層 四層 屋頂突出物
RPTQMLLMNHNFFBJ09CA,,238.93,見其他登記事項,鋼筋混凝土造,107年2月1日,四層,一層 二層 三層 四層 屋頂突出物
RPUQMLSLNHNFFBJ17CA,13,28.00,共用部分,鋼筋混凝土造,94年6月8日,十四層,
RPUQMLSLNHNFFBJ17CA,13,.09,見其他登記事項,鋼筋混凝土造,94年6月8日,十四層,
RPUQMLSLNHNFFBJ17CA,13,.02,共用部分,鋼筋混凝土造,94年6月8日,十四層,
RPUQMLSLNHNFFBJ17CA,13,100.09,住家用,鋼筋混凝土造,94年6月8日,十四層,七層
RPUQMLSLNHNFFBJ17CA,13,12.49,共用部分,鋼筋混凝土造,94年6月8日,十四層,
RPUQMLSLNHNFFBJ17CA,13,18.77,共用部分,鋼筋混凝土造,94年6月8日,十四層,
RPUOMLSLNHNFFBJ96CA,,70.99,住家用,鋼筋混凝土造,107年2月2日,八層,三層
RPUOMLSLNHNFFBJ96CA,,78.25,見其他登記事項,鋼筋混凝土造,107年2月2日,八層,
RPTOMLSLNHNFFBJ86CA,,70.99,住家用,鋼筋混凝土造,107年2月2日,八層,三層
RPTOMLSLNHNFFBJ86CA,,78.25,見其他登記事項,鋼筋混凝土造,107年2月2日,八層,
RPWOMLSLNHNFFBJ17CA,,86.61,住家用,鋼筋混凝土造,107年2月2日,八層,五層
RPWOMLSLNHNFFBJ17CA,,84.85,見其他登記事項,鋼筋混凝土造,107年2月2日,八層,
RPOPMLSLNHNFFBJ09CA,,70.99,住家用,鋼筋混凝土造,107年2月2日,八層,五層
RPOPMLSLNHNFFBJ09CA,,78.25,見其他登記事項,鋼筋混凝土造,107年2月2日,八層,
RPXOMLSLNHNFFBJ27CA,,86.62,住家用,鋼筋混凝土造,107年2月2日,八層,五層
RPXOMLSLNHNFFBJ27CA,,84.85,見其他登記事項,鋼筋混凝土造,107年2月2日,八層,
RPPNMLNLNHNFFCJ58CA,23,204.92,住家用,鋼筋混凝土造,83年11月16日,四層,一層 二層 三層 四層
RPPPMLNKOHNFFBJ68CA,25,83.62,住家用,鋼筋混凝土造,82年9月14日,七層,二層
RPPPMLNKOHNFFBJ68CA,25,9.69,共用部分,鋼筋混凝土造,82年9月14日,七層,
RPPPMLNKOHNFFBJ68CA,25,6.63,共用部分,鋼筋混凝土造,82年9月14日,七層,
RPRPMLSLNHNFFBJ76CA,,70.99,住家用,鋼筋混凝土造,107年2月2日,八層,六層
RPRPMLSLNHNFFBJ76CA,,78.25,見其他登記事項,鋼筋混凝土造,107年2月2日,八層,
RPSPMLSLNHNFFBJ86CA,,86.61,住家用,鋼筋混凝土造,107年2月2日,八層,七層
RPSPMLSLNHNFFBJ86CA,,84.85,見其他登記事項,鋼筋混凝土造,107年2月2日,八層,
RPXPMLPLNHNFFBJ07CA,,90.48,見其他登記事項,鋼筋混凝土造,107年2月2日,八層,一層 見其他登記事項
RPXPMLPLNHNFFBJ07CA,,86.45,見其他登記事項,鋼筋混凝土造,107年2月2日,八層,
RPVPMLPLNHNFFBJ86CA,,70.99,住家用,鋼筋混凝土造,107年2月2日,八層,二層
RPVPMLPLNHNFFBJ86CA,,78.25,見其他登記事項,鋼筋混凝土造,107年2月2日,八層,
RPOPMLPLNHNFFBJ78CA,4,90.52,住家用,鋼筋混凝土造,102年10月24日,十四層,十一層
RPOPMLPLNHNFFBJ78CA,4,73.63,見其他登記事項,鋼筋混凝土造,102年10月24日,十四層,
RPOPMLPJOHNFFBJ68CA,2,65.45,住家用,鋼筋混凝土造,105年9月21日,二十一層,十層
RPOPMLPJOHNFFBJ68CA,2,66.56,見其他登記事項,鋼筋混凝土造,105年9月21日,二十一層,
RPOPMLPJOHNFFBJ68CA,2,.28,商業用,鋼筋混凝土造,105年9月21日,二十一層,
RPOPMLPJOHNFFBJ68CA,2,.14,見其他登記事項,鋼筋混凝土造,105年9月21日,二十一層,
RPRNMLOLNHNFFDJ98CA,2,191.26,見其他登記事項,鋼筋混凝土造,104年10月10日,四層,一層 二層 三層 四層 屋頂突出物
RPUOMLNLNHNFFBJ09CA,6,95.15,住家用,鋼筋混凝土造,101年7月6日,十三層,七層
RPUOMLNLNHNFFBJ09CA,6,17.69,見其他登記事項,鋼筋混凝土造,101年7月6日,十三層,
RPUOMLNLNHNFFBJ09CA,6,66.19,見其他登記事項,鋼筋混凝土造,101年7月6日,十三層,
RPQNMLNJOHNFFBJ48CA,,111.35,住家用,鋼筋混凝土造,106年10月20日,十五層,六層
RPQNMLNJOHNFFBJ48CA,,23.09,見其他登記事項,鋼筋混凝土造,106年10月20日,十五層,
RPQNMLNJOHNFFBJ48CA,,11.32,見其他登記事項,鋼筋混凝土造,106年10月20日,十五層,
RPQNMLNJOHNFFBJ48CA,,58.90,見其他登記事項,鋼筋混凝土造,106年10月20日,十五層,
RPSOMLMKOHNFFBJ78CA,12,55.02,住商用,鋼筋混凝土造,94年11月14日,十五層,一層 見其他登記事項
RPSOMLMKOHNFFBJ78CA,12,74.79,共用部分,鋼筋混凝土造,94年11月14日,十五層,
RPSOMLMKOHNFFBJ78CA,12,11.66,共用部分,鋼筋混凝土造,94年11月14日,十五層,
RPUNMLOLNHNFFCJ56CA,3,87.09,見其他登記事項,鋼筋混凝土造,104年3月25日,十四層,九層
RPUNMLOLNHNFFCJ56CA,3,21.14,共有部份,鋼筋混凝土造,104年3月25日,十五層,
RPUNMLOLNHNFFCJ56CA,3,17.45,共有部份,鋼筋混凝土造,104年3月25日,十四層,
RPUNMLOLNHNFFCJ56CA,3,.02,見其他登記事項,鋼筋混凝土造,104年3月25日,十四層,
RPUNMLOLNHNFFCJ56CA,3,28.65,共有部份,鋼筋混凝土造,104年3月25日,十五層,
RPUNMLOLNHNFFCJ56CA,3,.00,共有部份,鋼筋混凝土造,104年3月25日,十四層,
RPWQMLLMNHNFFBJ76CA,,238.03,見其他登記事項,鋼筋混凝土造,107年2月1日,四層,四層 屋頂突出物 一層 二層 三層
RPXNMLTJOHNFFBJ17CA,10,90.83,住家用,鋼筋混凝土造,97年9月27日,十四層,四層
RPXNMLTJOHNFFBJ17CA,10,22.01,共用部分,鋼筋混凝土造,97年9月27日,十四層,
RPXNMLTJOHNFFBJ17CA,10,19.31,共用部分,鋼筋混凝土造,97年9月27日,十四層,
RPXNMLTJOHNFFBJ17CA,10,.08,見其他登記事項,鋼筋混凝土造,97年9月27日,十四層,
RPXNMLTJOHNFFBJ17CA,10,.01,共用部分,鋼筋混凝土造,97年9月27日,十四層,
RPXNMLTJOHNFFBJ17CA,10,25.80,共用部分,鋼筋混凝土造,97年9月27日,十四層,
RPVNMLOLNHNFFDJ76CA,2,235.30,見其他登記事項,鋼筋混凝土造,105年8月11日,二層,一層 二層
RPUTMLLJOHNFFCJ76CA,34,101.96,住家用,加強磚造,73年10月19日,三層,一層 二層 三層
RPUNMLOKOHNFFCJ56CA,25,88.20,住家用,鋼筋混凝土造,82年10月16日,八層,五層
RPUNMLOKOHNFFCJ56CA,25,10.16,共有部份,鋼筋混凝土造,82年10月16日,八層,
RPUNMLOKOHNFFCJ56CA,25,14.28,共有部份,鋼筋混凝土造,82年10月16日,八層,
RPTNMLSJOHNFFCJ76CA,2,226.53,見其他登記事項,鋼筋混凝土造,105年4月8日,四層,見其他登記事項 一層 二層 三層 四層
RPPNMLLMNHNFFDJ58CA,10,355.56,見其他登記事項,鋼筋混凝土造,97年9月12日,二層,一層 二層 夾層
RPTNMLSLNHNFFDJ96CA,,59.46,見其他登記事項,鋼筋混凝土造,107年2月13日,七層,六層
RPTNMLSLNHNFFDJ96CA,,11.19,見其他登記事項,鋼筋混凝土造,107年2月13日,七層,
RPTNMLSLNHNFFDJ96CA,,18.92,見其他登記事項,鋼筋混凝土造,107年2月13日,七層,
RPPPMLOJOHNFFCJ78CA,,229.34,住家用,鋼筋混凝土造,,三層,地下層 一層 二層 三層
RPUNMLSLNHNFFDJ07CA,,53.82,見其他登記事項,鋼筋混凝土造,107年2月13日,七層,三層
RPUNMLSLNHNFFDJ07CA,,10.10,見其他登記事項,鋼筋混凝土造,107年2月13日,七層,
RPUNMLSLNHNFFDJ07CA,,18.07,見其他登記事項,鋼筋混凝土造,107年2月13日,七層,
RPQOMLSLNHNFFDJ76CA,,50.58,見其他登記事項,鋼筋混凝土造,106年10月20日,七層,五層
RPQOMLSLNHNFFDJ76CA,,7.54,見其他登記事項,鋼筋混凝土造,106年10月20日,七層,
RPQOMLSLNHNFFDJ76CA,,19.65,見其他登記事項,鋼筋混凝土造,106年10月20日,七層,
RPOOMLSLNHNFFDJ56CA,,50.12,見其他登記事項,鋼筋混凝土造,107年2月13日,七層,三層
RPOOMLSLNHNFFDJ56CA,,10.56,見其他登記事項,鋼筋混凝土造,107年2月13日,七層,
RPOOMLSLNHNFFDJ56CA,,16.32,見其他登記事項,鋼筋混凝土造,107年2月13日,七層,
RPPOMLSLNHNFFDJ66CA,,54.47,見其他登記事項,鋼筋混凝土造,107年2月13日,七層,四層
RPPOMLSLNHNFFDJ66CA,,17.52,見其他登記事項,鋼筋混凝土造,107年2月13日,七層,
RPPOMLSLNHNFFDJ66CA,,10.86,見其他登記事項,鋼筋混凝土造,107年2月13日,七層,
RPSNMLSJOHNFFBJ56CA,9,105.64,住家用,鋼筋混凝土造,97年12月26日,四層,一層 二層 三層 四層 屋頂突出物
RPROMLSLNHNFFDJ86CA,22,152.21,住家用,鋼筋混凝土造,85年1月15日,四層,一層 二層 三層 四層
RPVOMLOJOHNFFCJ66CA,,86.24,住家用,加強磚造,,二層,一層 二層
RPXOMLPJPHNFFBJ96CA,,247.76,見其他登記事項,鋼筋混凝土造,107年2月1日,四層,一層 二層 三層 四層 屋頂突出物
RPPNMLQLNHNFFCJ88CA,,44.32,商業用,磚造,,一層,一層
RPWNMLKMNHNFFDJ56CA,,106.86,住家用,加強磚造,,二層,一層 二層 騎樓
RPQOMLLJOHNFFDJ58CA,26,80.41,住家用,鋼筋混凝土造,80年12月12日,五層,五層
RPQOMLLJOHNFFDJ58CA,26,13.42,共有部份,鋼筋混凝土造,80年12月12日,五層,
RPWNMLSJOHNFFCJ07CA,17,181.58,住家用,鋼筋混凝土造,90年8月1日,四層,一層 二層 三層 四層 地下一層
RPWNMLSJOHNFFCJ07CA,17,19.38,共有部份,鋼筋混凝土造,90年8月1日,四層,
RPQNMLMKOHNFFCJ58CA,40,95.94,住家用,加強磚造,67年9月21日,二層,一層 二層
RPWNMLPLNHNFFCJ86CA,3,105.38,見其他登記事項,鋼筋混凝土造,104年10月19日,十三層,五層
RPWNMLPLNHNFFCJ86CA,3,65.01,見其他登記事項,鋼筋混凝土造,104年10月19日,十三層,
RPWNMLPLNHNFFCJ86CA,3,18.87,見其他登記事項,鋼筋混凝土造,104年10月19日,十三層,
RPQQMLLMNHNFFBJ78CA,5,154.96,住家用,鋼筋混凝土造,102年6月24日,十九層,十九層
RPQQMLLMNHNFFBJ78CA,5,130.31,見其他登記事項,鋼筋混凝土造,102年6月24日,十九層,
RPPUMLKMNHNFFBJ98CA,3,123.20,住家用,鋼筋混凝土造,104年1月19日,十五層,八層
RPPUMLKMNHNFFBJ98CA,3,101.58,見其他登記事項,鋼筋混凝土造,104年1月19日,十五層,
RPPUMLKMNHNFFBJ98CA,3,22.85,見其他登記事項,鋼筋混凝土造,104年1月19日,十五層,
RPSPMLKMNHNFFBJ78CA,4,108.32,住家用,鋼筋混凝土造,103年3月21日,二十四層,六層
RPSPMLKMNHNFFBJ78CA,4,92.60,見其他登記事項,鋼筋混凝土造,103年3月21日,二十四層,
RPSPMLKMNHNFFBJ78CA,4,19.67,見其他登記事項,鋼筋混凝土造,103年3月21日,二十四層,
RPWPMLLMNHNFFBJ66CA,7,100.20,住家用,鋼筋混凝土造,99年11月3日,十層,七層
RPWPMLLMNHNFFBJ66CA,7,68.63,見其他登記事項,鋼筋混凝土造,99年11月3日,十層,
RPXPMLKMNHNFFBJ66CA,2,94.58,住家用,鋼筋混凝土造,104年12月4日,十四層,二層
RPXPMLKMNHNFFBJ66CA,2,60.09,見其他登記事項,鋼筋混凝土造,104年12月4日,十四層,
RPXPMLKMNHNFFBJ66CA,2,19.32,見其他登記事項,鋼筋混凝土造,104年12月4日,十四層,
RPSTMLKMNHNFFBJ56CA,5,142.74,住家用,鋼筋混凝土造,101年10月25日,十三層,二層
RPSTMLKMNHNFFBJ56CA,5,21.35,見其他登記事項,鋼筋混凝土造,101年10月25日,十三層,
RPSTMLKMNHNFFBJ56CA,5,58.55,見其他登記事項,鋼筋混凝土造,101年10月25日,十三層,
RPQNMLPJOHNFFBJ68CA,13,.02,共用部分,鋼筋混凝土造,94年1月11日,二十一層,
RPQNMLPJOHNFFBJ68CA,13,.08,見其他登記事項,鋼筋混凝土造,94年1月11日,二十一層,
RPQNMLPJOHNFFBJ68CA,13,57.51,共用部分,鋼筋混凝土造,94年1月11日,二十一層,
RPQNMLPJOHNFFBJ68CA,13,195.98,住家用,鋼筋混凝土造,94年1月11日,二十一層,十六層
RPQNMLPJOHNFFBJ68CA,13,22.05,共用部分,鋼筋混凝土造,94年1月11日,二十一層,
RPQNMLPJOHNFFBJ68CA,13,45.06,共用部分,鋼筋混凝土造,94年1月11日,二十一層,
RPUPMLPJOHNFFBJ66CA,4,108.32,住家用,鋼筋混凝土造,103年3月21日,二十四層,十六層
RPUPMLPJOHNFFBJ66CA,4,59.40,見其他登記事項,鋼筋混凝土造,103年3月21日,二十四層,
RPUPMLPJOHNFFBJ66CA,4,19.67,見其他登記事項,鋼筋混凝土造,103年3月21日,二十四層,
RPQNMLLMNHNFFBJ48CA,15,105.17,住家用,鋼筋混凝土造,92年7月24日,十層,九層
RPQNMLLMNHNFFBJ48CA,15,.06,見其他登記事項,鋼筋混凝土造,92年7月24日,十層,
RPQNMLSLNHNFFBJ09CA,4,122.27,住家用,鋼筋混凝土造,103年7月28日,二十四層,十五層
RPQNMLLMNHNFFBJ48CA,15,23.11,共用部分,鋼筋混凝土造,92年7月24日,十層,
RPQNMLSLNHNFFBJ09CA,4,26.46,見其他登記事項,鋼筋混凝土造,103年7月28日,二十四層,
RPQNMLLMNHNFFBJ48CA,15,.01,共用部分,鋼筋混凝土造,92年7月24日,十層,
RPQNMLSLNHNFFBJ09CA,4,26.24,見其他登記事項,鋼筋混凝土造,103年7月28日,二十四層,
RPQNMLLMNHNFFBJ48CA,15,23.22,共用部分,鋼筋混凝土造,92年7月24日,十層,
RPQNMLSLNHNFFBJ09CA,4,.04,見其他登記事項,鋼筋混凝土造,103年7月28日,二十四層,
RPQNMLSLNHNFFBJ09CA,4,66.44,見其他登記事項,鋼筋混凝土造,103年7月28日,二十四層,
RPQNMLLMNHNFFBJ48CA,15,15.33,共用部分,鋼筋混凝土造,92年7月24日,十層,
RPQQMLPLNHNFFBJ09CA,5,69.13,住家用,鋼筋混凝土造,101年10月12日,十五層,四層
RPQQMLPLNHNFFBJ09CA,5,49.71,見其他登記事項,鋼筋混凝土造,101年10月12日,十五層,
RPQQMLPLNHNFFBJ09CA,5,18.47,見其他登記事項,鋼筋混凝土造,101年10月12日,十五層,
RPPNMLRLNHNFFBJ88CA,4,89.00,住家用,鋼筋混凝土造,103年3月13日,十四層,四層
RPPNMLRLNHNFFBJ88CA,4,73.51,見其他登記事項,鋼筋混凝土造,103年3月13日,十四層,
RPSOMLSLNHNFFBJ76CA,,114.26,住家用,鋼筋混凝土造,106年11月30日,十三層,六層
RPSOMLSLNHNFFBJ76CA,,62.09,見其他登記事項,鋼筋混凝土造,106年11月30日,十三層,
RPSOMLSLNHNFFBJ76CA,,18.45,見其他登記事項,鋼筋混凝土造,106年11月30日,十三層,
RPXNMLLJOHNFFBJ98CA,28,13.50,共用部分,鋼筋混凝土造,79年7月26日,七層,
RPXNMLLJOHNFFBJ98CA,28,6.19,共用部分,鋼筋混凝土造,79年7月26日,七層,
RPXNMLLJOHNFFBJ98CA,28,13.50,共用部分,鋼筋混凝土造,79年7月26日,七層,
RPXNMLLJOHNFFBJ98CA,28,6.19,共用部分,鋼筋混凝土造,79年7月26日,七層,
RPXNMLLJOHNFFBJ98CA,28,50.14,住家用,鋼筋混凝土造,79年7月26日,七層,四層
RPXNMLLJOHNFFBJ98CA,28,50.14,住家用,鋼筋混凝土造,79年7月26日,七層,四層
RPTQMLTLNHNFFBJ17CA,38,108.10,住家用,加強磚造,69年7月8日,二層,一層 二層 騎樓
RPSNMLOJOHNFFBJ78CA,2,53.55,見其他登記事項,鋼筋混凝土造,105年1月26日,二十四層,
RPSNMLOJOHNFFBJ78CA,2,89.05,住家用,鋼筋混凝土造,105年1月26日,十三層,五層
RPSNMLLJOHNFFBJ48CA,13,.05,見其他登記事項,鋼筋混凝土造,93年10月18日,十四層,
RPSNMLLJOHNFFBJ48CA,13,46.28,共用部分,鋼筋混凝土造,93年10月18日,十四層,
RPSNMLLJOHNFFBJ48CA,13,135.74,住家用,鋼筋混凝土造,93年10月18日,十四層,一層 夾層
RPSNMLLJOHNFFBJ48CA,13,17.97,共用部分,鋼筋混凝土造,93年10月18日,十四層,
RPSNMLLJOHNFFBJ48CA,13,31.37,共用部分,鋼筋混凝土造,93年10月18日,十四層,
RPWNMLTLNHNFFBJ17CA,10,35.16,商業用,鋼筋混凝土造,97年6月9日,九層,三層
RPWNMLTLNHNFFBJ17CA,10,10.44,共用部分,鋼筋混凝土造,97年6月9日,九層,
RPWNMLTLNHNFFBJ17CA,10,5.00,共用部分,鋼筋混凝土造,97年6月9日,九層,
RPWNMLTLNHNFFBJ17CA,10,.08,見其他登記事項,鋼筋混凝土造,97年6月9日,九層,
RPWNMLTLNHNFFBJ17CA,10,9.09,共用部分,鋼筋混凝土造,97年6月9日,九層,
RPXNMLTLNHNFFBJ27CA,10,30.94,住家用,鋼筋混凝土造,96年12月28日,八層,七層
RPXNMLTLNHNFFBJ27CA,10,9.78,共用部分,鋼筋混凝土造,96年12月28日,八層,
RPXNMLTLNHNFFBJ27CA,10,45.53,共用部分,鋼筋混凝土造,96年12月28日,九層,
RPOQMLLMNHNFFBJ58CA,3,69.05,住家用,鋼筋混凝土造,104年5月19日,十四層,三層
RPOQMLLMNHNFFBJ58CA,3,63.78,見其他登記事項,鋼筋混凝土造,104年5月19日,十四層,
RPOOMLLLOHNFFBJ38CA,5,19.47,見其他登記事項,鋼筋混凝土造,101年11月8日,十三層,
RPOOMLLLOHNFFBJ38CA,5,82.47,住家用,鋼筋混凝土造,101年11月8日,十三層,十層
RPOOMLLLOHNFFBJ38CA,5,42.09,見其他登記事項,鋼筋混凝土造,101年11月8日,十三層,
RPROMLQJOHNFFBJ98CA,2,96.31,住家用,鋼筋混凝土造,105年8月3日,十三層,六層
RPROMLQJOHNFFBJ98CA,2,19.88,見其他登記事項,鋼筋混凝土造,105年8月3日,十三層,
RPROMLQJOHNFFBJ98CA,2,25.44,見其他登記事項,鋼筋混凝土造,105年8月3日,十三層,
RPROMLQJOHNFFBJ98CA,2,36.18,見其他登記事項,鋼筋混凝土造,105年8月3日,十三層,
RPROMLQJOHNFFBJ98CA,2,.11,住家用,鋼筋混凝土造,105年8月3日,十三層,
RPTNMLMLOHNFFBJ88CA,1,136.06,住家用,鋼筋混凝土造,106年7月5日,二十二層,十六層
RPTNMLMLOHNFFBJ88CA,1,17.71,見其他登記事項,鋼筋混凝土造,106年7月5日,二十二層,
RPTNMLMLOHNFFBJ88CA,1,44.45,見其他登記事項,鋼筋混凝土造,106年7月5日,二十二層,
RPTNMLMLOHNFFBJ88CA,1,77.67,見其他登記事項,鋼筋混凝土造,106年7月5日,二十二層,
RPTNMLMLOHNFFBJ88CA,1,3.85,見其他登記事項,鋼筋混凝土造,106年7月5日,二十二層,
RPVNMLTLNHNFFBJ17DA,2,230.72,見其他登記事項,鋼筋混凝土造,104年11月12日,三層,一層 二層 三層 屋頂突出物
RPOOMLSLNHNFFCJ09CA,,66.90,住家用,加強磚造,,二層,一層 二層
RPXOMLMLOHNFFBJ76CA,,63.32,住家用,鋼筋混凝土造,106年12月26日,十五層,四層
RPXOMLMLOHNFFBJ76CA,,57.66,見其他登記事項,鋼筋混凝土造,106年12月26日,十五層,
RPTPMLMLOHNFFBJ09CA,,100.54,住家用,鋼筋混凝土造,106年12月26日,十五層,十層
RPTPMLMLOHNFFBJ09CA,,105.33,見其他登記事項,鋼筋混凝土造,106年12月26日,十五層,
RPQPMLMLOHNFFBJ78CA,,98.94,住家用,鋼筋混凝土造,106年12月26日,十五層,十三層
RPQPMLMLOHNFFBJ78CA,,73.49,見其他登記事項,鋼筋混凝土造,106年12月26日,十五層,
RPRNMLTKOHNFFCJ76CA,39,144.85,住商用,加強磚造,68年5月24日,,一層 二層 騎樓
RPOPMLMLOHNFFBJ58CA,,63.32,住家用,鋼筋混凝土造,106年12月26日,十五層,五層
RPOPMLMLOHNFFBJ58CA,,30.19,見其他登記事項,鋼筋混凝土造,106年12月26日,十五層,
RPPPMLMLOHNFFBJ68CA,,63.32,住家用,鋼筋混凝土造,106年12月26日,十五層,七層
RPPPMLMLOHNFFBJ68CA,,60.08,見其他登記事項,鋼筋混凝土造,106年12月26日,十五層,
RPROMLRJOHNFFBJ09CA,12,85.27,住家用,鋼筋混凝土造,94年11月16日,十二層,十二層
RPROMLRJOHNFFBJ09CA,12,.08,商業用,鋼筋混凝土造,94年11月16日,十二層,
RPROMLRJOHNFFBJ09CA,12,.01,共用部分,鋼筋混凝土造,94年11月16日,十三層,
RPROMLRJOHNFFBJ09CA,12,15.00,共用部分,鋼筋混凝土造,94年11月16日,十三層,
RPROMLRJOHNFFBJ09CA,12,13.75,共用部分,鋼筋混凝土造,94年11月16日,十三層,
RPROMLRJOHNFFBJ09CA,12,11.61,共用部分,鋼筋混凝土造,94年11月16日,十三層,
RPSQMLLMNHNFFCJ09CA,18,210.61,住家用,鋼筋混凝土造,88年11月5日,四層,一層 二層 三層 四層
RPSQMLLMNHNFFCJ09CA,18,1.25,見其他登記事項,鋼筋混凝土造,88年11月5日,一層,
RPUQMLLMNHNFFCJ66CA,14,283.05,住家用,鋼筋混凝土造,92年12月10日,三層,一層 二層 三層 地下一層
RPSNMLLKOHNFFDJ78CA,36,93.76,住家用,鋼筋混凝土造,70年12月22日,五層,三層
RPSNMLLKOHNFFDJ78CA,36,13.88,共有部份,鋼筋混凝土造,70年12月22日,五層,
RPTNMLLKOHNFFDJ88CA,20,8.90,共有部份,鋼筋混凝土造,87年2月10日,五層,
RPTNMLLKOHNFFDJ88CA,20,73.61,住家用,鋼筋混凝土造,87年2月10日,五層,一層 二層
RPUNMLLKOHNFFDJ98CA,,310.21,農舍,鋼筋混凝土造,,二層,一層 二層
RPXNMLQJOHNFFCJ96CA,22,79.71,住家用,鋼筋混凝土造,85年5月6日,八層,一層
RPWPMLRJOHNFFCJ17CA,,93.96,住家用,加強磚造,,二層,一層 二層
RPXNMLQJOHNFFCJ96CA,22,12.66,共有部份,鋼筋混凝土造,85年5月6日,十層,
RPXNMLQJOHNFFCJ96CA,22,10.07,共有部份,鋼筋混凝土造,85年5月6日,十層,
RPXNMLQJOHNFFCJ96CA,22,29.38,見其他登記事項,鋼筋混凝土造,85年5月6日,十層,
RPROMLQJOHNFFCJ09CA,7,239.75,住商用,鋼筋混凝土造,99年12月25日,四層,一層 二層 三層 四層
RPSNMLKMNHNFFDJ78CA,42,54.98,住家用,磚造,65年5月31日,一層,一層
RPWNMLNKOHNFFDJ76CA,12,160.88,住家用,鋼筋混凝土造,95年3月30日,三層,一層 二層 三層
RPRNMLLMNHNFFDJ78CA,14,112.34,住家用,鋼筋混凝土造,93年9月20日,十層,七層
RPRNMLLMNHNFFDJ78CA,14,75.28,見其他登記事項,鋼筋混凝土造,93年9月20日,十層,
RPVNMLSLNHNFFDJ17CA,14,21.36,住家用,鋼筋混凝土造,93年7月5日,七層,七層
RPVNMLSLNHNFFDJ17CA,14,3.47,見其他登記事項,鋼筋混凝土造,93年7月5日,七層,
RPVNMLSLNHNFFDJ17CA,14,3.66,停車空間,鋼筋混凝土造,93年7月5日,八層,
RPVNMLSLNHNFFDJ17CA,14,1.58,見其他登記事項,鋼筋混凝土造,93年7月5日,七層,
RPOPMLTLNHNFFDJ76CA,,124.60,住家用,加強磚造,,二層,一層 二層 騎樓
RPTNMLPJOHNFFDJ56CA,,71.10,住家用,加強磚造,,二層,一層 二層
RPOOMLLJOHNFFDJ38CA,,52.84,見其他登記事項,鋼筋混凝土造,107年1月26日,五層,四層
RPOOMLLJOHNFFDJ38CA,,3.03,停車空間,鋼筋混凝土造,107年1月26日,五層,
RPOOMLLJOHNFFDJ38CA,,14.05,見其他登記事項,鋼筋混凝土造,107年1月26日,五層,
RPSNMLLJOHNFFDJ68CA,,145.10,住家用,鋼筋混凝土造,,三層,一層 二層 三層
RPXNMLMKOHNFFCJ66CA,,110.26,住家用,加強磚造,,二層,一層 二層
RPQNMLOKOHNFFCJ78CA,27,149.44,住家用,鋼筋混凝土造,79年11月20日,三層,一層 二層 三層
RPPNMLRJOHNFFCJ88CA,24,181.33,住家用,鋼筋混凝土造,83年5月13日,四層,一層 二層 三層 四層
RPPNMLRJOHNFFCJ88CA,24,72.28,共有部份,鋼筋混凝土造,83年5月13日,四層,
RPQPMLLMNHNFFCJ78CA,28,187.72,住家用,鋼筋混凝土造,79年4月23日,四層,一層 二層 三層 四層
RPPOMLLKOHNFFBJ38CA,12,74.37,商業用,鋼筋混凝土造,94年12月6日,五層,一層
RPPOMLLKOHNFFBJ38CA,12,15.57,共用部分,鋼筋混凝土造,94年12月6日,五層,
RPRNMLQJOHNFFDJ09CA,17,65.68,住家用,鋼筋混凝土造,90年5月10日,五層,二層
RPRNMLQJOHNFFDJ09CA,17,10.96,見其他登記事項,鋼筋混凝土造,90年5月10日,五層,
RPVNMLOKOHNFFBJ56CA,5,165.65,住家用,鋼筋混凝土造,102年5月16日,二十四層,六層
RPVNMLOKOHNFFBJ56CA,5,141.65,見其他登記事項,鋼筋混凝土造,102年5月16日,二十四層,
RPVNMLOKOHNFFBJ56CA,5,.82,見其他登記事項,鋼筋混凝土造,102年5月16日,二十四層,
RPUOMLMKOHNFFBJ98CA,13,98.31,住家用,鋼筋混凝土造,94年8月4日,十四層,十一層
RPUOMLMKOHNFFBJ98CA,13,47.15,共用部分,鋼筋混凝土造,94年8月4日,十四層,
RPUOMLMKOHNFFBJ98CA,13,12.36,共用部分,鋼筋混凝土造,94年8月4日,十四層,
RPUOMLMKOHNFFBJ98CA,13,2.62,見其他登記事項,鋼筋混凝土造,94年8月4日,十四層,
RPWOMLRJOHNFFBJ96CA,7,102.51,商業用,鋼筋混凝土造,100年9月2日,十層,一層 二層
RPWOMLRJOHNFFBJ96CA,7,14.38,見其他登記事項,鋼筋混凝土造,100年9月2日,十層,
RPWOMLRJOHNFFBJ96CA,7,46.73,見其他登記事項,鋼筋混凝土造,100年9月2日,十層,
RPQOMLSJOHNFFBJ09CA,,129.86,住家用,鋼筋混凝土造,106年10月20日,十五層,六層
RPQOMLSJOHNFFBJ09CA,,26.93,見其他登記事項,鋼筋混凝土造,106年10月20日,十五層,
RPQOMLSJOHNFFBJ09CA,,13.21,見其他登記事項,鋼筋混凝土造,106年10月20日,十五層,
RPQOMLSJOHNFFBJ09CA,,99.57,見其他登記事項,鋼筋混凝土造,106年10月20日,十五層,
RPVOMLMKOHNFFBJ09CA,11,.54,見其他登記事項,鋼筋混凝土造,96年6月25日,十四層,
RPVOMLMKOHNFFBJ09CA,11,.03,共用部分,鋼筋混凝土造,96年6月25日,十四層,
RPVOMLMKOHNFFBJ09CA,11,57.62,共用部分,鋼筋混凝土造,96年6月25日,十四層,
RPVOMLMKOHNFFBJ09CA,11,123.68,住家用,鋼筋混凝土造,96年6月25日,十四層,七層
RPVOMLMKOHNFFBJ09CA,11,12.54,共用部分,鋼筋混凝土造,96年6月25日,十四層,
RPVOMLMKOHNFFBJ09CA,11,30.44,共用部分,鋼筋混凝土造,96年6月25日,十四層,
RPPNMLOJOHNFFBJ48CA,24,104.94,住家用,鋼筋混凝土造,83年6月20日,八層,六層
RPPNMLOJOHNFFBJ48CA,24,37.18,共用部分,鋼筋混凝土造,83年6月20日,八層,
RPVNMLQJOHNFFBJ66CA,14,95.36,住家用,鋼筋混凝土造,93年5月17日,二十一層,十五層
RPVNMLQJOHNFFBJ66CA,14,21.23,共用部分,鋼筋混凝土造,93年5月17日,二十一層,
RPVNMLQJOHNFFBJ66CA,14,7.17,共用部分,鋼筋混凝土造,93年5月17日,二十一層,
RPVNMLQJOHNFFBJ66CA,14,.04,見其他登記事項,鋼筋混凝土造,93年5月17日,二十一層,
RPVNMLQJOHNFFBJ66CA,14,.01,共用部分,鋼筋混凝土造,93年5月17日,二十一層,
RPVNMLQJOHNFFBJ66CA,14,28.31,共用部分,鋼筋混凝土造,93年5月17日,二十一層,
RPWNMLPJOHNFFCJ76CA,3,86.61,見其他登記事項,鋼筋混凝土造,104年7月13日,十四層,六層
RPWNMLPJOHNFFCJ76CA,3,.00,共有部份,鋼筋混凝土造,104年7月13日,十四層,
RPWNMLPJOHNFFCJ76CA,3,.02,見其他登記事項,鋼筋混凝土造,104年7月13日,十四層,
RPWNMLPJOHNFFCJ76CA,3,28.73,共有部份,鋼筋混凝土造,104年7月13日,十四層,
RPWNMLPJOHNFFCJ76CA,3,18.51,共有部份,鋼筋混凝土造,104年7月13日,十四層,
RPWNMLPJOHNFFCJ76CA,3,20.64,共有部份,鋼筋混凝土造,104年7月13日,十四層,
RPVNMLPJOHNFFBJ56CA,13,28.22,商業用,鋼筋混凝土造,94年5月24日,十層,十層
RPVNMLPJOHNFFBJ56CA,13,15.11,共用部分,鋼筋混凝土造,94年5月24日,十層,
RPQPMLKMNHNFFBJ58CA,,87.49,住家用,鋼筋混凝土造,107年2月2日,十一層,四層
RPQPMLKMNHNFFBJ58CA,,76.98,見其他登記事項,鋼筋混凝土造,107年2月2日,十一層,
RPXPMLLMNHNFFBJ76CA,1,83.89,住家用,鋼筋混凝土造,107年2月2日,十一層,二層
RPXPMLLMNHNFFBJ76CA,1,75.37,見其他登記事項,鋼筋混凝土造,107年2月2日,十一層,
RPQPMLLJOHNFFBJ48CA,2,60.18,見其他登記事項,鋼筋混凝土造,104年12月4日,十四層,
RPQPMLLJOHNFFBJ48CA,2,94.85,住家用,鋼筋混凝土造,104年12月4日,十四層,十三層
RPQPMLLJOHNFFBJ48CA,2,19.37,見其他登記事項,鋼筋混凝土造,104年12月4日,十四層,
RPVTMLKMNHNFFBJ86CA,18,20.91,住家用,鋼筋混凝土造,89年9月6日,六層,五層
RPVTMLKMNHNFFBJ86CA,18,5.25,共用部分,鋼筋混凝土造,89年9月6日,六層,
RPVTMLKMNHNFFBJ86CA,18,6.09,共用部分,鋼筋混凝土造,89年9月6日,六層,
RPUNMLPJOHNFFCJ56CA,9,280.31,住家用,鋼筋混凝土造,98年10月5日,四層,一層 二層 三層 四層
RPRQMLKMNHNFFBJ78CA,37,54.00,住家用,鋼筋混凝土造,70年6月22日,四層,一層
RPPNMLNLOHNFFDJ78CA,24,154.81,住家用,鋼筋混凝土造,83年8月22日,十一層,十層 十一層
RPPNMLNLOHNFFDJ78CA,24,21.27,共有部份,鋼筋混凝土造,83年8月22日,十一層,
RPPNMLNLOHNFFDJ78CA,24,36.20,共有部份,鋼筋混凝土造,83年8月22日,十一層,
SPRQMLKMNHNFFBJ88CA,37,54.00,住家用,鋼筋混凝土造,70年6月22日,四層,二層
RPOUMLKMNHNFFBJ88CA,,115.50,住家用,加強磚造,,二層,一層 二層
RPXTMLKMNHNFFBJ07CA,2,68.67,住家用,鋼筋混凝土造,104年12月4日,十四層,十層
RPXTMLKMNHNFFBJ07CA,2,52.96,見其他登記事項,鋼筋混凝土造,104年12月4日,十四層,
RPXTMLKMNHNFFBJ07CA,2,14.02,見其他登記事項,鋼筋混凝土造,104年12月4日,十四層,
RPVNMLOJOHNFFDJ66CA,39,95.06,商業用,加強磚造,67年11月16日,二層,一層 二層 騎樓
RPSNMLPJOHNFFBJ88CA,3,98.00,住家用,鋼筋混凝土造,104年9月17日,十四層,十二層
RPSNMLPJOHNFFBJ88CA,3,59.80,見其他登記事項,鋼筋混凝土造,104年9月17日,十四層,
RPSNMLPJOHNFFBJ88CA,3,17.65,見其他登記事項,鋼筋混凝土造,104年9月17日,十四層,
RPTOMLPJOHNFFBJ09CA,3,174.75,住家用,鋼骨鋼筋混凝土造,104年7月31日,三十二層,二十八層
RPTOMLPJOHNFFBJ09CA,3,142.99,見其他登記事項,鋼骨鋼筋混凝土造,104年7月31日,三十二層,
RPTNMLTLNHNFFBJ86CA,6,111.19,住家用,鋼筋混凝土造,101年9月24日,二十五層,五層
RPTNMLTLNHNFFBJ86CA,6,97.54,見其他登記事項,鋼筋混凝土造,101年9月24日,二十五層,
RPTNMLTLNHNFFBJ86CA,6,24.44,見其他登記事項,鋼筋混凝土造,101年9月24日,二十五層,
RPRPMLPJOHNFFBJ98CA,2,20.06,見其他登記事項,鋼筋混凝土造,105年6月8日,二十七層,
RPRPMLPJOHNFFBJ98CA,2,64.37,住家用,鋼筋混凝土造,105年6月8日,二十七層,五層
RPRPMLPJOHNFFBJ98CA,2,40.33,見其他登記事項,鋼筋混凝土造,105年6月8日,二十七層,
RPSOMLPJOHNFFBJ98CA,3,182.64,住家用,鋼骨鋼筋混凝土造,104年7月31日,三十二層,二十層
RPSOMLPJOHNFFBJ98CA,3,147.08,見其他登記事項,鋼骨鋼筋混凝土造,104年7月31日,三十二層,
RPSOMLOJOHNFFBJ88CA,2,189.76,住家用,鋼筋混凝土造,105年1月11日,二十層,二層
RPSOMLOJOHNFFBJ88CA,2,39.64,見其他登記事項,鋼筋混凝土造,105年1月11日,二十層,
RPSOMLOJOHNFFBJ88CA,2,49.05,見其他登記事項,鋼筋混凝土造,105年1月11日,二十一層,
RPSOMLOJOHNFFBJ88CA,2,79.32,見其他登記事項,鋼筋混凝土造,105年1月11日,二十一層,
RPPQMLQJOHNFFBJ98CA,7,94.00,住家用,鋼筋混凝土造,100年7月7日,十五層,十一層
RPPQMLQJOHNFFBJ98CA,7,21.02,見其他登記事項,鋼筋混凝土造,100年7月7日,十五層,
RPPQMLQJOHNFFBJ98CA,7,47.69,見其他登記事項,鋼筋混凝土造,100年7月7日,十五層,
RPUOMLSJOHNFFBJ86CA,2,154.13,住家用,鋼筋混凝土造,104年11月5日,十九層,九層
RPUOMLSJOHNFFBJ86CA,2,112.63,見其他登記事項,鋼筋混凝土造,104年11月5日,十九層,
RPUOMLSJOHNFFBJ86CA,2,27.66,見其他登記事項,鋼筋混凝土造,104年11月5日,十九層,
RPTOMLOJOHNFFBJ98CA,2,195.59,住家用,鋼筋混凝土造,105年1月11日,二十一層,十三層
RPTOMLOJOHNFFBJ98CA,2,44.29,見其他登記事項,鋼筋混凝土造,105年1月11日,二十一層,
RPTOMLOJOHNFFBJ98CA,2,52.88,見其他登記事項,鋼筋混凝土造,105年1月11日,二十一層,
RPTOMLOJOHNFFBJ98CA,2,79.32,見其他登記事項,鋼筋混凝土造,105年1月11日,二十一層,
RPUOMLLLOHNFFBJ98CA,,67.23,住家用,鋼筋混凝土造,106年11月29日,十七層,九層
RPUOMLLLOHNFFBJ98CA,,11.66,見其他登記事項,鋼筋混凝土造,106年11月29日,十七層,
RPUOMLLLOHNFFBJ98CA,,21.83,見其他登記事項,鋼筋混凝土造,106年11月29日,十七層,
RPUOMLLLOHNFFBJ98CA,,38.62,見其他登記事項,鋼筋混凝土造,106年11月29日,十七層,
RPVOMLLLOHNFFBJ09CA,,94.33,住家用,鋼筋混凝土造,106年11月29日,十七層,三層
RPVOMLLLOHNFFBJ09CA,,17.00,見其他登記事項,鋼筋混凝土造,106年11月29日,十七層,
RPVOMLLLOHNFFBJ09CA,,31.07,見其他登記事項,鋼筋混凝土造,106年11月29日,十七層,
RPVOMLLLOHNFFBJ09CA,,38.62,見其他登記事項,鋼筋混凝土造,106年11月29日,十七層,
RPXOMLLLOHNFFBJ66CA,,100.38,住家用,鋼筋混凝土造,106年11月29日,十七層,十一層
RPXOMLLLOHNFFBJ66CA,,18.05,見其他登記事項,鋼筋混凝土造,106年11月29日,十七層,
RPXOMLLLOHNFFBJ66CA,,33.84,見其他登記事項,鋼筋混凝土造,106年11月29日,十七層,
RPXOMLLLOHNFFBJ66CA,,38.62,見其他登記事項,鋼筋混凝土造,106年11月29日,十七層,
RPOPMLLLOHNFFBJ48CA,,77.96,住家用,鋼筋混凝土造,106年11月29日,十七層,十七層
RPOPMLLLOHNFFBJ48CA,,13.82,見其他登記事項,鋼筋混凝土造,106年11月29日,十七層,
RPOPMLLLOHNFFBJ48CA,,25.88,見其他登記事項,鋼筋混凝土造,106年11月29日,十七層,
RPOPMLLLOHNFFBJ48CA,,38.62,見其他登記事項,鋼筋混凝土造,106年11月29日,十七層,
RPPPMLOKOHNFFBJ78CA,14,95.04,住家用,鋼筋混凝土造,93年5月17日,二十一層,八層
RPPPMLOKOHNFFBJ78CA,14,21.13,共用部分,鋼筋混凝土造,93年5月17日,二十一層,
RPPPMLOKOHNFFBJ78CA,14,7.17,共用部分,鋼筋混凝土造,93年5月17日,二十一層,
RPPPMLOKOHNFFBJ78CA,14,.04,見其他登記事項,鋼筋混凝土造,93年5月17日,二十一層,
RPPPMLOKOHNFFBJ78CA,14,.01,共用部分,鋼筋混凝土造,93年5月17日,二十一層,
RPPPMLOKOHNFFBJ78CA,14,28.31,共用部分,鋼筋混凝土造,93年5月17日,二十一層,
RPRPMLLLOHNFFBJ78CA,,100.38,住家用,鋼筋混凝土造,106年11月29日,十七層,十一層
RPRPMLLLOHNFFBJ78CA,,18.05,見其他登記事項,鋼筋混凝土造,106年11月29日,十七層,
RPRPMLLLOHNFFBJ78CA,,33.84,見其他登記事項,鋼筋混凝土造,106年11月29日,十七層,
RPRPMLLLOHNFFBJ78CA,,38.62,見其他登記事項,鋼筋混凝土造,106年11月29日,十七層,
RPPNMLPKOHNFFBJ68CA,,96.41,住家用,鋼筋混凝土造,106年12月27日,十五層,十三層
RPPNMLPKOHNFFBJ68CA,,68.04,見其他登記事項,鋼筋混凝土造,106年12月27日,十五層,
RPTPMLLLOHNFFBJ98CA,,100.38,住家用,鋼筋混凝土造,106年11月29日,十七層,十六層
RPTPMLLLOHNFFBJ98CA,,18.05,見其他登記事項,鋼筋混凝土造,106年11月29日,十七層,
RPTPMLLLOHNFFBJ98CA,,33.84,見其他登記事項,鋼筋混凝土造,106年11月29日,十七層,
RPTPMLLLOHNFFBJ98CA,,38.62,見其他登記事項,鋼筋混凝土造,106年11月29日,十七層,
RPWPMLLLOHNFFBJ66CA,,100.38,住家用,鋼筋混凝土造,106年11月29日,十七層,三層
RPWPMLLLOHNFFBJ66CA,,18.05,見其他登記事項,鋼筋混凝土造,106年11月29日,十七層,
RPWPMLLLOHNFFBJ66CA,,33.01,見其他登記事項,鋼筋混凝土造,106年11月29日,十七層,
RPWPMLLLOHNFFBJ66CA,,38.62,見其他登記事項,鋼筋混凝土造,106年11月29日,十七層,
RPUOMLRJOHNFFDJ96CA,4,200.12,見其他登記事項,鋼筋混凝土造,103年9月23日,四層,一層 二層 三層 四層
RPRQMLLMNHNFFBJ88CA,18,226.41,住家用,鋼筋混凝土造,88年11月19日,三層,一層 二層 三層 地下層
RPRQMLLMNHNFFBJ88CA,18,9.22,共用部分,鋼筋混凝土造,88年11月19日,三層,
RPOOMLTLNHNFFBJ09CA,21,150.50,住家用,鋼筋混凝土造,86年5月17日,四層,一層 二層 三層 四層
RPVPMLLLOHNFFBJ56CA,,67.23,住家用,鋼筋混凝土造,106年11月29日,十七層,十層
RPVPMLLLOHNFFBJ56CA,,11.66,見其他登記事項,鋼筋混凝土造,106年11月29日,十七層,
RPVPMLLLOHNFFBJ56CA,,21.83,見其他登記事項,鋼筋混凝土造,106年11月29日,十七層,
RPVPMLLLOHNFFBJ56CA,,38.62,見其他登記事項,鋼筋混凝土造,106年11月29日,十七層,
RPXPMLLLOHNFFBJ76CA,,100.38,住家用,鋼筋混凝土造,106年11月29日,十七層,五層
RPXPMLLLOHNFFBJ76CA,,18.05,見其他登記事項,鋼筋混凝土造,106年11月29日,十七層,
RPXPMLLLOHNFFBJ76CA,,33.01,見其他登記事項,鋼筋混凝土造,106年11月29日,十七層,
RPXPMLLLOHNFFBJ76CA,,38.62,見其他登記事項,鋼筋混凝土造,106年11月29日,十七層,
RPOQMLLLOHNFFBJ58CA,,94.33,住家用,鋼筋混凝土造,106年11月29日,十七層,十四層
RPOQMLLLOHNFFBJ58CA,,17.00,見其他登記事項,鋼筋混凝土造,106年11月29日,十七層,
RPOQMLLLOHNFFBJ58CA,,31.07,見其他登記事項,鋼筋混凝土造,106年11月29日,十七層,
RPOQMLLLOHNFFBJ58CA,,38.62,見其他登記事項,鋼筋混凝土造,106年11月29日,十七層,
RPRQMLLLOHNFFBJ88CA,,100.38,住家用,鋼筋混凝土造,106年11月29日,十七層,十層
RPRQMLLLOHNFFBJ88CA,,18.05,見其他登記事項,鋼筋混凝土造,106年11月29日,十七層,
RPRQMLLLOHNFFBJ88CA,,33.01,見其他登記事項,鋼筋混凝土造,106年11月29日,十七層,
RPRQMLLLOHNFFBJ88CA,,38.62,見其他登記事項,鋼筋混凝土造,106年11月29日,十七層,
RPQQMLLLOHNFFBJ78CA,,67.23,住家用,鋼筋混凝土造,106年11月29日,十七層,六層
RPQQMLLLOHNFFBJ78CA,,11.66,見其他登記事項,鋼筋混凝土造,106年11月29日,十七層,
RPQQMLLLOHNFFBJ78CA,,21.31,見其他登記事項,鋼筋混凝土造,106年11月29日,十七層,
RPQQMLLLOHNFFBJ78CA,,38.62,見其他登記事項,鋼筋混凝土造,106年11月29日,十七層,
RPSQMLLLOHNFFBJ98CA,,94.33,住家用,鋼筋混凝土造,106年11月29日,十七層,十一層
RPSQMLLLOHNFFBJ98CA,,17.00,見其他登記事項,鋼筋混凝土造,106年11月29日,十七層,
RPSQMLLLOHNFFBJ98CA,,31.84,見其他登記事項,鋼筋混凝土造,106年11月29日,十七層,
RPSQMLLLOHNFFBJ98CA,,38.62,見其他登記事項,鋼筋混凝土造,106年11月29日,十七層,
RPSPMLMLOHNFFBJ98CA,2,156.21,住家用,鋼筋混凝土造,104年11月5日,十九層,十六層
RPSPMLMLOHNFFBJ98CA,2,116.33,見其他登記事項,鋼筋混凝土造,104年11月5日,十九層,
RPSPMLMLOHNFFBJ98CA,2,28.04,見其他登記事項,鋼筋混凝土造,104年11月5日,十九層,
RPUNMLTLNHNFFCJ07CA,1,93.11,見其他登記事項,鋼筋混凝土造,105年10月5日,十二層,十一層
RPUNMLTLNHNFFCJ07CA,1,77.17,見其他登記事項,鋼筋混凝土造,105年10月5日,十二層,
RPOOMLNKOHNFFDJ68CA,12,96.13,住家用,鋼筋混凝土造,95年4月30日,五層,三層
RPOOMLNKOHNFFDJ68CA,12,12.00,見其他登記事項,鋼筋混凝土造,95年4月30日,五層,
RPQOMLRJOHNFFDJ56CA,24,81.54,住家用,鋼筋混凝土造,83年4月26日,五層,三層
RPQOMLRJOHNFFDJ56CA,24,7.44,共有部份,鋼筋混凝土造,83年4月26日,五層,
RPXNMLLKOHNFFDJ66CA,13,70.69,住家用,鋼筋混凝土造,94年8月30日,五層,三層
RPXNMLLKOHNFFDJ66CA,13,10.32,見其他登記事項,鋼筋混凝土造,94年8月30日,五層,
RPVNMLKMNHNFFCJ98CA,24,213.86,住家用,鋼筋混凝土造,83年6月29日,五層,五層 一層 二層 四層 三層
RPVNMLKMNHNFFCJ98CA,24,4.66,見其他登記事項,鋼筋混凝土造,83年6月29日,三層,
RPVNMLKMNHNFFCJ98CA,24,.32,見其他登記事項,鋼筋混凝土造,83年6月29日,二層,
RPPOMLLJOHNFFDJ48CA,6,295.33,農舍,鋼筋混凝土造,101年6月13日,二層,一層 二層
RPXNMLNKOHNFFBJ66CA,14,35.30,商業用,鋼筋混凝土造,93年9月21日,十二層,八層
RPXNMLNKOHNFFBJ66CA,14,39.62,共用部分,鋼筋混凝土造,93年9月21日,十二層,
RPTNMLLJOHNFFDJ78CA,9,91.96,見其他登記事項,鋼筋混凝土造,97年12月26日,七層,三層
RPTNMLLJOHNFFDJ78CA,9,14.56,見其他登記事項,鋼筋混凝土造,97年12月26日,七層,
RPTNMLLJOHNFFDJ78CA,9,16.00,停車空間,鋼筋混凝土造,97年12月26日,七層,
RPQNMLTKOHNFFDJ76CA,14,182.11,見其他登記事項,鋼筋混凝土造,93年8月28日,四層,一層 二層 三層 四層
RPVOMLTLNHNFFDJ37CA,,64.50,住家用,鋼筋混凝土造,106年12月19日,五層,五層
RPVOMLTLNHNFFDJ37CA,,11.51,停車空間,鋼筋混凝土造,106年12月19日,五層,
RPVOMLTLNHNFFDJ37CA,,8.11,見其他登記事項,鋼筋混凝土造,106年12月19日,五層,
RPWOMLTLNHNFFDJ47CA,,64.50,住家用,鋼筋混凝土造,106年12月19日,五層,五層
RPWOMLTLNHNFFDJ47CA,,11.51,停車空間,鋼筋混凝土造,106年12月19日,五層,
RPWOMLTLNHNFFDJ47CA,,8.58,見其他登記事項,鋼筋混凝土造,106年12月19日,五層,
RPSOMLOJOHNFFDJ09CA,19,184.77,住家用,鋼筋混凝土造,88年10月28日,四層,一層 二層 三層 四層 地下層
RPSOMLOJOHNFFDJ09CA,19,4.72,停車空間,鋼筋混凝土造,88年10月28日,四層,
RPSOMLOJOHNFFDJ09CA,19,.03,住家用,鋼筋混凝土造,88年10月28日,四層,
RPVOMLRLOHNFFBJ07CA,1,100.38,住家用,鋼筋混凝土造,106年11月29日,十七層,七層
RPVOMLRLOHNFFBJ07CA,1,18.05,見其他登記事項,鋼筋混凝土造,106年11月29日,十七層,
RPVOMLRLOHNFFBJ07CA,1,33.84,見其他登記事項,鋼筋混凝土造,106年11月29日,十七層,
RPVOMLRLOHNFFBJ07CA,1,38.62,見其他登記事項,鋼筋混凝土造,106年11月29日,十七層,
RPUOMLRLOHNFFBJ96CA,,73.39,住家用,鋼筋混凝土造,106年11月29日,十七層,二層
RPUOMLRLOHNFFBJ96CA,,13.09,見其他登記事項,鋼筋混凝土造,106年11月29日,十七層,
RPUOMLRLOHNFFBJ96CA,,24.45,見其他登記事項,鋼筋混凝土造,106年11月29日,十七層,
RPUOMLRLOHNFFBJ96CA,,38.62,見其他登記事項,鋼筋混凝土造,106年11月29日,十七層,
RPQNMLLMNHNFFDJ78DA,2,387.22,見其他登記事項,鋼筋混凝土造,105年4月30日,四層,一層 二層 三層 四層
RPUOMLLJOHNFFDJ98CA,,50.12,見其他登記事項,鋼筋混凝土造,107年2月13日,七層,五層
RPUOMLLJOHNFFDJ98CA,,10.56,見其他登記事項,鋼筋混凝土造,107年2月13日,七層,
RPUOMLLJOHNFFDJ98CA,,16.32,見其他登記事項,鋼筋混凝土造,107年2月13日,七層,
RPUNMLKMNHNFFDJ98CA,,150.96,住家用,加強磚造,,二層,騎樓 一層 二層
RPUPMLKLOHNFFBJ98CA,35,92.40,住家用,鋼筋混凝土造,72年6月30日,四層,三層
RPUPMLKLOHNFFBJ98CA,35,6.88,共用部分,鋼筋混凝土造,72年6月30日,五層,
RPOOMLOJOHNFFDJ68CA,10,77.93,住家用,鋼筋混凝土造,97年6月1日,五層,四層
RPOOMLOJOHNFFDJ68CA,10,17.54,見其他登記事項,鋼筋混凝土造,97年6月1日,五層,
RPVNMLLKOHNFFDJ09CA,18,112.73,住家用,鋼筋混凝土造,89年7月30日,五層,三層
RPVNMLLKOHNFFDJ09CA,18,12.61,見其他登記事項,鋼筋混凝土造,89年7月30日,五層,
RPUNMLPLOHNFFDJ86CA,13,11.95,見其他登記事項,鋼筋混凝土造,94年6月20日,五層,
RPUNMLPLOHNFFDJ86CA,13,59.39,住家用,鋼筋混凝土造,94年6月20日,五層,三層
RPRNMLSJOHNFFCJ56CA,42,138.10,住家用,加強磚造,65年6月1日,二層,一層 二層
RPWOMLOJOHNFFCJ76CA,12,199.50,住家用,鋼筋混凝土造,95年3月1日,四層,一層 二層 三層 四層
RPPNMLSLNHNFFCJ76CD,1,207.95,住家用,鋼筋混凝土造,106年1月20日,四層,一層 二層 三層 四層
RPQQMLMLOHNFFBJ88CA,,86.61,住家用,鋼筋混凝土造,107年2月2日,八層,二層
RPQQMLMLOHNFFBJ88CA,,84.85,見其他登記事項,鋼筋混凝土造,107年2月2日,八層,
RPWNMLPJOHNFFDJ86CA,2,275.15,見其他登記事項,鋼筋混凝土造,104年12月14日,四層,一層 二層 三層 四層
RPTNMLTJOHNFFBJ76CA,1,111.53,住家用,鋼筋混凝土造,106年7月5日,二十二層,二十一層
RPTNMLTJOHNFFBJ76CA,1,14.24,見其他登記事項,鋼筋混凝土造,106年7月5日,二十二層,
RPTNMLTJOHNFFBJ76CA,1,35.70,見其他登記事項,鋼筋混凝土造,106年7月5日,二十二層,
RPTNMLTJOHNFFBJ76CA,1,38.83,見其他登記事項,鋼筋混凝土造,106年7月5日,二十二層,
RPTNMLTJOHNFFBJ76CA,1,3.85,見其他登記事項,鋼筋混凝土造,106年7月5日,二十二層,
RPPOMLSJOHNFFBJ98CA,12,26.53,商業用,鋼筋混凝土造,95年8月21日,七層,五層
RPPOMLSJOHNFFBJ98CA,12,17.33,共用部分,鋼筋混凝土造,95年8月21日,七層,
RPWOMLMKOHNFFBJ56CA,15,96.75,住家用,鋼筋混凝土造,92年6月27日,十四層,十一層
RPWOMLMKOHNFFBJ56CA,15,13.10,共用部分,鋼筋混凝土造,92年6月27日,十四層,
RPWOMLMKOHNFFBJ56CA,15,18.69,共用部分,鋼筋混凝土造,92年6月27日,十四層,
RPOOMLTJOHNFFBJ98CA,4,80.47,住家用,鋼筋混凝土造,103年8月26日,十三層,五層
RPOOMLTJOHNFFBJ98CA,4,17.59,見其他登記事項,鋼筋混凝土造,103年8月26日,十三層,
RPOOMLTJOHNFFBJ98CA,4,56.64,見其他登記事項,鋼筋混凝土造,103年8月26日,十三層,
RPXOMLKLOHNFFBJ56CA,2,154.13,住家用,鋼筋混凝土造,104年11月5日,十九層,十三層
RPXOMLKLOHNFFBJ56CA,2,112.63,見其他登記事項,鋼筋混凝土造,104年11月5日,十九層,
RPXOMLKLOHNFFBJ56CA,2,27.66,見其他登記事項,鋼筋混凝土造,104年11月5日,十九層,
RPPOMLTJOHNFFBJ09CA,1,71.86,住家用,鋼筋混凝土造,106年7月5日,二十層,十五層
RPPOMLTJOHNFFBJ09CA,1,8.66,見其他登記事項,鋼筋混凝土造,106年7月5日,二十二層,
RPPOMLTJOHNFFBJ09CA,1,30.89,見其他登記事項,鋼筋混凝土造,106年7月5日,二十層,
RPPOMLTJOHNFFBJ09CA,1,38.83,見其他登記事項,鋼筋混凝土造,106年7月5日,二十二層,
RPPOMLTJOHNFFBJ09CA,1,3.85,見其他登記事項,鋼筋混凝土造,106年7月5日,二十二層,
RPQOMLTJOHNFFBJ56CA,3,136.06,住家用,鋼筋混凝土造,106年7月5日,二十二層,十四層
RPQOMLTJOHNFFBJ56CA,3,17.71,見其他登記事項,鋼筋混凝土造,106年7月5日,二十二層,
RPQOMLTJOHNFFBJ56CA,3,44.45,見其他登記事項,鋼筋混凝土造,106年7月5日,二十二層,
RPQOMLTJOHNFFBJ56CA,3,77.67,見其他登記事項,鋼筋混凝土造,106年7月5日,二十二層,
RPQOMLTJOHNFFBJ56CA,3,3.85,見其他登記事項,鋼筋混凝土造,106年7月5日,二十二層,
RPROMLTJOHNFFBJ66CA,1,103.90,住家用,鋼筋混凝土造,106年7月5日,二十層,十七層
RPROMLTJOHNFFBJ66CA,1,13.30,見其他登記事項,鋼筋混凝土造,106年7月5日,二十二層,
RPROMLTJOHNFFBJ66CA,1,47.22,見其他登記事項,鋼筋混凝土造,106年7月5日,二十層,
RPROMLTJOHNFFBJ66CA,1,38.83,見其他登記事項,鋼筋混凝土造,106年7月5日,二十二層,
RPROMLTJOHNFFBJ66CA,1,3.85,見其他登記事項,鋼筋混凝土造,106年7月5日,二十二層,
RPOOMLLKOHNFFBJ28CA,5,208.56,住家用,鋼筋混凝土造,102年9月17日,二十二層,十八層
RPOOMLLKOHNFFBJ28CA,5,151.85,見其他登記事項,鋼筋混凝土造,102年9月17日,二十二層,
RPRNMLSKOHNFFDJ76CA,11,191.74,見其他登記事項,鋼筋混凝土造,96年6月15日,四層,一層 二層 三層 四層
RPUOMLOJOHNFFBJ09CA,5,374.35,住家用,鋼筋混凝土造,102年5月15日,二十四層,二十三層 二十四層
RPUOMLOJOHNFFBJ09CA,5,95.20,見其他登記事項,鋼筋混凝土造,102年5月15日,二十四層,
RPUOMLOJOHNFFBJ09CA,5,201.26,見其他登記事項,鋼筋混凝土造,102年5月15日,二十四層,
RPPPMLLJOHNFFBJ38CA,22,81.49,住家用,鋼筋混凝土造,85年9月13日,七層,二層
RPPPMLLJOHNFFBJ38CA,22,14.18,共用部分,鋼筋混凝土造,85年9月13日,七層,
RPPPMLLJOHNFFBJ38CA,22,7.61,共用部分,鋼筋混凝土造,85年9月13日,七層,
RPPPMLLJOHNFFBJ38CA,22,.22,住家用,鋼筋混凝土造,85年9月13日,七層,
RPPPMLLJOHNFFBJ38CA,22,18.18,共用部分,鋼筋混凝土造,85年9月13日,七層,
RPSPMLLJOHNFFBJ68CA,,90.30,住家用,加強磚造,,二層,一層 二層
RPVNMLLJOHNFFBJ78CA,16,.10,見其他登記事項,鋼筋混凝土造,91年7月30日,十層,
RPVNMLLJOHNFFBJ78CA,16,.01,共用部分,鋼筋混凝土造,91年7月30日,十層,
RPVNMLLJOHNFFBJ78CA,16,26.47,共用部分,鋼筋混凝土造,91年7月30日,十層,
RPVNMLLJOHNFFBJ78CA,16,97.03,住家用,鋼筋混凝土造,91年7月30日,十層,三層
RPVNMLLJOHNFFBJ78CA,16,12.60,共用部分,鋼筋混凝土造,91年7月30日,十層,
RPVNMLLJOHNFFBJ78CA,16,24.19,共用部分,鋼筋混凝土造,91年7月30日,十層,
RPPPMLPJOHNFFBJ78CA,1,84.56,住家用,鋼筋混凝土造,105年9月21日,二十一層,十六層
RPPPMLPJOHNFFBJ78CA,1,97.17,見其他登記事項,鋼筋混凝土造,105年9月21日,二十一層,
RPPPMLPJOHNFFBJ78CA,1,.28,商業用,鋼筋混凝土造,105年9月21日,二十一層,
RPPPMLPJOHNFFBJ78CA,1,.14,見其他登記事項,鋼筋混凝土造,105年9月21日,二十一層,
RPVNMLRJOHNFFBJ76CA,4,93.83,住家用,鋼筋混凝土造,103年10月9日,十九層,八層
RPVNMLRJOHNFFBJ76CA,4,75.67,見其他登記事項,鋼筋混凝土造,103年10月9日,十九層,
RPVNMLRJOHNFFBJ76CA,4,.47,商業用,鋼筋混凝土造,103年10月9日,十九層,
RPVNMLRJOHNFFBJ76CA,4,.00,見其他登記事項,鋼筋混凝土造,103年10月9日,十九層,
RPVNMLRJOHNFFBJ76CA,4,.45,商業用,鋼筋混凝土造,103年10月9日,十九層,
RPVNMLRJOHNFFBJ76CA,4,.00,見其他登記事項,鋼筋混凝土造,103年10月9日,十九層,
RPUNMLLMNHNFFBJ88CA,,84.37,住家用,鋼筋混凝土造,107年2月2日,十一層,十層
RPUNMLLMNHNFFBJ88CA,,75.60,見其他登記事項,鋼筋混凝土造,107年2月2日,十一層,
RPVNMLMLOHNFFDJ66CA,23,64.77,住家用,鋼筋混凝土造,84年6月26日,七層,二層
RPVNMLMLOHNFFDJ66CA,23,15.26,共有部份,鋼筋混凝土造,84年6月26日,七層,
RPVNMLMLOHNFFDJ66CA,23,10.13,共有部份,鋼筋混凝土造,84年6月26日,七層,
RPSPMLLMNHNFFBJ88CA,10,33.25,共用部分,鋼筋混凝土造,97年9月15日,十六層,
RPSPMLLMNHNFFBJ88CA,10,.06,商業用,鋼筋混凝土造,97年9月15日,十六層,
RPSPMLLMNHNFFBJ88CA,10,.00,共用部分,鋼筋混凝土造,97年9月15日,十六層,
RPSPMLLMNHNFFBJ88CA,10,39.75,商業用,鋼筋混凝土造,97年9月15日,十六層,八層
RPSPMLLMNHNFFBJ88CA,10,5.68,共用部分,鋼筋混凝土造,97年9月15日,十六層,
RPSPMLLMNHNFFBJ88CA,10,2.44,共用部分,鋼筋混凝土造,97年9月15日,十六層,
RPSPMLLMNHNFFBJ88CA,10,12.09,共用部分,鋼筋混凝土造,97年9月15日,十六層,
RPQOMLLJOHNFFBJ38CA,1,58.58,住家用,鋼筋混凝土造,105年11月1日,二十三層,十層
RPQOMLLJOHNFFBJ38CA,1,39.67,見其他登記事項,鋼筋混凝土造,105年11月1日,二十三層,
RPQOMLLJOHNFFBJ38CA,1,20.19,見其他登記事項,鋼筋混凝土造,105年11月1日,二十三層,
RPTOMLLJOHNFFBJ68CA,1,61.21,住家用,鋼筋混凝土造,105年11月1日,二十三層,十一層
RPTOMLLJOHNFFBJ68CA,1,40.04,見其他登記事項,鋼筋混凝土造,105年11月1日,二十三層,
RPTOMLLJOHNFFBJ68CA,1,21.10,見其他登記事項,鋼筋混凝土造,105年11月1日,二十三層,
RPSOMLLJOHNFFBJ58CA,2,84.82,住家用,鋼筋混凝土造,105年9月21日,二十一層,十八層
RPSOMLLJOHNFFBJ58CA,2,77.39,見其他登記事項,鋼筋混凝土造,105年9月21日,二十一層,
RPSOMLLJOHNFFBJ58CA,2,.28,商業用,鋼筋混凝土造,105年9月21日,二十一層,
RPSOMLLJOHNFFBJ58CA,2,.14,見其他登記事項,鋼筋混凝土造,105年9月21日,二十一層,
RPUOMLLJOHNFFBJ78CA,1,58.58,住家用,鋼筋混凝土造,105年11月1日,二十三層,十五層
RPUOMLLJOHNFFBJ78CA,1,39.67,見其他登記事項,鋼筋混凝土造,105年11月1日,二十三層,
RPUOMLLJOHNFFBJ78CA,1,20.19,見其他登記事項,鋼筋混凝土造,105年11月1日,二十三層,
RPVOMLLJOHNFFBJ88CA,1,58.77,住家用,鋼筋混凝土造,105年11月1日,二十三層,二十三層
RPVOMLLJOHNFFBJ88CA,1,39.67,見其他登記事項,鋼筋混凝土造,105年11月1日,二十三層,
RPVOMLLJOHNFFBJ88CA,1,20.28,見其他登記事項,鋼筋混凝土造,105年11月1日,二十三層,
RPXOMLLJOHNFFBJ09CA,9,115.16,住家用,鋼筋混凝土造,98年4月21日,十二層,十層
RPXOMLLJOHNFFBJ09CA,9,27.14,共用部分,鋼筋混凝土造,98年4月21日,十二層,
RPXOMLLJOHNFFBJ09CA,9,21.68,共用部分,鋼筋混凝土造,98年4月21日,十二層,
RPXOMLLJOHNFFBJ09CA,9,.12,見其他登記事項,鋼筋混凝土造,98年4月21日,十二層,
RPXOMLLJOHNFFBJ09CA,9,58.72,共用部分,鋼筋混凝土造,98年4月21日,十二層,
RPVOMLPKOHNFFBJ76CA,11,157.70,住家用,鋼筋混凝土造,96年6月13日,三層,一層 二層 三層
RPVOMLPKOHNFFBJ76CA,11,.38,見其他登記事項,鋼筋混凝土造,96年6月13日,一層,
RPQNMLQLOHNFFBJ98CA,1,71.86,住家用,鋼筋混凝土造,106年7月5日,二十層,五層
RPQNMLQLOHNFFBJ98CA,1,8.66,見其他登記事項,鋼筋混凝土造,106年7月5日,二十二層,
RPQNMLQLOHNFFBJ98CA,1,30.89,見其他登記事項,鋼筋混凝土造,106年7月5日,二十層,
RPQNMLQLOHNFFBJ98CA,1,38.83,見其他登記事項,鋼筋混凝土造,106年7月5日,二十二層,
RPQNMLQLOHNFFBJ98CA,1,3.85,見其他登記事項,鋼筋混凝土造,106年7月5日,二十二層,
RPOPMLLJOHNFFBJ28CA,6,99.91,住家用,鋼筋混凝土造,101年5月31日,十四層,七層
RPOPMLLJOHNFFBJ28CA,6,87.57,見其他登記事項,鋼筋混凝土造,101年5月31日,十四層,
RPOPMLLJOHNFFBJ28CA,6,17.15,見其他登記事項,鋼筋混凝土造,101年5月31日,十四層,
RPPNMLQLOHNFFBJ88CA,1,136.06,住家用,鋼筋混凝土造,106年7月5日,二十二層,二層
RPPNMLQLOHNFFBJ88CA,1,17.71,見其他登記事項,鋼筋混凝土造,106年7月5日,二十二層,
RPPNMLQLOHNFFBJ88CA,1,44.45,見其他登記事項,鋼筋混凝土造,106年7月5日,二十二層,
RPPNMLQLOHNFFBJ88CA,1,38.83,見其他登記事項,鋼筋混凝土造,106年7月5日,二十二層,
RPPNMLQLOHNFFBJ88CA,1,3.85,見其他登記事項,鋼筋混凝土造,106年7月5日,二十二層,
RPPNMLOLOHNFFBJ68CA,5,639.92,商業用,鋼筋混凝土造,101年8月24日,二十三層,一層 二層
RPPNMLOLOHNFFBJ68CA,5,311.84,見其他登記事項,鋼筋混凝土造,101年8月24日,二十三層,
RPWNMLLJOHNFFCJ98CA,,86.90,住家用,加強磚造,,二層,一層 二層
RPQPMLQJOHNFFBJ98CA,2,73.17,住家用,鋼筋混凝土造,105年7月29日,十四層,五層
RPQPMLQJOHNFFBJ98CA,2,63.59,見其他登記事項,鋼筋混凝土造,105年7月29日,十四層,
RPQNMLPJOHNFFDJ88CA,,218.10,住家用,加強磚造,,二層,騎樓 一層 二層
RPSSMLLJOHNFFCJ09CA,13,202.63,住家用,鋼筋混凝土造,94年4月29日,四層,一層 二層 三層 四層
RPWPMLTKOHNFFBJ37CA,3,.04,住家用,鋼筋混凝土造,104年4月17日,二十九層,
RPWPMLTKOHNFFBJ37CA,3,29.75,見其他登記事項,鋼筋混凝土造,104年4月17日,二十九層,
RPWPMLTKOHNFFBJ37CA,3,125.56,住家用,鋼筋混凝土造,104年4月17日,二十九層,二十八層
RPWPMLTKOHNFFBJ37CA,3,.00,見其他登記事項,鋼筋混凝土造,104年4月17日,二十九層,
RPWPMLTKOHNFFBJ37CA,3,21.82,見其他登記事項,鋼筋混凝土造,104年4月17日,二十九層,
RPPOMLPKOHNFFDJ98CA,5,80.03,見其他登記事項,鋼筋混凝土造,102年9月3日,五層,四層
RPWPMLTKOHNFFBJ37CA,3,7.74,見其他登記事項,鋼筋混凝土造,104年4月17日,二十九層,
RPPOMLPKOHNFFDJ98CA,5,13.46,見其他登記事項,鋼筋混凝土造,102年9月3日,五層,
RPWPMLTKOHNFFBJ37CA,3,26.52,見其他登記事項,鋼筋混凝土造,104年4月17日,二十九層,
RPQPMLPKOHNFFDJ56CA,2,148.06,住家用,鋼筋混凝土造,105年1月18日,三層,一層 二層 三層
RPRPMLPKOHNFFDJ66CA,2,148.06,住家用,鋼筋混凝土造,105年1月18日,三層,一層 二層 三層
RPVOMLLJOHNFFDJ09CA,,59.76,住家用,鋼筋混凝土造,106年12月19日,五層,一層
RPVOMLLJOHNFFDJ09CA,,8.11,見其他登記事項,鋼筋混凝土造,106年12月19日,五層,
RPVOMLLJOHNFFDJ09CA,,3.09,停車空間,鋼筋混凝土造,106年12月19日,五層,
RPQNMLMJOHNFFDJ58CA,,107.30,住家用,加強磚造,,二層,一層 二層
RPPPMLLJOHNFFDJ58CA,,64.53,住家用,鋼筋混凝土造,106年12月19日,五層,三層
RPPPMLLJOHNFFDJ58CA,,11.51,停車空間,鋼筋混凝土造,106年12月19日,五層,
RPPPMLLJOHNFFDJ58CA,,8.11,見其他登記事項,鋼筋混凝土造,106年12月19日,五層,
RPWNMLLMNHNFFCJ56CA,1,208.86,見其他登記事項,鋼筋混凝土造,106年6月21日,四層,一層 二層 三層 四層 見其他登記事項
