﻿編號,屋齡,建物移轉面積(平方公尺),主要用途,主要建材,建築完成日期,總層數,建物分層
The serial number,room age,building shifting area (square meter),the main use,main building materials,construction completes the date,total layer,building lamination
RPPNMLPLNHNFFBK78CA,11,113.98,住家用,鋼筋混凝土造,96年3月16日,六層,五層
RPPNMLPLNHNFFBK78CA,11,25.75,停車空間,鋼筋混凝土造,96年3月16日,六層,
RPPNMLPLNHNFFBK78CA,11,18.43,共有部分,鋼筋混凝土造,96年3月16日,六層,
RPPNMLMLNHNFFBK48CA,1,42.55,住家用,鋼筋混凝土造,106年9月30日,九層,九層
RPPNMLMLNHNFFBK48CA,1,33.34,見其他登記事項,鋼筋混凝土造,106年9月30日,九層,
RPPNMLMLNHNFFBK48CA,1,42.55,住家用,鋼筋混凝土造,106年9月30日,九層,九層
RPPNMLMLNHNFFBK48CA,1,33.34,見其他登記事項,鋼筋混凝土造,106年9月30日,九層,
RPQNMLTJOHNFFBK56CA,37,115.53,住家用,鋼筋混凝土造,70年2月25日,一層,一層 地下層
RPQNMLLJOHNFFBK38CA,,77.39,住家用,加強磚造,,,一層
RPROMLLLNHNFFDK88CA,5,86.86,見其他登記事項,鋼筋混凝土造,101年12月13日,十五層,十四層
RPROMLLLNHNFFDK88CA,5,46.30,共有部分,鋼筋混凝土造,101年12月13日,十五層,
RPPNMLNLNHNFFAK48CA,22,338.72,農舍,鋼筋混凝土造,85年1月23日,二層,一層 二層
RPPNMLKMNHNFFBK38CA,,73.48,住家用,鋼筋混凝土造,107年1月24日,五層,五層
RPPNMLKMNHNFFBK38CA,,33.15,見其他登記事項,鋼筋混凝土造,107年1月24日,五層,
RPPNMLMLNHNFFDK68CA,17,22.47,住家用,鋼筋混凝土造,90年6月29日,三層,二層
RPPNMLMLNHNFFDK68CA,17,6.29,見其他登記事項,鋼筋混凝土造,90年6月29日,三層,
RPPNMLPLNHNFFDK98CA,5,138.99,見其他登記事項,鋼筋混凝土造,101年12月13日,十五層,十三層
RPPNMLPLNHNFFDK98CA,5,51.05,共有部分,鋼筋混凝土造,101年12月13日,十五層,
RPSOMLMLNHNFFDK09CA,1,216.83,見其他登記事項,鋼筋混凝土造,105年12月28日,四層,一層 二層 三層 四層
RPSOMLMLNHNFFDK09CA,1,8.49,見其他登記事項,鋼筋混凝土造,105年12月28日,四層,
RPTNMLMLNHNFFFK66CA,2,96.89,見其他登記事項,鋼筋混凝土造,105年6月13日,十四層,十四層
RPTNMLMLNHNFFFK66CA,2,51.72,見其他登記事項,鋼筋混凝土造,105年6月13日,十四層,
RPRNMLMLNHNFFFK09CA,35,81.00,住家用,加強磚造,71年11月20日,二層,一層 二層
RPSNMLMLNHNFFFK56CA,17,612.82,見其他登記事項,見其他登記事項,90年2月27日,二層,一層 二層
RPQNMLNLNHNFFFK09CA,,90.37,見其他登記事項,鋼筋混凝土造,106年11月15日,十四層,八層
RPQNMLNLNHNFFFK09CA,,20.55,見其他登記事項,鋼筋混凝土造,106年11月15日,十四層,
RPQNMLNLNHNFFFK09CA,,53.84,見其他登記事項,鋼筋混凝土造,106年11月15日,十四層,
RPPNMLNLNHNFFFK98CA,,90.83,見其他登記事項,鋼筋混凝土造,106年11月15日,十四層,五層
RPPNMLNLNHNFFFK98CA,,20.93,見其他登記事項,鋼筋混凝土造,106年11月15日,十四層,
RPPNMLNLNHNFFFK98CA,,54.05,見其他登記事項,鋼筋混凝土造,106年11月15日,十四層,
RPUNMLLLNHNFFFK66CA,10,388.43,住家用,見其他登記事項,97年4月23日,四層,一層 二層 三層 四層 屋頂突出物 騎樓
RPWNMLNLNHNFFFK07CA,3,83.05,見其他登記事項,鋼筋混凝土造,103年11月4日,九層,二層
RPWNMLNLNHNFFFK07CA,3,50.96,見其他登記事項,鋼筋混凝土造,103年11月4日,九層,
RPUNMLNLNHNFFFK86CA,26,152.33,住商用,鋼筋混凝土造,80年12月6日,四層,一層 二層 三層 四層 騎樓 電梯樓梯間
RPRNMLPLNHNFFFK76CA,4,175.69,見其他登記事項,鋼筋混凝土造,103年7月14日,五層,五層
RPRNMLPLNHNFFFK76CA,4,60.28,見其他登記事項,鋼筋混凝土造,103年7月14日,五層,
RPRNMLRJOHNFFBK56DA,,56.62,住家用,加強磚造,,,一層 二層
RPXNMLTLNHNFFFK77CA,,62.64,見其他登記事項,鋼筋混凝土造,106年8月8日,十層,八層
RPXNMLTLNHNFFFK77CA,,48.45,見其他登記事項,鋼筋混凝土造,106年8月8日,十層,
RPXNMLNLNHNFFFK17CA,11,28.35,住家用,見其他登記事項,96年4月11日,五層,二層
RPXNMLNLNHNFFFK17CA,11,9.56,見其他登記事項,見其他登記事項,96年4月11日,五層,
RPRNMLOLNHNFFEK56CA,25,186.20,住家用,鋼筋混凝土造,82年6月25日,二層,一層 二層 騎樓
RPUNMLPLNHNFFDK86CA,19,92.95,住家用,鋼筋混凝土造,87年11月11日,18,十六層
RPUNMLPLNHNFFDK86CA,19,11.18,見其他登記事項,鋼筋混凝土造,87年11月11日,十八層,
RPUNMLPLNHNFFDK86CA,19,10.08,見其他登記事項,鋼筋混凝土造,87年11月11日,十八層,
RPPOMLNLNHNFFDK88CA,1,83.53,住家用,鋼筋混凝土造,105年10月12日,十二層,七層
RPPOMLNLNHNFFDK88CA,1,20.00,共有部分,鋼筋混凝土造,105年10月12日,十二層,
RPPOMLNLNHNFFDK88CA,1,17.12,共有部分,鋼筋混凝土造,105年10月12日,十二層,
RPPOMLNLNHNFFDK88CA,1,17.54,共有部分,鋼筋混凝土造,105年10月12日,十二層,
RPQNMLPKOHNFFEK56CA,,170.41,住家用,鋼筋混凝土加強磚造,,二層,一層 二層 騎樓
RPQNMLPKOHNFFEK56CA,,172.45,住家用,鋼筋混凝土加強磚造,,二層,一層 二層 騎樓
RPTNMLNLNHNFFDK56CA,40,101.70,住家用,加強磚造,67年6月19日,二層,一層 二層
RPQNMLPLNHNFFDK09CA,3,229.97,住家用,鋼筋混凝土造,104年5月25日,三層,一層 二層 三層 見其他登記事項
RPRNMLNLNHNFFDK98CA,2,255.73,見其他登記事項,鋼筋混凝土造,105年9月21日,四層,一層 二層 三層 四層
RPQNMLQJOHNFFFK66CA,10,177.78,住商用,見其他登記事項,96年11月14日,三層,一層 二層 三層 電梯樓梯間
RPQNMLKMNHNFFBK48CA,,73.48,住家用,鋼筋混凝土造,107年1月24日,五層,二層
RPQNMLKMNHNFFBK48CA,,33.15,見其他登記事項,鋼筋混凝土造,107年1月24日,五層,
RPUNMLOLNHNFFDK76CA,42,59.76,住家用,鋼筋混凝土造,64年12月10日,二層,一層 二層
RPRNMLOLNHNFFCK98CA,22,7.26,見其他登記事項,鋼筋混凝土造,85年7月1日,十三層,
RPRNMLOLNHNFFCK98CA,,.18,見其他登記事項,鋼筋混凝土造,,十三層,
RPRNMLOLNHNFFCK98CA,22,17.72,見其他登記事項,鋼筋混凝土造,85年7月1日,十三層,
RPRNMLOLNHNFFCK98CA,22,113.76,見其他登記事項,鋼筋混凝土造,85年7月1日,十三層,六層
RPPNMLNKOHNFFCK68CA,,471.00,住家用,加強磚造,,二層,一層 二層
RPSNMLKLOHNFFBK68CA,44,91.17,住家用,鋼筋混凝土造,63年10月28日,三層,一層 二層 三層
RPSNMLKLOHNFFBK68CA,21,51.99,商業用,鋼造,85年12月9日,,一層 騎樓
RPXNMLNLNHNFFBK76CA,2,103.27,住家用,鋼筋混凝土造,105年7月12日,七層,七層
RPXNMLNLNHNFFBK76CA,2,35.43,見其他登記事項,鋼筋混凝土造,105年7月12日,七層,
RPXNMLNLNHNFFBK76CA,2,12.82,見其他登記事項,鋼筋混凝土造,105年7月12日,七層,
RPSNMLNKOHNFFBK88CA,,131.22,住家用,加強磚造,,,一層 二層 屋頂突出物
RPPNMLQKOHNFFBK88CA,,44.17,住家用,加強磚造,,二層,一層 二層 見其他登記事項
RPTNMLNKOHNFFBK98CA,23,95.02,住家用,鋼筋混凝土造,84年1月15日,十二層,十二層
RPTNMLNKOHNFFBK98CA,23,11.74,見其他登記事項,鋼筋混凝土造,84年1月15日,十二層,
RPTNMLNKOHNFFBK98CA,23,11.07,見其他登記事項,鋼筋混凝土造,84年1月15日,十二層,
RPTNMLNKOHNFFBK98CA,23,3.45,見其他登記事項,鋼筋混凝土造,84年1月15日,十二層,
RPUNMLNLNHNFFDK66CA,27,99.76,住家用,鋼筋混凝土造,80年1月25日,六層,四層
RPUNMLNLNHNFFDK66CA,27,14.48,見其他登記事項,鋼筋混凝土造,80年1月25日,六層,
RPUNMLNLNHNFFDK66CA,27,33.69,見其他登記事項,鋼筋混凝土造,80年1月15日,六層,地下層
RPUNMLNLNHNFFDK66CA,27,3.82,見其他登記事項,鋼筋混凝土造,80年1月15日,六層,
RPQNMLOLNHNFFDK98CA,1,93.24,見其他登記事項,鋼筋混凝土造,106年2月18日,十一層,九層
RPQNMLOLNHNFFDK98CA,1,58.86,共有部分,鋼筋混凝土造,106年2月18日,十一層,
RPQNMLOLNHNFFDK98CA,1,19.69,共有部分,鋼筋混凝土造,106年2月18日,十一層,
RPSNMLOLNHNFFDK56CA,1,35.84,見其他登記事項,鋼筋混凝土造,106年2月18日,十一層,八層
RPSNMLOLNHNFFDK56CA,1,24.14,共有部分,鋼筋混凝土造,106年2月18日,十一層,
RPSNMLOLNHNFFDK56CA,1,7.54,共有部分,鋼筋混凝土造,106年2月18日,十一層,
RPSNMLOLNHNFFDK56CA,1,24.14,共有部分,鋼筋混凝土造,106年2月18日,十一層,
RPSNMLOLNHNFFDK56CA,1,7.54,共有部分,鋼筋混凝土造,106年2月18日,十一層,
RPSNMLOLNHNFFDK56CA,1,35.84,見其他登記事項,鋼筋混凝土造,106年2月18日,十一層,八層
RPQNMLRLNHNFFDK66CA,1,326.42,見其他登記事項,鋼筋混凝土造,106年9月30日,四層,一層 二層 三層 四層 見其他登記事項
RPVNMLOJOHNFFBK56CA,23,182.99,住家用,鋼筋混凝土造,84年2月26日,四層,一層 二層 三層 四層
RPUNMLNLNHNFFBK09CA,18,179.29,住家用,鋼筋混凝土造,89年4月20日,三層,一層 二層 三層 屋頂突出物
RPSNMLOLNHNFFBK98CA,18,58.55,住家用,鋼筋混凝土造,88年11月23日,九層,六層
RPSNMLOLNHNFFBK98CA,18,16.07,共有部分,鋼筋混凝土造,88年11月23日,九層,
RPPOMLPLNHNFFDK09CA,,200.02,住家用,鋼筋混凝土加強磚造,106年10月2日,四層,一層 二層 三層 四層
RPWNMLSLNHNFFDK37CA,42,247.03,住家用,鋼筋混凝土造,65年8月18日,三層,一層 二層 三層 騎樓
RPUNMLOKOHNFFBK56CA,9,210.75,見其他登記事項,鋼筋混凝土造,98年1月10日,三層,一層 二層 三層 屋頂突出物 騎樓
RPTNMLLMNHNFFFK66CA,1,227.87,農舍,見其他登記事項,102年3月6日,二層,一層 二層
RPQNMLSLNHNFFDK76CA,1,319.61,見其他登記事項,鋼筋混凝土造,106年9月30日,四層,一層 二層 三層 四層 見其他登記事項
RPPNMLRLNHNFFDK56CA,1,328.87,見其他登記事項,鋼筋混凝土造,106年9月30日,四層,一層 二層 三層 四層 見其他登記事項
RPTNMLOLNHNFFBK56DA,25,272.67,住家用,鋼筋混凝土造,82年5月15日,,一層 二層 三層
RPUNMLLMNHNFFFK76CA,34,118.56,住家用,加強磚造,73年4月13日,二層,一層 二層
RPPOMLSLNHNFFDK76CA,1,326.55,見其他登記事項,鋼筋混凝土造,106年9月30日,四層,一層 二層 三層 四層 見其他登記事項
RPRNMLKMNHNFFDK78CA,2,236.32,見其他登記事項,鋼筋混凝土造,105年10月6日,四層,一層 二層 三層 四層 見其他登記事項
RPUNMLPJOHNFFDK76CA,3,83.25,見其他登記事項,鋼筋混凝土造,104年9月24日,五層,一層
RPUNMLPJOHNFFDK76CA,3,15.57,共有部分,鋼筋混凝土造,104年9月24日,五層,
RPUNMLPJOHNFFDK76CA,3,9.43,共有部分,鋼筋混凝土造,104年9月24日,五層,
RPRNMLMJOHNFFFK98CA,,120.42,見其他登記事項,鋼筋混凝土造,107年4月19日,十四層,十二層
RPRNMLMJOHNFFFK98CA,,79.32,見其他登記事項,鋼筋混凝土造,107年4月19日,十四層,
RPRNMLMJOHNFFFK98CA,,25.05,見其他登記事項,鋼筋混凝土造,107年4月19日,十四層,
RPQNMLMJOHNFFFK88CA,,120.42,見其他登記事項,鋼筋混凝土造,107年4月19日,十四層,七層
RPQNMLMJOHNFFFK88CA,,52.45,見其他登記事項,鋼筋混凝土造,107年4月19日,十四層,
RPQNMLMJOHNFFFK88CA,,25.05,見其他登記事項,鋼筋混凝土造,107年4月19日,十四層,
RPTNMLMJOHNFFFK56CA,,119.82,見其他登記事項,鋼筋混凝土造,107年4月19日,十四層,九層
RPTNMLMJOHNFFFK56CA,,51.32,見其他登記事項,鋼筋混凝土造,107年4月19日,十四層,
RPTNMLMJOHNFFFK56CA,,25.08,見其他登記事項,鋼筋混凝土造,107年4月19日,十四層,
RPSNMLMJOHNFFFK09CA,,119.82,見其他登記事項,鋼筋混凝土造,107年4月19日,十四層,六層
RPSNMLMJOHNFFFK09CA,,52.45,見其他登記事項,鋼筋混凝土造,107年4月19日,十四層,
RPSNMLMJOHNFFFK09CA,,25.08,見其他登記事項,鋼筋混凝土造,107年4月19日,十四層,
RPVNMLMJOHNFFFK76CA,,95.60,見其他登記事項,鋼筋混凝土造,107年4月19日,十四層,十層
RPVNMLMJOHNFFFK76CA,,46.92,見其他登記事項,鋼筋混凝土造,107年4月19日,十四層,
RPVNMLMJOHNFFFK76CA,,19.63,見其他登記事項,鋼筋混凝土造,107年4月19日,十四層,
RPUNMLMJOHNFFFK66CA,,119.82,見其他登記事項,鋼筋混凝土造,107年4月19日,十四層,十四層
RPUNMLMJOHNFFFK66CA,,52.45,見其他登記事項,鋼筋混凝土造,107年4月19日,十四層,
RPUNMLMJOHNFFFK66CA,,25.08,見其他登記事項,鋼筋混凝土造,107年4月19日,十四層,
RPSNMLOJOHNFFFK66CA,,89.12,見其他登記事項,鋼筋混凝土造,107年4月19日,十四層,六層
RPSNMLOJOHNFFFK66CA,,45.53,見其他登記事項,鋼筋混凝土造,107年4月19日,十四層,
RPSNMLOJOHNFFFK66CA,,18.29,見其他登記事項,鋼筋混凝土造,107年4月19日,十四層,
RPVNMLOJOHNFFFK96CA,,95.60,見其他登記事項,鋼筋混凝土造,107年4月19日,十四層,三層
RPVNMLOJOHNFFFK96CA,,46.92,見其他登記事項,鋼筋混凝土造,107年4月19日,十四層,
RPVNMLOJOHNFFFK96CA,,19.63,見其他登記事項,鋼筋混凝土造,107年4月19日,十四層,
RPUNMLOJOHNFFFK86CA,,120.42,見其他登記事項,鋼筋混凝土造,107年4月19日,十四層,十三層
RPUNMLOJOHNFFFK86CA,,52.45,見其他登記事項,鋼筋混凝土造,107年4月19日,十四層,
RPUNMLOJOHNFFFK86CA,,25.05,見其他登記事項,鋼筋混凝土造,107年4月19日,十四層,
RPWNMLOJOHNFFFK07CA,,89.12,見其他登記事項,鋼筋混凝土造,107年4月19日,十四層,四層
RPWNMLOJOHNFFFK07CA,,45.53,見其他登記事項,鋼筋混凝土造,107年4月19日,十四層,
RPWNMLOJOHNFFFK07CA,,18.29,見其他登記事項,鋼筋混凝土造,107年4月19日,十四層,
RPXNMLOJOHNFFFK17CA,,96.24,見其他登記事項,鋼筋混凝土造,107年4月19日,十四層,九層
RPXNMLOJOHNFFFK17CA,,46.92,見其他登記事項,鋼筋混凝土造,107年4月19日,十四層,
RPXNMLOJOHNFFFK17CA,,19.70,見其他登記事項,鋼筋混凝土造,107年4月19日,十四層,
RPPOMLOJOHNFFFK09CA,,96.24,見其他登記事項,鋼筋混凝土造,107年4月19日,十四層,五層
RPPOMLOJOHNFFFK09CA,,46.92,見其他登記事項,鋼筋混凝土造,107年4月19日,十四層,
RPPOMLOJOHNFFFK09CA,,19.70,見其他登記事項,鋼筋混凝土造,107年4月19日,十四層,
RPTNMLOJOHNFFFK76CA,,120.42,見其他登記事項,鋼筋混凝土造,107年4月19日,十四層,十二層
RPTNMLOJOHNFFFK76CA,,79.32,見其他登記事項,鋼筋混凝土造,107年4月19日,十四層,
RPTNMLOJOHNFFFK76CA,,25.05,見其他登記事項,鋼筋混凝土造,107年4月19日,十四層,
RPROMLOJOHNFFFK66CA,,96.24,見其他登記事項,鋼筋混凝土造,107年4月19日,十四層,十二層
RPROMLOJOHNFFFK66CA,,46.92,見其他登記事項,鋼筋混凝土造,107年4月19日,十四層,
RPROMLOJOHNFFFK66CA,,19.70,見其他登記事項,鋼筋混凝土造,107年4月19日,十四層,
RPOOMLOJOHNFFFK98CA,,94.28,見其他登記事項,鋼筋混凝土造,107年4月19日,十四層,三層
RPOOMLOJOHNFFFK98CA,,46.92,見其他登記事項,鋼筋混凝土造,107年4月19日,十四層,
RPOOMLOJOHNFFFK98CA,,19.70,見其他登記事項,鋼筋混凝土造,107年4月19日,十四層,
RPQOMLOJOHNFFFK56CA,,96.24,見其他登記事項,鋼筋混凝土造,107年4月19日,十四層,十一層
RPQOMLOJOHNFFFK56CA,,46.92,見其他登記事項,鋼筋混凝土造,107年4月19日,十四層,
RPQOMLOJOHNFFFK56CA,,19.70,見其他登記事項,鋼筋混凝土造,107年4月19日,十四層,
RPRNMLOJOHNFFFK56CA,,95.60,見其他登記事項,鋼筋混凝土造,107年4月19日,十四層,十一層
RPRNMLOJOHNFFFK56CA,,46.92,見其他登記事項,鋼筋混凝土造,107年4月19日,十四層,
RPRNMLOJOHNFFFK56CA,,19.63,見其他登記事項,鋼筋混凝土造,107年4月19日,十四層,
RPXOMLLMNHNFFFK17CA,2,28.34,見其他登記事項,鋼筋混凝土造,104年12月21日,六層,三層
RPXOMLLMNHNFFFK17CA,2,12.83,見其他登記事項,鋼筋混凝土造,104年12月21日,六層,
RPXOMLLMNHNFFFK17CA,2,17.59,見其他登記事項,鋼筋混凝土造,104年12月21日,六層,
RPVOMLOJOHNFFFK07CA,,56.99,見其他登記事項,鋼筋混凝土造,107年4月19日,十四層,二層
RPVOMLOJOHNFFFK07CA,,12.36,見其他登記事項,鋼筋混凝土造,107年4月19日,十四層,
RPVOMLOJOHNFFFK07CA,,12.13,見其他登記事項,鋼筋混凝土造,107年4月19日,十四層,
RPPNMLTKOHNFFFK96CA,1,84.92,見其他登記事項,鋼筋混凝土造,106年7月31日,十五層,十二層
RPPNMLTKOHNFFFK96CA,1,43.23,見其他登記事項,鋼筋混凝土造,106年7月31日,十五層,
RPPNMLTKOHNFFFK96CA,1,2.61,見其他登記事項,鋼筋混凝土造,106年7月31日,十五層,
RPPNMLTKOHNFFFK96CA,1,21.18,見其他登記事項,鋼筋混凝土造,106年7月31日,十五層,
RPSNMLTKOHNFFFK27CA,,84.92,見其他登記事項,鋼筋混凝土造,106年7月31日,十五層,七層
RPSNMLTKOHNFFFK27CA,,43.16,見其他登記事項,鋼筋混凝土造,106年7月31日,十五層,
RPSNMLTKOHNFFFK27CA,,2.60,見其他登記事項,鋼筋混凝土造,106年7月31日,十五層,
RPSNMLTKOHNFFFK27CA,,21.14,見其他登記事項,鋼筋混凝土造,106年7月31日,十五層,
RPQNMLTKOHNFFFK07CA,1,62.54,見其他登記事項,鋼筋混凝土造,106年7月31日,十五層,八層
RPQNMLTKOHNFFFK07CA,1,40.04,見其他登記事項,鋼筋混凝土造,106年7月31日,十五層,
RPQNMLTKOHNFFFK07CA,1,1.92,見其他登記事項,鋼筋混凝土造,106年7月31日,十五層,
RPQNMLTKOHNFFFK07CA,1,15.55,見其他登記事項,鋼筋混凝土造,106年7月31日,十五層,
RPSOMLOJOHNFFFK76CA,,96.24,見其他登記事項,鋼筋混凝土造,107年4月19日,十四層,十三層
RPSOMLOJOHNFFFK76CA,,46.92,見其他登記事項,鋼筋混凝土造,107年4月19日,十四層,
RPSOMLOJOHNFFFK76CA,,19.70,見其他登記事項,鋼筋混凝土造,107年4月19日,十四層,
RPRNMLTKOHNFFFK17CA,1,84.92,見其他登記事項,鋼筋混凝土造,106年7月31日,十五層,二層
RPRNMLTKOHNFFFK17CA,1,43.16,見其他登記事項,鋼筋混凝土造,106年7月31日,十五層,
RPRNMLTKOHNFFFK17CA,1,2.60,見其他登記事項,鋼筋混凝土造,106年7月31日,十五層,
RPRNMLTKOHNFFFK17CA,1,21.11,見其他登記事項,鋼筋混凝土造,106年7月31日,十五層,
RPXNMLLMNHNFFFK07CA,1,89.80,見其他登記事項,鋼筋混凝土造,106年4月25日,十四層,十三層
RPXNMLLMNHNFFFK07CA,1,19.92,見其他登記事項,鋼筋混凝土造,106年4月25日,十四層,
RPXNMLLMNHNFFFK07CA,1,92.76,見其他登記事項,鋼筋混凝土造,106年4月25日,十四層,
RPROMLPLNHNFFDK66CA,11,135.98,住家用,鋼筋混凝土造,96年2月1日,三層,一層 二層 三層
RPTNMLOLNHNFFDK66CA,25,94.79,住家用,鋼筋混凝土造,82年3月30日,六層,六層
RPTNMLOLNHNFFDK66CA,25,13.70,見其他登記事項,鋼筋混凝土造,82年3月30日,六層,
RPTNMLOLNHNFFDK66CA,25,20.25,見其他登記事項,鋼筋混凝土造,82年3月30日,六層,
RPTNMLOLNHNFFDK66CA,25,.01,見其他登記事項,鋼筋混凝土造,82年3月30日,六層,
RPVNMLMKOHNFFDK66CA,,240.18,見其他登記事項,鋼筋混凝土造,106年12月29日,四層,一層 二層 三層 四層 見其他登記事項
RPWNMLMKOHNFFDK76CA,,237.85,見其他登記事項,鋼筋混凝土造,106年12月29日,四層,一層 二層 三層 四層 見其他登記事項
RPWNMLOLNHNFFFK17CA,23,189.50,住家用,鋼筋混凝土造,84年7月18日,四層,一層 二層 三層 四層
RPWNMLOLNHNFFFK17CA,23,54.29,見其他登記事項,鋼筋混凝土造,84年7月18日,七層,
RPSNMLQJOHNFFCK56CA,42,135.18,住家用,加強磚造,65年7月15日,二層,一層 二層
RPPNMLSLNHNFFFK86CA,43,190.60,住家用,加強磚造,64年3月15日,二層,一層 二層 騎樓
RPXNMLOLNHNFFFK27CA,25,80.35,住家用,鋼筋混凝土造,82年9月4日,六層,四層
RPXNMLOLNHNFFFK27CA,25,8.82,共有部分,鋼筋混凝土造,82年9月4日,六層,
RPXNMLOLNHNFFFK27CA,25,9.93,共有部分,鋼筋混凝土造,82年9月4日,六層,
RPSNMLPLNHNFFFK86CA,56,346.40,商業用,加強磚造,51年8月15日,三層,一層 二層 三層 騎樓
RPSNMLKMNHNFFDK88CA,2,262.71,見其他登記事項,鋼筋混凝土造,105年2月5日,四層,一層 二層 三層 四層 見其他登記事項
RPUNMLOLNHNFFBK56CA,3,90.63,住家用,鋼筋混凝土造,103年12月11日,五層,二層
RPUNMLOLNHNFFBK56CA,3,38.66,見其他登記事項,鋼筋混凝土造,103年12月11日,五層,
RPRNMLSLNHNFFBK66CA,35,132.52,農舍,鋼筋混凝土造,72年1月8日,二層,一層 二層
RPTNMLQJOHNFFCK66CA,22,61.33,住家用,鋼筋混凝土造,85年4月11日,四層,四層
RPTNMLQJOHNFFCK66CA,22,15.02,住家用,鋼筋混凝土造,85年4月11日,四層,
RPTNMLPLNHNFFDK76CA,21,211.33,住家用,鋼筋混凝土造,86年3月13日,二層,一層 二層 騎樓 電梯樓梯間
RPRNMLPLNHNFFDK56CA,10,246.86,見其他登記事項,鋼筋混凝土造,97年7月22日,四層,一層 二層
RPRNMLPLNHNFFDK56CA,10,14.95,見其他登記事項,鋼筋混凝土造,97年7月22日,四層,
RPRNMLPLNHNFFDK56CA,10,129.15,見其他登記事項,鋼筋混凝土造,97年7月22日,四層,三層
RPRNMLPLNHNFFDK56CA,10,14.95,見其他登記事項,鋼筋混凝土造,97年7月22日,四層,
RPRNMLPLNHNFFDK56CA,10,69.17,見其他登記事項,鋼筋混凝土造,97年7月22日,四層,四層
RPRNMLPLNHNFFDK56CA,10,14.95,見其他登記事項,鋼筋混凝土造,97年7月22日,四層,
RPUNMLSLNHNFFDK17CA,,86.01,住家用,鋼筋混凝土造,106年8月25日,十層,三層
RPUNMLSLNHNFFDK17CA,,52.93,共有部分,鋼筋混凝土造,106年8月25日,十層,
RPUNMLSLNHNFFDK17CA,,17.77,共有部分,鋼筋混凝土造,106年8月25日,十層,
RPUNMLSLNHNFFDK17CA,,5.18,見其他登記事項,鋼筋混凝土造,106年8月25日,十層,
RPUNMLSLNHNFFDK17CA,,.67,共有部分,鋼筋混凝土造,106年8月25日,十層,
RPRNMLSLNHNFFDK86CA,,86.08,住家用,鋼筋混凝土造,106年8月25日,十層,六層
RPRNMLSLNHNFFDK86CA,,53.01,共有部分,鋼筋混凝土造,106年8月25日,十層,
RPRNMLSLNHNFFDK86CA,,17.79,共有部分,鋼筋混凝土造,106年8月25日,十層,
RPRNMLSLNHNFFDK86CA,,5.18,見其他登記事項,鋼筋混凝土造,106年8月25日,十層,
RPRNMLSLNHNFFDK86CA,,.67,共有部分,鋼筋混凝土造,106年8月25日,十層,
RPVNMLSLNHNFFDK27CA,,65.70,住家用,鋼筋混凝土造,106年8月25日,九層,八層
RPVNMLSLNHNFFDK27CA,,48.96,共有部分,鋼筋混凝土造,106年8月25日,十層,
RPVNMLSLNHNFFDK27CA,,13.57,共有部分,鋼筋混凝土造,106年8月25日,十層,
RPVNMLSLNHNFFDK27CA,,5.18,見其他登記事項,鋼筋混凝土造,106年8月25日,十層,
RPVNMLSLNHNFFDK27CA,,.67,共有部分,鋼筋混凝土造,106年8月25日,十層,
RPOOMLSLNHNFFDK66CA,45,102.60,住家用,見其他登記事項,62年8月27日,二層,一層 二層
RPXNMLTLNHNFFDK57CA,1,216.93,見其他登記事項,鋼筋混凝土造,105年12月28日,四層,一層 二層 三層 四層
RPXNMLTLNHNFFDK57CA,1,8.49,見其他登記事項,鋼筋混凝土造,105年12月28日,四層,
RPOOMLTLNHNFFDK76CA,1,224.63,見其他登記事項,鋼筋混凝土造,105年12月28日,四層,一層 二層 三層 四層 騎樓
RPOOMLTLNHNFFDK76CA,1,8.79,見其他登記事項,鋼筋混凝土造,105年12月28日,四層,
RPTNMLSJOHNFFBK76CA,,175.69,住家用,鋼筋混凝土造,107年1月29日,三層,一層 二層 三層 屋頂突出物
RPPOMLTLNHNFFDK86CA,1,102.27,見其他登記事項,鋼筋混凝土造,106年7月25日,五層,三層
RPPOMLTLNHNFFDK86CA,1,24.11,共有部分,鋼筋混凝土造,106年7月25日,五層,
RPPOMLTLNHNFFDK86CA,1,15.69,共有部分,鋼筋混凝土造,106年7月25日,五層,
RPPNMLLMNHNFFDK68CA,,114.62,見其他登記事項,鋼筋混凝土造,107年2月5日,十四層,一層 見其他登記事項
RPPNMLLMNHNFFDK68CA,,59.21,共有部分,鋼筋混凝土造,107年2月5日,十四層,
RPTNMLTLOHNFFBK17DA,49,728.00,住家用,鋼筋混凝土造,58年3月31日,,一層 二層 三層 屋頂突出物
RPQOMLTLNHNFFBK76CA,36,76.66,住家用,鋼筋混凝土造,71年2月27日,,一層 見其他登記事項
RPOOMLTLNHNFFBK56CA,23,61.96,住家用,鋼筋混凝土造,84年4月18日,五層,四層
RPOOMLTLNHNFFBK56CA,23,15.91,見其他登記事項,鋼筋混凝土造,84年4月18日,五層,
RPQNMLLMNHNFFDK78CA,,108.84,住家用,鋼筋混凝土造,107年2月5日,十四層,九層
RPQNMLLMNHNFFDK78CA,,50.31,共有部分,鋼筋混凝土造,107年2月5日,十四層,
RPQNMLLMNHNFFDK78CA,,24.23,共有部分,鋼筋混凝土造,107年2月5日,十四層,
RPXOMLOJOHNFFFK27CA,,59.62,見其他登記事項,鋼筋混凝土造,107年4月19日,十四層,五層
RPXOMLOJOHNFFFK27CA,,38.10,見其他登記事項,鋼筋混凝土造,107年4月19日,十四層,
RPXOMLOJOHNFFFK27CA,,12.13,見其他登記事項,鋼筋混凝土造,107年4月19日,十四層,
RPWOMLOJOHNFFFK17CA,,59.62,見其他登記事項,鋼筋混凝土造,107年4月19日,十四層,四層
RPWOMLOJOHNFFFK17CA,,12.36,見其他登記事項,鋼筋混凝土造,107年4月19日,十四層,
RPWOMLOJOHNFFFK17CA,,12.13,見其他登記事項,鋼筋混凝土造,107年4月19日,十四層,
RPPPMLOJOHNFFFK56CA,,59.62,見其他登記事項,鋼筋混凝土造,107年4月19日,十四層,九層
RPPPMLOJOHNFFFK56CA,,39.23,見其他登記事項,鋼筋混凝土造,107年4月19日,十四層,
RPPPMLOJOHNFFFK56CA,,12.13,見其他登記事項,鋼筋混凝土造,107年4月19日,十四層,
RPOPMLOJOHNFFFK09CA,,59.62,見其他登記事項,鋼筋混凝土造,107年4月19日,十四層,八層
RPOPMLOJOHNFFFK09CA,,12.36,見其他登記事項,鋼筋混凝土造,107年4月19日,十四層,
RPOPMLOJOHNFFFK09CA,,12.13,見其他登記事項,鋼筋混凝土造,107年4月19日,十四層,
RPQPMLOJOHNFFFK66CA,,59.62,見其他登記事項,鋼筋混凝土造,107年4月19日,十四層,十層
RPQPMLOJOHNFFFK66CA,,39.23,見其他登記事項,鋼筋混凝土造,107年4月19日,十四層,
RPQPMLOJOHNFFFK66CA,,12.13,見其他登記事項,鋼筋混凝土造,107年4月19日,十四層,
RPSPMLOJOHNFFFK86CA,,109.44,見其他登記事項,鋼筋混凝土造,107年4月19日,十四層,五層
RPSPMLOJOHNFFFK86CA,,49.85,見其他登記事項,鋼筋混凝土造,107年4月19日,十四層,
RPSPMLOJOHNFFFK86CA,,22.56,見其他登記事項,鋼筋混凝土造,107年4月19日,十四層,
RPRPMLOJOHNFFFK76CA,,59.62,見其他登記事項,鋼筋混凝土造,107年4月19日,十四層,十二層
RPRPMLOJOHNFFFK76CA,,39.23,見其他登記事項,鋼筋混凝土造,107年4月19日,十四層,
RPRPMLOJOHNFFFK76CA,,12.13,見其他登記事項,鋼筋混凝土造,107年4月19日,十四層,
RPOOMLPJOHNFFFK09CA,,109.44,見其他登記事項,鋼筋混凝土造,107年4月19日,十四層,六層
RPOOMLPJOHNFFFK09CA,,49.85,見其他登記事項,鋼筋混凝土造,107年4月19日,十四層,
RPOOMLPJOHNFFFK09CA,,22.56,見其他登記事項,鋼筋混凝土造,107年4月19日,十四層,
RPPOMLPJOHNFFFK56CA,,109.44,見其他登記事項,鋼筋混凝土造,107年4月19日,十四層,十層
RPPOMLPJOHNFFFK56CA,,49.85,見其他登記事項,鋼筋混凝土造,107年4月19日,十四層,
RPPOMLPJOHNFFFK56CA,,22.56,見其他登記事項,鋼筋混凝土造,107年4月19日,十四層,
RPQOMLPJOHNFFFK66CA,,97.02,見其他登記事項,鋼筋混凝土造,107年4月19日,十四層,四層
RPQOMLPJOHNFFFK66CA,,47.09,見其他登記事項,鋼筋混凝土造,107年4月19日,十四層,
RPQOMLPJOHNFFFK66CA,,19.82,見其他登記事項,鋼筋混凝土造,107年4月19日,十四層,
RPROMLPJOHNFFFK76CA,,97.02,見其他登記事項,鋼筋混凝土造,107年4月19日,十四層,七層
RPROMLPJOHNFFFK76CA,,45.97,見其他登記事項,鋼筋混凝土造,107年4月19日,十四層,
RPROMLPJOHNFFFK76CA,,19.82,見其他登記事項,鋼筋混凝土造,107年4月19日,十四層,
RPSOMLPJOHNFFFK86CA,,97.02,見其他登記事項,鋼筋混凝土造,107年4月19日,十四層,八層
RPSOMLPJOHNFFFK86CA,,47.09,見其他登記事項,鋼筋混凝土造,107年4月19日,十四層,
RPSOMLPJOHNFFFK86CA,,19.82,見其他登記事項,鋼筋混凝土造,107年4月19日,十四層,
RPTOMLPJOHNFFFK96CA,,97.02,見其他登記事項,鋼筋混凝土造,107年4月19日,十四層,九層
RPTOMLPJOHNFFFK96CA,,47.09,見其他登記事項,鋼筋混凝土造,107年4月19日,十四層,
RPTOMLPJOHNFFFK96CA,,19.82,見其他登記事項,鋼筋混凝土造,107年4月19日,十四層,
RPSNMLLJOHNFFDK78CA,15,481.98,住家用,鋼筋混凝土造,92年5月28日,四層,一層 二層 三層 四層 屋頂突出物
RPOPMLPJOHNFFFK56CA,,119.82,見其他登記事項,鋼筋混凝土造,107年4月19日,十四層,五層
RPOPMLPJOHNFFFK56CA,,52.45,見其他登記事項,鋼筋混凝土造,107年4月19日,十四層,
RPOPMLPJOHNFFFK56CA,,25.08,見其他登記事項,鋼筋混凝土造,107年4月19日,十四層,
RPUOMLPJOHNFFFK07CA,,119.82,見其他登記事項,鋼筋混凝土造,107年4月19日,十四層,八層
RPUOMLPJOHNFFFK07CA,,51.32,見其他登記事項,鋼筋混凝土造,107年4月19日,十四層,
RPUOMLPJOHNFFFK07CA,,25.08,見其他登記事項,鋼筋混凝土造,107年4月19日,十四層,
RPPPMLPJOHNFFFK66CA,,95.60,見其他登記事項,鋼筋混凝土造,107年4月19日,十四層,六層
RPPPMLPJOHNFFFK66CA,,46.92,見其他登記事項,鋼筋混凝土造,107年4月19日,十四層,
RPPPMLPJOHNFFFK66CA,,19.63,見其他登記事項,鋼筋混凝土造,107年4月19日,十四層,
RPQPMLPJOHNFFFK76CA,,95.60,見其他登記事項,鋼筋混凝土造,107年4月19日,十四層,十三層
RPQPMLPJOHNFFFK76CA,,46.92,見其他登記事項,鋼筋混凝土造,107年4月19日,十四層,
RPQPMLPJOHNFFFK76CA,,19.63,見其他登記事項,鋼筋混凝土造,107年4月19日,十四層,
RPVOMLPJOHNFFFK17CA,,96.24,見其他登記事項,鋼筋混凝土造,107年4月19日,十四層,九層
RPVOMLPJOHNFFFK17CA,,46.92,見其他登記事項,鋼筋混凝土造,107年4月19日,十四層,
RPVOMLPJOHNFFFK17CA,,19.70,見其他登記事項,鋼筋混凝土造,107年4月19日,十四層,
RPWOMLPJOHNFFFK27CA,,59.62,見其他登記事項,鋼筋混凝土造,107年4月19日,十四層,六層
RPWOMLPJOHNFFFK27CA,,39.23,見其他登記事項,鋼筋混凝土造,107年4月19日,十四層,
RPWOMLPJOHNFFFK27CA,,12.13,見其他登記事項,鋼筋混凝土造,107年4月19日,十四層,
RPXOMLPJOHNFFFK37CA,,120.42,見其他登記事項,鋼筋混凝土造,107年4月19日,十四層,五層
RPXOMLPJOHNFFFK37CA,,51.32,見其他登記事項,鋼筋混凝土造,107年4月19日,十四層,
RPXOMLPJOHNFFFK37CA,,25.05,見其他登記事項,鋼筋混凝土造,107年4月19日,十四層,
RPRPMLPJOHNFFFK86CA,,120.42,見其他登記事項,鋼筋混凝土造,107年4月19日,十四層,十一層
RPRPMLPJOHNFFFK86CA,,52.45,見其他登記事項,鋼筋混凝土造,107年4月19日,十四層,
RPRPMLPJOHNFFFK86CA,,25.05,見其他登記事項,鋼筋混凝土造,107年4月19日,十四層,
RPQNMLOJOHNFFFK09CA,2,91.96,住家用,鋼筋混凝土造,104年10月20日,五層,五層
RPQNMLOJOHNFFFK09CA,2,1.06,見其他登記事項,鋼筋混凝土造,104年10月20日,七層,
RPQNMLOJOHNFFFK09CA,2,1.00,見其他登記事項,鋼筋混凝土造,104年10月20日,七層,
RPQNMLOJOHNFFFK09CA,2,16.75,見其他登記事項,鋼筋混凝土造,104年10月20日,五層,
RPVNMLRJOHNFFFK27CA,,89.12,見其他登記事項,鋼筋混凝土造,107年4月19日,十四層,三層
RPVNMLRJOHNFFFK27CA,,71.28,見其他登記事項,鋼筋混凝土造,107年4月19日,十四層,
RPVNMLRJOHNFFFK27CA,,18.29,見其他登記事項,鋼筋混凝土造,107年4月19日,十四層,
RPWNMLRJOHNFFFK37CA,,89.12,見其他登記事項,鋼筋混凝土造,107年4月19日,十四層,六層
RPWNMLRJOHNFFFK37CA,,45.53,見其他登記事項,鋼筋混凝土造,107年4月19日,十四層,
RPWNMLRJOHNFFFK37CA,,18.29,見其他登記事項,鋼筋混凝土造,107年4月19日,十四層,
RPXNMLSLNHNFFFK67CA,,90.37,見其他登記事項,鋼筋混凝土造,106年11月15日,十四層,十層
RPXNMLSLNHNFFFK67CA,,20.55,見其他登記事項,鋼筋混凝土造,106年11月15日,十四層,
RPXNMLSLNHNFFFK67CA,,53.84,見其他登記事項,鋼筋混凝土造,106年11月15日,十四層,
RPXNMLRJOHNFFFK47CA,,97.02,見其他登記事項,鋼筋混凝土造,107年4月19日,十四層,十一層
RPXNMLRJOHNFFFK47CA,,47.09,見其他登記事項,鋼筋混凝土造,107年4月19日,十四層,
RPXNMLRJOHNFFFK47CA,,19.82,見其他登記事項,鋼筋混凝土造,107年4月19日,十四層,
RPOOMLSLNHNFFFK86CA,,62.08,見其他登記事項,鋼筋混凝土造,106年11月15日,十四層,二層
RPOOMLSLNHNFFFK86CA,,14.93,見其他登記事項,鋼筋混凝土造,106年11月15日,十四層,
RPOOMLSLNHNFFFK86CA,,48.32,見其他登記事項,鋼筋混凝土造,106年11月15日,十四層,
RPVNMLTLNHNFFFK57CA,1,101.25,見其他登記事項,鋼筋混凝土造,106年5月18日,十二層,一層
RPVNMLTLNHNFFFK57CA,1,53.34,見其他登記事項,鋼筋混凝土造,106年5月18日,十二層,
RPVNMLTLNHNFFFK57CA,1,9.32,見其他登記事項,鋼筋混凝土造,106年5月18日,十二層,
RPVNMLTLNHNFFFK57CA,1,9.50,見其他登記事項,鋼筋混凝土造,106年5月18日,十二層,
RPVNMLTLNHNFFFK57CA,1,4.19,見其他登記事項,鋼筋混凝土造,106年5月18日,十二層,
RPVNMLTLNHNFFFK57CA,1,.86,見其他登記事項,鋼筋混凝土造,106年5月18日,十二層,
RPVNMLTLNHNFFFK57CA,1,.29,見其他登記事項,鋼筋混凝土造,106年5月18日,十二層,
RPVNMLTLNHNFFFK57CA,1,.10,見其他登記事項,鋼筋混凝土造,106年5月18日,十二層,
RPRNMLLJOHNFFFK88CA,,70.34,見其他登記事項,鋼筋混凝土造,106年11月15日,十四層,二層
RPRNMLLJOHNFFFK88CA,,50.44,見其他登記事項,鋼筋混凝土造,106年11月15日,十四層,
RPRNMLLJOHNFFFK88CA,,17.03,見其他登記事項,鋼筋混凝土造,106年11月15日,十四層,
RPPOMLSLNHNFFFK96CA,,76.61,見其他登記事項,鋼筋混凝土造,106年11月15日,十四層,三層
RPPOMLSLNHNFFFK96CA,,18.83,見其他登記事項,鋼筋混凝土造,106年11月15日,十四層,
RPPOMLSLNHNFFFK96CA,,52.14,見其他登記事項,鋼筋混凝土造,106年11月15日,十四層,
RPQOMLSLNHNFFFK07CA,,90.37,見其他登記事項,鋼筋混凝土造,106年11月15日,十四層,十層
RPQOMLSLNHNFFFK07CA,,20.55,見其他登記事項,鋼筋混凝土造,106年11月15日,十四層,
RPQOMLSLNHNFFFK07CA,,53.84,見其他登記事項,鋼筋混凝土造,106年11月15日,十四層,
RPPOMLOJOHNFFDK88CA,1,99.43,見其他登記事項,鋼筋混凝土造,105年11月30日,十四層,五層
RPPOMLOJOHNFFDK88CA,1,43.39,共有部分,鋼筋混凝土造,105年11月30日,十四層,
RPPOMLOJOHNFFDK88CA,1,16.75,共有部分,鋼筋混凝土造,105年11月30日,十四層,
RPSNMLPJOHNFFDK56CA,24,72.56,住家用,鋼筋混凝土造,82年11月18日,七層,三層
RPSNMLPJOHNFFDK56CA,24,27.00,見其他登記事項,鋼筋混凝土造,82年11月18日,七層,
RPQOMLOJOHNFFDK98CA,1,97.96,見其他登記事項,鋼筋混凝土造,105年11月30日,十四層,四層
RPQOMLOJOHNFFDK98CA,1,16.58,共有部分,鋼筋混凝土造,105年11月30日,十四層,
RPQOMLOJOHNFFDK98CA,1,43.05,共有部分,鋼筋混凝土造,105年11月30日,十四層,
RPQNMLTLNHNFFDK86CA,35,111.36,住家用,加強磚造,72年7月14日,二層,一層 二層 騎樓
RPUNMLTLNHNFFDK27CA,21,117.55,住家用,鋼筋混凝土造,85年12月14日,二十層,十層
RPUNMLTLNHNFFDK27CA,21,19.50,見其他登記事項,鋼筋混凝土造,85年12月14日,二十層,
RPUNMLTLNHNFFDK27CA,21,20.71,見其他登記事項,鋼筋混凝土造,85年12月14日,二十層,
RPUNMLTLNHNFFDK27CA,21,13.46,見其他登記事項,鋼筋混凝土造,85年12月14日,二十層,
RPSNMLTJOHNFFBK76CA,34,99.13,住家用,鋼筋混凝土造,73年4月25日,,四層 電梯樓梯間
RPSNMLQJOHNFFEK76CA,25,213.33,住家用,鋼筋混凝土造,82年6月4日,三層,一層 二層 三層 騎樓
RPRNMLQJOHNFFEK66CA,36,174.84,住商用,鋼筋混凝土造,71年11月4日,三層,一層 二層 三層 騎樓
RPPNMLTLNHNFFBK56CA,54,27.00,住商用,加強磚造,53年3月1日,三層,一層 二層 三層
RPUNMLKMNHNFFBK88CA,38,88.02,住家用,加強磚造,69年3月30日,二層,一層 二層
RPPNMLKMNHNFFDK58CA,38,97.20,住家用,加強磚造,69年1月16日,二層,一層 二層
RPUNMLKMNHNFFDK09CA,3,179.27,見其他登記事項,鋼筋混凝土造,104年3月13日,十五層,十三層
RPUNMLKMNHNFFDK09CA,3,95.94,共有部分,鋼筋混凝土造,104年3月13日,十五層,
RPUNMLKMNHNFFDK09CA,3,27.03,共有部分,鋼筋混凝土造,104年3月13日,十五層,
RPPNMLTJOHNFFDK66CA,2,105.32,見其他登記事項,鋼筋混凝土造,105年8月12日,十四層,五層
RPPNMLTJOHNFFDK66CA,2,78.07,共有部分,鋼筋混凝土造,105年8月12日,十四層,
RPTNMLRJOHNFFDK86CA,1,87.83,見其他登記事項,鋼筋混凝土造,105年12月8日,十五層,三層
RPTNMLRJOHNFFDK86CA,1,23.86,共有部分,鋼筋混凝土造,105年12月8日,十五層,
RPTNMLRJOHNFFDK86CA,1,5.16,見其他登記事項,鋼筋混凝土造,105年12月8日,十五層,
RPTNMLRJOHNFFDK86CA,1,52.78,共有部分,鋼筋混凝土造,105年12月8日,十五層,
RPSNMLRJOHNFFDK76CA,1,92.56,見其他登記事項,鋼筋混凝土造,105年12月8日,十五層,十三層
RPSNMLRJOHNFFDK76CA,1,25.07,共有部分,鋼筋混凝土造,105年12月8日,十五層,
RPSNMLRJOHNFFDK76CA,1,5.43,見其他登記事項,鋼筋混凝土造,105年12月8日,十五層,
RPSNMLRJOHNFFDK76CA,1,52.02,共有部分,鋼筋混凝土造,105年12月8日,十五層,
RPUNMLRJOHNFFDK96CA,1,91.83,見其他登記事項,鋼筋混凝土造,105年12月8日,十五層,四層
RPUNMLRJOHNFFDK96CA,1,25.07,共有部分,鋼筋混凝土造,105年12月8日,十五層,
RPUNMLRJOHNFFDK96CA,1,5.43,見其他登記事項,鋼筋混凝土造,105年12月8日,十五層,
RPUNMLRJOHNFFDK96CA,1,52.02,共有部分,鋼筋混凝土造,105年12月8日,十五層,
RPVNMLRJOHNFFDK07CA,1,91.83,見其他登記事項,鋼筋混凝土造,105年12月8日,十五層,十層
RPVNMLRJOHNFFDK07CA,1,25.07,共有部分,鋼筋混凝土造,105年12月8日,十五層,
RPVNMLRJOHNFFDK07CA,1,5.43,見其他登記事項,鋼筋混凝土造,105年12月8日,十五層,
RPVNMLRJOHNFFDK07CA,1,52.02,共有部分,鋼筋混凝土造,105年12月8日,十五層,
RPPNMLNJOHNFFEK88DA,,148.42,見其他登記事項,鋼筋混凝土造,106年11月16日,三層,一層 二層 三層
RPROMLSJOHNFFDK86CA,2,197.56,見其他登記事項,鋼筋混凝土造,105年2月1日,三層,一層 二層 三層 地下一層
RPROMLSJOHNFFDK86CA,2,20.40,共有部分,鋼筋混凝土造,105年2月1日,三層,
RPROMLOJOHNFFDK09CA,15,20.69,住家用,鋼筋混凝土造,92年7月16日,四層,一層
RPROMLOJOHNFFDK09CA,15,6.20,見其他登記事項,鋼筋混凝土造,92年7月16日,四層,
RPTNMLSLOHNFFDK17CA,39,165.50,住家用,加強磚造,68年6月8日,三層,一層 二層 三層 騎樓
RPSNMLKMNHNFFFK09CA,45,162.85,住家用,見其他登記事項,62年1月1日,一層,一層 走廊
RPUNMLOJOHNFFDK66CA,14,15.79,住家用,鋼筋混凝土造,93年6月23日,三層,一層
RPSNMLLMNHNFFFK56CA,1,101.31,見其他登記事項,鋼筋混凝土造,106年5月18日,十二層,十一層
RPUNMLOJOHNFFDK66CA,14,4.62,見其他登記事項,鋼筋混凝土造,93年6月23日,三層,
RPSNMLLMNHNFFFK56CA,1,53.34,見其他登記事項,鋼筋混凝土造,106年5月18日,十二層,
RPSNMLLMNHNFFFK56CA,1,9.33,見其他登記事項,鋼筋混凝土造,106年5月18日,十二層,
RPSNMLLMNHNFFFK56CA,1,9.51,見其他登記事項,鋼筋混凝土造,106年5月18日,十二層,
RPSNMLLMNHNFFFK56CA,1,4.19,見其他登記事項,鋼筋混凝土造,106年5月18日,十二層,
RPSNMLLMNHNFFFK56CA,1,.86,見其他登記事項,鋼筋混凝土造,106年5月18日,十二層,
RPSNMLLMNHNFFFK56CA,1,.29,見其他登記事項,鋼筋混凝土造,106年5月18日,十二層,
RPSNMLLMNHNFFFK56CA,1,.10,見其他登記事項,鋼筋混凝土造,106年5月18日,十二層,
RPWNMLLMNHNFFBK56CA,57,302.55,住商用,加強磚造,50年7月1日,三層,一層 二層 三層 騎樓
RPQNMLQJOHNFFCK98CA,,114.08,住商用,鋼筋混凝土造,,二層,一層 二層
RPOOMLRJOHNFFBK88CA,21,193.12,住家用,鋼筋混凝土造,86年6月16日,四層,一層 二層 三層 四層 屋頂突出物
RPPPMLLMNHNFFFK09CA,2,224.87,見其他登記事項,鋼筋混凝土造,105年10月24日,四層,一層 二層 三層 四層 見其他登記事項
RPRNMLQJOHNFFCK09CA,2,112.25,見其他登記事項,鋼筋混凝土造,105年2月26日,七層,一層
RPRNMLQJOHNFFCK09CA,2,2.77,見其他登記事項,鋼筋混凝土造,105年2月26日,二層,
RPRNMLQJOHNFFCK09CA,2,15.05,見其他登記事項,鋼筋混凝土造,105年2月26日,七層,
RPPOMLPLOHNFFBK09DA,22,101.84,住家用,鋼筋混凝土造,84年11月3日,三層,一層 二層 三層 屋頂突出物
RPQNMLPJOHNFFCK88CA,27,114.24,住家用,鋼筋混凝土造,80年4月8日,二層,一層 二層
RPROMLKLOHNFFBK68CA,6,374.80,住家用,鋼筋混凝土造,101年8月21日,三層,一層 二層 三層 屋頂突出物
RPPNMLKLOHNFFBK38CA,38,111.42,住家用,加強磚造,69年7月25日,二層,一層 二層 見其他登記事項
RPRNMLPJOHNFFBK88CA,1,80.36,住家用,鋼筋混凝土造,106年9月30日,九層,七層
RPRNMLPJOHNFFBK88CA,1,60.05,見其他登記事項,鋼筋混凝土造,106年9月30日,九層,
RPTNMLPJOHNFFBK09CA,,180.99,住家用,加強磚造,,,一層 二層
RPOOMLLMNHNFFBK48CA,,92.14,住家用,加強磚造,,二層,一層 二層 見其他登記事項
RPSNMLQJOHNFFBK09CA,24,256.49,住家用,鋼筋混凝土造,83年9月7日,十二層,一層 二層 三層 四層 騎樓 地下一層
RPSNMLQJOHNFFBK09CA,24,25.45,見其他登記事項,鋼筋混凝土造,83年9月7日,十二層,
RPSNMLQJOHNFFBK09CA,24,.84,見其他登記事項,鋼筋混凝土造,83年9月7日,十二層,
RPTNMLLJOHNFFBK68CA,25,85.56,住家用,鋼筋混凝土造,82年10月26日,,七層
RPTNMLLJOHNFFBK68CA,25,12.64,見其他登記事項,鋼筋混凝土造,82年10月26日,,
RPTNMLLJOHNFFBK68CA,25,11.96,見其他登記事項,鋼筋混凝土造,82年10月26日,,
RPRNMLOJOHNFFBK78CA,6,264.35,住家用,鋼筋混凝土造,101年11月20日,四層,一層 二層 三層 四層 屋頂突出物
RPTNMLQJOHNFFBK56CA,25,185.22,住家用,鋼筋混凝土造,82年10月22日,,一層 二層 三層
RPTNMLTKOHNFFCK07CA,22,101.31,見其他登記事項,鋼筋混凝土造,85年7月1日,十三層,四層
RPTNMLTKOHNFFCK07CA,22,15.87,見其他登記事項,鋼筋混凝土造,85年7月1日,十三層,
RPOOMLOJOHNFFDK78CA,41,75.36,住家用,鋼筋混凝土造,66年8月10日,二層,一層 二層
RPOOMLLMNHNFFFK88CA,37,82.40,住家用,加強磚造,70年5月26日,二層,一層 二層
RPQNMLPJOHNFFBK78CA,1,257.87,住家用,鋼筋混凝土造,105年11月21日,四層,一層 二層 三層 四層
RPTOMLOJOHNFFFK86CA,,181.90,住商用,鋼筋混凝土造,107年4月11日,三層,一層 二層 三層
RPWNMLLMNHNFFFK96CA,19,48.45,住家用,鋼筋混凝土造,87年12月2日,十層,十層
RPWNMLLMNHNFFFK96CA,19,7.26,見其他登記事項,鋼筋混凝土造,87年12月2日,十層,
RPWNMLLMNHNFFFK96CA,19,4.19,見其他登記事項,鋼筋混凝土造,87年12月2日,十層,
RPTNMLRJOHNFFBK66CA,,289.30,住家用,鋼筋混凝土造,,,一層 二層 三層 見其他登記事項
RPVNMLSJOHNFFBK96CA,,197.57,住家用,鋼筋混凝土造,107年1月29日,三層,一層 二層 三層 屋頂突出物
RPVNMLLMNHNFFFK86CA,11,27.21,住家用,見其他登記事項,96年4月11日,五層,四層
RPVNMLLMNHNFFFK86CA,11,8.76,見其他登記事項,見其他登記事項,96年4月11日,五層,
RPUNMLSJOHNFFBK86CA,,175.69,住家用,鋼筋混凝土造,107年1月29日,三層,一層 二層 三層 屋頂突出物
RPQNMLLLOHNFFFK98CA,2,75.69,見其他登記事項,鋼筋混凝土造,104年11月24日,十二層,三層
RPQNMLLLOHNFFFK98CA,2,18.19,停車空間,鋼筋混凝土造,104年11月24日,十二層,
RPQNMLLLOHNFFFK98CA,2,13.04,見其他登記事項,鋼筋混凝土造,104年11月24日,十二層,
RPQNMLLLOHNFFFK98CA,2,5.55,見其他登記事項,鋼筋混凝土造,104年11月24日,十二層,
RPPNMLOKNHNFFCK98CD,24,104.76,見其他登記事項,鋼筋混凝土造,83年6月30日,十一層,四層
RPPNMLOKNHNFFCK98CD,24,20.89,共有部分,鋼筋混凝土造,83年6月30日,十一層,
RPPNMLOKNHNFFCK98CD,24,.41,見其他登記事項,鋼筋混凝土造,83年6月30日,十一層,
RPPNMLOKNHNFFCK98CD,24,8.50,共有部分,鋼筋混凝土造,83年6月30日,十一層,
RPTNMLQLOHNFFFK17CA,,101.49,見其他登記事項,鋼筋混凝土造,106年11月17日,十層,一層
RPTNMLQLOHNFFFK17CA,,37.76,見其他登記事項,鋼筋混凝土造,106年11月17日,十層,
RPPNMLNKOHNFFFK98CA,3,171.25,見其他登記事項,鋼筋混凝土造,104年2月24日,七層,一層
RPPNMLNKOHNFFFK98CA,3,82.47,見其他登記事項,鋼筋混凝土造,104年2月24日,七層,
RPOQMLSJOHNFFFK96CA,26,135.34,住家用,鋼筋混凝土造,81年1月8日,三層,三層
RPOQMLSJOHNFFFK96CA,26,19.95,見其他登記事項,鋼筋混凝土造,81年1月8日,三層,
