﻿鄉鎮市區,交易標的,土地區段位置/建物區段門牌,土地移轉總面積(平方公尺),都市土地使用分區,非都市土地使用分區,非都市土地使用編定,交易年月日,交易筆棟數,移轉層次,總樓層數,建物型態,主要用途,主要建材,建築完成年月,建物移轉總面積(平方公尺),建物現況格局-房,建物現況格局-廳,建物現況格局-衛,建物現況格局-隔間,有無管理組織,總價(元),單價(元/平方公尺),車位類別,車位移轉總面積(平方公尺),車位總價(元),備註,編號
The villages and towns urban district,transaction sign,land sector position/building sector house number plate,land shifting total area (square meter),the use zoning or compiles and checks,the non-metropolis land use district,non-metropolis land use,transaction year, month and day,transaction pen number,shifting level,total floor number,building state,main use,main building materials,construction to complete the years,building shifting total area,Building present situation pattern - room,building present situation pattern - hall,building present situation pattern - health,building present situation pattern - compartmented,Whether there is manages the organization,total price (Yuan),the unit price (a Yuan/square meter),the berth category,berth shifting total area (square meter),the berth total price (Yuan),the note,serial number
大湖鄉,土地,新湖段481~510地號,23.51,商,,,1070508,土地1建物0車位0,,,其他,,,,0.0,0,0,0,有,無,500000,21268,,0.0,0,,RPPNMLMLNHNFFAK38CA
獅潭鄉,房地(土地+建物),苗栗縣獅潭鄉永興村7鄰下大窩1~30號,19296.0,,山坡地保育區,林業用地,1070426,土地4建物1車位0,一層，二層,二層,農舍,農舍,鋼筋混凝土造,0850123,338.72,8,2,2,有,無,24980000,,,0.0,0,,RPPNMLNLNHNFFAK48CA
苗栗市,房地(土地+建物)+車位,苗栗縣苗栗市綠苗里3鄰僑育街1~30號,34.02,住,,,1070420,土地3建物1車位1,九層,九層,華廈(10層含以下有電梯),住家用,鋼筋混凝土造,1060930,151.78,3,2,2,有,無,7380000,48623,升降機械,13.82,0,,RPPNMLMLNHNFFBK48CA
苗栗市,房地(土地+建物)+車位,苗栗縣苗栗市恭敬里9鄰中正路1108巷1~30號,43.15,住,,,1070430,土地1建物1車位1,五層,六層,華廈(10層含以下有電梯),住家用,鋼筋混凝土造,0960316,158.16,3,2,1,有,有,5000000,31614,坡道平面,0.0,0,,RPPNMLPLNHNFFBK78CA
苗栗市,房地(土地+建物)+車位,苗1~30號,61.62,,山坡地保育區,丙種建築用地,1070313,土地1建物1車位1,五層,五層,華廈(10層含以下有電梯),住家用,鋼筋混凝土造,1070124,106.63,3,2,2,有,有,5700000,53456,一樓平面,0.0,0,,RPPNMLKMNHNFFBK38CA
苗栗市,房地(土地+建物),苗栗縣苗栗市福麗里鳳形1~30號,115.0,,鄉村區,乙種建築用地,1070502,土地1建物1車位0,全,,透天厝,住家用,加強磚造,,77.39,3,2,2,有,無,1314500,16985,,0.0,0,,RPQNMLLJOHNFFBK38CA
苗栗市,房地(土地+建物),苗栗縣苗栗市府前路160巷37弄1~30號,36.38,住,,,1070505,土地1建物1車位0,一層，地下層,一層,公寓(5樓含以下無電梯),住家用,鋼筋混凝土造,0700225,115.53,3,1,2,有,無,4080000,35316,,0.0,0,,RPQNMLTJOHNFFBK56CA
苑裡鎮,土地,苑西段1321~1350地號,61.85,住,,,1070331,土地1建物0車位0,,,其他,,,,0.0,0,0,0,有,無,1478058,23897,,0.0,0,,RPTNMLOLNHNFFCK56CA
苑裡鎮,土地,苑西段1321~1350地號,53.19,住,,,1070331,土地1建物0車位0,,,其他,,,,0.0,0,0,0,有,無,1271110,23898,,0.0,0,,RPUNMLOLNHNFFCK66CA
苑裡鎮,土地,苑西段1321~1350地號,52.62,住,,,1070331,土地1建物0車位0,,,其他,,,,0.0,0,0,0,有,無,1257490,23898,,0.0,0,,RPVNMLOLNHNFFCK76CA
苑裡鎮,土地,苑西段1321~1350地號,108.09,住,,,1070331,土地2建物0車位0,,,其他,,,,0.0,0,0,0,有,無,2583078,23897,,0.0,0,,RPWNMLOLNHNFFCK86CA
苑裡鎮,土地,苑西段1321~1350地號,228.01,住,,,1070331,土地2建物0車位0,,,其他,,,,0.0,0,0,0,有,無,5193667,22778,,0.0,0,,RPXNMLOLNHNFFCK96CA
苑裡鎮,土地,苑西段1321~1350地號,279.77,住,,,1070331,土地1建物0車位0,,,其他,,,,0.0,0,0,0,有,無,6939692,24805,,0.0,0,,RPOOMLOLNHNFFCK78CA
苑裡鎮,土地,田寮段931~960地號,259.0,,特定農業區,農牧用地,1070320,土地1建物0車位0,,,其他,,,,0.0,0,0,0,有,無,1217300,4700,,0.0,0,親友、員工或其他特殊關係間之交易。,RPPNMLOLNHNFFCK78CA
竹南鎮,房地(土地+建物)+車位,苗栗縣竹南鎮佳興里23鄰環市路三段571~600號,13.88,住,,,1070422,土地1建物1車位1,十四層,十五層,住宅大樓(11層含以上有電梯),見其他登記事項,鋼筋混凝土造,1011213,133.16,2,2,2,有,無,6120000,45960,坡道平面,0.0,0,,RPROMLLLNHNFFDK88CA
造橋鄉,房地(土地+建物),苗栗縣造橋鄉談文村5鄰學府路91~120號,16.09,,山坡地保育區,丙種建築用地,1070407,土地1建物1車位0,二層,三層,套房(1房1廳1衛),住家用,鋼筋混凝土造,0900629,28.759999999999998,1,1,1,有,有,465000,16168,,0.0,0,,RPPNMLMLNHNFFDK68CA
竹南鎮,土地,東崎頂段1411~1440地號,46.87,,特定農業區,甲種建築用地,1070426,土地2建物0車位0,,,其他,,,,0.0,0,0,0,有,無,262453,5600,,0.0,0,親友關係間之交易。,RPQNMLMLNHNFFDK78CA
後龍鎮,土地,龍北段1021~1050地號,168.0,住,,,1070415,土地2建物0車位0,,,其他,,,,0.0,0,0,0,有,無,5414344,32228,,0.0,0,親友、員工或其他特殊關係間之交易。土增稅買方負擔,RPVNMLMLNHNFFDK66CA
竹南鎮,房地(土地+建物),苗栗縣竹南鎮港墘里17鄰仁德路259巷38弄31~60號,112.65,住,,,1070127,土地3建物1車位0,全,四層,透天厝,見其他登記事項,鋼筋混凝土造,1051228,225.32000000000002,4,2,4,有,無,13200000,58583,,0.0,0,,RPSOMLMLNHNFFDK09CA
竹南鎮,房地(土地+建物)+車位,苗栗縣竹南鎮佳興里23鄰環市路三段571~600號,26.99,住,,,1070412,土地1建物1車位1,十三層,十五層,住宅大樓(11層含以上有電梯),見其他登記事項,鋼筋混凝土造,1011213,190.04000000000002,4,1,2,有,有,8200000,43149,一樓平面,4.86,0,,RPPNMLPLNHNFFDK98CA
竹南鎮,土地,仁德段241~270地號,16.15,住,,,1070302,土地3建物0車位0,,,其他,,,,0.0,0,0,0,有,無,474810,29400,,0.0,0,,RPTNMLSLNHNFFDK07CA
竹南鎮,土地,大同段1201~1230地號,1195.5,住,,,1070302,土地1建物0車位0,,,其他,,,,0.0,0,0,0,有,無,47011900,39324,,0.0,0,,RPROMLSLNHNFFDK96CA
西湖鄉,土地,新高埔段271~300地號,3988.0,,山坡地保育區,農牧用地,1070410,土地1建物0車位0,,,其他,,,,0.0,0,0,0,有,無,1500000,376,,0.0,0,,RPPNMLSLNHNFFEK76CA
銅鑼鄉,土地,中心埔段中興小段1~30地號,9812.28,,工業區,丁種建築用地,1070307,土地1建物0車位0,,,其他,,,,0.0,0,0,0,有,無,184702181,18824,,0.0,0,,RPQNMLMLNHNFFEK88CA
三義鄉,土地,魚藤坪段121~150地號,7779.0,,山坡地保育區,農牧用地,1070414,土地2建物0車位0,,,其他,,,,0.0,0,0,0,有,無,6800000,874,,0.0,0,,RPPNMLNLNHNFFEK88CA
銅鑼鄉,土地,老雞隆段541~570地號,200.0,,,,1070313,土地1建物0車位0,,,其他,,,,0.0,0,0,0,有,無,363000,1815,,0.0,0,,RPUNMLPJPHNFFEK96CA
頭份巿,房地(土地+建物),苗栗縣頭份鎮山下里16鄰建國路二段31~60號,156.17,住,,,1070329,土地3建物1車位0,全,四層,透天厝,住家用,見其他登記事項,0970423,388.43,9,4,4,有,無,28000000,72085,,0.0,0,,RPUNMLLLNHNFFFK66CA
頭份巿,土地,信義段541~570地號,230.94,工,,,1070504,土地6建物0車位0,,,其他,,,,0.0,0,0,0,有,無,2790000,12081,,0.0,0,,RPPNMLMLNHNFFFK88CA
頭份巿,房地(土地+建物),苗栗縣頭份鎮成功里12鄰中興路767巷1~30號,80.64,住,,,1070322,土地4建物1車位0,全,二層,透天厝,住家用,加強磚造,0711120,81.0,4,2,2,有,無,3850000,47531,,0.0,0,,RPRNMLMLNHNFFFK09CA
頭份巿,房地(土地+建物),苗栗縣頭份鎮後庄里7鄰公北一路61~90號,1284.51,商,,,1070316,土地1建物1車位0,一層，二層,二層,其他,見其他登記事項,見其他登記事項,0900227,612.82,0,0,0,無,無,190000000,310042,,0.0,0,,RPSNMLMLNHNFFFK56CA
頭份巿,房地(土地+建物)+車位,苗栗縣頭份鎮後庄里21鄰公北二路91~120號,14.09,住,,,1070227,土地1建物1車位1,十四層,十四層,住宅大樓(11層含以上有電梯),見其他登記事項,鋼筋混凝土造,1050613,148.61,3,2,2,有,無,8100000,56184,坡道平面,13.34,500000,,RPTNMLMLNHNFFFK66CA
頭份巿,房地(土地+建物)+車位,苗栗縣頭份鎮東庄里6鄰昌隆一街331~360號,29.97,住,,,1040720,土地1建物1車位1,五層,十四層,住宅大樓(11層含以上有電梯),見其他登記事項,鋼筋混凝土造,1061115,165.81,3,2,2,有,有,6830000,44958,坡道平面,33.91,900000,,RPPNMLNLNHNFFFK98CA
頭份巿,房地(土地+建物)+車位,苗栗縣頭份鎮東庄里6鄰昌隆一街361~390號,28.9,住,,,1070503,土地1建物1車位1,八層,十四層,住宅大樓(11層含以上有電梯),見其他登記事項,鋼筋混凝土造,1061115,164.76,3,2,2,有,有,6600000,42797,坡道平面,33.91,1000000,,RPQNMLNLNHNFFFK09CA
南庄鄉,土地,田尾段61~90地號,45.0,,山坡地保育區,丙種建築用地,1070507,土地3建物0車位0,,,其他,,,,0.0,0,0,0,有,無,1500000,33333,,0.0,0,,RPWNMLPLNHNFFFK27CA
三灣鄉,土地,銅鑼圈段大銅鑼圈小段61~90地號,102.0,,,,1070502,土地1建物0車位0,,,其他,,,,0.0,0,0,0,有,無,280000,2745,,0.0,0,,RPRNMLSLNHNFFFK07CA
頭份巿,房地(土地+建物)+車位,苗栗縣頭份鎮後庄里20鄰八德一路151~180號,14.21,商,,,1040420,土地1建物1車位1,八層,十層,華廈(10層含以下有電梯),見其他登記事項,鋼筋混凝土造,1060808,111.09,0,0,0,無,有,6540000,65068,坡道機械,20.57,650000,,RPXNMLTLNHNFFFK77CA
南庄鄉,土地,四灣段481~510地號,2165.0,,山坡地保育區,農牧用地,1070414,土地1建物0車位0,,,其他,,,,0.0,0,0,0,有,無,1800000,831,,0.0,0,內含 未保存建物-鐵皮屋一棟在內,RPRNMLLMNHNFFFK09CA
南庄鄉,土地,北獅里興段北獅里興小段181~210地號,6692.33,,山坡地保育區,農牧用地,1070430,土地4建物0車位0,,,其他,,,,0.0,0,0,0,有,無,11000000,1644,,0.0,0,,RPPNMLNJOHNFFFK88CA
頭份巿,房地(土地+建物),苗栗縣頭份鎮後庄里6鄰信中路1~30號,83.46,住,,,1070321,土地2建物1車位0,全,三層,透天厝,住商用,見其他登記事項,0961114,177.78,4,2,3,有,無,8000000,44999,,0.0,0,,RPQNMLQJOHNFFFK66CA
苗栗市,房地(土地+建物),苗栗縣苗栗市勝利里25鄰新東街136巷8弄1~30號,84.0,住,,,1070426,土地1建物1車位0,全,,透天厝,住家用,加強磚造,,56.62,3,1,1,有,無,3200000,56517,,0.0,0,,RPRNMLRJOHNFFBK56DA
苗栗市,土地,恭敬段1501~1530地號,113.0,其他,,,1070408,土地1建物0車位0,,,其他,,,,0.0,0,0,0,有,無,800000,7080,,0.0,0,,RPRNMLMLOHNFFBK88DA
三灣鄉,土地,永和山段1~30地號,860.0,,山坡地保育區,農牧用地,1070507,土地2建物0車位0,,,其他,,,,0.0,0,0,0,有,無,3500000,4070,,0.0,0,,RPRNMLQLNHNFFFK86CA
頭份巿,房地(土地+建物)+車位,苗栗縣頭份鎮後庄里4鄰信義路685巷26弄1~30號,87.37,住,,,1070427,土地1建物1車位2,五層,五層,華廈(10層含以下有電梯),見其他登記事項,鋼筋混凝土造,1030714,235.97,3,2,3,有,有,11300000,47887,一樓平面,0.0,0,,RPRNMLPLNHNFFFK76CA
南庄鄉,土地,北獅里興段北獅里興小段241~270地號,109.0,,山坡地保育區,林業用地,1070410,土地2建物0車位0,,,其他,,,,0.0,0,0,0,有,無,150000,1376,,0.0,0,,RPRNMLNLNHNFFFK56CA
南庄鄉,土地,北獅里興段北獅里興小段241~270地號,201.0,,山坡地保育區,林業用地,1070410,土地3建物0車位0,,,其他,,,,0.0,0,0,0,有,無,250000,1244,,0.0,0,,RPTNMLNLNHNFFFK76CA
頭份巿,房地(土地+建物),苗栗縣頭份鎮頭份里19鄰?前街1~30號,51.67,住,,,1070410,土地3建物1車位0,全,四層,透天厝,住商用,鋼筋混凝土造,0801206,152.33,3,2,2,有,無,1800000,11816,,0.0,0,親友、員工或其他特殊關係間之交易。,RPUNMLNLNHNFFFK86CA
頭份巿,房地(土地+建物)+車位,苗栗縣頭份鎮文化里5鄰育英街1~30號,28.81,住,,,1070422,土地1建物1車位1,二層,九層,華廈(10層含以下有電梯),見其他登記事項,鋼筋混凝土造,1031104,134.01,2,1,2,有,有,5200000,38803,坡道機械,0.0,0,,RPWNMLNLNHNFFFK07CA
頭份巿,房地(土地+建物),苗栗縣頭份鎮蟠桃里18鄰信一街1~30號,10.27,住,,,1070503,土地1建物1車位0,二層,五層,公寓(5樓含以下無電梯),住家用,見其他登記事項,0960411,37.910000000000004,1,1,1,有,無,1500000,39567,,0.0,0,,RPXNMLNLNHNFFFK17CA
三義鄉,房地(土地+建物),苗栗縣三義鄉西湖村16鄰伯公坑61~90號,247.53,,山坡地保育區,丙種建築用地,1070320,土地5建物2車位0,全,二層,透天厝,住家用,鋼筋混凝土加強磚造,,342.86,7,2,2,有,無,11200000,32666,,0.0,0,,RPQNMLPKOHNFFEK56CA
頭份巿,土地,德義段181~210地號,69.06,其他,,,1070426,土地1建物0車位0,,,其他,,,,0.0,0,0,0,有,無,701600,10159,,0.0,0,,RPUNMLOLNHNFFFK96CA
頭份巿,土地,自強段31~60地號,77.36,其他,,,1070426,土地1建物0車位0,,,其他,,,,0.0,0,0,0,有,無,792210,10241,,0.0,0,,RPVNMLOLNHNFFFK07CA
三義鄉,房地(土地+建物),苗栗縣三義鄉?,143.29,住,,,1070421,土地1建物1車位0,全,二層,透天厝,住家用,鋼筋混凝土造,0820625,186.2,0,0,2,無,無,7260000,38990,,0.0,0,,RPRNMLOLNHNFFEK56CA
銅鑼鄉,土地,西崗段631~660地號,1838.58,,特定農業區,農牧用地,1070413,土地2建物0車位0,,,其他,,,,0.0,0,0,0,有,無,3893190,2117,,0.0,0,,RPQNMLPLNHNFFEK56CA
竹南鎮,房地(土地+建物),苗栗縣竹南鎮佳興里18鄰明德街37巷1弄1~30號,50.0,住,,,1070403,土地1建物1車位0,全,二層,透天厝,住家用,鋼筋混凝土造,0641210,59.76,2,1,1,有,無,2133334,35698,,0.0,0,,RPUNMLOLNHNFFDK76CA
竹南鎮,房地(土地+建物),苗栗縣竹南鎮竹南里15鄰民族街61~90號,7.53,商,,,1070429,土地1建物1車位0,十六層,十八層,住宅大樓(11層含以上有電梯),住家用,鋼筋混凝土造,0871111,114.21000000000001,3,2,2,有,有,4000000,35023,,0.0,0,,RPUNMLPLNHNFFDK86CA
竹南鎮,房地(土地+建物),苗栗縣竹南鎮大埔里1鄰科專五路287巷1~30號,139.83,住,,,1070329,土地3建物1車位0,全,三層,透天厝,住家用,鋼筋混凝土造,1040525,229.97,4,2,4,有,無,12200000,53050,,0.0,0,,RPQNMLPLNHNFFDK09CA
竹南鎮,土地,中興段1861~1890地號,37.0,住,,,1070508,土地1建物0車位0,,,其他,,,,0.0,0,0,0,有,無,1010000,27297,,0.0,0,,RPOOMLNLNHNFFDK78CA
竹南鎮,房地(土地+建物)+車位,苗栗縣竹南鎮大埔里2鄰科專七路451~480號,37.26,住,,,1061122,土地1建物1車位1,七層,十二層,住宅大樓(11層含以上有電梯),住家用,鋼筋混凝土造,1051012,138.19,3,2,2,有,有,7029000,51011,其他,20.0,1000000,,RPPOMLNLNHNFFDK88CA
後龍鎮,土地,秀水段151~180地號,29.89,,鄉村區,水利用地,1070416,土地2建物0車位0,,,其他,,,,0.0,0,0,0,有,無,271999,9100,,0.0,0,,RPPNMLOLNHNFFDK88CA
竹南鎮,房地(土地+建物)+車位,苗栗縣竹南鎮大埔里2鄰科專八路271~300號,129.75,住,,,1070418,土地1建物1車位1,全,四層,透天厝,見其他登記事項,鋼筋混凝土造,1050921,255.73,4,3,5,有,無,13800000,53963,一樓平面,0.0,0,,RPRNMLNLNHNFFDK98CA
竹南鎮,房地(土地+建物),苗栗縣竹南鎮聖福里8鄰勤富街96巷1~30號,83.0,住,,,1070424,土地1建物1車位0,全,二層,透天厝,住家用,加強磚造,0670619,101.7,3,2,2,有,無,2900000,28515,,0.0,0,,RPTNMLNLNHNFFDK56CA
通霄鎮,房地(土地+建物),苗栗縣通霄鎮福興里14鄰181~210號,1177.0,,山坡地保育區,丙種建築用地,1070414,土地1建物1車位0,全,二層,透天厝,住家用,加強磚造,,471.0,8,3,4,有,無,4200000,8917,,0.0,0,,RPPNMLNKOHNFFCK68CA
通霄鎮,房地(土地+建物)+車位,苗栗縣通霄鎮中正路241~270號,16.94,住,,,1070503,土地1建物2車位1,六層,十三層,住宅大樓(11層含以上有電梯),見其他登記事項,鋼筋混凝土造,0850701,138.92,4,2,2,有,有,2800000,20155,坡道機械,0.0,0,,RPRNMLOLNHNFFCK98CA
苗栗市,房地(土地+建物),苗栗縣苗栗市中正路643巷1~30號,140.0,其他,,,1070508,土地4建物2車位0,全,三層,透天厝,住家用,鋼筋混凝土造,0631028,143.16,4,2,1,有,無,17000000,118748,,0.0,0,,RPSNMLKLOHNFFBK68CA
苗栗市,土地,建功段61~90地號,9.31,住,,,1070512,土地1建物0車位0,,,其他,,,,0.0,0,0,0,有,無,705000,75725,,0.0,0,,RPPOMLNKOHNFFBK68CA
苗栗市,房地(土地+建物)+車位,苗1~30號,61.62,,山坡地保育區,丙種建築用地,1070305,土地1建物1車位1,二層,五層,華廈(10層含以下有電梯),住家用,鋼筋混凝土造,1070124,106.63,3,2,2,有,有,5450000,51111,一樓平面,0.0,0,,RPQNMLKMNHNFFBK48CA
卓蘭鎮,土地,新坪頂段361~390地號,7463.33,,山坡地保育區,農牧用地,1070507,土地1建物0車位0,,,其他,,,,0.0,0,0,0,有,無,4500000,603,,0.0,0,,RPPNMLQKOHNFFAK78CA
苗栗市,房地(土地+建物),苗栗縣苗栗市高苗里33鄰中龍岡31~60號,134.69,,山坡地保育區,丙種建築用地,1070409,土地3建物1車位0,全,三層,透天厝,住家用,鋼筋混凝土造,0890420,179.29,4,2,2,有,無,7000000,39043,,0.0,0,,RPUNMLNLNHNFFBK09CA
苗栗市,房地(土地+建物)+車位,苗栗縣苗栗市福麗里33鄰忠孝31~60號,77.58,,山坡地保育區,丙種建築用地,1070401,土地1建物1車位1,七層,七層,華廈(10層含以下有電梯),住家用,鋼筋混凝土造,1050712,151.51999999999998,4,2,2,有,有,6280000,41447,坡道平面,0.0,400000,車位面積內含在公設共有部分,RPXNMLNLNHNFFBK76CA
卓蘭鎮,土地,新厝段451~480地號,13.6,住,,,1070508,土地1建物0車位0,,,其他,,,,0.0,0,0,0,有,無,550000,40441,,0.0,0,,RPQNMLNLNHNFFAK58CA
大湖鄉,土地,新湖段811~840地號,9.41,住,,,1070502,土地1建物0車位0,,,其他,,,,0.0,0,0,0,有,無,414040,44000,,0.0,0,,RPPNMLSLNHNFFAK98CA
苗栗市,房地(土地+建物),苗栗縣苗栗市福安里19鄰中華東街451~480號,11.48,住,,,1070417,土地1建物1車位0,六層,九層,華廈(10層含以下有電梯),住家用,鋼筋混凝土造,0881123,74.62,2,1,1,有,有,1950000,26132,,0.0,0,,RPSNMLOLNHNFFBK98CA
苗栗市,房地(土地+建物),苗栗縣苗栗市南勢里12鄰成昌211~240號,80.9,,鄉村區,乙種建築用地,1070414,土地1建物1車位0,全,四層,透天厝,住家用,鋼筋混凝土造,0840226,182.99,4,3,2,有,無,3280000,17924,,0.0,0,,RPVNMLOJOHNFFBK56CA
公館鄉,土地,尖山段121~150地號,2034.0,,特定農業區,農牧用地,1070502,土地1建物0車位0,,,其他,,,,0.0,0,0,0,有,無,4200000,2065,,0.0,0,,RPPNMLOKOHNFFBK68CA
公館鄉,土地,尖山段121~150地號,2035.0,,特定農業區,農牧用地,1070429,土地1建物0車位0,,,其他,,,,0.0,0,0,0,有,無,4200000,2064,,0.0,0,,RPQNMLOKOHNFFBK78CA
苗栗市,房地(土地+建物),苗栗縣苗栗市建功里6鄰中山路181~210號,77.02,住,,,1070513,土地1建物1車位0,全,三層,透天厝,見其他登記事項,鋼筋混凝土造,0980110,210.75,4,2,5,有,無,10280000,48778,,0.0,0,,RPUNMLOKOHNFFBK56CA
苗栗市,房地(土地+建物),苗栗縣苗栗市清華里23鄰為民街421~450號,33.06,住,,,1070419,土地1建物1車位0,全,二層,透天厝,住家用,加強磚造,,44.17,4,2,2,有,無,601100,13609,,0.0,0,,RPPNMLQKOHNFFBK88CA
公館鄉,房地(土地+建物),苗栗縣公館鄉福基村7鄰181~210號,85.0,,山坡地保育區,丙種建築用地,1070508,土地1建物1車位0,全,,透天厝,住家用,加強磚造,,131.22,3,2,3,有,無,2800000,21338,,0.0,0,,RPSNMLNKOHNFFBK88CA
苗栗市,房地(土地+建物),苗栗縣苗栗市清華里27鄰為民街361~390號,14.24,住,,,1070425,土地2建物1車位0,十二層,十二層,住宅大樓(11層含以上有電梯),住家用,鋼筋混凝土造,0840115,121.28,3,2,2,有,有,3800000,31332,,0.0,0,,RPTNMLNKOHNFFBK98CA
苗栗市,土地,文發段331~360地號,123.7,其他,,,1070509,土地1建物0車位0,,,其他,,,,0.0,0,0,0,有,無,825698,6675,,0.0,0,,RPRNMLTJOHNFFBK66CA
通霄鎮,土地,大坪頂段271~300地號,514.0,,山坡地保育區,農牧用地,1070507,土地1建物0車位0,,,其他,,,,0.0,0,0,0,有,無,350000,681,,0.0,0,,RPPNMLNLNHNFFCK68CA
竹南鎮,房地(土地+建物)+車位,苗栗縣竹南鎮山佳里11鄰中興街1~30號,28.36,住,,,1070414,土地2建物2車位1,四層,六層,華廈(10層含以下有電梯),住家用,鋼筋混凝土造,0800125,151.73999999999998,5,2,2,有,有,4500000,29656,坡道平面,0.0,0,,RPUNMLNLNHNFFDK66CA
竹南鎮,房地(土地+建物)+車位,苗栗縣竹南鎮新南里12鄰維新路317巷1~30號,28.21,住,,,1070410,土地1建物1車位1,九層,十一層,住宅大樓(11層含以上有電梯),見其他登記事項,鋼筋混凝土造,1060218,171.8,3,2,2,有,無,8450000,56633,坡道平面,36.72,800000,,RPQNMLOLNHNFFDK98CA
竹南鎮,房地(土地+建物)+車位,苗栗縣竹南鎮新南里12鄰維新路317巷1~30號,21.24,住,,,1070331,土地1建物1車位1,八層,十一層,住宅大樓(11層含以上有電梯),見其他登記事項,鋼筋混凝土造,1060218,135.07,2,2,1,有,無,6080000,54265,坡道平面,31.32,450000,,RPSNMLOLNHNFFDK56CA
後龍鎮,房地(土地+建物),苗栗縣後龍鎮東明里9鄰下浮尾121~150號,86.0,,特定農業區,甲種建築用地,1050902,土地1建物1車位0,全,四層,透天厝,住家用,鋼筋混凝土加強磚造,1061002,200.02,4,2,4,有,無,6760000,33797,,0.0,0,,RPPOMLPLNHNFFDK09CA
竹南鎮,房地(土地+建物),苗栗縣竹南鎮大埔里3鄰大埔二街61~90號,123.66,住,,,1070426,土地2建物1車位0,全,四層,透天厝,見其他登記事項,鋼筋混凝土造,1060930,328.87,7,2,7,有,無,17500000,53213,,0.0,0,,RPPNMLRLNHNFFDK56CA
竹南鎮,房地(土地+建物),苗栗縣竹南鎮大埔里3鄰科專五路238巷1~30號,102.34,住,,,1070503,土地2建物1車位0,全,四層,透天厝,見其他登記事項,鋼筋混凝土造,1060930,326.42,7,2,7,有,無,15368000,47080,,0.0,0,,RPQNMLRLNHNFFDK66CA
竹南鎮,房地(土地+建物),苗栗縣竹南鎮大埔里3鄰科專五路211~240號,118.7,住,,,1070426,土地2建物1車位0,全,四層,透天厝,見其他登記事項,鋼筋混凝土造,1060930,319.61,7,2,7,有,無,16500000,51625,,0.0,0,,RPQNMLSLNHNFFDK76CA
竹南鎮,房地(土地+建物),苗栗縣竹南鎮大埔里3鄰科專五路211~240號,118.81,住,,,1070426,土地2建物1車位0,全,四層,透天厝,見其他登記事項,鋼筋混凝土造,1060930,326.55,7,2,7,有,無,19000000,58184,,0.0,0,,RPPOMLSLNHNFFDK76CA
竹南鎮,房地(土地+建物),苗栗縣竹南鎮竹南里20鄰博愛街151~180號,115.0,住,,,1070508,土地1建物1車位0,全,三層,透天厝,住家用,鋼筋混凝土造,0650818,247.03,4,2,2,有,無,18500000,74890,,0.0,0,,RPWNMLSLNHNFFDK37CA
後龍鎮,房地(土地+建物),苗栗縣後龍鎮校椅里12鄰?i榔二街247巷1~30號,83.38,住,,,1070507,土地3建物1車位0,全,四層,透天厝,見其他登記事項,鋼筋混凝土造,1051006,236.32,3,3,3,有,有,10500000,44431,,0.0,0,,RPRNMLKMNHNFFDK78CA
竹南鎮,建物,苗栗縣竹南鎮營盤里22鄰萬福街1~30號,0.0,,,,1070430,土地0建物1車位0,一層,五層,華廈(10層含以下有電梯),見其他登記事項,鋼筋混凝土造,1040924,108.25,3,2,2,有,無,1880000,17367,,0.0,0,買賣價款含共有約定專用車位,RPUNMLPJOHNFFDK76CA
頭份巿,土地,太陽段181~210地號,93.83,,鄉村區,乙種建築用地,1070509,土地2建物0車位0,,,其他,,,,0.0,0,0,0,有,無,1707000,18192,,0.0,0,,RPQNMLOLNHNFFFK56CA
三灣鄉,房地(土地+建物),苗栗縣三灣鄉永和村9鄰砂坑1~30號,2835.0,,山坡地保育區,農牧用地,1030429,土地1建物1車位0,一層，二層,二層,農舍,農舍,見其他登記事項,1020306,227.87,4,1,4,有,無,16000000,,,0.0,0,本買賣標的含地上花、草、樹木等等。,RPTNMLLMNHNFFFK66CA
頭份巿,房地(土地+建物),苗栗縣頭份鎮興隆里18鄰興三街11巷1~30號,133.15,,鄉村區,乙種建築用地,1070423,土地2建物1車位0,全,二層,透天厝,住家用,加強磚造,0730413,118.56,4,2,2,有,無,2900000,24460,,0.0,0,,RPUNMLLMNHNFFFK76CA
苗栗市,房地(土地+建物),苗栗縣苗栗市文聖里2鄰文山61~90號,422.0,,山坡地保育區,丙種建築用地,1070424,土地3建物1車位0,全,,透天厝,住家用,鋼筋混凝土造,0820515,272.67,5,2,4,有,無,18000000,66014,,0.0,0,,RPTNMLOLNHNFFBK56DA
銅鑼鄉,土地,老雞隆段241~270地號,88.0,,特定農業區,農牧用地,1070505,土地1建物0車位0,,,其他,,,,0.0,0,0,0,有,無,130000,1477,,0.0,0,,RPQNMLNKOHNFFEK98CA
頭份巿,房地(土地+建物)+車位,苗栗縣頭份鎮東庄里19鄰和平路271~300號,37.78,住,,,1060703,土地1建物1車位1,七層,十四層,住宅大樓(11層含以上有電梯),見其他登記事項,鋼筋混凝土造,1070419,197.91,4,2,2,有,有,8750000,43849,坡道平面,26.87,1250000,,RPQNMLMJOHNFFFK88CA
頭份巿,房地(土地+建物)+車位,苗栗縣頭份鎮東庄里19鄰和平路271~300號,38.34,住,,,1060822,土地1建物1車位2,十二層,十四層,住宅大樓(11層含以上有電梯),見其他登記事項,鋼筋混凝土造,1070419,224.78,4,2,2,有,無,9700000,42095,坡道平面,53.74,2500000,,RPRNMLMJOHNFFFK98CA
頭份巿,房地(土地+建物)+車位,苗栗縣頭份鎮東庄里19鄰和平路301~330號,37.78,住,,,1061023,土地1建物1車位1,六層,十四層,住宅大樓(11層含以上有電梯),見其他登記事項,鋼筋混凝土造,1070419,197.35,4,2,2,有,無,8320000,42351,坡道平面,26.87,1100000,,RPSNMLMJOHNFFFK09CA
頭份巿,房地(土地+建物)+車位,苗栗縣頭份鎮東庄里19鄰和平路301~330號,37.78,住,,,1060306,土地1建物1車位1,九層,十四層,住宅大樓(11層含以上有電梯),見其他登記事項,鋼筋混凝土造,1070419,196.23,4,2,2,有,無,8690000,44815,坡道平面,25.75,1050000,,RPTNMLMJOHNFFFK56CA
頭份巿,房地(土地+建物)+車位,苗栗縣頭份鎮東庄里19鄰和平路301~330號,37.78,住,,,1070212,土地1建物1車位1,十四層,十四層,住宅大樓(11層含以上有電梯),見其他登記事項,鋼筋混凝土造,1070419,197.35,4,2,2,有,無,8800000,45167,坡道平面,26.87,1100000,,RPUNMLMJOHNFFFK66CA
頭份巿,房地(土地+建物)+車位,苗栗縣頭份鎮東庄里19鄰和平路301~330號,29.88,住,,,1061211,土地1建物1車位1,十層,十四層,住宅大樓(11層含以上有電梯),見其他登記事項,鋼筋混凝土造,1070419,162.14999999999998,3,2,2,有,無,6800000,42135,坡道平面,26.87,1100000,,RPVNMLMJOHNFFFK76CA
頭份巿,房地(土地+建物)+車位,苗栗縣頭份鎮東庄里19鄰和平路301~330號,29.88,住,,,1070115,土地1建物1車位1,十一層,十四層,住宅大樓(11層含以上有電梯),見其他登記事項,鋼筋混凝土造,1070419,162.14999999999998,3,2,2,有,無,6930000,43096,坡道平面,26.87,1100000,,RPRNMLOJOHNFFFK56CA
頭份巿,房地(土地+建物)+車位,苗栗縣頭份鎮東庄里19鄰和平路301~330號,27.63,住,,,1060301,土地1建物1車位1,六層,十四層,住宅大樓(11層含以上有電梯),見其他登記事項,鋼筋混凝土造,1070419,152.95,3,2,2,有,有,6460000,42513,坡道平面,26.87,1100000,,RPSNMLOJOHNFFFK66CA
頭份巿,房地(土地+建物)+車位,苗栗縣頭份鎮東庄里19鄰和平路301~330號,38.34,住,,,1051114,土地1建物1車位2,十二層,十四層,住宅大樓(11層含以上有電梯),見其他登記事項,鋼筋混凝土造,1070419,224.78,4,2,2,有,有,10650000,47650,坡道平面,53.74,2500000,,RPTNMLOJOHNFFFK76CA
頭份巿,房地(土地+建物)+車位,苗栗縣頭份鎮東庄里19鄰和平路301~330號,37.78,住,,,1060904,土地1建物1車位1,十三層,十四層,住宅大樓(11層含以上有電梯),見其他登記事項,鋼筋混凝土造,1070419,197.91,4,2,2,有,有,8990000,46130,坡道平面,26.87,1100000,,RPUNMLOJOHNFFFK86CA
頭份巿,房地(土地+建物)+車位,苗栗縣頭份鎮東庄里19鄰和平路301~330號,29.88,住,,,1060515,土地1建物1車位1,三層,十四層,住宅大樓(11層含以上有電梯),見其他登記事項,鋼筋混凝土造,1070419,162.14999999999998,3,2,2,有,有,6980000,43465,坡道平面,26.87,1100000,,RPVNMLOJOHNFFFK96CA
頭份巿,房地(土地+建物)+車位,苗栗縣頭份鎮東庄里19鄰和平路301~330號,27.63,住,,,1051128,土地1建物1車位1,四層,十四層,住宅大樓(11層含以上有電梯),見其他登記事項,鋼筋混凝土造,1070419,152.95,3,2,2,有,有,6500000,42830,坡道平面,26.87,1100000,,RPWNMLOJOHNFFFK07CA
頭份巿,房地(土地+建物)+車位,苗栗縣頭份鎮東庄里19鄰和平路301~330號,29.88,住,,,1070305,土地1建物1車位1,九層,十四層,住宅大樓(11層含以上有電梯),見其他登記事項,鋼筋混凝土造,1070419,162.86,3,2,2,有,有,6900000,42650,坡道平面,26.87,1100000,,RPXNMLOJOHNFFFK17CA
頭份巿,房地(土地+建物)+車位,苗栗縣頭份鎮東庄里19鄰和平路301~330號,29.88,住,,,1060405,土地1建物1車位1,三層,十四層,住宅大樓(11層含以上有電梯),見其他登記事項,鋼筋混凝土造,1070419,160.9,3,2,2,有,有,7380000,45736,坡道平面,26.87,1250000,,RPOOMLOJOHNFFFK98CA
頭份巿,房地(土地+建物)+車位,苗栗縣頭份鎮東庄里19鄰和平路301~330號,29.88,住,,,1061218,土地1建物1車位1,五層,十四層,住宅大樓(11層含以上有電梯),見其他登記事項,鋼筋混凝土造,1070419,162.86,3,2,2,有,有,6800000,41915,坡道平面,26.87,1100000,,RPPOMLOJOHNFFFK09CA
頭份巿,房地(土地+建物)+車位,苗栗縣頭份鎮東庄里19鄰和平路301~330號,29.88,住,,,1060405,土地1建物1車位1,十一層,十四層,住宅大樓(11層含以上有電梯),見其他登記事項,鋼筋混凝土造,1070419,162.86,3,2,2,有,有,7350000,45959,坡道平面,26.87,1100000,,RPQOMLOJOHNFFFK56CA
頭份巿,房地(土地+建物)+車位,苗栗縣頭份鎮東庄里19鄰和平路301~330號,29.88,住,,,1061218,土地1建物1車位1,十二層,十四層,住宅大樓(11層含以上有電梯),見其他登記事項,鋼筋混凝土造,1070419,162.86,3,2,2,有,有,7060000,43827,坡道平面,26.87,1100000,,RPROMLOJOHNFFFK66CA
頭份巿,房地(土地+建物)+車位,苗栗縣頭份鎮東庄里19鄰和平路301~330號,29.88,住,,,1061201,土地1建物1車位1,十三層,十四層,住宅大樓(11層含以上有電梯),見其他登記事項,鋼筋混凝土造,1070419,162.86,3,2,2,有,有,7000000,43386,坡道平面,26.87,1100000,,RPSOMLOJOHNFFFK76CA
頭份巿,房地(土地+建物),苗栗縣頭份鎮民權里7鄰東興路165巷1~30號,12.52,住,,,1070505,土地2建物1車位0,三層,六層,套房(1房1廳1衛),見其他登記事項,鋼筋混凝土造,1041221,58.769999999999996,1,1,1,有,無,3200000,54450,,0.0,0,,RPXOMLLMNHNFFFK17CA
頭份巿,房地(土地+建物),苗栗縣頭份鎮東庄里19鄰和平路301~330號,18.04,住,,,1051212,土地1建物1車位0,二層,十四層,住宅大樓(11層含以上有電梯),見其他登記事項,鋼筋混凝土造,1070419,81.48,2,2,1,有,有,3500000,42955,,0.0,0,,RPVOMLOJOHNFFFK07CA
頭份巿,房地(土地+建物)+車位,苗栗縣頭份鎮山下里9鄰永忠街31~60號,16.12,商,,,1070413,土地1建物1車位1,十二層,十五層,住宅大樓(11層含以上有電梯),見其他登記事項,鋼筋混凝土造,1060731,151.94,3,2,2,有,有,7200000,52165,坡道平面,31.17,900000,,RPPNMLTKOHNFFFK96CA
頭份巿,房地(土地+建物)+車位,苗栗縣頭份鎮山下里9鄰永忠街31~60號,11.89,商,,,1070407,土地1建物1車位1,八層,十五層,住宅大樓(11層含以上有電梯),見其他登記事項,鋼筋混凝土造,1060731,120.05,2,2,1,有,有,5850000,54793,坡道平面,31.17,980000,,RPQNMLTKOHNFFFK07CA
頭份巿,房地(土地+建物)+車位,苗栗縣頭份鎮山下里9鄰永忠街31~60號,16.04,商,,,1070421,土地1建物1車位1,二層,十五層,住宅大樓(11層含以上有電梯),見其他登記事項,鋼筋混凝土造,1060731,151.78,3,2,2,有,有,7100000,50742,坡道平面,31.17,980000,,RPRNMLTKOHNFFFK17CA
頭份巿,房地(土地+建物)+車位,苗栗縣頭份鎮山下里9鄰永忠街31~60號,16.07,商,,,1040120,土地1建物1車位1,七層,十五層,住宅大樓(11層含以上有電梯),見其他登記事項,鋼筋混凝土造,1060731,151.82,3,2,2,有,有,7050000,50974,坡道平面,31.17,900000,,RPSNMLTKOHNFFFK27CA
苑裡鎮,土地,苑東段1111~1140地號,21.54,住,,,1070503,土地1建物0車位0,,,其他,,,,0.0,0,0,0,有,無,1275168,59200,,0.0,0,,RPSNMLOLNHNFFCK56DA
頭份巿,房地(土地+建物),苗栗縣頭份鎮尖下里2鄰尖豐路370巷1~30號,170.0,,特定農業區,甲種建築用地,1070507,土地2建物1車位0,全,二層,透天厝,住家用,加強磚造,0640315,190.6,5,2,2,有,無,3250000,17051,,0.0,0,,RPPNMLSLNHNFFFK86CA
南庄鄉,土地,田尾段271~300地號,132.67,,山坡地保育區,丙種建築用地,1070509,土地1建物0車位0,,,其他,,,,0.0,0,0,0,有,無,500000,3769,,0.0,0,,RPQNMLSLNHNFFFK96CA
頭份巿,房地(土地+建物)+車位,苗栗縣頭份鎮蟠桃里16鄰中央路481~510號,32.62,住,,,1070504,土地1建物1車位2,十三層,十四層,住宅大樓(11層含以上有電梯),見其他登記事項,鋼筋混凝土造,1060425,202.48000000000002,3,2,2,有,有,8950000,57848,坡道平面,78.88,1800000,,RPXNMLLMNHNFFFK07CA
頭份巿,房地(土地+建物),苗栗縣頭份鎮自強里11鄰中華路1171~1200號,164.17,商,,,1070423,土地3建物1車位0,一層，二層，三層，騎樓,三層,店面(店鋪),商業用,加強磚造,0510815,346.4,4,2,3,有,無,23500000,67841,,0.0,0,,RPSNMLPLNHNFFFK86CA
頭份巿,土地,中華段121~150地號,147.52,住,,,1070309,土地1建物0車位0,,,其他,,,,0.0,0,0,0,有,無,9800000,66432,,0.0,0,,RPPNMLQLNHNFFFK66CA
頭份巿,土地,觀音段1201~1230地號,564.01,,山坡地保育區,農牧用地,1070221,土地2建物0車位0,,,其他,,,,0.0,0,0,0,有,無,3000000,5319,,0.0,0,,RPROMLSLNHNFFFK17CA
頭份巿,房地(土地+建物),苗栗縣頭份鎮後庄里14鄰復興街135巷31~60號,118.97,住,,,1070412,土地3建物1車位0,全,四層,透天厝,住家用,鋼筋混凝土造,0840718,243.79,4,3,3,有,無,7450000,30559,,0.0,0,,RPWNMLOLNHNFFFK17CA
頭份巿,房地(土地+建物),苗栗縣頭份鎮中興里7鄰中興路389巷1~30號,20.88,住,,,1070420,土地2建物1車位0,四層,六層,華廈(10層含以下有電梯),住家用,鋼筋混凝土造,0820904,99.08999999999999,3,2,2,有,無,3500000,35321,,0.0,0,,RPXNMLOLNHNFFFK27CA
竹南鎮,房地(土地+建物),苗栗縣竹南鎮大埔里1鄰大埔街121~150號,97.7,住,,,1070315,土地3建物1車位0,全,四層,透天厝,見其他登記事項,鋼筋混凝土造,1061229,240.18,4,2,5,有,無,16000000,66617,,0.0,0,,RPVNMLMKOHNFFDK66CA
竹南鎮,房地(土地+建物),苗栗縣竹南鎮大埔里1鄰大埔街121~150號,105.5,住,,,1070511,土地3建物1車位0,全,四層,透天厝,見其他登記事項,鋼筋混凝土造,1061229,237.85,4,2,5,有,無,15500000,65167,,0.0,0,,RPWNMLMKOHNFFDK76CA
後龍鎮,房地(土地+建物),苗栗縣後龍鎮校椅里12鄰?i榔二街91~120號,99.59,住,,,1070418,土地5建物1車位0,全,四層,透天厝,見其他登記事項,鋼筋混凝土造,1050205,262.71,5,3,5,有,有,12000000,45678,,0.0,0,,RPSNMLKMNHNFFDK88CA
後龍鎮,土地,龍城段1471~1500地號,3355.07,,一般農業區,農牧用地,1070516,土地2建物0車位0,,,其他,,,,0.0,0,0,0,有,無,3355000,1000,,0.0,0,,RPXNMLSLNHNFFDK47CA
竹南鎮,房地(土地+建物),苗栗縣竹南鎮崎頂里21鄰和仁街89巷6弄1~30號,106.79,,工業區,丁種建築用地,1070428,土地3建物1車位0,全,三層,透天厝,住家用,鋼筋混凝土造,0960201,135.98,4,2,3,有,無,7000000,51478,,0.0,0,,RPROMLPLNHNFFDK66CA
竹南鎮,房地(土地+建物)+車位,苗栗縣竹南鎮照南里10鄰三泰街1~30號,25.1,住,,,1070423,土地1建物2車位1,六層,六層,華廈(10層含以下有電梯),住家用,鋼筋混凝土造,0820330,128.75,3,2,2,有,有,4300000,33401,坡道平面,0.0,0,,RPTNMLOLNHNFFDK66CA
竹南鎮,房地(土地+建物),苗栗縣竹南鎮聖福里16鄰延平路181~210號,223.0,工,,,1070404,土地1建物3車位0,一層，二層,四層,店面(店鋪),見其他登記事項,鋼筋混凝土造,0970722,490.04,7,2,7,有,無,29500000,60199,,0.0,0,,RPRNMLPLNHNFFDK56CA
竹南鎮,房地(土地+建物),苗栗縣竹南鎮大厝里7鄰開元路91~120號,146.0,住,,,1070508,土地1建物1車位0,全,二層,透天厝,住家用,鋼筋混凝土造,0860313,211.33,4,2,2,有,無,8500000,40221,,0.0,0,,RPTNMLPLNHNFFDK76CA
通霄鎮,房地(土地+建物),苗栗縣通霄鎮平安里10鄰竹林路61~90號,104.75,,鄉村區,乙種建築用地,1070427,土地1建物1車位0,全,二層,透天厝,住家用,加強磚造,0650715,135.18,4,2,2,有,無,2470000,18272,,0.0,0,,RPSNMLQJOHNFFCK56CA
通霄鎮,土地,五南段421~450地號,7.76,,鄉村區,乙種建築用地,1070225,土地1建物0車位0,,,其他,,,,0.0,0,0,0,有,無,23474,3025,,0.0,0,,RPRNMLRJOHNFFCK56CA
苗栗市,房地(土地+建物),苗栗縣苗栗市勝利里21鄰復興路一段1巷18弄1~30號,119.02,住,,,1060401,土地4建物1車位0,全,三層,透天厝,住家用,鋼筋混凝土造,1070129,175.69,4,2,3,有,無,8080000,45990,,0.0,0,,RPTNMLSJOHNFFBK76CA
苗栗市,土地,華清段601~630地號,151.46,其他,,,1070507,土地1建物0車位0,,,其他,,,,0.0,0,0,0,有,無,3600000,23769,,0.0,0,,RPXNMLLMNHNFFBK66CA
苗栗市,房地(土地+建物)+車位,苗栗縣苗栗市清華里12鄰長安街39巷1~30號,38.87,住,,,1070501,土地2建物1車位1,二層,五層,華廈(10層含以下有電梯),住家用,鋼筋混凝土造,1031211,129.29,3,2,2,有,有,6350000,49114,一樓平面,0.0,0,,RPUNMLOLNHNFFBK56CA
苗栗市,土地,文聖段1261~1290地號,297.44,住,,,1070504,土地1建物0車位0,,,其他,,,,0.0,0,0,0,有,無,10060000,33822,,0.0,0,,RPPNMLSLNHNFFBK09CA
公館鄉,房地(土地+建物),苗栗縣公館鄉南河村2鄰南河1~30號,6359.0,,山坡地保育區,農牧用地,1070503,土地2建物1車位0,全,二層,透天厝,農舍,鋼筋混凝土造,0720108,132.52,3,2,2,有,無,5969700,45048,,0.0,0,,RPRNMLSLNHNFFBK66CA
大湖鄉,土地,興榮段151~180地號,4756.0,,山坡地保育區,農牧用地,1061012,土地2建物0車位0,,,其他,,,,0.0,0,0,0,有,無,1500000,315,,0.0,0,,RPRNMLLJOHNFFAK38CA
大湖鄉,土地,大湖段961~990地號,4466.0,,山坡地保育區,農牧用地,1070403,土地8建物0車位0,,,其他,,,,0.0,0,0,0,有,無,13320000,2983,,0.0,0,,RPPNMLPJOHNFFAK58CA
苗栗市,房地(土地+建物),苗栗縣苗栗市建功里21鄰精武街17巷31~60號,20.45,住,,,1070331,土地2建物1車位0,四層,五層,華廈(10層含以下有電梯),住家用,鋼筋混凝土造,0840418,77.87,2,1,1,有,有,3300000,42378,,0.0,0,,RPOOMLTLNHNFFBK56CA
苗栗市,房地(土地+建物),苗栗縣苗栗市饒平街1~30號,20.0,住,,,1070428,土地1建物1車位0,一層，見其他登記事項,,店面(店鋪),住家用,鋼筋混凝土造,0710227,76.66,2,1,1,有,無,3880000,50613,,0.0,0,,RPQOMLTLNHNFFBK76CA
卓蘭鎮,土地,大坪林段61~90地號,372.0,,山坡地保育區,農牧用地,1070428,土地1建物0車位0,,,其他,,,,0.0,0,0,0,有,無,450000,1210,,0.0,0,,RPQNMLSLNHNFFAK09CA
苗栗市,土地,文聖段1111~1140地號,117.53,住,,,1070329,土地2建物0車位0,,,其他,,,,0.0,0,0,0,有,無,5600000,47647,,0.0,0,,RPUNMLNKOHNFFBK09CA
通霄鎮,土地,通平段211~240地號,790.56,,一般農業區,農牧用地,1070418,土地2建物0車位0,,,其他,,,,0.0,0,0,0,有,無,3228000,4083,,0.0,0,,RPSNMLSLNHNFFCK86CA
通霄鎮,房地(土地+建物),苗栗縣通霄鎮通東里17鄰信義路121~150號,26.91,住,,,1070507,土地6建物1車位0,四層,四層,公寓(5樓含以下無電梯),住家用,鋼筋混凝土造,0850411,76.35,3,2,2,有,無,1282772,16801,,0.0,0,二等親屬間買賣，已申報贈與稅。,RPTNMLQJOHNFFCK66CA
竹南鎮,房地(土地+建物)+車位,苗栗縣竹南鎮大埔里2鄰大埔十街46巷1~30號,36.88,住,,,1031018,土地1建物1車位1,三層,十層,華廈(10層含以下有電梯),住家用,鋼筋混凝土造,1060825,162.56,3,1,2,有,有,7700000,52656,坡道平面,33.41,900000,此交易內含機車位1個，且價款已含入交易總價；與（頭份市信義段移轉面積2.69㎡）併同辦理,RPUNMLSLNHNFFDK17CA
竹南鎮,房地(土地+建物)+車位,苗栗縣竹南鎮大埔里2鄰大埔十街46巷1~30號,28.49,住,,,1030905,土地1建物1車位1,八層,九層,華廈(10層含以下有電梯),住家用,鋼筋混凝土造,1060825,134.07999999999998,2,1,1,有,有,6770000,58309,坡道平面,33.41,900000,此交易內含機車位1個，且價款已含入交易總價；與（頭份市信義段移轉面積2.08㎡）併同辦理,RPVNMLSLNHNFFDK27CA
竹南鎮,房地(土地+建物)+車位,苗栗縣竹南鎮大埔里2鄰大埔十街46巷1~30號,36.88,住,,,1030910,土地1建物1車位1,六層,十層,華廈(10層含以下有電梯),住家用,鋼筋混凝土造,1060825,162.72,3,1,2,有,有,7950000,53747,坡道平面,33.41,1000000,此交易內含機車位1個，且價款已含入交易總價；與（頭份市信義段移轉面積33.41㎡）併同辦理,RPRNMLSLNHNFFDK86CA
後龍鎮,土地,後龍段柳樹灣小段241~270地號,1204.0,,特定農業區,農牧用地,1070415,土地1建物0車位0,,,其他,,,,0.0,0,0,0,有,無,5100000,4236,,0.0,0,,RPSNMLSLNHNFFDK96CA
竹南鎮,房地(土地+建物),苗栗縣竹南鎮大厝里20鄰環市路二段18巷1~30號,110.98,住,,,1070425,土地1建物1車位0,全,二層,透天厝,住家用,見其他登記事項,0620827,102.6,5,2,2,有,無,3194740,31138,,0.0,0,,RPOOMLSLNHNFFDK66CA
竹南鎮,房地(土地+建物),苗栗縣竹南鎮港墘里17鄰仁德路259巷38弄31~60號,99.9,住,,,1070318,土地3建物1車位0,全,四層,透天厝,見其他登記事項,鋼筋混凝土造,1051228,225.42000000000002,4,2,4,有,無,12800000,56783,,0.0,0,,RPXNMLTLNHNFFDK57CA
竹南鎮,房地(土地+建物),苗栗縣竹南鎮港墘里17鄰仁德路259巷38弄61~90號,116.01,住,,,1070223,土地3建物1車位0,全,四層,透天厝,見其他登記事項,鋼筋混凝土造,1051228,233.42,4,2,4,有,無,12590000,53937,,0.0,0,,RPOOMLTLNHNFFDK76CA
竹南鎮,房地(土地+建物)+車位,苗栗縣竹南鎮中英里13鄰復興路139巷21弄1~30號,46.65,住,,,1070321,土地1建物1車位1,三層,五層,華廈(10層含以下有電梯),見其他登記事項,鋼筋混凝土造,1060725,142.06,3,2,2,有,有,6860000,48289,一樓平面,0.0,0,,RPPOMLTLNHNFFDK86CA
竹南鎮,房地(土地+建物)+車位,苗栗縣竹南鎮新南里17鄰公園路91~120號,19.15,商,,,1040517,土地1建物1車位1,一層，見其他登記事項,十四層,住宅大樓(11層含以上有電梯),見其他登記事項,鋼筋混凝土造,1070205,173.83,0,0,0,無,有,20000000,130600,坡道平面,28.73,1050000,,RPPNMLLMNHNFFDK68CA
竹南鎮,房地(土地+建物)+車位,苗栗縣竹南鎮新南里17鄰公園路91~120號,18.15,商,,,1040310,土地1建物1車位1,九層,十四層,住宅大樓(11層含以上有電梯),住家用,鋼筋混凝土造,1070205,183.38,3,2,2,有,有,10420000,61762,坡道平面,27.62,800000,,RPQNMLLMNHNFFDK78CA
後龍鎮,房地(土地+建物),苗栗縣後龍鎮南龍里21鄰勝利街241~270號,228.0,,特定農業區,甲種建築用地,1070329,土地3建物1車位0,全,四層,透天厝,住家用,鋼筋混凝土造,0920528,481.98,26,0,26,有,有,18000000,37346,,0.0,0,,RPSNMLLJOHNFFDK78CA
後龍鎮,土地,合興段841~870地號,121.35,住,,,1070511,土地9建物0車位0,,,其他,,,,0.0,0,0,0,有,無,750000,6180,,0.0,0,,RPPNMLOJOHNFFDK78CA
銅鑼鄉,土地,老雞隆段991~1020地號,2998.0,,山坡地保育區,農牧用地,1070416,土地1建物0車位0,,,其他,,,,0.0,0,0,0,有,無,8100000,2702,,0.0,0,,RPQNMLSLNHNFFEK86CA
頭份巿,土地,後湖段871~900地號,302.07,農,,,1070329,土地1建物0車位0,,,其他,,,,0.0,0,0,0,有,無,14400000,47671,,0.0,0,,RPTNMLTLNHNFFFK37CA
泰安鄉,土地,南洗水段1021~1050地號,1989.0,,山坡地保育區,農牧用地,1070524,土地1建物0車位0,,,其他,,,,0.0,0,0,0,有,無,1329000,668,,0.0,0,,RPPNMLPLNHNFFAK88EA
通霄鎮,土地,平元段661~690地號,48.15,農,,,1070510,土地1建物0車位0,,,其他,,,,0.0,0,0,0,有,無,140000,2908,,0.0,0,,RPQNMLSLNHNFFCK86EA
公館鄉,房地(土地+建物),苗栗縣公館鄉館中村5鄰大同路91~120號,468.59,商,,,1070401,土地2建物1車位0,全,,透天厝,住家用,鋼筋混凝土造,0580331,728.0,0,0,0,無,無,29800000,40934,,0.0,0,,RPTNMLTLOHNFFBK17DA
頭份巿,房地(土地+建物),苗栗縣頭份鎮東庄里19鄰和平路301~330號,18.04,住,,,1051205,土地1建物1車位0,四層,十四層,住宅大樓(11層含以上有電梯),見其他登記事項,鋼筋混凝土造,1070419,84.11,2,2,1,有,有,3960000,47081,,0.0,0,,RPWOMLOJOHNFFFK17CA
頭份巿,房地(土地+建物)+車位,苗栗縣頭份鎮東庄里19鄰和平路301~330號,18.61,住,,,1051121,土地1建物1車位1,五層,十四層,住宅大樓(11層含以上有電梯),見其他登記事項,鋼筋混凝土造,1070419,109.86,2,2,1,有,有,4700000,43396,坡道平面,25.75,1050000,,RPXOMLOJOHNFFFK27CA
頭份巿,房地(土地+建物),苗栗縣頭份鎮東庄里19鄰和平路301~330號,18.04,住,,,1060103,土地1建物1車位0,八層,十四層,住宅大樓(11層含以上有電梯),見其他登記事項,鋼筋混凝土造,1070419,84.11,2,2,1,有,有,4000000,47557,,0.0,0,,RPOPMLOJOHNFFFK09CA
頭份巿,房地(土地+建物)+車位,苗栗縣頭份鎮東庄里19鄰和平路301~330號,18.61,住,,,1051212,土地1建物1車位1,九層,十四層,住宅大樓(11層含以上有電梯),見其他登記事項,鋼筋混凝土造,1070419,110.97999999999999,2,2,1,有,有,5150000,46368,坡道平面,26.87,1250000,,RPPPMLOJOHNFFFK56CA
頭份巿,房地(土地+建物)+車位,苗栗縣頭份鎮東庄里19鄰和平路301~330號,18.61,住,,,1060213,土地1建物1車位1,十層,十四層,住宅大樓(11層含以上有電梯),見其他登記事項,鋼筋混凝土造,1070419,110.97999999999999,2,2,1,有,有,5130000,46130,坡道平面,26.87,1250000,,RPQPMLOJOHNFFFK66CA
頭份巿,房地(土地+建物)+車位,苗栗縣頭份鎮東庄里19鄰和平路301~330號,18.61,住,,,1060410,土地1建物1車位1,十二層,十四層,住宅大樓(11層含以上有電梯),見其他登記事項,鋼筋混凝土造,1070419,110.97999999999999,2,2,1,有,有,4850000,44584,坡道平面,26.87,1100000,,RPRPMLOJOHNFFFK76CA
頭份巿,房地(土地+建物)+車位,苗栗縣頭份鎮東庄里19鄰和平路301~330號,34.39,住,,,1051212,土地1建物1車位1,五層,十四層,住宅大樓(11層含以上有電梯),見其他登記事項,鋼筋混凝土造,1070419,181.85,4,2,2,有,有,8380000,46974,坡道平面,26.87,1100000,,RPSPMLOJOHNFFFK86CA
頭份巿,房地(土地+建物)+車位,苗栗縣頭份鎮東庄里19鄰和平路301~330號,34.39,住,,,1060417,土地1建物1車位1,六層,十四層,住宅大樓(11層含以上有電梯),見其他登記事項,鋼筋混凝土造,1070419,181.85,4,2,2,有,有,8050000,44844,坡道平面,26.87,1100000,,RPOOMLPJOHNFFFK09CA
頭份巿,房地(土地+建物)+車位,苗栗縣頭份鎮東庄里19鄰和平路301~330號,34.39,住,,,1051227,土地1建物1車位1,十層,十四層,住宅大樓(11層含以上有電梯),見其他登記事項,鋼筋混凝土造,1070419,181.85,4,2,2,有,有,8260000,46200,坡道平面,26.87,1100000,,RPPOMLPJOHNFFFK56CA
頭份巿,房地(土地+建物)+車位,苗栗縣頭份鎮東庄里19鄰和平路301~330號,29.88,住,,,1070108,土地1建物1車位1,四層,十四層,住宅大樓(11層含以上有電梯),見其他登記事項,鋼筋混凝土造,1070419,163.92000000000002,3,2,2,有,有,6950000,42685,坡道平面,26.87,1100000,,RPQOMLPJOHNFFFK66CA
頭份巿,房地(土地+建物)+車位,苗栗縣頭份鎮東庄里19鄰和平路301~330號,29.88,住,,,1061016,土地1建物1車位1,七層,十四層,住宅大樓(11層含以上有電梯),見其他登記事項,鋼筋混凝土造,1070419,162.8,3,2,2,有,有,7060000,30427,坡道平面,25.75,2890000,,RPROMLPJOHNFFFK76CA
頭份巿,房地(土地+建物)+車位,苗栗縣頭份鎮東庄里19鄰和平路301~330號,29.88,住,,,1070108,土地1建物1車位1,八層,十四層,住宅大樓(11層含以上有電梯),見其他登記事項,鋼筋混凝土造,1070419,163.92000000000002,3,2,2,有,有,7150000,44144,坡道平面,26.87,1100000,,RPSOMLPJOHNFFFK86CA
頭份巿,房地(土地+建物)+車位,苗栗縣頭份鎮東庄里19鄰和平路301~330號,29.88,住,,,1060615,土地1建物1車位1,九層,十四層,住宅大樓(11層含以上有電梯),見其他登記事項,鋼筋混凝土造,1070419,163.92000000000002,3,2,2,有,有,7150000,44144,坡道平面,26.87,1100000,,RPTOMLPJOHNFFFK96CA
頭份巿,房地(土地+建物)+車位,苗栗縣頭份鎮東庄里19鄰和平路301~330號,37.78,住,,,1070122,土地1建物1車位1,八層,十四層,住宅大樓(11層含以上有電梯),見其他登記事項,鋼筋混凝土造,1070419,196.23,4,2,2,有,有,8500000,43700,坡道平面,25.75,1050000,,RPUOMLPJOHNFFFK07CA
頭份巿,房地(土地+建物)+車位,苗栗縣頭份鎮東庄里19鄰和平路301~330號,29.88,住,,,1060914,土地1建物1車位1,九層,十四層,住宅大樓(11層含以上有電梯),見其他登記事項,鋼筋混凝土造,1070419,162.86,3,2,2,有,有,7180000,43606,坡道平面,26.87,1250000,,RPVOMLPJOHNFFFK17CA
頭份巿,房地(土地+建物)+車位,苗栗縣頭份鎮東庄里19鄰和平路301~330號,18.61,住,,,1060313,土地1建物1車位1,六層,十四層,住宅大樓(11層含以上有電梯),見其他登記事項,鋼筋混凝土造,1070419,110.97999999999999,2,2,1,有,有,4700000,42801,坡道平面,26.87,1100000,,RPWOMLPJOHNFFFK27CA
頭份巿,房地(土地+建物)+車位,苗栗縣頭份鎮東庄里19鄰和平路271~300號,37.78,住,,,1060717,土地1建物1車位1,五層,十四層,住宅大樓(11層含以上有電梯),見其他登記事項,鋼筋混凝土造,1070419,196.79000000000002,4,2,2,有,有,8500000,43557,坡道平面,25.75,1050000,,RPXOMLPJOHNFFFK37CA
頭份巿,房地(土地+建物)+車位,苗栗縣頭份鎮東庄里19鄰和平路301~330號,37.78,住,,,1060710,土地1建物1車位1,五層,十四層,住宅大樓(11層含以上有電梯),見其他登記事項,鋼筋混凝土造,1070419,197.35,4,2,2,有,有,8320000,42351,坡道平面,26.87,1100000,,RPOPMLPJOHNFFFK56CA
頭份巿,房地(土地+建物)+車位,苗栗縣頭份鎮東庄里19鄰和平路301~330號,29.88,住,,,1060410,土地1建物1車位1,六層,十四層,住宅大樓(11層含以上有電梯),見其他登記事項,鋼筋混凝土造,1070419,162.14999999999998,3,2,2,有,有,7100000,44352,坡道平面,26.87,1100000,,RPPPMLPJOHNFFFK66CA
頭份巿,房地(土地+建物)+車位,苗栗縣頭份鎮東庄里19鄰和平路301~330號,29.88,住,,,1061204,土地1建物1車位1,十三層,十四層,住宅大樓(11層含以上有電梯),見其他登記事項,鋼筋混凝土造,1070419,162.14999999999998,3,2,2,有,有,6860000,42578,坡道平面,26.87,1100000,,RPQPMLPJOHNFFFK76CA
頭份巿,房地(土地+建物)+車位,苗栗縣頭份鎮東庄里19鄰和平路301~330號,37.78,住,,,1060911,土地1建物1車位1,十一層,十四層,住宅大樓(11層含以上有電梯),見其他登記事項,鋼筋混凝土造,1070419,197.91,4,2,2,有,有,8800000,44142,坡道平面,26.87,1250000,,RPRPMLPJOHNFFFK86CA
西湖鄉,土地,新二湖段271~300地號,96.55,,山坡地保育區,丙種建築用地,1070412,土地1建物0車位0,,,其他,,,,0.0,0,0,0,有,無,1500000,15536,,0.0,0,,RPPNMLTLNHNFFEK96DA
三義鄉,土地,育英段841~870地號,428.59,,山坡地保育區,丙種建築用地,1070410,土地3建物0車位0,,,其他,,,,0.0,0,0,0,有,無,1585783,3700,,0.0,0,,RPPNMLKMNHNFFEK78DA
頭屋鄉,土地,明德段841~870地號,80.24,住,,,1070517,土地1建物0車位0,,,其他,,,,0.0,0,0,0,有,無,500000,6231,,0.0,0,,RPVNMLLMNHNFFBK56DA
頭份巿,房地(土地+建物),苗栗縣頭份鎮田寮里24鄰華夏路91~120號,31.91,住,,,1070411,土地2建物1車位0,五層,五層,華廈(10層含以下有電梯),住家用,鋼筋混凝土造,1041020,110.77,4,0,4,有,有,5350000,48298,,0.0,0,,RPQNMLOJOHNFFFK09CA
頭份巿,房地(土地+建物)+車位,苗栗縣頭份鎮東庄里19鄰和平路301~330號,28.19,住,,,1061107,土地1建物1車位2,三層,十四層,住宅大樓(11層含以上有電梯),見其他登記事項,鋼筋混凝土造,1070419,178.7,3,2,2,有,有,7300000,40013,坡道平面,53.74,2300000,,RPVNMLRJOHNFFFK27CA
頭份巿,房地(土地+建物)+車位,苗栗縣頭份鎮東庄里19鄰和平路301~330號,27.63,住,,,1061011,土地1建物1車位1,六層,十四層,住宅大樓(11層含以上有電梯),見其他登記事項,鋼筋混凝土造,1070419,152.95,3,2,2,有,有,6220000,40609,坡道平面,26.87,1100000,,RPWNMLRJOHNFFFK37CA
頭份巿,房地(土地+建物)+車位,苗栗縣頭份鎮東庄里19鄰和平路301~330號,29.88,住,,,1061208,土地1建物1車位1,十一層,十四層,住宅大樓(11層含以上有電梯),見其他登記事項,鋼筋混凝土造,1070419,163.92000000000002,3,2,2,有,有,7200000,44509,坡道平面,26.87,1100000,,RPXNMLRJOHNFFFK47CA
頭份巿,土地,興埔段781~810地號,74.95,,山坡地保育區,交通用地,1070425,土地1建物0車位0,,,其他,,,,0.0,0,0,0,有,無,283375,3781,,0.0,0,,RPQNMLLJOHNFFFK78CA
頭份巿,房地(土地+建物),苗栗縣頭份鎮東庄里6鄰昌隆一街361~390號,24.62,住,,,1070403,土地1建物1車位0,二層,十四層,住宅大樓(11層含以上有電梯),見其他登記事項,鋼筋混凝土造,1061115,137.81,2,2,2,有,無,5300000,38459,,0.0,0,,RPRNMLLJOHNFFFK88CA
三灣鄉,土地,內灣段241~270地號,2502.0,,特定農業區,農牧用地,1070421,土地1建物0車位0,,,其他,,,,0.0,0,0,0,有,無,5500000,2198,,0.0,0,,RPUNMLTLNHNFFFK47CA
頭份巿,房地(土地+建物)+車位,苗栗縣頭份鎮文化里16鄰八德二路233巷31~60號,34.52,住,,,1070414,土地1建物1車位1,一層,十二層,住宅大樓(11層含以上有電梯),見其他登記事項,鋼筋混凝土造,1060518,178.86,3,2,2,有,有,7050000,39416,坡道平面,29.0,0,交易內含機車位1個,RPVNMLTLNHNFFFK57CA
頭份巿,土地,尖山下段991~1020地號,3474.5,,山坡地保育區,農牧用地,1070508,土地3建物0車位0,,,其他,,,,0.0,0,0,0,有,無,4500000,1295,,0.0,0,總價含道路用地持分。,RPWNMLTLNHNFFFK67CA
三灣鄉,土地,崁頂寮段61~90地號,738.0,,山坡地保育區,窯業用地,1070509,土地1建物0車位0,,,其他,,,,0.0,0,0,0,有,無,1900000,2575,,0.0,0,,RPWNMLSLNHNFFFK57CA
頭份巿,房地(土地+建物)+車位,苗栗縣頭份鎮東庄里6鄰昌隆一街331~360號,28.9,住,,,1070510,土地1建物1車位1,十層,十四層,住宅大樓(11層含以上有電梯),見其他登記事項,鋼筋混凝土造,1061115,164.76,3,2,2,有,有,6450000,41651,坡道平面,33.91,1000000,,RPXNMLSLNHNFFFK67CA
頭份巿,房地(土地+建物)+車位,苗栗縣頭份鎮東庄里6鄰昌隆一街331~360號,21.41,住,,,1070509,土地1建物1車位1,二層,十四層,住宅大樓(11層含以上有電梯),見其他登記事項,鋼筋混凝土造,1061115,125.33,2,2,1,有,有,5400000,49223,坡道平面,33.91,900000,,RPOOMLSLNHNFFFK86CA
頭份巿,房地(土地+建物)+車位,苗栗縣頭份鎮東庄里6鄰昌隆一街331~360號,26.76,住,,,1040707,土地1建物1車位1,三層,十四層,住宅大樓(11層含以上有電梯),見其他登記事項,鋼筋混凝土造,1061115,147.57999999999998,2,2,2,有,有,6060000,45395,坡道平面,33.91,900000,,RPPOMLSLNHNFFFK96CA
頭份巿,房地(土地+建物)+車位,苗栗縣頭份鎮東庄里6鄰昌隆一街361~390號,28.9,住,,,1070312,土地1建物1車位1,十層,十四層,住宅大樓(11層含以上有電梯),見其他登記事項,鋼筋混凝土造,1061115,164.76,3,2,2,有,有,6780000,43408,坡道平面,33.91,1100000,,RPQOMLSLNHNFFFK07CA
頭份巿,土地,興埔段781~810地號,93.93,,山坡地保育區,交通用地,1070425,土地1建物0車位0,,,其他,,,,0.0,0,0,0,有,無,355125,3781,,0.0,0,,RPROMLLMNHNFFFK56CA
三灣鄉,土地,崁頂寮段361~390地號,2538.0,,山坡地保育區,農牧用地,1070407,土地1建物0車位0,,,其他,,,,0.0,0,0,0,有,無,5000000,1970,,0.0,0,買賣標的非素地，經整體規劃設置排水設施，並種植花、草、樹木等。,RPSOMLLMNHNFFFK66CA
頭份巿,土地,興埔段781~810地號,83.43,,山坡地保育區,交通用地,1070425,土地1建物0車位0,,,其他,,,,0.0,0,0,0,有,無,315375,3780,,0.0,0,,RPTOMLLMNHNFFFK76CA
三灣鄉,土地,崁頂寮段361~390地號,2590.0,,山坡地保育區,農牧用地,1060923,土地1建物0車位0,,,其他,,,,0.0,0,0,0,有,無,4600000,1776,,0.0,0,買賣標的非素地，經整體規劃設置排水設施，並種植花、草、樹木等。,RPUOMLLMNHNFFFK86CA
三灣鄉,土地,銅鑼圈段大銅鑼圈小段1~30地號,2772.2,,山坡地保育區,農牧用地,1070507,土地4建物0車位0,,,其他,,,,0.0,0,0,0,有,無,4980000,1796,,0.0,0,買賣標的非素地，經整規劃設置排水、護坡等設施，並種植草皮、樹木等。,RPVOMLLMNHNFFFK96CA
三義鄉,土地,魚藤坪段421~450地號,4551.0,,山坡地保育區,農牧用地,1070317,土地3建物0車位0,,,其他,,,,0.0,0,0,0,有,無,3500000,769,,0.0,0,,RPRNMLTLNHNFFEK07CA
銅鑼鄉,土地,竹圍段331~360地號,2514.0,,山坡地保育區,農牧用地,1070427,土地1建物0車位0,,,其他,,,,0.0,0,0,0,有,無,4258716,1694,,0.0,0,"借名登記之返還,買賣價金按照前次申報價金申報",RPTNMLTLNHNFFEK27CA
銅鑼鄉,土地,竹圍段331~360地號,2515.0,,山坡地保育區,農牧用地,1070427,土地1建物0車位0,,,其他,,,,0.0,0,0,0,有,無,4260410,1694,,0.0,0,"借名登記之返還,買賣價金按照前次申報價金申報",RPUNMLTLNHNFFEK37CA
銅鑼鄉,土地,竹圍段331~360地號,131.0,,山坡地保育區,丙種建築用地,1070427,土地1建物0車位0,,,其他,,,,0.0,0,0,0,有,無,230000,1756,,0.0,0,,RPQNMLKMNHNFFEK78CA
西湖鄉,土地,新高埔段1231~1260地號,608.92,,山坡地保育區,丙種建築用地,1070410,土地1建物0車位0,,,其他,,,,0.0,0,0,0,有,無,5152000,8461,,0.0,0,,RPRNMLKMNHNFFEK88CA
西湖鄉,土地,新高埔段1231~1260地號,3086.95,,山坡地保育區,農牧用地,1070410,土地2建物0車位0,,,其他,,,,0.0,0,0,0,有,無,2348000,761,,0.0,0,,SPRNMLKMNHNFFEK98CA
銅鑼鄉,土地,西崗段541~570地號,726.75,,特定農業區,農牧用地,1070224,土地2建物0車位0,,,其他,,,,0.0,0,0,0,有,無,200000,275,,0.0,0,賣方是出家人有改姓名  土地急賣  本案兩筆土地面積皆未達0.25公頃  土增稅由買方負擔 但本筆不課徵土增稅,RPPNMLLJOHNFFEK58CA
三義鄉,建物,苗栗縣三義鄉中正路121~150號,0.0,,,,1070505,土地0建物1車位0,全,三層,透天厝,住商用,鋼筋混凝土造,0711104,174.84,3,0,3,有,無,4000000,22878,,0.0,0,,RPRNMLQJOHNFFEK66CA
銅鑼鄉,房地(土地+建物),苗栗縣銅鑼鄉2鄰大同路151~180號,112.36,住,,,1070514,土地1建物1車位0,一層，二層，三層，騎樓,三層,套房(1房1廳1衛),住家用,鋼筋混凝土造,0820604,213.33,11,1,11,有,無,9500000,44532,,0.0,0,,RPSNMLQJOHNFFEK76CA
三義鄉,土地,西湖段511~540地號,770.6,,山坡地保育區,農牧用地,1070509,土地4建物0車位0,,,其他,,,,0.0,0,0,0,有,無,4660000,6047,,0.0,0,,RPPNMLLLOHNFFEK78CA
三義鄉,土地,西湖段391~420地號,3895.27,,山坡地保育區,農牧用地,1070509,土地15建物0車位0,,,其他,,,,0.0,0,0,0,有,無,18850000,4839,,0.0,0,,RPQNMLLLOHNFFEK88CA
竹南鎮,房地(土地+建物),苗栗縣竹南鎮山佳里4鄰光復路511~540號,16.85,住,,,1070429,土地1建物1車位0,三層,七層,華廈(10層含以下有電梯),住家用,鋼筋混凝土造,0821118,99.56,3,2,2,有,無,2670000,26818,,0.0,0,,RPSNMLPJOHNFFDK56CA
竹南鎮,房地(土地+建物)+車位,苗栗縣竹南鎮大埔里8鄰大埔一街91~120號,16.87,商,,,1070402,土地1建物1車位1,五層,十四層,住宅大樓(11層含以上有電梯),見其他登記事項,鋼筋混凝土造,1051130,159.57,3,2,2,有,有,5650000,35408,坡道平面,0.0,0,,RPPOMLOJOHNFFDK88CA
竹南鎮,房地(土地+建物)+車位,苗栗縣竹南鎮大埔里8鄰大埔一街91~120號,16.48,商,,,1070503,土地1建物1車位1,四層,十四層,住宅大樓(11層含以上有電梯),見其他登記事項,鋼筋混凝土造,1051130,157.59,3,2,2,有,有,5400000,34266,坡道平面,0.0,0,,RPQOMLOJOHNFFDK98CA
後龍鎮,土地,苦苓腳段1~30地號,1125.67,,山坡地保育區,農牧用地,1070501,土地1建物0車位0,,,其他,,,,0.0,0,0,0,有,無,1702000,1512,,0.0,0,多人持分之土地  只買持分   有特定需求  土增稅由賣方負擔,RPQNMLLJOHNFFDK58CA
竹南鎮,房地(土地+建物),苗栗縣竹南鎮龍鳳里20鄰勤興街121~150號,70.0,,一般農業區,甲種建築用地,1070507,土地2建物1車位0,全,二層,透天厝,住家用,加強磚造,0720714,111.36,4,2,2,有,無,4100000,36818,,0.0,0,,RPQNMLTLNHNFFDK86CA
竹南鎮,房地(土地+建物)+車位,苗栗縣竹南鎮中華里16鄰博愛街313巷1~30號,11.12,住,,,1070423,土地1建物1車位1,十層,二十層,住宅大樓(11層含以上有電梯),住家用,鋼筋混凝土造,0851214,171.23,3,2,2,有,有,4900000,28616,坡道平面,0.0,0,,RPUNMLTLNHNFFDK27CA
竹南鎮,土地,后厝段811~840地號,144.04,其他,,,1070515,土地1建物0車位0,,,其他,,,,0.0,0,0,0,有,無,1567000,10879,,0.0,0,本案另有頭份市自強段總面積177.54平方公尺，權利範圍2559/10000之土地一併移轉。,RPQOMLTLNHNFFDK96CA
竹南鎮,房地(土地+建物),苗栗縣竹南鎮大埔里20鄰中埔街8巷3弄1~30號,59.97,,一般農業區,甲種建築用地,1070422,土地1建物1車位0,全,二層,透天厝,住家用,加強磚造,0690116,97.2,5,0,5,有,無,3100000,31893,,0.0,0,,RPPNMLKMNHNFFDK58CA
苑裡鎮,土地,大埔北段841~870地號,93.95,,特定農業區,甲種建築用地,1070418,土地2建物0車位0,,,其他,,,,0.0,0,0,0,有,無,341038,3630,,0.0,0,兄弟間買賣,RPUNMLMKOHNFFCK09CA
苑裡鎮,土地,大埔北段841~870地號,67.22,,特定農業區,甲種建築用地,1070418,土地1建物0車位0,,,其他,,,,0.0,0,0,0,有,無,244008,3630,,0.0,0,兄弟間買賣,RPVNMLMKOHNFFCK56CA
通霄鎮,土地,雲天段1321~1350地號,4236.52,,山坡地保育區,農牧用地,1070212,土地1建物0車位0,,,其他,,,,0.0,0,0,0,有,無,5000000,1180,,0.0,0,,RPQNMLTLNHNFFCK76CA
苗栗市,房地(土地+建物),苗栗縣苗栗市民族路66巷30弄1~30號,40.81,住,,,1070425,土地1建物1車位0,四層，電梯樓梯間,,公寓(5樓含以下無電梯),住家用,鋼筋混凝土造,0730425,99.13,3,1,1,有,無,1620000,16342,,0.0,0,,RPSNMLTJOHNFFBK76CA
大湖鄉,土地,大湖段751~780地號,2020.0,,山坡地保育區,林業用地,1070517,土地1建物0車位0,,,其他,,,,0.0,0,0,0,有,無,260000,129,,0.0,0,農保地,RPQNMLLMNHNFFAK48CA
大湖鄉,土地,大湖段751~780地號,2020.0,,山坡地保育區,林業用地,1070517,土地1建物0車位0,,,其他,,,,0.0,0,0,0,有,無,260000,129,,0.0,0,農保地,RPRNMLLMNHNFFAK58CA
苗栗市,房地(土地+建物),苗栗縣苗栗市嘉盛里15鄰為公路361~390號,11.79,住,,,1070515,土地1建物1車位0,全,三層,透天厝,住商用,加強磚造,0530301,27.0,2,2,2,有,無,900000,33333,,0.0,0,,RPPNMLTLNHNFFBK56CA
苗栗市,房地(土地+建物),苗栗縣苗栗市福安里24鄰鴻福91~120號,71.4,住,,,1070501,土地1建物1車位0,全,二層,透天厝,住家用,加強磚造,0690330,88.02,3,2,2,有,無,3000000,34083,,0.0,0,,RPUNMLKMNHNFFBK88CA
苗栗市,土地,聯大段2461~2490地號,3338.71,,山坡地保育區,農牧用地,1070515,土地2建物0車位0,,,其他,,,,0.0,0,0,0,有,無,1900000,569,,0.0,0,,RPVNMLLJOHNFFBK88CA
頭屋鄉,土地,明德段451~480地號,6.63,其他,,,1070516,土地1建物0車位0,,,其他,,,,0.0,0,0,0,有,無,79560,12000,,0.0,0,協議價購案件,RPQNMLOJOHNFFBK68CA
竹南鎮,房地(土地+建物)+車位,苗栗縣竹南鎮新南里17鄰公園路31~60號,36.47,住,,,1070408,土地1建物1車位2,十三層,十五層,住宅大樓(11層含以上有電梯),見其他登記事項,鋼筋混凝土造,1040313,302.24,3,2,3,有,有,16980000,56181,坡道平面,0.0,0,,RPUNMLKMNHNFFDK09CA
竹南鎮,房地(土地+建物),苗栗縣竹南鎮大埔里5鄰公義路1066巷33弄1~30號,98.27,住,,,1070326,土地2建物1車位0,全,三層,透天厝,見其他登記事項,鋼筋混凝土造,1050201,217.96,4,2,3,有,無,12680000,58176,,0.0,0,,RPROMLSJOHNFFDK86CA
竹南鎮,土地,文化段181~210地號,215.17,住,,,1070514,土地1建物0車位0,,,其他,,,,0.0,0,0,0,有,無,16600000,77148,,0.0,0,,RPOPMLSJOHNFFDK66CA
竹南鎮,房地(土地+建物)+車位,苗栗縣竹南鎮大業街91~120號,36.97,住,,,1070427,土地1建物1車位1,五層,十四層,住宅大樓(11層含以上有電梯),見其他登記事項,鋼筋混凝土造,1050812,183.39,3,2,2,有,有,9680000,56720,坡道平面,32.12,1100000,,RPPNMLTJOHNFFDK66CA
竹南鎮,房地(土地+建物)+車位,苗栗縣竹南鎮山佳里5鄰龍山路三段121~150號,23.87,商,,,1070204,土地1建物1車位1,十三層,十五層,住宅大樓(11層含以上有電梯),見其他登記事項,鋼筋混凝土造,1051208,175.07999999999998,3,2,2,有,有,7030000,47556,坡道平面,47.23,950000,,RPSNMLRJOHNFFDK76CA
竹南鎮,房地(土地+建物)+車位,苗栗縣竹南鎮山佳里5鄰龍山路三段121~150號,23.55,商,,,1070408,土地1建物1車位1,三層,十五層,住宅大樓(11層含以上有電梯),見其他登記事項,鋼筋混凝土造,1051208,169.63,3,2,2,有,有,6600000,46544,坡道平面,48.24,950000,,RPTNMLRJOHNFFDK86CA
竹南鎮,房地(土地+建物)+車位,苗栗縣竹南鎮山佳里5鄰龍山路三段121~150號,23.87,商,,,1070306,土地1建物1車位1,四層,十五層,住宅大樓(11層含以上有電梯),見其他登記事項,鋼筋混凝土造,1051208,174.35,3,2,2,有,有,7220000,49717,坡道平面,47.23,900000,,RPUNMLRJOHNFFDK96CA
竹南鎮,房地(土地+建物)+車位,苗栗縣竹南鎮山佳里5鄰龍山路三段121~150號,23.87,商,,,1070327,土地1建物1車位1,十層,十五層,住宅大樓(11層含以上有電梯),見其他登記事項,鋼筋混凝土造,1051208,174.35,3,2,2,有,有,7500000,51133,坡道平面,47.23,1000000,,RPVNMLRJOHNFFDK07CA
銅鑼鄉,土地,竹森段571~600地號,597.02,,特定農業區,甲種建築用地,1070505,土地3建物0車位0,,,其他,,,,0.0,0,0,0,有,無,4600000,7705,,0.0,0,有未保存登記建物一棟,RPRNMLPKOHNFFEK66CA
三義鄉,土地,八股段151~180地號,36.61,住,,,1070507,土地1建物0車位0,,,其他,,,,0.0,0,0,0,有,無,898409,24540,,0.0,0,,RPSNMLKMNHNFFEK98CA
南庄鄉,土地,北獅里興段北獅里興小段1561~1590地號,771.0,,山坡地保育區,暫未編定,1070426,土地1建物0車位0,,,其他,,,,0.0,0,0,0,有,無,1765590,2290,,0.0,0,,RPPNMLLMNHNFFFK88CA
頭份巿,土地,藤坪段1051~1080地號,1825.54,,特定農業區,農牧用地,1070403,土地2建物0車位0,,,其他,,,,0.0,0,0,0,有,無,11040000,6048,,0.0,0,,RPQNMLLMNHNFFFK98CA
頭份巿,土地,蘆竹段331~360地號,388.12,工,,,1070410,土地2建物0車位0,,,其他,,,,0.0,0,0,0,有,無,6339600,16334,,0.0,0,,RPQNMLKMNHNFFFK88CA
南庄鄉,土地,南埔段481~510地號,199.28,,,,1070405,土地1建物0車位0,,,其他,,,,0.0,0,0,0,有,無,602800,3025,,0.0,0,,RPRNMLKMNHNFFFK98CA
三灣鄉,土地,內灣段391~420地號,124.0,,河川區,農牧用地,1070428,土地1建物0車位0,,,其他,,,,0.0,0,0,0,有,無,400000,3226,,0.0,0,,RPQOMLLMNHNFFFK09CA
銅鑼鄉,房地(土地+建物),苗栗縣銅鑼鄉銅鑼村38鄰雙峰路文峰巷6弄1~30號,133.55,,山坡地保育區,丙種建築用地,1070503,土地2建物1車位0,全,三層,透天厝,見其他登記事項,鋼筋混凝土造,1061116,148.42,3,2,3,有,無,6250000,42110,,0.0,0,,RPPNMLNJOHNFFEK88DA
公館鄉,房地(土地+建物),苗栗縣公館鄉鶴岡村4鄰鶴岡91~120號,49.0,,特定農業區,甲種建築用地,1070330,土地1建物1車位0,全,三層,透天厝,住家用,鋼筋混凝土造,0841103,101.84,4,3,1,有,無,3200000,31422,,0.0,0,,RPPOMLPLOHNFFBK09DA
頭份巿,房地(土地+建物),苗栗縣頭份鎮新華里7鄰新華路286巷30弄1~30號,81.25,其他,,,1070427,土地3建物1車位0,全,四層,透天厝,見其他登記事項,鋼筋混凝土造,1051024,224.87,4,2,4,有,無,8250000,36688,,0.0,0,,RPPPMLLMNHNFFFK09CA
三灣鄉,土地,銅鑼圈段大銅鑼圈小段61~90地號,2500.0,,一般農業區,農牧用地,1070415,土地1建物0車位0,,,其他,,,,0.0,0,0,0,有,無,4690000,1876,,0.0,0,,RPPNMLLJOHNFFFK68CA
頭份巿,土地,後湖段1501~1530地號,987.79,其他,,,1070425,土地1建物0車位0,,,其他,,,,0.0,0,0,0,有,無,20000000,20247,,0.0,0,,RPPOMLLMNHNFFFK98CA
頭份巿,土地,正興段2131~2160地號,574.05,,一般農業區,農牧用地,1070403,土地1建物0車位0,,,其他,,,,0.0,0,0,0,有,無,3125700,5445,,0.0,0,,RPWNMLPJOHNFFFK17CA
南庄鄉,房地(土地+建物),苗栗縣南庄鄉南富村1~30號,2617.0,,山坡地保育區,林業用地,1070501,土地2建物1車位0,全,一層,透天厝,住家用,見其他登記事項,0620101,162.85,4,2,2,有,無,7500000,46055,,0.0,0,,RPSNMLKMNHNFFFK09CA
頭份巿,房地(土地+建物)+車位,苗栗縣頭份鎮文化里16鄰八德二路233巷1~30號,34.52,住,,,1070403,土地1建物1車位1,十一層,十二層,住宅大樓(11層含以上有電梯),見其他登記事項,鋼筋混凝土造,1060518,178.94,3,2,2,有,有,7650000,42754,坡道平面,29.0,0,交易內含機車位1個,RPSNMLLMNHNFFFK56CA
銅鑼鄉,土地,新雞隆段1891~1920地號,6677.0,,山坡地保育區,農牧用地,1070520,土地12建物0車位0,,,其他,,,,0.0,0,0,0,有,無,1950000,292,,0.0,0,,RPPNMLLMNHNFFEK78CA
銅鑼鄉,土地,芎蕉灣段91~120地號,169.25,,山坡地保育區,丙種建築用地,1070517,土地1建物0車位0,,,其他,,,,0.0,0,0,0,有,無,250000,1477,,0.0,0,,RPQNMLOJOHNFFEK98CA
造橋鄉,房地(土地+建物),苗栗縣造橋鄉談文村5鄰育英三街1~30號,14.9,,山坡地保育區,丙種建築用地,1070521,土地1建物1車位0,一層,三層,套房(1房1廳1衛),住家用,鋼筋混凝土造,0930623,20.41,1,1,1,有,有,280000,13719,,0.0,0,,RPUNMLOJOHNFFDK66CA
造橋鄉,房地(土地+建物),苗栗縣造橋鄉談文村5鄰育英街1~30號,16.6,,山坡地保育區,丙種建築用地,1070517,土地1建物1車位0,一層,四層,套房(1房1廳1衛),住家用,鋼筋混凝土造,0920716,26.89,1,1,1,有,有,400000,14875,,0.0,0,,RPROMLOJOHNFFDK09CA
造橋鄉,房地(土地+建物),苗栗縣造橋鄉大西村5鄰大西一街47巷1~30號,67.39,,鄉村區,乙種建築用地,1070313,土地1建物1車位0,全,三層,透天厝,住家用,加強磚造,0680608,165.5,4,2,2,有,無,2300000,13897,,0.0,0,,RPTNMLSLOHNFFDK17CA
通霄鎮,土地,烏眉坑段871~900地號,4977.0,,山坡地保育區,農牧用地,1070424,土地1建物0車位0,,,其他,,,,0.0,0,0,0,有,無,980000,197,,0.0,0,,RPRNMLLKOHNFFCK68CA
苗栗市,土地,勝利段1~30地號,21.0,,特定農業區,農牧用地,1070508,土地1建物0車位0,,,其他,,,,0.0,0,0,0,有,無,76777,3656,,0.0,0,國產署標售逾期未辦理繼承登記,RPPNMLNJOHNFFBK48CA
苗栗市,房地(土地+建物),苗栗縣苗栗市恭敬里1鄰中正路931~960號,132.51,商,,,1070425,土地3建物1車位0,全,三層,透天厝,住商用,加強磚造,0500701,302.55,6,4,3,有,無,19000000,62800,,0.0,0,,RPWNMLLMNHNFFBK56CA
苗栗市,土地,勝利段901~930地號,297.33,住,,,1070409,土地3建物0車位0,,,其他,,,,0.0,0,0,0,有,無,7195200,24199,,0.0,0,,RPQNMLMKOHNFFBK58CA
苗栗市,房地(土地+建物)+車位,苗栗縣苗栗市綠苗里3鄰僑育街1~30號,33.69,住,,,1070520,土地3建物1車位1,七層,九層,華廈(10層含以下有電梯),住家用,鋼筋混凝土造,1060930,140.41,2,2,2,有,無,6660000,47433,升降機械,13.82,0,,RPRNMLPJOHNFFBK88CA
苗栗市,房地(土地+建物),苗栗縣苗栗市文聖里17鄰文發路601~630號,172.0,,山坡地保育區,丙種建築用地,1070421,土地2建物1車位0,全,,透天厝,住家用,加強磚造,,180.99,3,2,2,有,無,2000000,11050,,0.0,0,權利人等2人.親友間交易,RPTNMLPJOHNFFBK09CA
苗栗市,房地(土地+建物),苗栗縣苗栗市上苗里21鄰長安街91~120號,54.2,住,,,1070505,土地2建物1車位0,全,十二層,透天厝,住家用,鋼筋混凝土造,0830907,282.78000000000003,4,2,4,有,無,7780000,27513,,0.0,0,,RPSNMLQJOHNFFBK09CA
苗栗市,房地(土地+建物),苗栗縣苗栗市高苗里30鄰北龍岡1~30號,130.52,,山坡地保育區,丙種建築用地,1070425,土地2建物1車位0,全,四層,透天厝,住家用,鋼筋混凝土造,0860616,193.12,4,2,3,有,有,4360000,22577,,0.0,0,,RPOOMLRJOHNFFBK88CA
苗栗市,房地(土地+建物),苗栗縣苗栗市高苗里36鄰北龍岡181~210號,625.06,,山坡地保育區,丙種建築用地,1070515,土地9建物1車位0,全,三層,透天厝,住家用,鋼筋混凝土造,1010821,374.8,4,3,5,有,無,25000001,66702,,0.0,0,,RPROMLKLOHNFFBK68CA
苑裡鎮,房地(土地+建物),苗栗縣苑裡鎮西勢里3鄰自強街14巷1~30號,106.92,住,,,1070513,土地1建物1車位0,全,二層,透天厝,住商用,鋼筋混凝土造,,114.08,3,2,3,有,無,3050000,26736,,0.0,0,,RPQNMLQJOHNFFCK98CA
苑裡鎮,房地(土地+建物),苗栗縣苑裡鎮山柑里10鄰山柑91~120號,49.36,,特定農業區,甲種建築用地,1070508,土地1建物1車位0,一層,七層,華廈(10層含以下有電梯),見其他登記事項,鋼筋混凝土造,1050226,130.07,4,2,2,有,有,4755000,36557,,0.0,0,,RPRNMLQJOHNFFCK09CA
苑裡鎮,房地(土地+建物),苗栗縣苑裡鎮房裡里14鄰北房1~30號,120.59,住,,,1070424,土地2建物1車位0,全,二層,透天厝,住家用,鋼筋混凝土造,0800408,114.24,3,2,2,有,無,5500000,48144,,0.0,0,,RPQNMLPJOHNFFCK88CA
公館鄉,房地(土地+建物),苗栗縣公館鄉玉泉村8鄰玉泉181~210號,106.0,農,,,1070505,土地1建物1車位0,全,,透天厝,住家用,鋼筋混凝土造,0821022,185.22,4,2,3,有,無,5400000,29155,,0.0,0,,RPTNMLQJOHNFFBK56CA
苗栗市,土地,南勢坑段上南勢坑小段811~840地號,2187.0,,山坡地保育區,農牧用地,1070511,土地3建物0車位0,,,其他,,,,0.0,0,0,0,有,無,1800000,823,,0.0,0,,RPSNMLRJOHNFFBK56CA
苗栗市,房地(土地+建物),苗栗縣苗栗市南勢里1鄰南勢1~30號,238.94,,山坡地保育區,丙種建築用地,1070509,土地2建物1車位0,全,,透天厝,住家用,鋼筋混凝土造,,289.3,5,2,3,有,無,5500000,19011,,0.0,0,,RPTNMLRJOHNFFBK66CA
苗栗市,房地(土地+建物),苗栗縣苗栗市勝利里21鄰復興路一段1巷18弄1~30號,119.02,住,,,1060222,土地4建物1車位0,全,三層,透天厝,住家用,鋼筋混凝土造,1070129,175.69,3,2,3,有,無,8080000,45990,,0.0,0,,RPUNMLSJOHNFFBK86CA
苗栗市,房地(土地+建物),苗栗縣苗栗市勝利里21鄰復興路一段1巷18弄1~30號,145.02,住,,,1061118,土地5建物1車位0,全,三層,透天厝,住家用,鋼筋混凝土造,1070129,197.57,3,2,3,有,無,8180000,41403,,0.0,0,,RPVNMLSJOHNFFBK96CA
苗栗市,房地(土地+建物),苗栗縣苗栗市福星里28鄰福星61~90號,88.2,住,,,1070402,土地1建物1車位0,全,二層,透天厝,住家用,加強磚造,0690725,111.42,4,2,3,有,無,3150000,28271,,0.0,0,,RPPNMLKLOHNFFBK38CA
頭屋鄉,土地,頭屋段1021~1050地號,819.0,,山坡地保育區,農牧用地,1070517,土地2建物0車位0,,,其他,,,,0.0,0,0,0,有,無,2000000,2442,,0.0,0,地上放有貨櫃屋2個,RPQNMLKLOHNFFBK48CA
苗栗市,房地(土地+建物),苗栗縣苗栗市玉華里18鄰勵志街32巷1~30號,107.0,,鄉村區,乙種建築用地,1070402,土地1建物1車位0,全,二層,透天厝,住家用,加強磚造,,92.14,2,2,2,有,無,2880000,31257,,0.0,0,,RPOOMLLMNHNFFBK48CA
公館鄉,土地,南河段901~930地號,48370.0,,山坡地保育區,林業用地,1070409,土地1建物0車位0,,,其他,,,,0.0,0,0,0,有,無,4100000,85,,0.0,0,,RPTNMLLMNHNFFBK88CA
苗栗市,房地(土地+建物)+車位,苗栗縣苗栗市福星里20鄰嘉福街1~30號,18.96,住,,,1070513,土地1建物1車位1,七層,,華廈(10層含以下有電梯),住家用,鋼筋混凝土造,0821026,110.16,3,2,2,有,無,2980000,27052,一樓平面,0.0,0,,RPTNMLLJOHNFFBK68CA
苗栗市,房地(土地+建物),苗栗縣苗栗市高苗里35鄰35鄰北龍岡151~180號,223.36,,山坡地保育區,丙種建築用地,1070522,土地9建物1車位0,全,四層,透天厝,住家用,鋼筋混凝土造,1011120,264.35,4,4,2,有,無,8700000,32911,,0.0,0,,RPRNMLOJOHNFFBK78CA
苗栗市,土地,芒埔段301~330地號,215.0,,鄉村區,乙種建築用地,1070411,土地1建物0車位0,,,其他,,,,0.0,0,0,0,有,無,3074500,14300,,0.0,0,,RPUNMLOJOHNFFBK09CA
公館鄉,房地(土地+建物),苗栗縣公館鄉館南村23鄰民生街31~60號,123.35,住,,,1070504,土地1建物1車位0,全,四層,透天厝,住家用,鋼筋混凝土造,1051121,257.87,4,2,3,有,無,9800000,38004,,0.0,0,,RPQNMLPJOHNFFBK78CA
苑裡鎮,土地,田寮段1051~1080地號,84.0,,特定農業區,甲種建築用地,1070511,土地1建物0車位0,,,其他,,,,0.0,0,0,0,有,無,406560,4840,,0.0,0,,RPQNMLRJOHNFFCK09CA
通霄鎮,房地(土地+建物),苗栗縣通霄鎮平安里13鄰中正路241~270號,14.25,住,,,1070516,土地1建物1車位0,四層,十三層,住宅大樓(11層含以上有電梯),見其他登記事項,鋼筋混凝土造,0850701,117.18,4,1,2,有,無,2200000,18775,,0.0,0,,RPTNMLTKOHNFFCK07CA
竹南鎮,土地,中港段1021~1050地號,1129.0,,特定農業區,農牧用地,1070328,土地1建物0車位0,,,其他,,,,0.0,0,0,0,有,無,6830000,6050,,0.0,0,,RPPNMLQKOHNFFDK09CA
後龍鎮,土地,新興段541~570地號,67.6,,特定農業區,甲種建築用地,1070515,土地1建物0車位0,,,其他,,,,0.0,0,0,0,有,無,800000,11834,,0.0,0,,RPWNMLOJOHNFFDK86CA
竹南鎮,房地(土地+建物),苗栗縣竹南鎮聖福里9鄰勤富街101巷1~30號,69.0,住,,,1070516,土地1建物1車位0,全,二層,透天厝,住家用,鋼筋混凝土造,0660810,75.36,3,2,2,有,無,2106300,27950,,0.0,0,一等親間買賣，無訂定書面契約書,RPOOMLOJOHNFFDK78CA
竹南鎮,土地,天聲段391~420地號,18.83,其他,,,1070509,土地2建物0車位0,,,其他,,,,0.0,0,0,0,有,無,200000,10621,,0.0,0,,RPWNMLSJOHNFFDK27CA
後龍鎮,土地,苦苓腳段1291~1320地號,2195.61,,特定農業區,甲種建築用地,1070518,土地6建物0車位0,,,其他,,,,0.0,0,0,0,有,無,25250000,11500,,0.0,0,,RPRNMLLJOHNFFDK68CA
頭份巿,房地(土地+建物),苗栗縣頭份鎮斗煥里15鄰培德新?2巷1~30號,61.34,,鄉村區,乙種建築用地,1070419,土地1建物1車位0,全,二層,透天厝,住家用,加強磚造,0700526,82.4,3,2,3,有,無,3800000,46117,,0.0,0,,RPOOMLLMNHNFFFK88CA
三灣鄉,土地,三灣段91~120地號,44.42,,山坡地保育區,農牧用地,1070520,土地1建物0車位0,,,其他,,,,0.0,0,0,0,有,無,53760,1210,,0.0,0,,RPWOMLLMNHNFFFK07CA
頭份巿,房地(土地+建物),苗栗縣頭份鎮蟠桃里18鄰信一街1~30號,9.78,住,,,1070428,土地1建物1車位0,四層,五層,套房(1房1廳1衛),住家用,見其他登記事項,0960411,35.97,1,1,1,有,有,1450000,40311,,0.0,0,,RPVNMLLMNHNFFFK86CA
頭份巿,房地(土地+建物),苗栗縣頭份鎮仁愛里4鄰銀河路31~60號,6.22,住,,,1070326,土地1建物1車位0,十層,十層,華廈(10層含以下有電梯),住家用,鋼筋混凝土造,0871202,59.900000000000006,2,1,1,有,有,1850000,30885,,0.0,0,,RPWNMLLMNHNFFFK96CA
頭份巿,房地(土地+建物),苗栗縣頭份鎮民生里5鄰新立街1~30號,126.61,住,,,1061012,土地1建物1車位0,全,三層,透天厝,住商用,鋼筋混凝土造,1070411,181.9,4,2,2,有,無,10000000,54975,,0.0,0,,RPTOMLOJOHNFFFK86CA
通霄鎮,房地(土地+建物)+車位,苗栗縣通霄鎮平安里2鄰平新路121~150號,14.7,住,,,1070420,土地1建物1車位1,四層,十一層,住宅大樓(11層含以上有電梯),見其他登記事項,鋼筋混凝土造,0830630,134.56,3,2,2,有,有,2600000,19322,升降機械,0.0,0,親友、員工或其他特殊關係間之交易。停車位，地下一層、49號,RPPNMLOKNHNFFCK98CD
頭份巿,房地(土地+建物),苗栗縣頭份鎮上埔里4鄰中正一路121~150號,22.61,商,,,1070514,土地1建物1車位0,三層,十二層,住宅大樓(11層含以上有電梯),見其他登記事項,鋼筋混凝土造,1041124,112.46000000000001,2,2,2,有,有,4700000,41793,,0.0,0,,RPQNMLLLOHNFFFK98CA
頭份巿,房地(土地+建物)+車位,苗栗縣頭份鎮田寮里23鄰自強路二段481~510號,35.17,住,,,1070312,土地1建物1車位1,一層,十層,華廈(10層含以下有電梯),見其他登記事項,鋼筋混凝土造,1061117,139.25,0,0,0,無,無,15000000,107720,坡道平面,13.49,0,,RPTNMLQLOHNFFFK17CA
頭份巿,土地,正興段181~210地號,496.0,農,,,1070517,土地1建物0車位0,,,其他,,,,0.0,0,0,0,有,無,7500000,15121,,0.0,0,二等親買賣,RPPNMLOJOHNFFFK98CA
頭份巿,房地(土地+建物),苗栗縣頭份鎮中興里8鄰大亨街91~120號,103.79,住,,,1070509,土地2建物1車位0,三層,三層,公寓(5樓含以下無電梯),住家用,鋼筋混凝土造,0810108,155.29,3,2,2,有,無,7200000,46365,,0.0,0,,RPOQMLSJOHNFFFK96CA
三灣鄉,土地,中山段451~480地號,90.54,住,,,1070523,土地1建物0車位0,,,其他,,,,0.0,0,0,0,有,無,1369500,15126,,0.0,0,,RPQNMLMKOHNFFFK98CA
頭份巿,房地(土地+建物)+車位,苗栗縣頭份鎮田寮里15鄰北田街9巷1~30號,76.51,工,,,1070129,土地2建物1車位1,一層,七層,華廈(10層含以下有電梯),見其他登記事項,鋼筋混凝土造,1040224,253.72,0,0,0,無,有,10800000,42567,坡道平面,0.0,800000,,RPPNMLNKOHNFFFK98CA
