﻿編號,土地區段位置,土地移轉面積(平方公尺),使用分區或編定
The serial number,land sector position,land shifting area (square meter),the use zoning or compiles and checks
RPRNMLOLNHNFFAM98CA,樟普寮段,815.69,非都市：山坡地保育區 ; 非都市編定：農牧用地
RPUNMLTLNHNFFAM17CA,內新段,54.81,都市：住
RPWNMLPLNHNFFAM96CA,千秋段,95.99,非都市：特定農業區 ; 非都市編定：農牧用地
RPVNMLPLNHNFFAM86CA,千秋段,119.55,非都市：特定農業區 ; 非都市編定：甲種建築用地
RPVNMLKMNHNFFBM56CA,新南埔段,3402.60,非都市：山坡地保育區 ; 非都市編定：農牧用地
RPUNMLNLNHNFFAM56CA,東新厝段,2189.62,非都市：一般農業區 ; 非都市編定：農牧用地
RPRNMLMLNHNFFCM98CA,東埔段,1811.28,非都市：山坡地保育區 ; 非都市編定：農牧用地
RPOOMLMLNHNFFCM78CA,鯉魚潭段,2546.00,非都市：山坡地保育區 ; 非都市編定：農牧用地
RPUNMLMLNHNFFCM66CA,水頭段,5465.00,非都市：山坡地保育區 ; 非都市編定：農牧用地
RPRNMLNLNHNFFCM09CA,犁頭尖段,84.07,都市：住
RPQNMLMLNHNFFAM68CA,北大庄段,159.63,非都市：一般農業區 ; 非都市編定：丙種建築用地
RPVNMLMLNHNFFAM56CA,嘉和段,111.00,都市：住
RPQNMLMLNHNFFAM68CA,北大庄段,3.23,非都市：一般農業區 ; 非都市編定：交通用地
RPUNMLMLNHNFFAM09CA,內興段,11.54,非都市：鄉村區 ; 非都市編定：乙種建築用地
RPUNMLMLNHNFFAM09CA,內興段,16.69,非都市：鄉村區 ; 非都市編定：乙種建築用地
RPUNMLMLNHNFFAM09CA,內興段,143.17,非都市：鄉村區 ; 非都市編定：乙種建築用地
RPQNMLLKOHNFFBM68CA,日新段,1955.00,都市：工
RPQNMLMLNHNFFBM78CA,新屋段,3.01,都市：住
RPSNMLMLNHNFFDM56CA,桂南段,6748.85,非都市：山坡地保育區 ; 非都市編定：農牧用地
RPTNMLOLNHNFFDM86CA,新初鄉段,485.40,非都市：一般農業區 ; 非都市編定：農牧用地
RPQNMLMLNHNFFCM88CA,埔里段信義小段,78.00,都市：住
RPSNMLSLNHNFFCM07CA,水長流段,90.00,非都市：山坡地保育區 ; 非都市編定：丙種建築用地
RPXNMLKMNHNFFCM86CA,北山坑段,2239.00,非都市：山坡地保育區 ; 非都市編定：農牧用地
RPXNMLKMNHNFFCM86CA,北山坑段,2198.00,非都市：山坡地保育區 ; 非都市編定：農牧用地
RPTOMLRJOHNFFCM07CA,水長流段,5127.00,非都市：山坡地保育區 ; 非都市編定：農牧用地
RPRNMLMLNHNFFEM56CA,山腳段,2199.27,非都市：特定農業區 ; 非都市編定：農牧用地
RPQNMLNLNHNFFEM56CA,柴橋頭段北勢坑小段,201.00,非都市：山坡地保育區 ; 非都市編定：農牧用地
RPQNMLOLNHNFFAM98DA,三塊厝段,7.00,都市：其他
RPPNMLNLNHNFFDM98CA,桂林段,132.43,都市：住
RPVNMLMLNHNFFCM76CA,水源段,85.88,非都市：鄉村區 ; 非都市編定：乙種建築用地
RPUNMLOJOHNFFDM86CA,仁德段,76.91,都市：住
RPSNMLSLNHNFFDM17CA,中州段,7.05,非都市：特定農業區 ; 非都市編定：農牧用地
RPSNMLSLNHNFFDM17CA,中州段,120.52,非都市：特定農業區 ; 非都市編定：甲種建築用地
RPSNMLSLNHNFFDM17CA,後埔子段水車小段,334.38,非都市：山坡地保育區 ; 非都市編定：林業用地
RPSNMLSLNHNFFDM17CA,後埔子段水車小段,2.25,非都市：山坡地保育區 ; 非都市編定：水利用地
RPSNMLSLNHNFFDM17CA,後埔子段水車小段,1.44,非都市：山坡地保育區 ; 非都市編定：林業用地
RPSNMLSLNHNFFDM17CA,後埔子段水車小段,7.67,非都市：山坡地保育區 ; 非都市編定：農牧用地
RPPNMLKMNHNFFDM78CA,延豐段,1618.70,非都市：山坡地保育區 ; 非都市編定：農牧用地
RPPNMLKMNHNFFDM78CA,延豐段,487.50,非都市：山坡地保育區 ; 非都市編定：農牧用地
RPPNMLKMNHNFFDM78CA,延豐段,672.96,非都市：山坡地保育區 ; 非都市編定：農牧用地
RPRNMLLMNHNFFDM09CA,坪子頂段,100.93,非都市：山坡地保育區 ; 非都市編定：林業用地
RPRNMLLMNHNFFDM09CA,坪子頂段,1809.00,非都市：山坡地保育區 ; 非都市編定：林業用地
RPQNMLOLNHNFFDM56CA,大鞍段,528.00,非都市：山坡地保育區 ; 非都市編定：農牧用地
RPQNMLNLNHNFFDM09CA,後埔子段水車小段,1851.00,非都市：特定農業區 ; 非都市編定：農牧用地
RPPNMLOLNHNFFDM09CA,大鞍段,391.00,非都市：山坡地保育區 ; 非都市編定：農牧用地
RPRNMLOLNHNFFDM66CA,大鞍段,161.00,非都市：山坡地保育區 ; 非都市編定：農牧用地
RPPOMLQJOHNFFCM56CA,忠良段,74.49,都市：住
RPPOMLQJOHNFFCM56CA,忠良段,5.58,都市：其他
RPPNMLPKOHNFFEM66CA,郡坑段,319.00,非都市：鄉村區 ; 非都市編定：乙種建築用地
RPTNMLKMNHNFFCM09CA,國姓段,200.00,非都市：山坡地保育區 ; 非都市編定：農牧用地
RPQNMLSLNHNFFDM96CA,瑞山段,125.00,非都市：鄉村區 ; 非都市編定：乙種建築用地
RPVNMLKMNHNFFCM66CA,北山坑段,1054.00,非都市：山坡地保育區 ; 非都市編定：農牧用地
RPVNMLKMNHNFFCM66CA,北山坑段,20996.00,非都市：山坡地保育區 ; 非都市編定：農牧用地
RPSNMLKMNHNFFCM98CA,國姓段,3752.00,非都市：山坡地保育區 ; 非都市編定：農牧用地
RPSNMLKMNHNFFCM98CA,國姓段,1876.00,非都市：山坡地保育區 ; 非都市編定：農牧用地
RPSNMLKMNHNFFCM98CA,國姓段,436.00,非都市：山坡地保育區 ; 非都市編定：農牧用地
RPSNMLKMNHNFFCM98CA,國姓段,218.00,非都市：山坡地保育區 ; 非都市編定：農牧用地
RPSNMLKMNHNFFCM98CA,國姓段,218.00,非都市：山坡地保育區 ; 非都市編定：農牧用地
RPSNMLKMNHNFFCM98CA,國姓段,218.00,非都市：山坡地保育區 ; 非都市編定：農牧用地
RPSNMLKMNHNFFCM98CA,國姓段,940.00,非都市：山坡地保育區 ; 非都市編定：農牧用地
RPSNMLKMNHNFFCM98CA,國姓段,470.00,非都市：山坡地保育區 ; 非都市編定：農牧用地
RPSNMLKMNHNFFCM98CA,國姓段,470.00,非都市：山坡地保育區 ; 非都市編定：農牧用地
RPSNMLKMNHNFFCM98CA,國姓段,470.00,非都市：山坡地保育區 ; 非都市編定：農牧用地
RPSNMLKMNHNFFCM98CA,國姓段,1876.00,非都市：山坡地保育區 ; 非都市編定：農牧用地
RPSNMLKMNHNFFCM98CA,國姓段,1876.00,非都市：山坡地保育區 ; 非都市編定：農牧用地
RPSNMLKMNHNFFCM98CA,國姓段,5388.00,非都市：山坡地保育區 ; 非都市編定：農牧用地
RPSNMLKMNHNFFCM98CA,國姓段,2694.00,非都市：山坡地保育區 ; 非都市編定：農牧用地
RPSNMLKMNHNFFCM98CA,國姓段,2694.00,非都市：山坡地保育區 ; 非都市編定：農牧用地
RPSNMLKMNHNFFCM98CA,國姓段,2694.00,非都市：山坡地保育區 ; 非都市編定：農牧用地
RPUNMLSLNHNFFCM27CA,小埔社段,4129.00,非都市：山坡地保育區 ; 非都市編定：農牧用地
RPSNMLLKOHNFFBM88CA,北投堡段,17.63,非都市：鄉村區 ; 非都市編定：乙種建築用地
RPSNMLLKOHNFFBM88CA,北投堡段,5.60,非都市：鄉村區 ; 非都市編定：乙種建築用地
RPSNMLLKOHNFFBM88CA,北投堡段,89.67,非都市：鄉村區 ; 非都市編定：乙種建築用地
RPSNMLLKOHNFFBM88CA,北投堡段,32.56,非都市：鄉村區 ; 非都市編定：乙種建築用地
RPSNMLLKOHNFFBM88CA,北投堡段,14.42,非都市：鄉村區 ; 非都市編定：乙種建築用地
RPSNMLLKOHNFFBM88CA,北投堡段,.84,非都市：鄉村區 ; 非都市編定：乙種建築用地
RPPNMLKMNHNFFEM88CA,城中段,69.00,都市：商
RPQNMLPKOHNFFDM66CA,埔頭段,5.32,都市：住
RPQNMLPKOHNFFDM66CA,埔頭段,178.00,都市：住
RPQNMLPKOHNFFDM66CA,埔頭段,3.86,都市：住
RPOOMLQJOHNFFCM09CA,埔里段信義小段,95.00,都市：住
RPPOMLKMNHNFFBM68CA,新埔段,744.42,非都市：特定農業區 ; 非都市編定：農牧用地
RPUNMLLMNHNFFCM66CA,水源段,104.37,非都市：特定農業區 ; 非都市編定：甲種建築用地
RPRNMLPKOHNFFBM56CA,北投段,90.79,非都市：特定農業區 ; 非都市編定：農牧用地
RPVNMLTLNHNFFAM27CA,後寮段,9141.00,非都市：山坡地保育區 ; 非都市編定：農牧用地
RPQNMLKLOHNFFAM58CA,千秋段,160.76,非都市：鄉村區 ; 非都市編定：乙種建築用地
RPXNMLPKOHNFFBM17CA,中興段,235.00,都市：住
RPQNMLMLNHNFFDM98CA,前山段,89.83,非都市：鄉村區 ; 非都市編定：乙種建築用地
RPWNMLRJOHNFFAM07CA,北田子段,2057.18,非都市：一般農業區 ; 非都市編定：農牧用地
RPPNMLPLNHNFFAM88CA,西施厝坪段西施厝坪小段,104.00,都市：住
RPWNMLMLNHNFFAM66CA,南山段,16.58,都市：住
RPPNMLOLNHNFFAM78CA,新豐段,155.00,都市：商
RPPNMLOLNHNFFAM78CA,新豐段,18.26,都市：其他
RPQNMLPKOHNFFBM09CA,北投段,6.50,非都市：特定農業區 ; 非都市編定：甲種建築用地
RPQNMLPKOHNFFBM09CA,北投段,11.00,非都市：特定農業區 ; 非都市編定：甲種建築用地
RPQNMLPKOHNFFBM09CA,北投段,3.00,非都市：特定農業區 ; 非都市編定：甲種建築用地
RPQNMLPKOHNFFBM09CA,北投段,13.00,非都市：特定農業區 ; 非都市編定：甲種建築用地
RPQNMLPKOHNFFBM09CA,北投段,118.00,非都市：特定農業區 ; 非都市編定：甲種建築用地
RPQOMLOLNHNFFBM09CA,北勢段,76.44,非都市：鄉村區 ; 非都市編定：乙種建築用地
RPSNMLPLNHNFFBM66CA,北投段,41.50,非都市：特定農業區 ; 非都市編定：特定目的事業用地
RPOOMLKMNHNFFBM58CA,新南坪段,154.84,非都市：鄉村區 ; 非都市編定：乙種建築用地
RPROMLOLNHNFFBM56CA,新虎山段,116.40,都市：住
RPRNMLOJOHNFFAM88CA,二重溪段,3017.00,非都市：山坡地保育區 ; 非都市編定：林業用地
RPRNMLOJOHNFFAM88CA,二重溪段,3016.00,非都市：山坡地保育區 ; 非都市編定：林業用地
RPTNMLOJOHNFFAM09CA,二重溪段,3016.00,非都市：山坡地保育區 ; 非都市編定：林業用地
RPSNMLOJOHNFFAM98CA,二重溪段,3016.00,非都市：山坡地保育區 ; 非都市編定：林業用地
RPWNMLKMNHNFFAM56CA,福助段,.35,非都市：鄉村區 ; 非都市編定：乙種建築用地
RPWNMLKMNHNFFAM56CA,福助段,38.16,非都市：鄉村區 ; 非都市編定：乙種建築用地
RPRNMLPJOHNFFDM66CA,圓山段,3680.82,非都市：山坡地保育區 ; 非都市編定：林業用地
RPQNMLLJOHNFFDM78CA,大坑段頂林小段,3337.00,非都市：山坡地保育區 ; 非都市編定：農牧用地
RPRNMLOJOHNFFCM09CA,東潤段,63.20,非都市：特定農業區 ; 非都市編定：甲種建築用地
RPRNMLOJOHNFFCM09CA,東潤段,68.30,非都市：特定農業區 ; 非都市編定：甲種建築用地
RPRNMLOJOHNFFCM09CA,東潤段,48.06,非都市：特定農業區 ; 非都市編定：甲種建築用地
RPTNMLPLNHNFFDM96CA,彰雅段,79.49,都市：住
RPTNMLPLNHNFFDM96CA,彰雅段,30.70,都市：住
RPQNMLPLNHNFFDM66CA,番子田段,18245.34,非都市：山坡地保育區 ; 非都市編定：農牧用地
RPQNMLKMNHNFFEM98CA,北埔段,541.75,都市：住
RPRNMLPLNHNFFDM76CA,延和段,14.02,都市：住
RPRNMLPLNHNFFDM76CA,延和段,1.84,都市：住
RPRNMLPLNHNFFDM76CA,延和段,95.47,都市：住
RPSOMLLKOHNFFCM09CA,水長流段,4970.00,非都市：山坡地保育區 ; 非都市編定：農牧用地
RPWNMLOKOHNFFCM07CA,新生段,201.42,非都市：特定農業區 ; 非都市編定：農牧用地
RPSOMLLKOHNFFCM09CA,水長流段,7735.00,非都市：山坡地保育區 ; 非都市編定：農牧用地
RPSOMLLKOHNFFCM09CA,水長流段,845.00,非都市：山坡地保育區 ; 非都市編定：農牧用地
RPQNMLPKOHNFFCM56CA,桃米坑段,72.00,非都市：山坡地保育區 ; 非都市編定：丙種建築用地
RPQNMLPKOHNFFCM56CA,桃米坑段,148.00,非都市：山坡地保育區 ; 非都市編定：丙種建築用地
RPQNMLRJOHNFFBM56CA,中興段,73.00,都市：住
RPQNMLLMNHNFFCM88CA,貓段,236.00,非都市：山坡地保育區 ; 非都市編定：丙種建築用地
RPQNMLTKOHNFFCM96CA,國姓段,4200.00,非都市：山坡地保育區 ; 非都市編定：農牧用地
RPPNMLLKOHNFFAM48CA,新段,98.81,都市：住
RPPNMLLKOHNFFAM48CA,新段,3.78,都市：住
RPOOMLKMNHNFFCM68CA,和平段,57.26,都市：住
RPOOMLKMNHNFFCM68CA,和平段,149.44,都市：住
RPTNMLKMNHNFFDM56CA,廣興段,.68,都市：住
RPTNMLKMNHNFFDM56CA,廣興段,11.18,都市：住
RPTNMLKMNHNFFDM56CA,廣興段,132.77,都市：住
RPQOMLKMNHNFFBM78CA,北勢段,1534.54,非都市：特定農業區 ; 非都市編定：農牧用地
RPPNMLSKOHNFFAM56CA,新段,23.50,都市：住
RPPNMLSKOHNFFAM56CA,新段,54.72,都市：住
RPUNMLLJOHNFFDM56CA,大統段,91.94,都市：住
RPQNMLLMNHNFFBM78CA,中興段,19.49,都市：住
RPQNMLTLNHNFFAM76CA,埔中段,1237.21,非都市：一般農業區 ; 非都市編定：農牧用地
RPSPMLTLNHNFFAM17CA,新赤水段,4219.13,非都市：一般農業區 ; 非都市編定：農牧用地
RPVNMLPLOHNFFBM07CA,土城段,176.34,非都市：鄉村區 ; 非都市編定：乙種建築用地
RPTNMLLKOHNFFBM98CA,玉峰段,2.92,都市：住
RPTPMLTLNHNFFAM27CA,新赤水段,163.05,非都市：一般農業區 ; 非都市編定：丙種建築用地
RPPOMLPLNHNFFAM98CA,萬丹段,395.76,非都市：特定農業區 ; 非都市編定：農牧用地
RPOOMLPLNHNFFAM88CA,萬丹段,395.70,非都市：特定農業區 ; 非都市編定：農牧用地
RPQOMLPLNHNFFAM09CA,萬丹段,395.79,非都市：特定農業區 ; 非都市編定：農牧用地
RPQNMLPLNHNFFAM98CA,名竹段,1117.98,非都市：特定農業區 ; 非都市編定：農牧用地
RPQNMLPLNHNFFAM98CA,名竹段,389.64,都市：農
RPQNMLPLNHNFFAM98CA,同源段,153.94,非都市：鄉村區 ; 非都市編定：乙種建築用地
RPOOMLSLNHNFFBM66CA,新南埔段,2785.01,非都市：山坡地保育區 ; 非都市編定：農牧用地
RPOOMLSLNHNFFBM66CA,新南埔段,545.77,非都市：山坡地保育區 ; 非都市編定：丙種建築用地
RPSNMLSLNHNFFAM86CA,南勢段,176.96,非都市：山坡地保育區 ; 非都市編定：交通用地
RPSNMLSLNHNFFAM86CA,南勢段,4630.87,非都市：山坡地保育區 ; 非都市編定：農牧用地
RPSNMLSLNHNFFAM86CA,南勢段,178.56,非都市：山坡地保育區 ; 非都市編定：農牧用地
RPSNMLSLNHNFFAM86CA,南勢段,95.43,非都市：山坡地保育區 ; 非都市編定：交通用地
RPROMLOJOHNFFAM98CA,分水寮段,446.00,非都市：山坡地保育區 ; 非都市編定：林業用地
RPQOMLSLNHNFFBM86CA,北投埔段,97.00,都市：住
RPROMLSLNHNFFBM96CA,中潭段,486.49,非都市：山坡地保育區 ; 非都市編定：農牧用地
RPVNMLSLNHNFFAM17CA,光興段,8.79,都市：住
RPVNMLSLNHNFFAM17CA,光興段,117.37,都市：住
RPUNMLOJOHNFFAM56CA,包尾段,8.50,都市：住
RPTNMLLJOHNFFBM88CA,將軍段,334.00,非都市：特定農業區 ; 非都市編定：甲種建築用地
RPTNMLLJOHNFFBM88CA,將軍段,89.00,非都市：特定農業區 ; 非都市編定：甲種建築用地
RPTNMLLJOHNFFBM88CA,將軍段,88.00,非都市：特定農業區 ; 非都市編定：甲種建築用地
RPTNMLLJOHNFFBM88CA,將軍段,67.00,非都市：特定農業區 ; 非都市編定：甲種建築用地
RPTNMLLJOHNFFBM88CA,將軍段,64.00,非都市：特定農業區 ; 非都市編定：甲種建築用地
RPTNMLLJOHNFFBM88CA,將軍段,64.00,非都市：特定農業區 ; 非都市編定：甲種建築用地
RPTNMLLJOHNFFBM88CA,將軍段,64.00,非都市：特定農業區 ; 非都市編定：甲種建築用地
RPTNMLLJOHNFFBM88CA,將軍段,64.00,非都市：特定農業區 ; 非都市編定：甲種建築用地
RPTNMLLJOHNFFBM88CA,將軍段,64.00,非都市：特定農業區 ; 非都市編定：甲種建築用地
RPTNMLLJOHNFFBM88CA,將軍段,69.00,非都市：特定農業區 ; 非都市編定：甲種建築用地
RPTNMLLJOHNFFBM88CA,將軍段,77.00,非都市：特定農業區 ; 非都市編定：甲種建築用地
RPSNMLMLOHNFFBM09CA,隘寮段,80.24,都市：住
RPQNMLRJOHNFFAM09CA,成功段,69.16,都市：住
RPQOMLTLNHNFFCM07CA,桃米坑段,2119.00,非都市：山坡地保育區 ; 非都市編定：農牧用地
RPQOMLTLNHNFFCM07CA,桃米坑段,4505.00,非都市：山坡地保育區 ; 非都市編定：農牧用地
RPTNMLTLNHNFFBM17CA,草屯段,27.45,都市：住
RPVNMLTLNHNFFBM37CA,中興段,91.00,都市：住
RPQNMLOJOHNFFEM56CA,郡坑段,1015.00,非都市：山坡地保育區 ; 非都市編定：林業用地
RPQNMLOJOHNFFEM56CA,郡坑段,1015.00,非都市：山坡地保育區 ; 非都市編定：林業用地
RPQNMLOJOHNFFEM56CA,郡坑段,1015.00,非都市：山坡地保育區 ; 非都市編定：林業用地
RPQNMLOJOHNFFEM56CA,郡坑段,1015.00,非都市：山坡地保育區 ; 非都市編定：林業用地
RPRNMLQJOHNFFEM86CA,新玉峰段,2680.64,非都市：山坡地保育區 ; 非都市編定：農牧用地
RPPNMLTLNHNFFEM07CA,北埔段,126.81,都市：住
RPTNMLLKOHNFFCM09CA,忠孝段,27.57,都市：住
RPQOMLTKOHNFFCM07CA,平和段,1934.49,非都市：山坡地保育區 ; 非都市編定：農牧用地
RPPNMLOJOHNFFEM09CA,永豐段,21.00,都市：住
RPPNMLOJOHNFFEM09CA,永豐段,65.00,都市：住
RPSNMLSKOHNFFCM07CA,小埔社段,2110.00,非都市：山坡地保育區 ; 非都市編定：農牧用地
RPSNMLSKOHNFFCM07CA,小埔社段,403.00,非都市：山坡地保育區 ; 非都市編定：農牧用地
RPSNMLSKOHNFFCM07CA,小埔社段,3458.00,非都市：山坡地保育區 ; 非都市編定：農牧用地
RPSNMLSKOHNFFCM07CA,小埔社段,756.00,非都市：山坡地保育區 ; 非都市編定：農牧用地
RPSNMLSKOHNFFCM07CA,小埔社段,89.00,非都市：山坡地保育區 ; 非都市編定：丙種建築用地
RPSNMLSKOHNFFCM07CA,小埔社段,335.00,非都市：山坡地保育區 ; 非都市編定：農牧用地
RPSNMLSKOHNFFCM07CA,小埔社段,495.00,非都市：山坡地保育區 ; 非都市編定：農牧用地
RPSNMLLLOHNFFCM09CA,司馬按段,1600.00,非都市：山坡地保育區 ; 非都市編定：農牧用地
RPSNMLQLOHNFFCM96CA,春陽段,1570.00,非都市：森林區 ; 非都市編定：農牧用地
RPPNMLRJOHNFFAM09DA,西施厝坪段西施厝坪小段,185.00,都市：住
RPPNMLRJOHNFFAM09DA,西施厝坪段西施厝坪小段,286.00,都市：住
RPRNMLRJOHNFFAM66DA,濁水段,4453.00,非都市：山坡地保育區 ; 非都市編定：農牧用地
RPRNMLRJOHNFFAM66DA,濁水段,2757.00,非都市：山坡地保育區 ; 非都市編定：農牧用地
RPRNMLRJOHNFFAM66DA,濁水段,2591.00,非都市：山坡地保育區 ; 非都市編定：農牧用地
RPRNMLRJOHNFFAM66DA,濁水段,3044.00,非都市：山坡地保育區 ; 非都市編定：農牧用地
RPRNMLRJOHNFFAM66DA,濁水段,4400.00,非都市：山坡地保育區 ; 非都市編定：農牧用地
RPRNMLPKOHNFFAM09CA,包尾段,96.00,都市：住
RPRNMLPLNHNFFAM09CA,新段,23.50,都市：住
RPRNMLPLNHNFFAM09CA,新段,64.40,都市：住
RPTNMLSJOHNFFAM86CA,新厝段,3683.61,非都市：一般農業區 ; 非都市編定：丁種建築用地
RPTNMLSJOHNFFAM86CA,新厝段,2872.87,非都市：一般農業區 ; 非都市編定：丁種建築用地
RPRNMLLKOHNFFDM98CA,新內湖段,17003.50,都市：農
RPTNMLSJOHNFFCM07CA,萬大段,28653.00,非都市：森林區 ; 非都市編定：農牧用地
RPPOMLTLNHNFFCM96CA,寶湖窟段,282.97,都市：農
RPOOMLTLNHNFFCM86CA,埔里段信義小段,17.00,都市：住
RPOOMLTLNHNFFCM86CA,埔里段信義小段,52.00,都市：住
RPQNMLSJOHNFFAM56CA,永新段,85.95,都市：住
RPSNMLTLNHNFFBM07CA,新埔段,4369.10,非都市：特定農業區 ; 非都市編定：農牧用地
RPUNMLTLNHNFFBM27CA,草屯段,27.41,都市：住
RPUPMLTLNHNFFAM37CA,南勢段,4084.01,非都市：山坡地保育區 ; 非都市編定：農牧用地
RPUPMLTLNHNFFAM37CA,南勢段,120.99,非都市：山坡地保育區 ; 非都市編定：農牧用地
RPUPMLTLNHNFFAM37CA,南勢段,156.54,非都市：山坡地保育區 ; 非都市編定：交通用地
RPOOMLTLNHNFFAM66CA,先驅段,660.00,非都市：山坡地保育區 ; 非都市編定：農牧用地
RPOOMLTLNHNFFAM66CA,先驅段,940.00,非都市：山坡地保育區 ; 非都市編定：農牧用地
RPVNMLLMNHNFFAM56CA,包尾段,.98,都市：住
RPVNMLLMNHNFFAM56CA,包尾段,70.00,都市：住
RPVNMLLMNHNFFAM56CA,包尾段,4.21,都市：住
RPUNMLLMNHNFFDM76CA,菩提段,562.00,都市：住
RPPNMLSJOHNFFDM76CA,桶頭段,44214.00,非都市：山坡地保育區 ; 非都市編定：農牧用地
RPPNMLSJOHNFFDM76CA,桶頭段,8240.00,非都市：山坡地保育區 ; 非都市編定：農牧用地
RPWNMLTLNHNFFAM37CA,二重溪段,33.21,非都市：山坡地保育區 ; 非都市編定：丙種建築用地
RPTNMLKMNHNFFAM88CA,永新段,86.06,都市：住
RPTNMLSLNHNFFAM96CA,包尾段,13.42,都市：住
RPXNMLKMNHNFFAM66CA,千秋段,863.02,非都市：特定農業區 ; 非都市編定：農牧用地
RPXNMLKMNHNFFAM66CA,千秋段,359.02,非都市：特定農業區 ; 非都市編定：農牧用地
RPQNMLKMNHNFFAM58CA,永興段,8.06,都市：其他
RPQNMLKMNHNFFAM58CA,永興段,67.83,都市：農
RPPNMLPKOHNFFBM98CA,北投段,.50,非都市：特定農業區 ; 非都市編定：甲種建築用地
RPPNMLPKOHNFFBM98CA,北投段,8.00,非都市：特定農業區 ; 非都市編定：甲種建築用地
RPPNMLPKOHNFFBM98CA,北投段,6.00,非都市：特定農業區 ; 非都市編定：甲種建築用地
RPPNMLPKOHNFFBM98CA,北投段,21.00,非都市：特定農業區 ; 非都市編定：甲種建築用地
RPPNMLPKOHNFFBM98CA,北投段,60.00,非都市：特定農業區 ; 非都市編定：甲種建築用地
RPPNMLNJOHNFFAM58CA,永昌段,5.00,都市：農
RPRNMLKMNHNFFAM68CA,牛運堀段,39.00,都市：住
RPRNMLKMNHNFFAM68CA,牛運堀段,40.00,都市：住
RPSNMLPJOHNFFAM09CA,先驅段,806.00,非都市：山坡地保育區 ; 非都市編定：農牧用地
RPSNMLPJOHNFFAM09CA,先驅段,2820.00,非都市：山坡地保育區 ; 非都市編定：國土保安用地
RPSNMLPJOHNFFAM09CA,先驅段,11046.00,非都市：山坡地保育區 ; 非都市編定：農牧用地
RPWNMLPJOHNFFAM86CA,分水寮段,2600.00,非都市：山坡地保育區 ; 非都市編定：農牧用地
RPPNMLLJOHNFFAM38CA,牛運堀段,7.20,都市：住
RPSNMLQJOHNFFCM76CA,武界段,1120.00,非都市：森林區 ; 非都市編定：林業用地
RPSNMLQJOHNFFCM76CA,武界段,4490.00,非都市：森林區 ; 非都市編定：林業用地
RPPNMLTJOHNFFAM56CA,新南段,107.63,非都市：鄉村區 ; 非都市編定：乙種建築用地
RPTNMLRJOHNFFCM96CA,文頭股段,11.97,非都市：特定農業區 ; 非都市編定：甲種建築用地
RPTNMLRJOHNFFCM96CA,文頭股段,2.35,非都市：特定農業區 ; 非都市編定：農牧用地
RPUNMLSLNHNFFAM07CA,內新段,86.12,非都市：鄉村區 ; 非都市編定：乙種建築用地
RPUNMLSLNHNFFAM07CA,內新段,106.27,非都市：鄉村區 ; 非都市編定：乙種建築用地
RPUNMLLKOHNFFCM56CA,光明段,3.87,都市：商
RPVNMLQJOHNFFAM86CA,內新段,117.79,都市：住
RPVNMLQJOHNFFAM86CA,內新段,83.67,都市：商
RPUNMLTKOHNFFDM47CA,大鞍段,34.00,非都市：山坡地保育區 ; 非都市編定：農牧用地
RPUNMLTKOHNFFDM47CA,大鞍段,57.00,非都市：山坡地保育區 ; 非都市編定：農牧用地
RPTNMLTKOHNFFDM37CA,大鞍段,3291.00,非都市：山坡地保育區 ; 非都市編定：林業用地
RPTNMLTKOHNFFDM37CA,大鞍段,10813.00,非都市：山坡地保育區 ; 非都市編定：林業用地
RPWNMLTKOHNFFDM67CA,大鞍段,5739.00,非都市：山坡地保育區 ; 非都市編定：農牧用地
RPWNMLTKOHNFFDM67CA,大鞍段,465.00,非都市：山坡地保育區 ; 非都市編定：農牧用地
RPVNMLTKOHNFFDM57CA,大鞍段,6459.00,非都市：山坡地保育區 ; 非都市編定：林業用地
RPRNMLKMNHNFFDM09DA,石城段,233.75,都市：農
RPXNMLTKOHNFFDM77CA,大鞍段,6166.00,非都市：山坡地保育區 ; 非都市編定：農牧用地
RPWNMLSKOHNFFCM47CA,小埔社段,5170.00,非都市：山坡地保育區 ; 非都市編定：農牧用地
RPWNMLSKOHNFFCM47CA,小埔社段,388.00,非都市：山坡地保育區 ; 非都市編定：農牧用地
RPWNMLSKOHNFFCM47CA,小埔社段,1401.00,非都市：山坡地保育區 ; 非都市編定：農牧用地
RPWNMLSKOHNFFCM47CA,小埔社段,1509.00,非都市：山坡地保育區 ; 非都市編定：農牧用地
RPTNMLPJOHNFFDM86CA,文昌段,6604.94,非都市：山坡地保育區 ; 非都市編定：農牧用地
RPSNMLPJOHNFFDM76CA,頂堀段,306.58,都市：其他
RPSNMLPJOHNFFDM76CA,頂堀段,1800.69,都市：其他
RPSNMLPJOHNFFDM76CA,頂堀段,71.20,都市：其他
RPSNMLPJOHNFFDM76CA,頂堀段,1041.80,都市：其他
RPPNMLLMNHNFFDM88CA,延豐段,478.41,非都市：山坡地保育區 ; 非都市編定：農牧用地
RPPNMLLMNHNFFDM88CA,延豐段,32.93,非都市：山坡地保育區 ; 非都市編定：丙種建築用地
RPPNMLLMNHNFFDM88CA,延豐段,3.83,非都市：山坡地保育區 ; 非都市編定：交通用地
RPPNMLLMNHNFFDM88CA,延豐段,1.00,非都市：山坡地保育區 ; 非都市編定：交通用地
RPPNMLLMNHNFFDM88CA,延豐段,.15,非都市：山坡地保育區 ; 非都市編定：丙種建築用地
RPPNMLLMNHNFFDM88CA,延豐段,11.71,非都市：山坡地保育區 ; 非都市編定：交通用地
RPTNMLLMNHNFFDM66CA,新桶頭段,2042.49,非都市：山坡地保育區 ; 非都市編定：農牧用地
RPTNMLLMNHNFFDM66CA,新桶頭段,2240.05,非都市：山坡地保育區 ; 非都市編定：農牧用地
RPQNMLRLOHNFFCM86CA,忠貞段,16.14,都市：住
RPVNMLKMNHNFFDM76CA,瑞達段,227.51,非都市：鄉村區 ; 非都市編定：乙種建築用地
RPPNMLQLOHNFFCM66CA,麒麟段,1360.62,非都市：特定農業區 ; 非都市編定：農牧用地
RPPNMLQLOHNFFCM66CA,麒麟段,194.47,非都市：特定農業區 ; 非都市編定：甲種建築用地
RPQNMLLMNHNFFDM98CA,平正段,114.26,都市：住
RPQNMLLMNHNFFDM98CA,平正段,17.52,都市：住
RPPNMLLMNHNFFBM78DA,土城段,15.50,非都市：鄉村區 ; 非都市編定：交通用地
RPPNMLLMNHNFFBM78DA,土城段,43.08,非都市：鄉村區 ; 非都市編定：交通用地
RPPNMLLMNHNFFBM78DA,土城段,87.64,非都市：鄉村區 ; 非都市編定：乙種建築用地
RPPNMLLMNHNFFBM78DA,土城段,5.59,非都市：鄉村區 ; 非都市編定：交通用地
RPQNMLOJOHNFFAM88DA,三塊厝段,2545.00,非都市：一般農業區 ; 非都市編定：農牧用地
RPWNMLOJOHNFFAM86DA,竹圍段,1357.41,非都市：一般農業區 ; 非都市編定：農牧用地
RPUNMLMLOHNFFDM86CA,坪子頂段,4743.00,非都市：山坡地保育區 ; 非都市編定：林業用地
RPUNMLMLOHNFFDM86CA,坪子頂段,873.00,非都市：山坡地保育區 ; 非都市編定：林業用地
RPUNMLMLOHNFFDM86CA,坪子頂段,56031.00,非都市：山坡地保育區 ; 非都市編定：林業用地
RPUNMLMLOHNFFDM86CA,坪子頂段,960.00,非都市：山坡地保育區 ; 非都市編定：林業用地
RPUNMLMLOHNFFDM86CA,坪子頂段,40263.00,非都市：山坡地保育區 ; 非都市編定：林業用地
RPUNMLMLOHNFFDM86CA,坪子頂段,553.00,非都市：山坡地保育區 ; 非都市編定：丙種建築用地
RPUNMLMLOHNFFDM86CA,坪子頂段,538.00,非都市：山坡地保育區 ; 非都市編定：農牧用地
RPUNMLMLOHNFFDM86CA,坪子頂段,504.00,非都市：山坡地保育區 ; 非都市編定：農牧用地
RPUNMLMLOHNFFDM86CA,坪子頂段,926.00,非都市：山坡地保育區 ; 非都市編定：林業用地
RPWNMLOJOHNFFDM07CA,溪尾段,981.31,非都市：山坡地保育區 ; 非都市編定：丙種建築用地
RPQNMLLMNHNFFEM09CA,柴橋頭段北勢坑小段,13841.38,非都市：山坡地保育區 ; 非都市編定：農牧用地
RPQNMLLMNHNFFEM09CA,柴橋頭段北勢坑小段,12263.00,非都市：山坡地保育區 ; 非都市編定：林業用地
RPPNMLLMNHNFFAM68DA,內興段,362.56,非都市：鄉村區 ; 非都市編定：乙種建築用地
RPSNMLPJOHNFFCM66CA,仁愛段,25.52,都市：住
RPSNMLOKOHNFFBM56CA,屯園段,26.19,非都市：特定農業區 ; 非都市編定：水利用地
RPSNMLOKOHNFFBM56CA,屯園段,11.52,非都市：特定農業區 ; 非都市編定：水利用地
RPTNMLOKOHNFFBM66CA,溪底段,172.21,非都市：特定農業區 ; 非都市編定：交通用地
RPTNMLOKOHNFFBM66CA,溪底段,5159.89,非都市：特定農業區 ; 非都市編定：農牧用地
RPRNMLOKOHNFFBM09CA,屯園段,1743.59,非都市：特定農業區 ; 非都市編定：農牧用地
RPRNMLOKOHNFFBM09CA,溪底段,1099.32,非都市：特定農業區 ; 非都市編定：農牧用地
RPRNMLOKOHNFFBM09CA,溪底段,289.00,非都市：特定農業區 ; 非都市編定：農牧用地
RPRNMLOKOHNFFBM09CA,溪底段,290.78,非都市：特定農業區 ; 非都市編定：農牧用地
RPRNMLOKOHNFFBM09CA,溪底段,148.35,非都市：特定農業區 ; 非都市編定：農牧用地
RPRNMLOKOHNFFBM09CA,溪底段,586.59,非都市：特定農業區 ; 非都市編定：農牧用地
RPRNMLOKOHNFFBM09CA,溪底段,767.25,非都市：特定農業區 ; 非都市編定：農牧用地
RPRNMLOKOHNFFBM09CA,溪底段,716.36,非都市：特定農業區 ; 非都市編定：農牧用地
RPRNMLOKOHNFFBM09CA,溪底段,47.20,非都市：特定農業區 ; 非都市編定：交通用地
RPPNMLRJOHNFFCM56CA,紅瓦厝段,576.79,非都市：特定農業區 ; 非都市編定：農牧用地
RPPNMLLMNHNFFCM78CA,萬大段,2420.00,非都市：森林區 ; 非都市編定：農牧用地
RPPNMLLMNHNFFCM78CA,萬大段,1320.00,非都市：森林區 ; 非都市編定：農牧用地
RPPNMLLMNHNFFCM78CA,萬大段,4450.00,非都市：森林區 ; 非都市編定：農牧用地
RPQOMLLLOHNFFBM88CA,草屯段,24.55,都市：住
RPQOMLLLOHNFFBM88CA,草屯段,65.00,都市：其他
RPQOMLLLOHNFFBM88CA,草屯段,28.03,都市：農
RPQOMLLLOHNFFBM88CA,草屯段,1.96,都市：農
RPQOMLLLOHNFFBM88CA,草屯段,.47,都市：農
RPQOMLLLOHNFFBM88CA,草屯段,.33,都市：農
RPQOMLLLOHNFFBM88CA,草屯段,1.37,都市：農
RPQOMLLLOHNFFBM88CA,草屯段,.67,都市：農
RPQOMLLLOHNFFBM88CA,草屯段,3.10,都市：農
RPQOMLLLOHNFFBM88CA,草屯段,2.17,都市：農
RPQOMLLLOHNFFBM88CA,草屯段,113.00,都市：住
RPQOMLLLOHNFFBM88CA,草屯段,2.00,都市：住
RPOOMLPLOHNFFDM66CA,文昌段,31.48,非都市： ; 非都市編定：
RPXNMLMKOHNFFCM96CA,興池段,194.24,都市：農
RPXNMLMKOHNFFCM96CA,興池段,622.95,都市：農
RPPNMLQJOHNFFCM09CA,忠孝段,73.93,都市：住
RPTNMLLMNHNFFCM56CA,光明段,5.17,都市：商
RPWNMLPLOHNFFBM17CA,茄荖山段,179.32,非都市：山坡地保育區 ; 非都市編定：丙種建築用地
RPQNMLLJOHNFFBM58CA,草屯段,47.00,都市：住
RPQNMLLJOHNFFBM58CA,草屯段,47.00,都市：住
RPUNMLRJOHNFFAM86CA,新北段,139.44,非都市：鄉村區 ; 非都市編定：乙種建築用地
RPRNMLQJOHNFFAM09CA,南投段,16.40,都市：住
RPRNMLOJOHNFFBM98CA,中興段,91.00,都市：住
RPUNMLPJOHNFFBM76CA,草屯段,60.80,都市：住
RPSOMLOJOHNFFAM09CA,名松段,90.66,都市：住
RPSNMLPLOHNFFDM96CA,延祥段,598.62,都市：住
RPSNMLPLOHNFFDM96CA,延祥段,3.47,都市：住
RPSNMLPLOHNFFDM96CA,延祥段,.61,都市：住
RPSNMLPLOHNFFDM96CA,延祥段,33.40,都市：住
RPSNMLPLOHNFFDM96CA,延祥段,18.08,都市：住
RPSNMLPLOHNFFDM96CA,延祥段,5.89,都市：農
RPSNMLPLOHNFFDM96CA,延祥段,171.97,都市：農
RPSNMLPLOHNFFDM96CA,延祥段,17.49,都市：農
RPUNMLLJOHNFFAM88CA,分水寮段,940.00,非都市：山坡地保育區 ; 非都市編定：林業用地
RPVNMLOJOHNFFAM66CA,埔中段,378.00,非都市：一般農業區 ; 非都市編定：農牧用地
RPSNMLLMNHNFFAM88CA,包尾段,12.28,都市：住
RPPOMLOJOHNFFBM88CA,草屯段,9.23,都市：住
RPPOMLOJOHNFFBM88CA,草屯段,2.38,都市：農
RPPOMLOJOHNFFBM88CA,草屯段,54.00,都市：住
RPPOMLOJOHNFFBM88CA,草屯段,16.72,都市：住
RPPOMLOJOHNFFBM88CA,草屯段,.06,都市：住
RPPOMLOJOHNFFBM88CA,草屯段,.11,都市：農
RPPOMLOJOHNFFBM88CA,草屯段,18.00,都市：農
RPSNMLSJOHNFFAM76CA,永新段,85.92,都市：住
RPOOMLOJOHNFFBM78CA,草屯段,16.72,都市：住
RPOOMLOJOHNFFBM78CA,草屯段,9.23,都市：住
RPOOMLOJOHNFFBM78CA,草屯段,2.38,都市：農
RPOOMLOJOHNFFBM78CA,草屯段,82.00,都市：住
RPOOMLOJOHNFFBM78CA,草屯段,.06,都市：住
RPOOMLOJOHNFFBM78CA,草屯段,.11,都市：農
RPOOMLOJOHNFFBM78CA,草屯段,88.00,都市：農
RPQOMLOJOHNFFBM98CA,草屯段,16.72,都市：住
RPQOMLOJOHNFFBM98CA,草屯段,9.23,都市：住
RPQOMLOJOHNFFBM98CA,草屯段,2.38,都市：農
RPQOMLOJOHNFFBM98CA,草屯段,55.00,都市：住
RPQOMLOJOHNFFBM98CA,草屯段,.06,都市：住
RPQOMLOJOHNFFBM98CA,草屯段,4.00,都市：住
RPQOMLOJOHNFFBM98CA,草屯段,10.00,都市：農
RPQOMLOJOHNFFBM98CA,草屯段,.11,都市：農
RPQOMLOJOHNFFBM98CA,草屯段,18.00,都市：農
RPRNMLPJOHNFFAM98CA,成功段,67.10,都市：住
RPWNMLLLOHNFFAM66CA,鄉親寮段,4396.00,非都市：山坡地保育區 ; 非都市編定：農牧用地
RPWNMLLLOHNFFAM66CA,鄉親寮段,169.00,非都市：山坡地保育區 ; 非都市編定：交通用地
RPWNMLLLOHNFFAM66CA,鄉親寮段,3164.00,非都市：山坡地保育區 ; 非都市編定：農牧用地
RPPOMLRJOHNFFAM09CA,光復段,25.23,非都市：鄉村區 ; 非都市編定：乙種建築用地
RPPOMLRJOHNFFAM09CA,光復段,137.00,非都市：鄉村區 ; 非都市編定：乙種建築用地
RPPOMLRJOHNFFAM09CA,光復段,12.00,非都市：鄉村區 ; 非都市編定：乙種建築用地
RPSNMLLJOHNFFBM78CA,明賢段,35.83,都市：商
RPROMLOJOHNFFBM09CA,草屯段,18.40,都市：住
RPROMLOJOHNFFBM09CA,草屯段,4.75,都市：農
RPROMLOJOHNFFBM09CA,草屯段,59.00,都市：住
RPROMLOJOHNFFBM09CA,草屯段,124.00,都市：住
RPROMLOJOHNFFBM09CA,草屯段,33.44,都市：住
RPROMLOJOHNFFBM09CA,草屯段,.11,都市：住
RPROMLOJOHNFFBM09CA,草屯段,.22,都市：農
RPROMLOJOHNFFBM09CA,草屯段,36.00,都市：農
RPROMLOJOHNFFBM09CA,草屯段,23.00,都市：農
RPWNMLLLOHNFFBM76CA,新虎山段,142.73,都市：住
RPWNMLLLOHNFFBM76CA,新虎山段,2.54,都市：住
RPPNMLQJOHNFFBM98CA,草屯段,5.34,都市：住
RPPNMLQJOHNFFBM98CA,草屯段,1.01,都市：農
RPPNMLQJOHNFFBM98CA,草屯段,23.89,都市：住
RPPNMLQJOHNFFBM98CA,草屯段,1.10,都市：住
RPXNMLOJOHNFFAM86CA,福助段,87.36,非都市：鄉村區 ; 非都市編定：乙種建築用地
RPOOMLOJOHNFFAM68CA,新段,23.50,都市：住
RPOOMLOJOHNFFAM68CA,新段,67.84,都市：住
RPQNMLNJOHNFFAM68CA,光明段,18.43,都市：住
RPQNMLNJOHNFFAM68CA,光明段,65.53,都市：住
RPVNMLQLOHNFFBM17CA,新富寮段,851.03,都市：農
RPVNMLNKOHNFFAM66CA,南山段,92.00,都市：住
RPWNMLOJOHNFFBM86CA,草屯段,3.29,都市：住
RPWNMLOJOHNFFBM86CA,草屯段,1.01,都市：農
RPWNMLOJOHNFFBM86CA,草屯段,15.56,都市：住
RPWNMLOJOHNFFBM86CA,草屯段,1.10,都市：住
RPWNMLOJOHNFFBM86CA,草屯段,10.00,都市：農
RPSNMLQJOHNFFBM66CA,新富仁段,62.90,都市：住
RPSNMLQJOHNFFBM66CA,新富仁段,21.28,都市：住
RPUNMLNKOHNFFAM56CA,南投段,10.49,都市：住
RPWNMLNKOHNFFAM76CA,包尾段,57.00,都市：住
RPPNMLRKOHNFFCM66CA,北山坑段,18696.00,非都市：山坡地保育區 ; 非都市編定：農牧用地
RPPNMLRKOHNFFCM66CA,北山坑段,2500.00,非都市：山坡地保育區 ; 非都市編定：農牧用地
RPPNMLRKOHNFFCM66CA,北山坑段,21197.00,非都市：山坡地保育區 ; 非都市編定：農牧用地
RPQNMLRJOHNFFCM66CA,牛尾段,644.46,非都市：特定農業區 ; 非都市編定：農牧用地
RPSNMLOJOHNFFBM56DA,茄荖山段,195.00,非都市：特定農業區 ; 非都市編定：交通用地
RPPNMLOJOHNFFBM88DA,玉峰段,23.88,都市：住
RPVNMLLKOHNFFCM66CA,埔里段信義小段,21.90,都市：住
RPTNMLPJOHNFFBM76DA,玉峰段,23.88,都市：住
RPPNMLMKOHNFFDM88CA,埔頭段,110.00,都市：住
RPPNMLMKOHNFFDM88CA,埔頭段,104.00,都市：住
RPTNMLOJOHNFFDM76CA,社寮段,62783.00,非都市：山坡地保育區 ; 非都市編定：農牧用地
RPTNMLOJOHNFFDM76CA,社寮段,85430.00,非都市：山坡地保育區 ; 非都市編定：農牧用地
RPTNMLOJOHNFFDM76CA,社寮段,88990.00,非都市：山坡地保育區 ; 非都市編定：農牧用地
RPTNMLOJOHNFFDM76CA,社寮段,91643.00,非都市：山坡地保育區 ; 非都市編定：農牧用地
RPTNMLOJOHNFFDM76CA,社寮段,8889.00,非都市：山坡地保育區 ; 非都市編定：農牧用地
RPUNMLPJOHNFFDM96CA,石城段,3712.75,非都市：山坡地保育區 ; 非都市編定：林業用地
RPXNMLPJOHNFFDM27CA,吉祥段,.32,都市：住
RPXNMLPJOHNFFDM27CA,吉祥段,12.40,都市：住
RPXNMLPJOHNFFDM27CA,吉祥段,11.50,都市：住
RPUNMLQLOHNFFCM17CA,牛眠段,96.64,非都市：特定農業區 ; 非都市編定：甲種建築用地
RPVNMLKLOHNFFCM66CA,眉原段,3640.00,非都市：森林區 ; 非都市編定：農牧用地
