﻿編號,土地區段位置,土地移轉面積(平方公尺),使用分區或編定
The serial number,land sector position,land shifting area (square meter),the use zoning or compiles and checks
RPPOMLMLNHNFFAN78CA,北白沙坑段,2390.23,非都市：特定農業區 ; 非都市編定：農牧用地
RPXNMLMLNHNFFAN86CA,金馬段,74.70,都市：住
RPTNMLOLNHNFFAN66CA,彰化段西門小段,80.00,都市：商
RPQPMLPLNHNFFAN66CA,中華段,1.19,都市：商
RPQPMLPLNHNFFAN66CA,中華段,1.22,都市：商
RPQPMLPLNHNFFAN66CA,中華段,1.72,都市：商
RPXNMLLLNHNFFAN76CA,新快官段,1176.72,非都市：鄉村區 ; 非都市編定：乙種建築用地
RPXNMLLLNHNFFAN76CA,新快官段,36.19,非都市：鄉村區 ; 非都市編定：乙種建築用地
RPXNMLLLNHNFFAN76CA,新快官段,10.81,非都市：鄉村區 ; 非都市編定：乙種建築用地
RPXNMLLLNHNFFAN76CA,新快官段,73.80,非都市：鄉村區 ; 非都市編定：乙種建築用地
RPXNMLLLNHNFFAN76CA,新快官段,124.27,非都市：鄉村區 ; 非都市編定：乙種建築用地
RPXNMLLLNHNFFAN76CA,新快官段,9.82,非都市：鄉村區 ; 非都市編定：乙種建築用地
RPQNMLPLNHNFFAN09CA,三民段,7.90,都市：商
RPSNMLNLNHNFFAN09CA,西門口段,4.14,都市：住
RPUNMLOLNHNFFAN76CA,彰化段西門小段,74.00,都市：商
RPRNMLOLNHNFFAN09CA,南郭段南郭小段,27.72,都市：住
RPRNMLOLNHNFFAN09CA,南郭段南郭小段,.12,都市：其他
RPRNMLOLNHNFFAN09CA,南郭段南郭小段,.10,都市：其他
RPQNMLPLNHNFFBN56CA,新發段,58.54,都市：住
RPVNMLOLNHNFFAN86CA,南興段,58.00,都市：住
RPOOMLLLNHNFFAN58CA,延和段,23.67,都市：住
RPOOMLLLNHNFFAN58CA,延和段,9.00,都市：住
RPOOMLLLNHNFFAN58CA,延和段,45.00,都市：住
RPOOMLLLNHNFFAN58CA,延和段,4.67,都市：住
RPSNMLNKOHNFFBN56CA,嘉慶段,239.79,都市：農
RPSNMLNKOHNFFBN56CA,嘉慶段,6.50,都市：農
RPSNMLNKOHNFFBN56CA,嘉慶段,28.87,都市：農
RPVNMLPKOHNFFBN07CA,中興段,459.00,都市：農
RPPNMLPLNHNFFBN09CA,伸榮段,144.00,都市：農
RPSNMLOKOHNFFAN56CA,南口段,79.36,都市：農
RPPNMLLJOHNFFBN58CA,伸股段,97.48,都市：住
RPQOMLMLNHNFFDN56CA,溝皂段,140.06,都市：住
RPTNMLOJOHNFFBN66CA,和中段,1.45,都市：住
RPTNMLOJOHNFFBN66CA,和中段,.80,都市：住
RPTNMLOJOHNFFBN66CA,和中段,6.25,都市：住
RPTNMLOJOHNFFBN66CA,和中段,12.71,都市：住
RPTNMLOJOHNFFBN66CA,和中段,95.00,都市：住
RPTNMLOJOHNFFBN66CA,和中段,1.80,都市：住
RPPOMLMLNHNFFDN09CA,村上段,10.62,非都市：特定農業區 ; 非都市編定：交通用地
RPPOMLMLNHNFFDN09CA,村上段,57.10,非都市：特定農業區 ; 非都市編定：甲種建築用地
RPXNMLMLNHNFFDN17CA,溝皂段,94.00,非都市：鄉村區 ; 非都市編定：乙種建築用地
RPPNMLNLNHNFFCN98CA,管厝段,88.50,非都市：特定農業區 ; 非都市編定：甲種建築用地
RPSNMLOKOHNFFBN66CA,福安段,979.35,非都市：特定農業區 ; 非都市編定：農牧用地
RPSNMLOKOHNFFBN66CA,福安段,171.40,非都市：鄉村區 ; 非都市編定：乙種建築用地
RPQNMLLKOHNFFAN68CA,福山段,105.74,非都市：山坡地保育區 ; 非都市編定：農牧用地
RPQNMLLKOHNFFAN68CA,福山段,434.52,非都市：山坡地保育區 ; 非都市編定：農牧用地
RPWNMLOLNHNFFDN27CA,橋愛段,35.16,都市：其他
RPWNMLOLNHNFFDN27CA,橋愛段,.93,都市：其他
RPWNMLOLNHNFFDN27CA,橋愛段,104.98,都市：其他
RPWNMLOLNHNFFDN27CA,橋愛段,28.64,都市：其他
RPVNMLKMNHNFFDN86CA,南勢段,86.40,都市：其他
RPVNMLKMNHNFFDN86CA,南勢段,17.56,都市：其他
RPVNMLKMNHNFFDN86CA,南勢段,2.29,都市：其他
RPSNMLMLNHNFFEN76CA,新卓乃潭段,590.12,非都市：特定農業區 ; 非都市編定：甲種建築用地
RPSNMLMLNHNFFEN76CA,新卓乃潭段,629.05,非都市：特定農業區 ; 非都市編定：農牧用地
RPUNMLMLNHNFFEN96CA,大社段,101.04,非都市：鄉村區 ; 非都市編定：乙種建築用地
RPUNMLMLNHNFFEN96CA,大社段,101.04,非都市：鄉村區 ; 非都市編定：乙種建築用地
RPUNMLLJOHNFFDN66CA,南勢段,56.88,都市：其他
RPUNMLLJOHNFFDN66CA,南勢段,23.77,都市：其他
RPUNMLLJOHNFFDN66CA,南勢段,26.02,都市：其他
RPTOMLTLNHNFFAN27CA,西門口段,133.50,都市：住
RPSNMLLJOHNFFDN09CA,南勢段,7.17,都市：其他
RPSNMLLJOHNFFDN09CA,南勢段,.93,都市：其他
RPSNMLLJOHNFFDN09CA,南勢段,67.36,都市：其他
RPSNMLLJOHNFFDN09CA,南勢段,24.87,都市：其他
RPSNMLLJOHNFFDN09CA,南勢段,23.66,都市：其他
RPPNMLNJOHNFFEN09CA,中賢段,41.00,都市：住
RPPNMLRLNHNFFEN96CA,新外三段,327.36,非都市：特定農業區 ; 非都市編定：農牧用地
RPTOMLSLNHNFFDN47CA,永安段,90.43,都市：住
RPRNMLOJOHNFFDN66CA,南勢段,57.31,都市：其他
RPRNMLOJOHNFFDN66CA,南勢段,24.24,都市：其他
RPRNMLOJOHNFFDN66CA,南勢段,25.14,都市：其他
RPUNMLOLNHNFFEN17CA,大崙段,2505.00,非都市：特定農業區 ; 非都市編定：農牧用地
RPPNMLOLNHNFFEN66CA,中南段,19.08,都市：住
RPXNMLPJOHNFFDN37CA,南勢段,86.40,都市：其他
RPXNMLPJOHNFFDN37CA,南勢段,17.56,都市：其他
RPXNMLPJOHNFFDN37CA,南勢段,2.29,都市：其他
RPPNMLMLNHNFFGN66CA,永光段,2008.00,非都市：一般農業區 ; 非都市編定：農牧用地
RPUNMLMLNHNFFGN17CA,芳義段,1821.00,非都市：特定農業區 ; 非都市編定：農牧用地
RPUNMLQJOHNFFDN17CA,南勢段,17.56,都市：其他
RPUNMLQJOHNFFDN17CA,南勢段,2.29,都市：其他
RPUNMLQJOHNFFDN17CA,南勢段,86.36,都市：其他
RPSNMLNLNHNFFGN07CA,芳林段,4050.00,非都市：特定農業區 ; 非都市編定：農牧用地
RPRNMLPKOHNFFGN17CA,芳山段,118.14,都市：住
RPRNMLPKOHNFFGN17CA,芳山段,56.57,都市：住
RPRNMLPKOHNFFGN17CA,芳山段,19.26,都市：住
RPRNMLPKOHNFFGN17CA,芳山段,3.65,都市：住
RPSNMLPKOHNFFGN27CA,芳山段,32.74,都市：住
RPTNMLPKOHNFFGN37CA,芳山段,216.01,都市：住
RPPNMLKMNHNFFFN09CA,和平段,1174.02,非都市：特定農業區 ; 非都市編定：甲種建築用地
RPRNMLPLNHNFFFN07CA,大新段,81.62,非都市：鄉村區 ; 非都市編定：乙種建築用地
RPPNMLNLNHNFFFN66CA,永豐段,95.04,都市：住
RPRNMLLLNHNFFGN76CA,王功段,55.00,非都市：一般農業區 ; 非都市編定：甲種建築用地
RPRNMLLLNHNFFGN76CA,王功段,26.17,非都市：一般農業區 ; 非都市編定：甲種建築用地
RPQNMLMLNHNFFHN86CA,湖西段,131.00,都市：住
RPRNMLMLNHNFFHN96CA,河東段,3390.00,非都市：特定農業區 ; 非都市編定：農牧用地
RPSNMLMLNHNFFHN07CA,三省段,2047.00,非都市：特定農業區 ; 非都市編定：農牧用地
RPXNMLQJOHNFFDN47CA,南勢段,32.47,都市：其他
RPXNMLQJOHNFFDN47CA,南勢段,97.03,都市：其他
RPXNMLQJOHNFFDN47CA,南勢段,4.23,都市：其他
RPPOMLQJOHNFFDN76CA,南勢段,32.29,都市：其他
RPPOMLQJOHNFFDN76CA,南勢段,4.21,都市：其他
RPPOMLQJOHNFFDN76CA,南勢段,91.02,都市：其他
RPTNMLTLNHNFFHN87CA,光明段,106.00,非都市：特定農業區 ; 非都市編定：甲種建築用地
RPTNMLTLNHNFFHN87CA,光明段,1.75,非都市：特定農業區 ; 非都市編定：交通用地
RPTNMLTLNHNFFHN87CA,光明段,2.36,非都市：特定農業區 ; 非都市編定：甲種建築用地
RPTNMLTLNHNFFHN87CA,光明段,20.13,非都市：特定農業區 ; 非都市編定：甲種建築用地
RPTNMLTLNHNFFHN87CA,光明段,7.81,非都市：特定農業區 ; 非都市編定：農牧用地
RPTNMLPKOHNFFHN47CA,太平西段,158.30,非都市：特定農業區 ; 非都市編定：甲種建築用地
RPTNMLPKOHNFFHN47CA,太平西段,70.29,非都市：特定農業區 ; 非都市編定：甲種建築用地
RPTNMLPKOHNFFHN47CA,太平西段,67.78,非都市：特定農業區 ; 非都市編定：甲種建築用地
RPTNMLPKOHNFFHN47CA,仁華段,5.28,非都市：鄉村區 ; 非都市編定：乙種建築用地
RPTNMLPKOHNFFHN47CA,仁華段,6.18,非都市：鄉村區 ; 非都市編定：乙種建築用地
RPTNMLPKOHNFFHN47CA,仁華段,15.18,非都市：特定農業區 ; 非都市編定：農牧用地
RPUNMLLLNHNFFAN56DA,西興段,21.00,都市：住
RPUNMLLLNHNFFAN56DA,西興段,4.00,都市：住
RPUNMLLLNHNFFAN56DA,西興段,76.00,都市：住
RPOPMLPLNHNFFAN56DA,大埔段,23.56,都市：住
RPOPMLPLNHNFFAN56DA,大埔段,56.00,都市：住
RPQNMLMJOHNFFHN76CA,瓦窯中段,104.75,非都市：特定農業區 ; 非都市編定：甲種建築用地
RPWNMLTLNHNFFHN18CA,光明段,102.00,非都市：特定農業區 ; 非都市編定：甲種建築用地
RPWNMLTLNHNFFHN18CA,光明段,1.75,非都市：特定農業區 ; 非都市編定：交通用地
RPWNMLTLNHNFFHN18CA,光明段,2.36,非都市：特定農業區 ; 非都市編定：甲種建築用地
RPWNMLTLNHNFFHN18CA,光明段,20.13,非都市：特定農業區 ; 非都市編定：甲種建築用地
RPWNMLTLNHNFFHN18CA,光明段,7.81,非都市：特定農業區 ; 非都市編定：農牧用地
RPUNMLTLNHNFFHN97CA,光明段,82.00,非都市：特定農業區 ; 非都市編定：甲種建築用地
RPUNMLTLNHNFFHN97CA,光明段,25.00,非都市：特定農業區 ; 非都市編定：甲種建築用地
RPUNMLTLNHNFFHN97CA,光明段,1.75,非都市：特定農業區 ; 非都市編定：交通用地
RPUNMLTLNHNFFHN97CA,光明段,2.36,非都市：特定農業區 ; 非都市編定：甲種建築用地
RPUNMLTLNHNFFHN97CA,光明段,20.13,非都市：特定農業區 ; 非都市編定：甲種建築用地
RPUNMLTLNHNFFHN97CA,光明段,7.81,非都市：特定農業區 ; 非都市編定：農牧用地
RPVNMLTLNHNFFHN08CA,光明段,102.00,非都市：特定農業區 ; 非都市編定：甲種建築用地
RPVNMLTLNHNFFHN08CA,光明段,1.75,非都市：特定農業區 ; 非都市編定：交通用地
RPVNMLTLNHNFFHN08CA,光明段,2.36,非都市：特定農業區 ; 非都市編定：甲種建築用地
RPVNMLTLNHNFFHN08CA,光明段,20.13,非都市：特定農業區 ; 非都市編定：甲種建築用地
RPVNMLTLNHNFFHN08CA,光明段,7.81,非都市：特定農業區 ; 非都市編定：農牧用地
RPXNMLTLNHNFFHN28CA,光明段,106.00,非都市：特定農業區 ; 非都市編定：甲種建築用地
RPXNMLTLNHNFFHN28CA,光明段,101.00,非都市：特定農業區 ; 非都市編定：甲種建築用地
RPXNMLTLNHNFFHN28CA,光明段,1.75,非都市：特定農業區 ; 非都市編定：交通用地
RPXNMLTLNHNFFHN28CA,光明段,2.36,非都市：特定農業區 ; 非都市編定：甲種建築用地
RPXNMLTLNHNFFHN28CA,光明段,40.27,非都市：特定農業區 ; 非都市編定：甲種建築用地
RPXNMLTLNHNFFHN28CA,光明段,7.81,非都市：特定農業區 ; 非都市編定：農牧用地
RPSNMLSLNHNFFAN07DA,新芬園段,5.73,非都市：鄉村區 ; 非都市編定：乙種建築用地
RPOOMLTLNHNFFHN47CA,光明段,85.00,非都市：特定農業區 ; 非都市編定：甲種建築用地
RPUNMLOLNHNFFGN47DA,儒德段,1.62,都市：住
RPUNMLOLNHNFFGN47DA,儒德段,15.43,都市：住
RPUNMLOLNHNFFGN47DA,儒德段,8.26,都市：住
RPUNMLOLNHNFFGN47DA,儒德段,60.06,都市：住
RPQNMLNLNHNFFFN86DA,慶豐段,1423.00,非都市：特定農業區 ; 非都市編定：農牧用地
RPOOMLTLNHNFFHN47CA,光明段,1.75,非都市：特定農業區 ; 非都市編定：交通用地
RPQNMLNLNHNFFFN86DA,慶豐段,3318.00,非都市：特定農業區 ; 非都市編定：農牧用地
RPOOMLTLNHNFFHN47CA,光明段,2.36,非都市：特定農業區 ; 非都市編定：甲種建築用地
RPOOMLTLNHNFFHN47CA,光明段,20.13,非都市：特定農業區 ; 非都市編定：甲種建築用地
RPOOMLTLNHNFFHN47CA,光明段,7.81,非都市：特定農業區 ; 非都市編定：農牧用地
RPTNMLMLNHNFFGN17DA,和寮段,3873.00,非都市：一般農業區 ; 非都市編定：農牧用地
RPVNMLOLNHNFFGN57DA,芳功段,889.92,非都市：一般農業區 ; 非都市編定：農牧用地
RPVNMLOLNHNFFGN57DA,芳功段,578.19,非都市：一般農業區 ; 非都市編定：農牧用地
RPPNMLRKNHNFFHN47CD,大庭段,131.00,都市：住
RPPNMLQKNHNFFCN86CD,永安段,2120.00,非都市：特定農業區 ; 非都市編定：農牧用地
RPPNMLSLNHNFFEN17DA,中山段,1.04,非都市：鄉村區 ; 非都市編定：乙種建築用地
RPPNMLSLNHNFFEN17DA,中山段,119.00,非都市：鄉村區 ; 非都市編定：乙種建築用地
RPVNMLPKOHNFFHN67CA,三塊厝段,303.00,非都市：特定農業區 ; 非都市編定：農牧用地
RPQNMLPLNHNFFHN17CA,新段,18.97,都市：住
RPQNMLPLNHNFFHN17CA,新段,10.92,都市：住
RPQNMLPLNHNFFHN17CA,新段,10.97,都市：住
RPQNMLPLNHNFFHN17CA,新段,24.36,都市：住
RPQNMLPLNHNFFHN17CA,新段,8.69,都市：住
RPQNMLPLNHNFFHN17CA,新段,15.81,都市：住
RPQNMLPLNHNFFHN17CA,新段,28.97,都市：住
RPRPMLTLNHNFFHN87CA,成功段,118.66,都市：住
RPTNMLMLNHNFFHN17CA,和平段,1686.00,非都市：特定農業區 ; 非都市編定：農牧用地
RPUNMLPKOHNFFHN57CA,三塊厝段,302.00,非都市：特定農業區 ; 非都市編定：農牧用地
RPTPMLTLNHNFFHN08CA,成功段,117.45,都市：住
RPVPMLTLNHNFFHN28CA,成功段,118.79,都市：住
RPXPMLTLNHNFFHN48CA,成功段,128.20,都市：住
RPTNMLTKOHNFFHN87CA,弘農段,104.42,都市：住
RPTNMLTKOHNFFHN87CA,弘農段,5.50,都市：住
RPTNMLTKOHNFFHN87CA,弘農段,15.29,都市：住
RPPNMLKMNHNFFHN66CA,大庭段,23.25,都市：住
RPPNMLKMNHNFFHN66CA,大庭段,70.00,都市：住
RPXNMLKLOHNFFDN17DA,東北段,16.89,非都市：特定農業區 ; 非都市編定：農牧用地
RPQNMLNLNHNFFHN07DA,新東榮段,287.88,非都市：特定農業區 ; 非都市編定：甲種建築用地
RPQNMLNLNHNFFHN07DA,新東榮段,96.59,非都市：特定農業區 ; 非都市編定：甲種建築用地
RPPOMLTLNHNFFHN57CA,光明段,66.00,非都市：特定農業區 ; 非都市編定：甲種建築用地
RPPOMLTLNHNFFHN57CA,光明段,20.00,非都市：特定農業區 ; 非都市編定：甲種建築用地
RPPOMLTLNHNFFHN57CA,光明段,1.75,非都市：特定農業區 ; 非都市編定：交通用地
RPPOMLTLNHNFFHN57CA,光明段,2.36,非都市：特定農業區 ; 非都市編定：甲種建築用地
RPPOMLTLNHNFFHN57CA,光明段,20.13,非都市：特定農業區 ; 非都市編定：甲種建築用地
RPPOMLTLNHNFFHN57CA,光明段,7.81,非都市：特定農業區 ; 非都市編定：農牧用地
RPQOMLTLNHNFFHN67CA,光明段,97.00,非都市：特定農業區 ; 非都市編定：甲種建築用地
RPQOMLTLNHNFFHN67CA,光明段,1.75,非都市：特定農業區 ; 非都市編定：交通用地
RPQOMLTLNHNFFHN67CA,光明段,2.36,非都市：特定農業區 ; 非都市編定：甲種建築用地
RPQOMLTLNHNFFHN67CA,光明段,20.13,非都市：特定農業區 ; 非都市編定：甲種建築用地
RPQOMLTLNHNFFHN67CA,光明段,7.81,非都市：特定農業區 ; 非都市編定：農牧用地
RPPNMLSKOHNFFGN27CA,面前厝段,1188.00,非都市：特定農業區 ; 非都市編定：農牧用地
RPPNMLSKOHNFFGN27CA,面前厝段,4269.00,非都市：特定農業區 ; 非都市編定：農牧用地
RPPNMLQKOHNFFGN07CA,草湖段,4755.00,非都市：一般農業區 ; 非都市編定：農牧用地
RPROMLTLNHNFFHN77CA,光明段,34.00,非都市：特定農業區 ; 非都市編定：甲種建築用地
RPTNMLSJOHNFFGN57CA,舊趙甲段,593.00,非都市：一般農業區 ; 非都市編定：農牧用地
RPROMLTLNHNFFHN77CA,光明段,60.00,非都市：特定農業區 ; 非都市編定：甲種建築用地
RPROMLTLNHNFFHN77CA,光明段,1.75,非都市：特定農業區 ; 非都市編定：交通用地
RPROMLTLNHNFFHN77CA,光明段,2.36,非都市：特定農業區 ; 非都市編定：甲種建築用地
RPROMLTLNHNFFHN77CA,光明段,20.13,非都市：特定農業區 ; 非都市編定：甲種建築用地
RPROMLTLNHNFFHN77CA,光明段,7.81,非都市：特定農業區 ; 非都市編定：農牧用地
RPTNMLNLNHNFFGN17CA,和寮段,964.00,非都市：一般農業區 ; 非都市編定：甲種建築用地
RPRNMLOLNHNFFGN07CA,漢寶園段,2261.00,非都市：一般農業區 ; 非都市編定：農牧用地
RPTOMLTLNHNFFHN97CA,光明段,91.00,非都市：特定農業區 ; 非都市編定：甲種建築用地
RPTOMLTLNHNFFHN97CA,光明段,1.75,非都市：特定農業區 ; 非都市編定：交通用地
RPTOMLTLNHNFFHN97CA,光明段,2.36,非都市：特定農業區 ; 非都市編定：甲種建築用地
RPTOMLTLNHNFFHN97CA,光明段,20.13,非都市：特定農業區 ; 非都市編定：甲種建築用地
RPTOMLTLNHNFFHN97CA,光明段,7.81,非都市：特定農業區 ; 非都市編定：農牧用地
RPSNMLOLNHNFFGN17CA,漢寶園段,2886.00,非都市：一般農業區 ; 非都市編定：農牧用地
RPPNMLPLNHNFFFN86CA,民生段,1315.00,都市：農
RPRNMLLKOHNFFFN66CA,下水埔段,1166.00,非都市：一般農業區 ; 非都市編定：農牧用地
RPRNMLLKOHNFFFN66CA,下水埔段,1328.00,非都市：一般農業區 ; 非都市編定：農牧用地
RPRNMLLKOHNFFFN66CA,下水埔段,349.00,非都市：一般農業區 ; 非都市編定：農牧用地
RPTNMLSLNHNFFGN67CA,復興段,403.00,非都市：特定農業區 ; 非都市編定：甲種建築用地
RPUNMLSLNHNFFGN77CA,復興段,277.50,非都市：特定農業區 ; 非都市編定：甲種建築用地
RPUNMLSLNHNFFGN77CA,復興段,24.40,非都市：鄉村區 ; 非都市編定：乙種建築用地
RPRNMLKMNHNFFGN76CA,儒芳段,155.94,都市：住
RPSNMLPLNHNFFFN17CA,仁豐段,1223.00,非都市：特定農業區 ; 非都市編定：農牧用地
RPPNMLKMNHNFFGN56CA,儒興段,15.00,都市：住
RPUNMLPKOHNFFFN37CA,瓦厝段,6.60,都市：住
RPUNMLPKOHNFFFN37CA,瓦厝段,91.00,都市：住
RPUNMLRJOHNFFHN67CA,瓦窯南段,22.72,非都市：鄉村區 ; 非都市編定：乙種建築用地
RPUNMLRJOHNFFHN67CA,瓦窯南段,13.94,非都市：鄉村區 ; 非都市編定：乙種建築用地
RPUNMLRJOHNFFHN67CA,瓦窯南段,42.45,非都市：鄉村區 ; 非都市編定：乙種建築用地
RPSNMLNLNHNFFFN96CA,裕後段,1256.00,非都市：特定農業區 ; 非都市編定：農牧用地
RPRNMLKLOHNFFDN09CA,新西東段,269.86,非都市：特定農業區 ; 非都市編定：農牧用地
RPRNMLKLOHNFFDN09CA,新西東段,110.14,非都市：特定農業區 ; 非都市編定：農牧用地
RPRNMLKLOHNFFDN09CA,新西東段,110.14,非都市：特定農業區 ; 非都市編定：農牧用地
RPRNMLKLOHNFFDN09CA,新西東段,5.52,非都市：特定農業區 ; 非都市編定：農牧用地
RPQNMLQJOHNFFDN76CA,源聖段,1059.06,非都市：特定農業區 ; 非都市編定：農牧用地
RPQNMLQJOHNFFDN76CA,源聖段,1532.23,非都市：特定農業區 ; 非都市編定：農牧用地
RPPNMLNLNHNFFHN86CA,瓦窯中段,91.35,都市：住
RPPNMLNLNHNFFHN86CA,瓦窯中段,24.30,都市：住
RPRNMLKMNHNFFDN09CA,永安段,3.06,都市：住
RPRNMLKMNHNFFDN09CA,永安段,131.53,都市：住
RPRNMLKMNHNFFDN09CA,永安段,17.77,都市：住
RPRNMLNLNHNFFHN07CA,仁華段,38.50,非都市：特定農業區 ; 非都市編定：甲種建築用地
RPRNMLNLNHNFFHN07CA,仁華段,38.50,非都市：特定農業區 ; 非都市編定：甲種建築用地
RPRNMLNLNHNFFHN07CA,仁華段,8.58,非都市：特定農業區 ; 非都市編定：甲種建築用地
RPRNMLNLNHNFFHN07CA,仁華段,8.58,非都市：特定農業區 ; 非都市編定：甲種建築用地
RPQNMLPLNHNFFEN86CA,映山段,9.53,都市：其他
RPQNMLPLNHNFFEN86CA,映山段,3.77,都市：住
RPQNMLPLNHNFFEN86CA,映山段,68.92,都市：住
RPQNMLPLNHNFFEN86CA,映山段,.79,都市：住
RPQNMLPLNHNFFEN86CA,映山段,5.15,都市：其他
RPSNMLLLNHNFFCN56DA,鹿安段,80.56,非都市：特定農業區 ; 非都市編定：甲種建築用地
RPQNMLTLNHNFFFN37CA,光復段,61.00,都市：住
RPQNMLTLNHNFFFN37CA,光復段,83.00,都市：住
RPPNMLOLNHNFFDN56CA,新西東段,42.64,非都市：特定農業區 ; 非都市編定：甲種建築用地
RPQNMLOLNHNFFDN66CA,大田段,226.30,都市：住
RPPNMLOLNHNFFCN09CA,新宮段,181.77,都市：農
RPQNMLOKOHNFFDN66CA,和平段,188.80,都市：住
RPQNMLRLNHNFFDN96CA,大西段,1300.83,非都市：特定農業區 ; 非都市編定：甲種建築用地
RPQNMLRLNHNFFDN96CA,大西段,992.05,非都市：特定農業區 ; 非都市編定：甲種建築用地
RPQNMLRLNHNFFDN96CA,大西段,992.05,非都市：特定農業區 ; 非都市編定：甲種建築用地
RPSNMLNLNHNFFDN76CA,員南段,3237.75,非都市：山坡地保育區 ; 非都市編定：農牧用地
RPSNMLNLNHNFFDN76CA,員南段,3237.74,非都市：山坡地保育區 ; 非都市編定：農牧用地
RPSNMLRLNHNFFDN17CA,大西段,3418.72,非都市：特定農業區 ; 非都市編定：農牧用地
RPSNMLRLNHNFFDN17CA,大西段,244.19,非都市：特定農業區 ; 非都市編定：農牧用地
RPRNMLRLNHNFFDN07CA,大西段,2720.18,非都市：特定農業區 ; 非都市編定：農牧用地
RPRNMLRLNHNFFDN07CA,大西段,194.30,非都市：特定農業區 ; 非都市編定：農牧用地
RPQNMLQLNHNFFCN76CA,三豐段,1885.00,非都市：特定農業區 ; 非都市編定：農牧用地
RPPOMLOJOHNFFBN98CA,全興段,165.03,非都市：工業區 ; 非都市編定：丁種建築用地
RPRNMLPLNHNFFBN66CA,全興段,99.03,非都市：工業區 ; 非都市編定：丁種建築用地
RPTNMLNLNHNFFDN86CA,橋愛段,33.28,非都市：特定農業區 ; 非都市編定：甲種建築用地
RPTNMLNLNHNFFDN86CA,橋愛段,.15,非都市：特定農業區 ; 非都市編定：甲種建築用地
RPRNMLMJOHNFFDN09CA,福中段,3598.51,非都市：特定農業區 ; 非都市編定：農牧用地
RPWNMLOJOHNFFCN07CA,鹿工段,4640.00,非都市：工業區 ; 非都市編定：丁種建築用地
RPRNMLPLNHNFFDN86CA,民生段,3.59,都市：住
RPVNMLOJOHNFFCN96CA,福園段,73.88,非都市：鄉村區 ; 非都市編定：乙種建築用地
RPPNMLTKOHNFFAN76CA,牛稠子段牛稠子小段,29.33,都市：住
RPQNMLQJOHNFFCN66CA,永安段,75.00,非都市：鄉村區 ; 非都市編定：乙種建築用地
RPTNMLKMNHNFFBN09CA,大霞段,34.83,非都市：特定農業區 ; 非都市編定：丁種建築用地
RPTNMLKMNHNFFBN09CA,大霞段,340.00,非都市：特定農業區 ; 非都市編定：丁種建築用地
RPTNMLKMNHNFFBN09CA,大霞段,8.52,非都市：特定農業區 ; 非都市編定：丁種建築用地
RPTNMLKMNHNFFBN09CA,大霞段,2.02,非都市：特定農業區 ; 非都市編定：丁種建築用地
RPRNMLKMNHNFFBN88CA,仁愛段,24.13,都市：住
RPSNMLPLNHNFFDN96CA,新林厝段,18.77,都市：住
RPSNMLPLNHNFFDN96CA,新林厝段,85.71,都市：住
RPSNMLQJOHNFFAN66CA,牛稠子段下小段,18.44,都市：住
RPSNMLQJOHNFFAN66CA,牛稠子段下小段,73.00,都市：住
RPSNMLQJOHNFFAN66CA,牛稠子段下小段,.18,都市：住
RPRNMLPJOHNFFAN09CA,花壇段,17.04,非都市：鄉村區 ; 非都市編定：乙種建築用地
RPQOMLMLNHNFFAN88CA,北白沙坑段,1172.02,非都市：特定農業區 ; 非都市編定：農牧用地
RPSNMLOLNHNFFAN56CA,西勢子段西勢子小段,34.69,都市：住
RPPOMLNLNHNFFAN88CA,三民段,28.62,都市：住
RPTOMLRJOHNFFCN17CA,大興段,169.00,非都市：鄉村區 ; 非都市編定：乙種建築用地
RPRNMLMJOHNFFAN78CA,南口段,76.14,都市：農
RPRNMLMJOHNFFAN78CA,南口段,22.29,都市：農
RPRNMLMJOHNFFAN78CA,南口段,.85,都市：農
RPTNMLMJOHNFFAN98CA,南口段,125.36,都市：農
RPTNMLMJOHNFFAN98CA,南口段,44.58,都市：農
RPTNMLMJOHNFFAN98CA,南口段,1.70,都市：農
RPPNMLMJOHNFFAN58CA,南口段,72.24,都市：農
RPPNMLMJOHNFFAN58CA,南口段,22.29,都市：農
RPPNMLMJOHNFFAN58CA,南口段,.85,都市：農
RPSNMLMJOHNFFAN88CA,南口段,62.60,都市：農
RPSNMLMJOHNFFAN88CA,南口段,22.29,都市：農
RPSNMLMJOHNFFAN88CA,南口段,.85,都市：農
RPTOMLRJOHNFFAN96CA,牛稠子段下小段,1.56,都市：住
RPTOMLRJOHNFFAN96CA,牛稠子段下小段,11.00,都市：住
RPTOMLRJOHNFFAN96CA,牛稠子段下小段,53.44,都市：住
RPTOMLRJOHNFFAN96CA,牛稠子段下小段,65.00,都市：住
RPTOMLRJOHNFFAN96CA,牛稠子段下小段,94.00,都市：住
RPOOMLKMNHNFFAN58CA,秀水段,2533.00,都市：農
RPOOMLKMNHNFFAN58CA,秀水段,2540.00,都市：農
RPVNMLKMNHNFFAN56CA,新芬園段,1584.92,非都市：山坡地保育區 ; 非都市編定：農牧用地
RPQNMLMJOHNFFAN68CA,南口段,74.47,都市：農
RPQNMLMJOHNFFAN68CA,南口段,22.29,都市：農
RPQNMLMJOHNFFAN68CA,南口段,.85,都市：農
RPTOMLLJOHNFFAN98CA,花壇段,15.33,都市：農
RPVNMLRJOHNFFAN07CA,莿桐段,29.35,都市：住
RPVNMLRJOHNFFAN07CA,莿桐段,47.00,都市：住
RPVNMLRJOHNFFAN07CA,莿桐段,44.33,都市：住
RPROMLKMNHNFFAN88CA,延和段,31.14,都市：住
RPRNMLQJOHNFFAN56CA,西勢子段西勢子小段,17.65,都市：住
RPPNMLTLNHNFFAN76CA,延平段,85.00,都市：住
RPQNMLTLNHNFFAN86CA,延平段,100.00,都市：住
RPUNMLKMNHNFFBN56CA,仁愛段,90.00,都市：住
RPPNMLLLOHNFFAN68CA,西勢子段西勢子小段,30.08,都市：住
RPSNMLPLNHNFFAN66CA,牛稠子段牛稠子小段,37.33,都市：工
RPWNMLKMNHNFFBN76CA,糖友段,89.03,非都市：特定專用區 ; 非都市編定：特定目的事業用地
RPQNMLOKOHNFFBN09CA,新賢段,1040.39,都市：農
RPQNMLOLNHNFFCN56CA,元興段,566.00,非都市：特定農業區 ; 非都市編定：農牧用地
RPSNMLMJOHNFFDN56CA,橋愛段,207.83,都市：住
RPVNMLOJOHNFFAN76CA,南興段,13.09,都市：住
RPRNMLPLNHNFFEN96CA,中德段,6.00,都市：其他
RPRNMLPLNHNFFEN96CA,中德段,15.00,都市：商
RPRNMLPLNHNFFEN96CA,中德段,14.00,都市：商
RPRNMLPLNHNFFEN96CA,中德段,4.67,都市：商
RPRNMLPLNHNFFEN96CA,中德段,9.00,都市：商
RPRNMLPLNHNFFEN96CA,中德段,14.00,都市：商
RPRNMLPLNHNFFEN96CA,中德段,6.00,都市：其他
RPUNMLLJOHNFFBN09CA,伸同段,103.92,都市：住
RPQNMLSLNHNFFEN17CA,新外三段,62.13,非都市：特定農業區 ; 非都市編定：甲種建築用地
RPRNMLOLNHNFFEN86CA,崁頂段,64.12,非都市：鄉村區 ; 非都市編定：乙種建築用地
RPRNMLOLNHNFFEN86CA,崁頂段,.72,非都市：鄉村區 ; 非都市編定：交通用地
RPSNMLOLNHNFFFN07CA,新豐段,174.50,非都市：鄉村區 ; 非都市編定：乙種建築用地
RPSNMLOLNHNFFFN07CA,新豐段,174.50,非都市：鄉村區 ; 非都市編定：乙種建築用地
RPRNMLLMNHNFFFN76CA,育善段,282.44,都市：住
RPRNMLLMNHNFFFN76CA,育善段,32.06,都市：其他
RPPNMLRLNHNFFFN07CA,光復段,101.00,都市：住
RPRNMLNLNHNFFFN86CA,下水埔段,1063.00,非都市：一般農業區 ; 非都市編定：農牧用地
RPQNMLNJOHNFFEN56CA,太平段,2955.45,非都市：山坡地保育區 ; 非都市編定：農牧用地
RPQNMLNJOHNFFEN56CA,太平段,781.82,非都市：山坡地保育區 ; 非都市編定：農牧用地
RPQNMLNJOHNFFEN56CA,太平段,982.80,非都市：山坡地保育區 ; 非都市編定：農牧用地
RPQNMLSLNHNFFBN86CA,重光段,3023.00,非都市：特定農業區 ; 非都市編定：農牧用地
RPTNMLLJOHNFFBN98CA,伸同段,101.40,都市：住
RPVNMLTKOHNFFDN67CA,中東段,18.66,非都市：山坡地保育區 ; 非都市編定：丙種建築用地
RPVNMLTKOHNFFDN67CA,中東段,132.95,非都市：山坡地保育區 ; 非都市編定：丙種建築用地
RPPNMLRLNHNFFGN17CA,草湖段,598.00,非都市：一般農業區 ; 非都市編定：農牧用地
RPRNMLSJOHNFFGN37CA,舊趙甲段,884.00,非都市： ; 非都市編定：
RPPOMLOJOHNFFGN86CA,五庄子段,1282.00,非都市：特定農業區 ; 非都市編定：農牧用地
RPUNMLNKOHNFFEN07CA,鼻子頭段,1655.00,非都市：特定農業區 ; 非都市編定：農牧用地
RPWOMLPLNHNFFAN27DA,福岩段,48.83,非都市：山坡地保育區 ; 非都市編定：農牧用地
RPWOMLPLNHNFFAN27DA,福岩段,340.33,非都市：山坡地保育區 ; 非都市編定：農牧用地
RPPNMLRKNHNFFCN96CD,永安段,1610.00,非都市：特定農業區 ; 非都市編定：農牧用地
RPWNMLSLNHNFFAN47DA,西興段,100.00,都市：住
RPWNMLSLNHNFFAN47DA,西興段,14.00,都市：住
RPWNMLOLNHNFFGN67DA,芳功段,889.92,非都市：一般農業區 ; 非都市編定：農牧用地
RPWNMLOLNHNFFGN67DA,芳功段,578.24,非都市：一般農業區 ; 非都市編定：農牧用地
RPXNMLOLNHNFFGN77DA,芳功段,889.92,非都市：一般農業區 ; 非都市編定：農牧用地
RPXNMLOLNHNFFGN77DA,芳功段,578.21,非都市：一般農業區 ; 非都市編定：農牧用地
RPPOMLOLNHNFFGN07DA,王功段,78.83,非都市：一般農業區 ; 非都市編定：農牧用地
RPPOMLOLNHNFFGN07DA,王功段,1787.00,非都市：一般農業區 ; 非都市編定：農牧用地
RPOOMLOLNHNFFGN96DA,芳功段,240.00,非都市：一般農業區 ; 非都市編定：農牧用地
RPOOMLOLNHNFFGN96DA,芳功段,165.92,非都市：一般農業區 ; 非都市編定：農牧用地
RPOOMLOLNHNFFGN96DA,芳功段,649.94,非都市：一般農業區 ; 非都市編定：農牧用地
RPOOMLOLNHNFFGN96DA,芳功段,412.29,非都市：一般農業區 ; 非都市編定：農牧用地
RPRNMLMLOHNFFGN07DA,漢寶園段,80.00,非都市：一般農業區 ; 非都市編定：甲種建築用地
RPRNMLMLOHNFFGN07DA,漢寶園段,5.00,非都市：一般農業區 ; 非都市編定：甲種建築用地
RPPNMLPLNHNFFCN56CA,永安段,12.51,都市：住
RPRNMLRJOHNFFFN17CA,福新段,18.20,非都市：鄉村區 ; 非都市編定：乙種建築用地
RPRNMLRJOHNFFFN17CA,福新段,20.13,非都市：鄉村區 ; 非都市編定：乙種建築用地
RPQNMLRJOHNFFFN07CA,福新段,19.85,非都市：鄉村區 ; 非都市編定：乙種建築用地
RPQNMLRJOHNFFFN07CA,福新段,21.96,非都市：鄉村區 ; 非都市編定：乙種建築用地
RPQNMLPLNHNFFGN17DA,五庄子段,94.00,非都市：鄉村區 ; 非都市編定：乙種建築用地
RPUNMLOLNHNFFFN37DA,光復段,80.00,都市：住
RPPNMLPLNHNFFAN09DA,平和段,9.89,都市：住
RPVNMLSLNHNFFAN37DA,新舊社段,89.40,非都市：山坡地保育區 ; 非都市編定：林業用地
RPVNMLSLNHNFFAN37DA,新舊社段,183.23,非都市：山坡地保育區 ; 非都市編定：林業用地
RPSNMLPLNHNFFBN86DA,全興段,83.03,非都市：工業區 ; 非都市編定：丁種建築用地
RPVNMLSJOHNFFGN77CA,後厝段,3301.00,非都市：特定農業區 ; 非都市編定：農牧用地
RPRNMLSLNHNFFBN07DA,大雅段,163.50,非都市：鄉村區 ; 非都市編定：乙種建築用地
RPSNMLSLNHNFFBN07CA,仁和段,47.75,都市：住
RPSNMLSLNHNFFBN07CA,仁和段,159.75,都市：住
RPRNMLTLNHNFFGN67DA,草湖段,82.00,非都市：一般農業區 ; 非都市編定：甲種建築用地
RPXOMLTLNHNFFHN38CA,羅厝段,1248.44,都市：農
RPRNMLTLNHNFFBN07CA,大霞段,87.00,非都市：鄉村區 ; 非都市編定：乙種建築用地
RPPNMLSLNHNFFBN76CA,仁愛段,141.00,都市：住
RPUNMLSLNHNFFBN27CA,中圍段,80.61,非都市：特定農業區 ; 非都市編定：甲種建築用地
RPXNMLPLNHNFFFN67CA,崙子段崙子小段,2292.00,非都市：特定農業區 ; 非都市編定：農牧用地
RPTNMLRJOHNFFFN37CA,和豐段,89.67,非都市：特定農業區 ; 非都市編定：甲種建築用地
RPTNMLSLNHNFFFN67DA,新下霸段,139.60,非都市：鄉村區 ; 非都市編定：乙種建築用地
RPQNMLKMNHNFFFN56CA,和平段,153.28,非都市：特定農業區 ; 非都市編定：甲種建築用地
RPRNMLSLNHNFFEN27CA,中新段,1280.00,都市：農
RPVNMLLKOHNFFFN07CA,中華段,11.63,都市：住
RPVNMLLLOHNFFDN96CA,新中州段,213.53,都市：其他
RPVNMLLLOHNFFDN96CA,新中州段,307.44,非都市：山坡地保育區 ; 非都市編定：農牧用地
RPRNMLLJOHNFFHN76CA,新永昌段,24.92,都市：其他
RPRNMLLJOHNFFHN76CA,新永昌段,79.20,都市：住
RPRNMLLJOHNFFHN76CA,新永昌段,67.96,都市：其他
RPRNMLLJOHNFFHN76CA,新永昌段,417.29,都市：住
RPRNMLLJOHNFFHN76CA,新永昌段,20.94,都市：其他
RPRNMLLJOHNFFHN76CA,新永昌段,759.17,都市：住
RPRNMLLJOHNFFHN76CA,新永昌段,57.94,都市：住
RPRNMLLJOHNFFHN76CA,新永昌段,10.65,都市：其他
RPQNMLLJOHNFFHN66CA,新永昌段,13.40,都市：住
RPQNMLLJOHNFFHN66CA,新永昌段,12.81,都市：住
RPXNMLOJOHNFFCN17CA,福園段,198.04,非都市：特定農業區 ; 非都市編定：甲種建築用地
RPVNMLRJOHNFFDN37CA,大埔段,96.00,非都市：特定農業區 ; 非都市編定：甲種建築用地
RPRNMLKMNHNFFEN66DA,中德段,1.76,都市：住
RPRNMLKMNHNFFEN66DA,中德段,19.37,都市：住
RPRNMLKMNHNFFEN66DA,中德段,.79,都市：商
RPRNMLKMNHNFFEN66DA,中德段,14.20,都市：商
RPOOMLKMNHNFFDN88CA,溝皂段,224.19,都市：住
RPVNMLMJOHNFFDN86CA,新中州段,17.00,都市：住
RPVNMLMJOHNFFDN86CA,新中州段,238.00,都市：住
RPVNMLMJOHNFFDN86CA,新中州段,19.90,都市：住
RPVNMLLMNHNFFDN96CA,惠安段,102.79,都市：其他
RPOOMLKLOHNFFBN68CA,伸光段,5.00,都市：住
RPOOMLKLOHNFFBN68CA,伸光段,80.00,都市：住
RPOOMLKLOHNFFBN68CA,伸光段,1.28,都市：住
RPOOMLKLOHNFFBN68CA,伸光段,19.65,都市：住
RPOOMLKLOHNFFBN68CA,伸光段,.65,都市：住
RPOOMLKLOHNFFBN68CA,伸光段,1.38,都市：住
RPOOMLKLOHNFFBN68CA,伸光段,.53,都市：住
RPPOMLKLOHNFFBN78CA,伸光段,.53,都市：住
RPPOMLKLOHNFFBN78CA,伸光段,2.33,都市：住
RPPOMLKLOHNFFBN78CA,伸光段,1.28,都市：住
RPPOMLKLOHNFFBN78CA,伸光段,19.65,都市：住
RPPOMLKLOHNFFBN78CA,伸光段,.65,都市：住
RPPOMLKLOHNFFBN78CA,伸光段,4.00,都市：住
RPPOMLKLOHNFFBN78CA,伸光段,77.00,都市：住
RPPOMLKLOHNFFBN78CA,伸光段,1.33,都市：住
RPPOMLKLOHNFFBN78CA,伸光段,1.38,都市：住
RPPOMLKLOHNFFBN78CA,伸光段,5.67,都市：其他
RPQOMLKLOHNFFBN88CA,伸股段,153.23,都市：住
RPQOMLKLOHNFFBN88CA,伸股段,.58,都市：住
RPQOMLKLOHNFFBN88CA,伸股段,.82,都市：住
RPPNMLSLNHNFFFN17CA,山寮段,6.55,非都市： ; 非都市編定：
RPQNMLSLNHNFFFN27CA,山寮段,1.79,非都市： ; 非都市編定：
RPUNMLTKOHNFFDN57CA,明倫段,30.30,都市：住
RPUNMLTKOHNFFDN57CA,明倫段,149.85,都市：住
RPTNMLMJOHNFFDN66CA,犁頭厝段,94.00,非都市：鄉村區 ; 非都市編定：乙種建築用地
RPPNMLKLOHNFFCN78CA,東石段,1973.01,非都市：一般農業區 ; 非都市編定：特定目的事業用地
RPPOMLOJOHNFFCN09CA,永福段,46.00,都市：住
RPPOMLOJOHNFFCN09CA,永福段,46.00,都市：住
RPOOMLOJOHNFFCN98CA,永福段,92.00,都市：住
RPWNMLLJOHNFFFN07CA,七星段,56.67,非都市：鄉村區 ; 非都市編定：乙種建築用地
RPWNMLLJOHNFFFN07CA,七星段,23.46,非都市：鄉村區 ; 非都市編定：乙種建築用地
RPPNMLRLNHNFFAN56CA,溪頭段,214.16,非都市：鄉村區 ; 非都市編定：乙種建築用地
RPPNMLRLNHNFFAN56CA,溪頭段,397.77,非都市：特定農業區 ; 非都市編定：農牧用地
RPPNMLQJOHNFFBN09CA,忠明段,44.00,非都市：鄉村區 ; 非都市編定：乙種建築用地
RPPNMLKMNHNFFAN58CA,新灣子口段,438.31,非都市：特定農業區 ; 非都市編定：農牧用地
RPPNMLKMNHNFFAN58CA,新灣子口段,35.53,非都市：特定農業區 ; 非都市編定：農牧用地
RPPNMLKMNHNFFAN58CA,新灣子口段,31.84,非都市：特定農業區 ; 非都市編定：農牧用地
RPWNMLKMNHNFFAN66CA,桃源段,57.61,都市：住
RPWNMLKMNHNFFAN66CA,桃源段,.00,都市：其他
RPWNMLKMNHNFFAN66CA,桃源段,.00,都市：其他
RPWNMLKMNHNFFAN66CA,桃源段,1.24,都市：其他
RPVNMLLJOHNFFAN09CA,桃源段,53.86,都市：住
RPRPMLPLNHNFFAN76CA,牛稠子段下小段,181.00,非都市：特定農業區 ; 非都市編定：丁種建築用地
RPRPMLPLNHNFFAN76CA,牛稠子段下小段,327.50,非都市：特定農業區 ; 非都市編定：丁種建築用地
RPSNMLLJOHNFFAN78CA,牛稠子段中庄子小段,82.00,非都市：鄉村區 ; 非都市編定：乙種建築用地
RPUOMLTLNHNFFAN37CA,西門口段,14.75,都市：住
RPSOMLKMNHNFFAN98CA,牛稠子段下小段,1.07,都市：住
RPSOMLKMNHNFFAN98CA,牛稠子段下小段,75.00,都市：住
RPSOMLKMNHNFFAN98CA,牛稠子段下小段,41.72,都市：住
RPROMLTLNHNFFAN07CA,大埔段,18.56,都市：住
RPUNMLTLNHNFFBN37CA,和東段,340.00,都市：農
RPOQMLLKOHNFFAN78CA,台鳳段,198.17,非都市：山坡地保育區 ; 非都市編定：特定目的事業用地
RPRNMLTJOHNFFAN86CA,南郭段南郭小段,94.00,都市：住
RPRNMLTJOHNFFAN86CA,南郭段南郭小段,23.27,都市：住
RPQNMLTJOHNFFAN76CA,南郭段南郭小段,65.00,都市：住
RPQNMLTJOHNFFAN76CA,南郭段南郭小段,23.27,都市：住
RPPNMLTJOHNFFAN66CA,南郭段南郭小段,98.00,都市：住
RPPNMLTJOHNFFAN66CA,南郭段南郭小段,23.27,都市：住
RPPNMLPJOHNFFAN88CA,牛稠子段下小段,77.00,都市：住
RPSPMLLKOHNFFAN09CA,東芳段,68.73,都市：住
RPSPMLLKOHNFFAN09CA,東芳段,12.43,都市：住
RPUNMLPLNHNFFBN96CA,頂庄段,528.07,都市：住
RPUNMLPLNHNFFBN96CA,頂庄段,540.36,都市：住
RPUNMLPLNHNFFBN96CA,頂庄段,6.26,都市：其他
RPUNMLPLNHNFFBN96CA,頂庄段,68.38,都市：其他
RPVNMLTKOHNFFAN37CA,福德段,81.70,非都市：山坡地保育區 ; 非都市編定：丙種建築用地
RPWNMLLLOHNFFAN76CA,嘉興段,1010.00,非都市：特定農業區 ; 非都市編定：農牧用地
RPWNMLLLOHNFFAN76CA,嘉興段,1010.00,非都市：特定農業區 ; 非都市編定：農牧用地
RPWNMLLLOHNFFAN76CA,嘉興段,1010.00,非都市：特定農業區 ; 非都市編定：農牧用地
RPQNMLTLNHNFFBN96CA,新發段,72.62,都市：住
RPQNMLTLNHNFFBN96CA,新發段,3.06,都市：住
RPXNMLKMNHNFFDN07CA,復興段,330.58,都市：住
RPXOMLSLNHNFFDN87CA,新萬年段,1354.43,非都市：特定農業區 ; 非都市編定：農牧用地
RPXOMLSLNHNFFDN87CA,新萬年段,1457.45,非都市：特定農業區 ; 非都市編定：農牧用地
RPXOMLSLNHNFFDN87CA,新萬年段,517.49,非都市：特定農業區 ; 非都市編定：農牧用地
RPPNMLKMNHNFFDN88CA,新萬年段,783.98,非都市：特定農業區 ; 非都市編定：農牧用地
RPPNMLKMNHNFFDN88CA,新萬年段,18.30,非都市：特定農業區 ; 非都市編定：農牧用地
RPTNMLPLNHNFFBN86CA,福澤段,86.76,非都市：鄉村區 ; 非都市編定：乙種建築用地
RPSNMLPLNHNFFCN86CA,東昇段,.94,非都市：特定農業區 ; 非都市編定：甲種建築用地
RPSNMLPLNHNFFCN86CA,東昇段,4.22,非都市：特定農業區 ; 非都市編定：甲種建築用地
RPSNMLPLNHNFFCN86CA,東昇段,81.75,非都市：特定農業區 ; 非都市編定：甲種建築用地
RPSNMLPLNHNFFCN86CA,東昇段,7.58,非都市：特定農業區 ; 非都市編定：甲種建築用地
RPSNMLPLNHNFFCN86CA,東昇段,5.83,非都市：特定農業區 ; 非都市編定：甲種建築用地
RPPNMLKLOHNFFBN68CA,伸南段,130.00,都市：住
RPWNMLRJOHNFFAN17CA,福山段,4.18,非都市：山坡地保育區 ; 非都市編定：丙種建築用地
RPWNMLRJOHNFFAN17CA,福山段,2.22,非都市：山坡地保育區 ; 非都市編定：交通用地
RPWNMLRJOHNFFAN17CA,福山段,2.08,非都市：山坡地保育區 ; 非都市編定：丙種建築用地
RPWNMLRJOHNFFAN17CA,福山段,.19,非都市：山坡地保育區 ; 非都市編定：丙種建築用地
RPWNMLRJOHNFFAN17CA,福山段,.23,非都市：山坡地保育區 ; 非都市編定：丙種建築用地
RPWNMLRJOHNFFAN17CA,福山段,5.72,非都市：山坡地保育區 ; 非都市編定：丙種建築用地
RPWNMLRJOHNFFAN17CA,福山段,1.94,非都市：山坡地保育區 ; 非都市編定：丙種建築用地
RPWNMLRJOHNFFAN17CA,福山段,4.88,非都市：山坡地保育區 ; 非都市編定：丙種建築用地
RPWNMLRJOHNFFAN17CA,福山段,93.46,非都市：山坡地保育區 ; 非都市編定：丙種建築用地
RPWNMLRJOHNFFAN17CA,福山段,1.61,非都市：山坡地保育區 ; 非都市編定：丙種建築用地
RPWNMLRJOHNFFAN17CA,福山段,2.15,非都市：山坡地保育區 ; 非都市編定：丙種建築用地
RPOOMLLLOHNFFBN78CA,伸港段,59.00,都市：住
RPWNMLLLOHNFFBN86CA,伸港段,17.00,都市：農
RPWNMLLLOHNFFBN86CA,伸港段,107.00,都市：住
RPWNMLLLOHNFFBN86CA,伸港段,6.00,都市：住
RPVNMLLLOHNFFBN76CA,伸港段,107.00,都市：住
RPSNMLTLNHNFFCN27CA,永福段,949.00,非都市：特定農業區 ; 非都市編定：農牧用地
RPSNMLTLNHNFFCN27CA,永福段,345.00,非都市：特定農業區 ; 非都市編定：農牧用地
RPSNMLKMNHNFFBN98CA,伸股段,83.34,都市：住
RPSNMLKMNHNFFBN98CA,伸股段,22.27,都市：住
RPSNMLKMNHNFFBN98CA,伸股段,.82,都市：住
RPSNMLKMNHNFFBN98CA,伸股段,.58,都市：住
RPQNMLTLNHNFFCN07CA,新橋段,66.60,都市：工
RPQNMLTLNHNFFCN07CA,新橋段,213.16,都市：工
RPSNMLLJOHNFFBN88CA,竹營段,79.00,都市：住
RPWNMLMJOHNFFDN96CA,同安段,406.78,非都市： ; 非都市編定：
RPPNMLSLNHNFFCN86CA,鹿草段,345.00,非都市：鄉村區 ; 非都市編定：乙種建築用地
RPRNMLSLNHNFFCN07CA,鹿工段,4640.00,非都市：工業區 ; 非都市編定：丁種建築用地
RPPNMLLJOHNFFDN78CA,永社段,249.02,非都市：特定農業區 ; 非都市編定：農牧用地
RPVNMLKLOHNFFDN86CA,三義段,18.20,都市：住
RPVNMLKLOHNFFDN86CA,三義段,48.17,都市：住
RPVNMLKLOHNFFDN86CA,三義段,2.69,都市：其他
RPPOMLKLOHNFFAN68CA,南口段,84.70,都市：住
RPQOMLLLOHNFFDN56CA,員林段,167.00,都市：住
RPTNMLTKOHNFFCN37CA,永安段,13.43,非都市：特定農業區 ; 非都市編定：甲種建築用地
RPTNMLTKOHNFFCN37CA,永安段,112.00,非都市：特定農業區 ; 非都市編定：甲種建築用地
RPROMLLLOHNFFDN66CA,三條圳段十七份小段,3.39,都市：住
RPROMLLLOHNFFDN66CA,三條圳段十七份小段,3.50,都市：住
RPPOMLTKOHNFFDN17CA,南潭段,82.00,非都市：鄉村區 ; 非都市編定：乙種建築用地
RPRNMLSLNHNFFGN47CA,新街段,1954.00,非都市：特定農業區 ; 非都市編定：農牧用地
RPRNMLOJOHNFFGN96CA,儒德段,79.12,都市：住
RPQNMLSLNHNFFGN37CA,北挖仔段,116.43,非都市：一般農業區 ; 非都市編定：甲種建築用地
RPQNMLSLNHNFFGN37CA,北挖仔段,.13,非都市：一般農業區 ; 非都市編定：甲種建築用地
RPRNMLMJOHNFFHN86CA,瓦窯中段,511.38,都市：住
RPVOMLLJOHNFFDN86CA,中山段,1.42,都市：住
RPVOMLLJOHNFFDN86CA,中山段,88.81,都市：住
RPVOMLLJOHNFFDN86CA,中山段,16.47,都市：住
RPVOMLLJOHNFFDN86CA,中山段,.00,都市：住
RPQNMLSLNHNFFHN47CA,瓦窯中段,404.68,都市：住
RPPNMLPLNHNFFHN07CA,鳳山段,115.00,都市：住
RPSNMLSLNHNFFCN27DA,三元段,673.00,非都市：特定農業區 ; 非都市編定：農牧用地
RPSNMLSLNHNFFCN27DA,三元段,674.00,非都市：特定農業區 ; 非都市編定：農牧用地
RPSNMLSLNHNFFCN27DA,三元段,673.00,非都市：特定農業區 ; 非都市編定：農牧用地
RPSNMLKLOHNFFDN66DA,上美段,214.51,非都市：特定農業區 ; 非都市編定：農牧用地
RPVNMLRJOHNFFGN67CA,新生段,12.29,都市：住
RPPNMLTLNHNFFFN37DA,湄洲段,555.00,都市：住
RPUNMLNKOHNFFDN96CA,惠農段,24.70,都市：住
RPRNMLSLNHNFFHN67DA,南興段,228.00,非都市：特定農業區 ; 非都市編定：甲種建築用地
RPVNMLSLNHNFFGN97DA,中城段,186.89,都市：住
RPWNMLNKOHNFFDN17CA,惠農段,18.77,都市：住
RPVNMLNKOHNFFDN07CA,惠農段,25.03,都市：住
RPSNMLSLNHNFFHN77DA,南興段,579.00,非都市：特定農業區 ; 非都市編定：甲種建築用地
RPRNMLTLNHNFFFN57DA,頂豐段,834.00,非都市：特定農業區 ; 非都市編定：甲種建築用地
RPOPMLTLNHNFFHN67DA,田中段,118.00,都市：農
RPOPMLTLNHNFFHN67DA,田中段,20.24,都市：農
RPOPMLTLNHNFFHN67DA,田中段,6.62,都市：農
RPUOMLTLNHNFFHN28EA,東寮段,99.00,非都市：特定農業區 ; 非都市編定：甲種建築用地
RPPNMLOKOHNFFGN86CA,儒芳段,300.57,都市：住
RPPOMLKMNHNFFAN78DA,東興段,77.20,都市：住
RPPOMLKMNHNFFAN78DA,東興段,.11,都市：其他
RPPOMLKMNHNFFAN78DA,東興段,15.60,都市：其他
RPPOMLKMNHNFFAN78DA,東興段,3.98,都市：其他
RPQNMLQLOHNFFHN37CA,羅厝段,1517.09,非都市：特定農業區 ; 非都市編定：農牧用地
RPWNMLKMNHNFFDN07DA,大田段,367.85,都市：住
RPUNMLKMNHNFFEN86CA,仁雅段,87.77,都市：住
RPQNMLPJOHNFFGN96CA,王功段,226.00,非都市：一般農業區 ; 非都市編定：農牧用地
RPSNMLKMNHNFFEN76DA,修仁段,201.24,都市：農
RPPNMLLMNHNFFAN78DA,秀水段,135.00,非都市：鄉村區 ; 非都市編定：乙種建築用地
RPQNMLSJOHNFFFN17CA,稻香段,223.60,非都市：特定農業區 ; 非都市編定：農牧用地
RPQPMLTLNHNFFHN77CA,霖興段,105.99,都市：住
RPSNMLTLNHNFFDN47DA,竹子段,577.30,非都市：特定農業區 ; 非都市編定：農牧用地
RPPOMLKLOHNFFDN98CA,三橋段,70.07,都市：住
RPPOMLKLOHNFFDN98CA,三橋段,1.33,都市：住
RPPOMLKLOHNFFDN98CA,三橋段,3.85,都市：住
RPTNMLKMNHNFFEN76CA,新十五段,36.40,非都市：鄉村區 ; 非都市編定：乙種建築用地
RPTNMLKMNHNFFEN76CA,新十五段,3.35,非都市：鄉村區 ; 非都市編定：乙種建築用地
RPTNMLKMNHNFFEN76CA,新十五段,3.41,非都市：鄉村區 ; 非都市編定：乙種建築用地
RPTNMLKMNHNFFEN76CA,新十五段,136.31,非都市：鄉村區 ; 非都市編定：乙種建築用地
RPXNMLNKOHNFFEN37CA,新過圳段,120.83,非都市：山坡地保育區 ; 非都市編定：丙種建築用地
RPRNMLLMNHNFFGN86CA,廣福段,18.52,非都市：鄉村區 ; 非都市編定：乙種建築用地
RPRNMLLMNHNFFGN86CA,廣福段,18.52,非都市：鄉村區 ; 非都市編定：乙種建築用地
RPRNMLLMNHNFFGN86CA,廣福段,319.52,非都市：鄉村區 ; 非都市編定：乙種建築用地
RPRNMLLMNHNFFGN86CA,廣福段,319.52,非都市：鄉村區 ; 非都市編定：乙種建築用地
SPSNMLTLNHNFFFN67CA,新政段,76.00,都市：商
RPSNMLTLNHNFFFN57CA,新政段,73.00,都市：商
RPTNMLNJPHNFFGN17CA,儒芳段,87.72,都市：住
RPTNMLNJPHNFFGN17CA,儒芳段,50.89,都市：住
RPUNMLNJPHNFFGN27CA,儒芳段,128.73,都市：住
RPUNMLNJPHNFFGN27CA,儒芳段,50.89,都市：住
RPSNMLNJPHNFFGN07CA,儒芳段,102.08,都市：住
RPSNMLNJPHNFFGN07CA,儒芳段,50.89,都市：住
RPRNMLNJPHNFFGN96CA,儒芳段,102.07,都市：住
RPRNMLNJPHNFFGN96CA,儒芳段,50.89,都市：住
RPQNMLKLOHNFFDN98CA,惠來段,27.72,都市：住
RPSNMLLLOHNFFHN07CA,瓦窯中段,87.22,都市：住
RPWNMLLMNHNFFDN07CA,復興段,181.67,都市：住
RPXNMLMJOHNFFDN07CA,三條段,146.22,都市：住
RPOOMLKLOHNFFDN88CA,溝皂段,87.17,都市：住
RPPNMLLLOHNFFBN78CA,柑竹段,903.99,非都市：特定農業區 ; 非都市編定：農牧用地
RPWNMLLJOHNFFDN86CA,民生段,3.86,都市：住
RPSOMLLLOHNFFAN09CA,西門口段,.91,都市：住
RPSOMLLLOHNFFAN09CA,西門口段,80.00,都市：住
RPWNMLOJOHNFFBN96CA,伸股段,16.37,都市：住
RPWNMLOJOHNFFBN96CA,伸股段,136.22,都市：住
RPVNMLLKOHNFFBN66CA,大榮段,70.00,非都市：特定農業區 ; 非都市編定：甲種建築用地
RPVNMLLKOHNFFBN66CA,大榮段,70.00,非都市：特定農業區 ; 非都市編定：甲種建築用地
RPVNMLLKOHNFFBN66CA,大榮段,70.00,非都市：特定農業區 ; 非都市編定：甲種建築用地
RPVNMLLKOHNFFBN66CA,大榮段,69.00,非都市：特定農業區 ; 非都市編定：甲種建築用地
RPVNMLLKOHNFFBN66CA,大榮段,45.33,非都市：特定農業區 ; 非都市編定：甲種建築用地
RPOOMLKLOHNFFAN58CA,南郭段南郭小段,.12,都市：住
RPOOMLKLOHNFFAN58CA,南郭段南郭小段,1.75,都市：住
RPOOMLKLOHNFFAN58CA,南郭段南郭小段,2.00,都市：住
RPOOMLKLOHNFFAN58CA,南郭段南郭小段,58.00,都市：住
RPOOMLKLOHNFFAN58CA,南郭段南郭小段,4.88,都市：住
RPTNMLTKOHNFFEN57CA,香山段,35.05,非都市：鄉村區 ; 非都市編定：乙種建築用地
RPTNMLTKOHNFFEN57CA,香山段,73.69,非都市：鄉村區 ; 非都市編定：乙種建築用地
RPVNMLKLOHNFFBN66CA,新發段,68.75,都市：住
RPVNMLKLOHNFFBN66CA,新發段,13.94,都市：住
RPVNMLKMNHNFFBN66CA,伸中段,121.00,都市：住
RPSNMLTKOHNFFEN47CA,香山段,62.94,非都市：鄉村區 ; 非都市編定：乙種建築用地
RPQNMLTKOHNFFEN27CA,香山段,67.91,非都市：鄉村區 ; 非都市編定：乙種建築用地
RPWNMLPJOHNFFAN96CA,南興段,24.00,都市：住
RPQOMLRJOHNFFAN66CA,大埔段,21.71,都市：住
RPUOMLKLOHNFFAN56CA,中山段,28.24,都市：住
RPQNMLLLOHNFFAN78CA,學前段,132.08,都市：住
RPQNMLPKOHNFFAN09CA,西門口段,60.25,都市：住
RPRNMLKMNHNFFAN78CA,三家段,215.39,非都市：山坡地保育區 ; 非都市編定：丙種建築用地
RPUNMLLMNHNFFAN56CA,新金墩段,152.92,非都市：特定農業區 ; 非都市編定：農牧用地
RPOOMLLJOHNFFAN48CA,民生段,26.33,都市：商
RPQNMLLMNHNFFAN78CA,西勢子段過溝子小段,33.81,都市：住
RPXNMLKMNHNFFAN76CA,大埔段,57.00,都市：住
RPXNMLKMNHNFFAN76CA,大埔段,35.80,都市：住
RPXNMLKMNHNFFAN76CA,大埔段,3.30,都市：住
RPUNMLNKOHNFFAN66CA,阿夷段柴坑子小段,79.00,非都市：鄉村區 ; 非都市編定：乙種建築用地
RPUNMLNKOHNFFAN66CA,阿夷段柴坑子小段,7.00,非都市：鄉村區 ; 非都市編定：乙種建築用地
RPWNMLQJOHNFFAN07CA,新舊社段,3642.33,非都市：山坡地保育區 ; 非都市編定：農牧用地
RPSNMLRJOHNFFAN76CA,延平段,22.48,都市：住
RPVNMLNKOHNFFAN76CA,南郭段南郭小段,36.31,都市：住
RPXPMLLKOHNFFAN96CA,南口段,90.35,都市：住
RPTPMLLKOHNFFAN56CA,福山段,69.56,非都市：山坡地保育區 ; 非都市編定：丙種建築用地
RPWPMLLKOHNFFAN86CA,馬鳴段,24.81,非都市：鄉村區 ; 非都市編定：乙種建築用地
RPWPMLLKOHNFFAN86CA,馬鳴段,86.00,非都市：鄉村區 ; 非都市編定：乙種建築用地
RPPNMLKMNHNFFBN68CA,建興段,64.22,非都市：鄉村區 ; 非都市編定：乙種建築用地
RPPNMLPJOHNFFCN09CA,東昇段,100.00,非都市：特定農業區 ; 非都市編定：農牧用地
RPVNMLMLOHNFFAN76CA,曾厝段,30.58,都市：農
RPUNMLTKOHNFFCN47CA,永安段,13.43,非都市：特定農業區 ; 非都市編定：甲種建築用地
RPUNMLTKOHNFFCN47CA,永安段,105.00,非都市：特定農業區 ; 非都市編定：甲種建築用地
RPUNMLTKOHNFFCN47CA,永安段,6.00,非都市：特定農業區 ; 非都市編定：甲種建築用地
RPWNMLTKOHNFFCN67CA,永安段,13.43,非都市：特定農業區 ; 非都市編定：甲種建築用地
RPWNMLTKOHNFFCN67CA,永安段,92.00,非都市：特定農業區 ; 非都市編定：甲種建築用地
RPWNMLTKOHNFFCN67CA,永安段,11.00,非都市：特定農業區 ; 非都市編定：甲種建築用地
RPSNMLTKOHNFFAN07CA,西勢子段西勢子小段,15.32,都市：住
RPQNMLKMNHNFFDN98CA,三條圳段十七份小段,48.00,都市：住
RPVNMLTLNHNFFBN47CA,和中段,26.00,都市：商
RPVNMLTLNHNFFBN47CA,和中段,82.00,都市：商
RPVNMLTLNHNFFBN47CA,和中段,45.33,都市：商
RPVNMLTLNHNFFBN47CA,和中段,90.67,都市：商
RPOOMLTKOHNFFCN96CA,永安段,13.43,非都市：特定農業區 ; 非都市編定：甲種建築用地
RPOOMLTKOHNFFCN96CA,永安段,93.00,非都市：特定農業區 ; 非都市編定：甲種建築用地
RPPOMLTKOHNFFCN07CA,永安段,13.43,非都市：特定農業區 ; 非都市編定：甲種建築用地
RPPOMLTKOHNFFCN07CA,永安段,97.00,非都市：特定農業區 ; 非都市編定：甲種建築用地
RPPOMLTKOHNFFCN07CA,永安段,1.00,非都市：特定農業區 ; 非都市編定：甲種建築用地
RPPNMLLMNHNFFCN88CA,永福段,145.00,都市：住
RPPNMLLMNHNFFCN88CA,永福段,147.00,都市：住
RPPNMLLMNHNFFCN88CA,永福段,147.00,都市：住
RPPNMLLMNHNFFCN88CA,永福段,147.00,都市：住
RPVNMLKMNHNFFEN96CA,高鐵段,208.44,都市：住
RPQNMLKMNHNFFEN09CA,崁頂段,39.84,非都市：鄉村區 ; 非都市編定：丁種建築用地
RPPOMLMLOHNFFAN88CA,鳳山段,85.11,非都市：山坡地保育區 ; 非都市編定：丙種建築用地
RPPOMLMLOHNFFAN88CA,鳳山段,1.71,非都市：山坡地保育區 ; 非都市編定：丙種建築用地
RPPOMLMLOHNFFAN88CA,鳳山段,20.90,非都市：山坡地保育區 ; 非都市編定：丙種建築用地
RPQNMLKMNHNFFGN66CA,芳草段,89.44,非都市：鄉村區 ; 非都市編定：乙種建築用地
RPQNMLKMNHNFFGN66CA,芳草段,1.91,非都市：鄉村區 ; 非都市編定：乙種建築用地
RPQNMLKMNHNFFGN66CA,芳草段,7.95,非都市：鄉村區 ; 非都市編定：乙種建築用地
RPPNMLPLOHNFFEN86CA,高鐵段,1721.79,都市：住
RPVNMLTKOHNFFEN77CA,香山段,34.97,非都市：鄉村區 ; 非都市編定：乙種建築用地
RPVNMLTKOHNFFEN77CA,香山段,102.96,非都市：鄉村區 ; 非都市編定：乙種建築用地
RPWNMLTKOHNFFEN87CA,香山段,17.65,非都市：鄉村區 ; 非都市編定：乙種建築用地
RPWNMLTKOHNFFEN87CA,香山段,68.20,非都市：鄉村區 ; 非都市編定：乙種建築用地
RPTNMLMLOHNFFCN76CA,中興段,2400.00,非都市：特定農業區 ; 非都市編定：農牧用地
RPQOMLTKOHNFFCN17CA,永安段,13.43,非都市：特定農業區 ; 非都市編定：甲種建築用地
RPQOMLTKOHNFFCN17CA,永安段,87.00,非都市：特定農業區 ; 非都市編定：甲種建築用地
RPWNMLOJOHNFFGN47CA,三林段,1250.50,非都市：一般農業區 ; 非都市編定：農牧用地
RPWNMLOJOHNFFGN47CA,三林段,437.00,非都市：一般農業區 ; 非都市編定：農牧用地
RPOOMLOJOHNFFGN76CA,外竹段,1520.50,非都市：特定農業區 ; 非都市編定：農牧用地
RPOOMLOJOHNFFGN76CA,外竹段,1520.50,非都市：特定農業區 ; 非都市編定：農牧用地
RPQNMLNKOHNFFFN76CA,豐崙段,3306.02,非都市：特定農業區 ; 非都市編定：丁種建築用地
RPPNMLLJOHNFFEN88CA,新外三段,88.40,非都市：特定農業區 ; 非都市編定：甲種建築用地
RPPNMLLJOHNFFEN88CA,新外三段,18.43,非都市：特定農業區 ; 非都市編定：甲種建築用地
RPPNMLLJOHNFFEN88CA,新外三段,5.00,非都市：特定農業區 ; 非都市編定：甲種建築用地
RPQNMLOJOHNFFGN86CA,儒明段,2.58,都市：住
RPQNMLOJOHNFFGN86CA,儒明段,1.96,都市：住
RPQNMLOJOHNFFGN86CA,儒明段,84.42,都市：住
RPWNMLSJOHNFFGN87CA,豐田段,101.47,非都市： ; 非都市編定：
RPVNMLRJOHNFFHN77CA,光明段,461.00,非都市：鄉村區 ; 非都市編定：乙種建築用地
RPOPMLRJOHNFFAN56CA,復興段,72.00,非都市：特定農業區 ; 非都市編定：甲種建築用地
RPOPMLRJOHNFFAN56CA,復興段,25.50,非都市：特定農業區 ; 非都市編定：甲種建築用地
RPPNMLQLOHNFFCN76CA,永安段,3.96,非都市：特定農業區 ; 非都市編定：農牧用地
RPPNMLQLOHNFFCN76CA,永安段,9.98,非都市：特定農業區 ; 非都市編定：農牧用地
RPPNMLQLOHNFFCN76CA,永安段,1.58,非都市：鄉村區 ; 非都市編定：乙種建築用地
RPPNMLQLOHNFFCN76CA,永安段,96.00,非都市：鄉村區 ; 非都市編定：乙種建築用地
RPPNMLQLOHNFFCN76CA,永安段,23.55,非都市：鄉村區 ; 非都市編定：乙種建築用地
RPPNMLQLOHNFFCN76CA,永安段,1.44,非都市：特定農業區 ; 非都市編定：交通用地
RPSNMLPLOHNFFHN47CA,湖西段,598.00,都市：住
RPSNMLPLOHNFFHN47CA,湖西段,151.00,都市：住
RPSNMLPLOHNFFHN47CA,湖西段,1372.00,都市：住
RPXNMLTLNHNFFAN67DA,福德段,48.13,非都市：鄉村區 ; 非都市編定：乙種建築用地
RPXNMLTLNHNFFAN67DA,福德段,80.86,非都市：山坡地保育區 ; 非都市編定：農牧用地
RPXNMLTLNHNFFAN67DA,福德段,59.74,非都市：鄉村區 ; 非都市編定：乙種建築用地
RPPPMLTLNHNFFHN77DA,大溪段,807.50,非都市：特定農業區 ; 非都市編定：農牧用地
RPUNMLKMNHNFFGN17DA,段,2619.75,非都市：特定農業區 ; 非都市編定：農牧用地
RPVNMLKMNHNFFGN27DA,段,873.25,非都市：特定農業區 ; 非都市編定：農牧用地
RPTNMLLMNHNFFGN17DA,芳仁段,3189.00,非都市：特定農業區 ; 非都市編定：農牧用地
RPSOMLTLNHNFFAN27DA,牛稠子段山腳小段,60.00,都市：住
RPPNMLRJOHNFFGN17DA,建平段,1184.09,非都市：一般農業區 ; 非都市編定：農牧用地
RPXNMLSJOHNFFAN47DA,金馬段,63.15,都市：住
RPXNMLSJOHNFFAN47DA,金馬段,5.91,都市：住
RPTNMLKMNHNFFGN07DA,永基段,3113.00,非都市：特定農業區 ; 非都市編定：農牧用地
RPTNMLPLOHNFFHN67DA,石埤段,92.00,非都市：特定農業區 ; 非都市編定：甲種建築用地
RPOOMLSJOHNFFAN66DA,金馬段,63.15,都市：住
RPOOMLSJOHNFFAN66DA,金馬段,5.91,都市：住
RPUNMLMKOHNFFAN66DA,明德段,1.45,都市：農
RPUNMLMKOHNFFAN66DA,明德段,.21,都市：農
RPPOMLPLOHNFFAN66DA,西門口段,14.92,都市：住
RPPNMLLLOHNFFHN76CA,中興段,51.00,非都市：特定農業區 ; 非都市編定：甲種建築用地
RPPNMLLLOHNFFHN76CA,中興段,188.00,非都市：特定農業區 ; 非都市編定：甲種建築用地
RPSNMLRJOHNFFBN86CA,仁和段,161.00,都市：住
RPPOMLLKOHNFFHN76CA,東溪段,798.00,都市：農
RPQNMLPJOHNFFBN56DA,和西段,25.05,都市：住
RPPOMLSJOHNFFGN27CA,儒香段,.06,都市：住
RPPNMLNKOHNFFGN76CA,芳成段,1514.00,非都市：鄉村區 ; 非都市編定：乙種建築用地
RPUNMLNKOHNFFGN27CA,儒興段,182.51,都市：住
RPUNMLNKOHNFFGN27CA,儒興段,58.18,都市：住
RPUNMLRLOHNFFGN77CA,芳崎段,3976.00,非都市：特定農業區 ; 非都市編定：農牧用地
RPUNMLRLOHNFFGN77CA,芳崎段,3976.00,非都市：特定農業區 ; 非都市編定：農牧用地
RPUNMLRLOHNFFGN77CA,芳崎段,3973.00,非都市：特定農業區 ; 非都市編定：農牧用地
RPUNMLRLOHNFFGN77CA,芳崎段,3974.00,非都市：特定農業區 ; 非都市編定：農牧用地
RPUNMLRLOHNFFGN77CA,芳崎段,2780.00,非都市：特定農業區 ; 非都市編定：農牧用地
RPUNMLRLOHNFFGN77CA,芳崎段,2780.00,非都市：特定農業區 ; 非都市編定：農牧用地
RPUNMLRLOHNFFGN77CA,芳崎段,594.00,非都市：特定農業區 ; 非都市編定：甲種建築用地
RPUNMLRLOHNFFGN77CA,芳崎段,478.14,非都市：特定農業區 ; 非都市編定：甲種建築用地
RPUNMLRLOHNFFGN77CA,芳崎段,281.16,非都市：特定農業區 ; 非都市編定：甲種建築用地
RPRNMLLJOHNFFCN98DA,景福段,38.23,都市：住
RPSNMLLJOHNFFCN09DA,景福段,60.59,都市：住
RPPNMLLMNHNFFFN56CA,過溪子段,3637.25,非都市：一般農業區 ; 非都市編定：農牧用地
RPPNMLLJOHNFFFN98CA,中和段,78.00,非都市：特定農業區 ; 非都市編定：農牧用地
RPPNMLLJOHNFFFN98CA,中和段,766.00,非都市：特定農業區 ; 非都市編定：甲種建築用地
RPTNMLLJOHNFFFN76CA,中華段,.67,都市：其他
RPTNMLLJOHNFFFN76CA,中華段,14.92,都市：商
RPUNMLLJOHNFFFN86CA,中華段,1.33,都市：其他
RPUNMLLJOHNFFFN86CA,中華段,29.83,都市：商
RPXNMLTKOHNFFEN97CA,香山段,17.61,非都市：鄉村區 ; 非都市編定：乙種建築用地
RPXNMLTKOHNFFEN97CA,香山段,62.04,非都市：鄉村區 ; 非都市編定：乙種建築用地
RPTNMLKLOHNFFDN66CA,新西東段,297.86,非都市：特定農業區 ; 非都市編定：農牧用地
RPQNMLLMNHNFFHN86CA,大溪段,6.00,都市：其他
RPQNMLLMNHNFFHN86CA,大溪段,243.00,都市：住
RPTOMLPLOHNFFGN57CA,外竹段,2640.00,非都市：特定農業區 ; 非都市編定：農牧用地
RPQNMLKLOHNFFHN76CA,和平段,2290.00,非都市：特定農業區 ; 非都市編定：農牧用地
RPTOMLPLOHNFFGN57CA,外竹段,2520.00,非都市：特定農業區 ; 非都市編定：農牧用地
RPPNMLLMNHNFFHN76CA,油車段,109.31,非都市：鄉村區 ; 非都市編定：乙種建築用地
RPQOMLLKOHNFFHN86CA,瓦窯北段,81.41,非都市：鄉村區 ; 非都市編定：乙種建築用地
RPRNMLLMNHNFFEN66CA,新厝段,83.03,非都市：特定農業區 ; 非都市編定：農牧用地
RPPNMLPJOHNFFDN56CA,源潭段,649.00,非都市：特定農業區 ; 非都市編定：甲種建築用地
RPOOMLMJOHNFFDN88CA,仁愛段,54.00,都市：住
RPOOMLMJOHNFFDN88CA,仁愛段,3.00,都市：住
RPPOMLMJOHNFFDN98CA,益民段,51.43,都市：住
RPPOMLMJOHNFFDN98CA,益民段,21.01,都市：住
RPPNMLLMNHNFFEN09CA,山腳段,77.49,非都市：鄉村區 ; 非都市編定：乙種建築用地
RPXNMLNKOHNFFDN27CA,惠農段,17.32,都市：住
RPQOMLMJOHNFFDN09CA,益民段,47.47,都市：住
RPQOMLMJOHNFFDN09CA,益民段,21.01,都市：住
RPOOMLNKOHNFFDN09CA,惠農段,20.34,都市：住
RPROMLNKOHNFFDN76CA,惠農段,16.43,都市：住
RPSOMLMJOHNFFDN66CA,益民段,51.71,都市：住
RPSOMLMJOHNFFDN66CA,益民段,16.79,都市：住
RPQOMLNKOHNFFDN66CA,惠農段,21.62,都市：住
RPPNMLLJOHNFFCN68CA,福金段,1803.63,非都市：一般農業區 ; 非都市編定：農牧用地
RPPOMLNKOHNFFDN56CA,惠農段,15.70,都市：住
RPOOMLLJOHNFFCN68CA,鹿福段,23.19,都市：商
RPXNMLLJOHNFFCN86CA,永安段,51.88,都市：工
RPXNMLLJOHNFFCN86CA,永安段,7.38,都市：工
RPPNMLQJOHNFFCN56CA,文昌段,5743.00,非都市：特定農業區 ; 非都市編定：農牧用地
RPVNMLLJOHNFFCN66CA,埔崙段,18.96,都市：住
RPSOMLLJOHNFFCN09CA,福鹿段,102.73,非都市：特定農業區 ; 非都市編定：農牧用地
RPSOMLLJOHNFFCN09CA,福鹿段,66.06,非都市：特定農業區 ; 非都市編定：農牧用地
RPQNMLOJOHNFFCN09CA,順興段,18.27,都市：其他
RPQNMLOJOHNFFCN09CA,順興段,23.42,都市：其他
RPQNMLOJOHNFFCN09CA,順興段,5.52,都市：其他
RPQNMLOJOHNFFCN09CA,順興段,2.06,都市：住
RPQNMLOJOHNFFCN09CA,順興段,.58,都市：住
RPXNMLLLOHNFFBN96CA,伸港段,107.00,都市：住
RPROMLMJOHNFFDN56CA,益民段,47.48,都市：住
RPROMLMJOHNFFDN56CA,益民段,21.01,都市：住
RPRNMLLMNHNFFDN56CA,大田段,5039.06,都市：農
RPRNMLLMNHNFFDN56CA,大田段,411.07,都市：農
RPRNMLLMNHNFFDN56CA,大田段,37.11,都市：其他
RPSNMLOJOHNFFCN66CA,新社段,100.75,非都市：鄉村區 ; 非都市編定：乙種建築用地
RPPOMLLLOHNFFBN88CA,伸港段,30.00,都市：農
RPQNMLPLOHNFFBN66CA,伸同段,88.70,都市：住
RPTNMLLKOHNFFFN86CA,裕後段,2.79,非都市：特定農業區 ; 非都市編定：甲種建築用地
RPTNMLLKOHNFFFN86CA,裕後段,32.91,非都市：特定農業區 ; 非都市編定：甲種建築用地
RPTNMLLKOHNFFFN86CA,裕後段,109.38,非都市：特定農業區 ; 非都市編定：甲種建築用地
RPTNMLLKOHNFFFN86CA,裕後段,2.65,非都市：特定農業區 ; 非都市編定：甲種建築用地
RPSNMLPLOHNFFBN86CA,伸同段,88.70,都市：住
RPRNMLOJOHNFFBN09CA,和東段,34.00,非都市： ; 非都市編定：
RPRNMLOJOHNFFBN09CA,和東段,7.58,非都市：鄉村區 ; 非都市編定：乙種建築用地
RPSNMLOJOHNFFBN56CA,和東段,7.58,非都市：鄉村區 ; 非都市編定：乙種建築用地
RPSNMLOJOHNFFBN56CA,和東段,34.00,非都市： ; 非都市編定：
RPVNMLQLOHNFFDN47CA,地政段,57.00,都市：其他
RPVNMLQLOHNFFDN47CA,地政段,9.00,都市：其他
RPVNMLQLOHNFFDN47CA,地政段,123.34,都市：其他
RPVNMLQLOHNFFDN47CA,地政段,66.65,都市：其他
RPVNMLQLOHNFFDN47CA,地政段,97.05,都市：其他
RPTNMLMLOHNFFBN66CA,伸港段,107.00,都市：住
RPQNMLLMNHNFFBN88CA,柑竹段,5.28,非都市：特定農業區 ; 非都市編定：農牧用地
RPQNMLLMNHNFFBN88CA,柑竹段,32.34,都市：農
RPQNMLLMNHNFFBN88CA,柑竹段,175.09,都市：農
RPQNMLLMNHNFFBN88CA,柑竹段,220.58,都市：農
RPRNMLMJOHNFFBN88CA,伸股段,613.22,都市：住
RPPOMLOKOHNFFCN56CA,鹿鳳段,7.41,非都市：特定農業區 ; 非都市編定：甲種建築用地
RPPOMLOKOHNFFCN56CA,鹿鳳段,89.81,非都市：特定農業區 ; 非都市編定：甲種建築用地
RPQNMLPJOHNFFCN56CA,鹿鳳段,19.06,非都市：特定農業區 ; 非都市編定：甲種建築用地
RPQNMLPJOHNFFCN56CA,鹿鳳段,12.25,非都市：特定農業區 ; 非都市編定：甲種建築用地
RPQNMLPJOHNFFCN56CA,鹿鳳段,69.19,非都市：特定農業區 ; 非都市編定：甲種建築用地
RPUNMLMLOHNFFBN76CA,伸光段,.65,都市：住
RPUNMLMLOHNFFBN76CA,伸光段,1.38,都市：住
RPUNMLMLOHNFFBN76CA,伸光段,1.28,都市：住
RPUNMLMLOHNFFBN76CA,伸光段,19.65,都市：住
RPUNMLMLOHNFFBN76CA,伸光段,58.00,都市：住
RPUNMLMLOHNFFBN76CA,伸光段,15.00,都市：商
RPUNMLMLOHNFFBN76CA,伸光段,.53,都市：住
RPPNMLMJOHNFFBN68CA,伸東段,85.00,都市：住
RPQNMLMJOHNFFBN78CA,嘉慶段,64.00,都市：農
RPSNMLLMNHNFFDN66CA,鎮興段,119.97,都市：住
RPSNMLLMNHNFFDN66CA,鎮興段,25.73,都市：住
RPRNMLTKOHNFFAN96CA,南郭段南郭小段,5.67,都市：住
RPRNMLTKOHNFFAN96CA,南郭段南郭小段,3.17,都市：住
RPRNMLTKOHNFFAN96CA,南郭段南郭小段,9.50,都市：住
RPRNMLTKOHNFFAN96CA,南郭段南郭小段,2.29,都市：住
RPRNMLTKOHNFFAN96CA,南郭段南郭小段,.71,都市：其他
RPRNMLTKOHNFFAN96CA,南郭段南郭小段,4.86,都市：住
RPRNMLTKOHNFFAN96CA,南郭段南郭小段,.86,都市：其他
RPXNMLOJOHNFFBN07CA,仁和段,79.00,都市：住
RPPNMLRLOHNFFAN66CA,大德段,523.72,非都市：山坡地保育區 ; 非都市編定：農牧用地
RPQOMLLJOHNFFAN68CA,中華段,9.00,都市：商
RPSOMLRJOHNFFAN86CA,中華段,41.00,都市：住
RPXNMLPJOHNFFAN07CA,南郭段南郭小段,27.22,都市：住
RPSNMLPJOHNFFAN56CA,燕霧段,817.46,都市：農
RPROMLLJOHNFFAN78CA,溪北段,68.63,非都市：鄉村區 ; 非都市編定：乙種建築用地
RPOOMLMLOHNFFAN78CA,牛稠子段下小段,.17,都市：住
RPOOMLMLOHNFFAN78CA,牛稠子段下小段,14.00,都市：住
RPPOMLLJOHNFFAN58CA,金馬段,7.66,都市：住
RPSNMLMJOHNFFBN98CA,柑竹段,202.50,非都市：特定農業區 ; 非都市編定：農牧用地
RPRNMLSJOHNFFAN76CA,鳳山段,13.98,非都市：山坡地保育區 ; 非都市編定：丙種建築用地
RPRNMLSJOHNFFAN76CA,鳳山段,95.57,非都市：山坡地保育區 ; 非都市編定：丙種建築用地
RPRNMLSJOHNFFAN76CA,鳳山段,23.00,非都市：山坡地保育區 ; 非都市編定：丙種建築用地
RPQNMLLJOHNFFAN58CA,明德段,121.66,都市：住
RPVNMLPLOHNFFAN07CA,福安段,84.52,都市：住
RPWNMLPLOHNFFAN17CA,福安段,1.40,都市：其他
RPWNMLPLOHNFFAN17CA,福安段,106.21,都市：住
RPXNMLPLOHNFFAN27CA,延和段,44.23,都市：住
RPXNMLPLOHNFFAN27CA,延和段,65.00,都市：住
RPSOMLLJOHNFFAN88CA,西門口段,103.00,都市：住
RPQNMLMJOHNFFCN88CA,永安段,4.62,都市：工
RPPNMLSJOHNFFCN76CA,永安段,1193.00,都市：住
RPPNMLSJOHNFFCN76CA,永安段,10.00,都市：住
RPPNMLSJOHNFFCN76CA,永安段,15.00,都市：住
RPPNMLSJOHNFFCN76CA,永安段,702.00,都市：住
RPSNMLTKOHNFFCN27CA,鹿鳳段,3.73,非都市：特定農業區 ; 非都市編定：甲種建築用地
RPSNMLTKOHNFFCN27CA,鹿鳳段,105.06,非都市：特定農業區 ; 非都市編定：甲種建築用地
RPVNMLMLOHNFFBN86CA,伸光段,19.65,都市：住
RPVNMLMLOHNFFBN86CA,伸光段,48.00,都市：住
RPVNMLMLOHNFFBN86CA,伸光段,1.28,都市：住
RPVNMLMLOHNFFBN86CA,伸光段,.65,都市：住
RPVNMLMLOHNFFBN86CA,伸光段,1.38,都市：住
RPVNMLMLOHNFFBN86CA,伸光段,26.00,都市：商
RPVNMLMLOHNFFBN86CA,伸光段,.53,都市：住
RPVNMLLLOHNFFCN86CA,鹿鳳段,3.71,非都市：特定農業區 ; 非都市編定：甲種建築用地
RPVNMLLLOHNFFCN86CA,鹿鳳段,93.42,非都市：特定農業區 ; 非都市編定：甲種建築用地
RPQNMLKLOHNFFCN88CA,鹿鳳段,3.72,非都市：特定農業區 ; 非都市編定：甲種建築用地
RPQNMLKLOHNFFCN88CA,鹿鳳段,106.75,非都市：特定農業區 ; 非都市編定：甲種建築用地
RPPNMLQJOHNFFDN66CA,圳南段,728.13,非都市：特定農業區 ; 非都市編定：農牧用地
RPTOMLLJOHNFFDN66CA,橋愛段,33.28,非都市：特定農業區 ; 非都市編定：甲種建築用地
RPTOMLLJOHNFFDN66CA,橋愛段,.15,非都市：特定農業區 ; 非都市編定：甲種建築用地
RPQOMLLJOHNFFCN88CA,福鹿段,99.89,非都市：鄉村區 ; 非都市編定：乙種建築用地
RPQOMLLJOHNFFCN88CA,福鹿段,15.08,非都市：鄉村區 ; 非都市編定：乙種建築用地
RPVNMLLJOHNFFBN56CA,糖友段,72.66,非都市：鄉村區 ; 非都市編定：乙種建築用地
RPSOMLLJOHNFFDN56CA,橋愛段,21.27,非都市：特定農業區 ; 非都市編定：甲種建築用地
RPSOMLLJOHNFFDN56CA,橋愛段,.09,非都市：特定農業區 ; 非都市編定：甲種建築用地
RPQNMLPLOHNFFCN76CA,鹿鳳段,101.21,非都市：特定農業區 ; 非都市編定：甲種建築用地
RPQNMLPLOHNFFCN76CA,鹿鳳段,5.49,非都市：特定農業區 ; 非都市編定：甲種建築用地
RPSNMLMLOHNFFCN66CA,鹿鳳段,65.78,非都市：特定農業區 ; 非都市編定：甲種建築用地
RPSNMLMLOHNFFCN66CA,鹿鳳段,28.76,非都市：特定農業區 ; 非都市編定：甲種建築用地
RPPNMLOJOHNFFFN66CA,三和段,2263.00,非都市：特定農業區 ; 非都市編定：農牧用地
RPPNMLOJOHNFFFN66CA,三和段,1128.00,非都市：特定農業區 ; 非都市編定：農牧用地
RPPNMLOJOHNFFFN66CA,三和段,23.00,非都市：特定農業區 ; 非都市編定：交通用地
RPUNMLQLOHNFFCN27CA,東石段,70.47,都市：工
RPRNMLKLOHNFFEN56CA,太平段,1970.30,非都市：山坡地保育區 ; 非都市編定：農牧用地
RPRNMLKLOHNFFEN56CA,太平段,1079.65,非都市：山坡地保育區 ; 非都市編定：農牧用地
RPPNMLPJOHNFFEN66CA,中央段,52.80,都市：住
RPPNMLPJOHNFFEN66CA,中央段,79.20,都市：住
RPUNMLQLOHNFFDN37CA,惠安段,130.80,都市：住
RPUNMLQLOHNFFDN37CA,惠安段,30.67,都市：住
RPXNMLLJOHNFFFN17CA,光復段,140.00,都市：住
RPQNMLQJOHNFFEN86CA,文武段,3.15,非都市：鄉村區 ; 非都市編定：乙種建築用地
RPQNMLQJOHNFFEN86CA,文武段,11.91,非都市：鄉村區 ; 非都市編定：乙種建築用地
RPOOMLTKOHNFFEN17CA,香山段,17.59,非都市：鄉村區 ; 非都市編定：乙種建築用地
RPOOMLTKOHNFFEN17CA,香山段,59.06,非都市：鄉村區 ; 非都市編定：乙種建築用地
RPPNMLSJOHNFFFN07CA,三豐段,21.46,非都市：特定農業區 ; 非都市編定：農牧用地
RPQNMLPKOHNFFFN96CA,成功段,66.16,非都市：鄉村區 ; 非都市編定：乙種建築用地
RPPNMLLJOHNFFGN09CA,城潭段,1365.00,非都市：一般農業區 ; 非都市編定：農牧用地
RPUNMLOJOHNFFGN27CA,漢寶園段,3428.00,非都市：一般農業區 ; 非都市編定：農牧用地
RPQNMLLJOHNFFGN56CA,城潭段,1335.00,非都市：一般農業區 ; 非都市編定：農牧用地
RPTNMLLJOHNFFGN86CA,新萬合段,35.01,非都市：鄉村區 ; 非都市編定：乙種建築用地
RPQNMLRLOHNFFEN17CA,大安段,112.48,非都市：特定農業區 ; 非都市編定：甲種建築用地
RPVNMLOKOHNFFCN07CA,三豐段,28.00,非都市：特定農業區 ; 非都市編定：甲種建築用地
RPVNMLOKOHNFFCN07CA,三豐段,53.00,非都市：特定農業區 ; 非都市編定：甲種建築用地
RPWNMLOKOHNFFCN17CA,三豐段,19.00,非都市：特定農業區 ; 非都市編定：甲種建築用地
RPWNMLOKOHNFFCN17CA,三豐段,62.00,非都市：特定農業區 ; 非都市編定：甲種建築用地
RPPNMLQLOHNFFGN17CA,漢寶園段,315.72,非都市：一般農業區 ; 非都市編定：農牧用地
RPWNMLLJOHNFFGN17CA,新萬合段,116.71,非都市：鄉村區 ; 非都市編定：乙種建築用地
RPQNMLQLOHNFFGN27CA,漢寶園段,390.00,非都市：一般農業區 ; 非都市編定：農牧用地
RPSNMLLKOHNFFGN86CA,竹林段,720.00,非都市：特定農業區 ; 非都市編定：甲種建築用地
RPQOMLSJOHNFFGN37CA,大永段,100.75,非都市：特定農業區 ; 非都市編定：甲種建築用地
RPQOMLSJOHNFFGN37CA,大永段,90.82,非都市：特定農業區 ; 非都市編定：甲種建築用地
RPQOMLSJOHNFFGN37CA,大永段,91.90,非都市：特定農業區 ; 非都市編定：甲種建築用地
RPWNMLTKOHNFFDN77CA,新崙子段,80.95,非都市：特定農業區 ; 非都市編定：甲種建築用地
RPWNMLTKOHNFFDN77CA,新崙子段,22.17,非都市：特定農業區 ; 非都市編定：甲種建築用地
RPWNMLTKOHNFFDN77CA,新崙子段,6.04,非都市：特定農業區 ; 非都市編定：甲種建築用地
RPPNMLSLOHNFFGN37CA,外竹段,3000.00,非都市：特定農業區 ; 非都市編定：農牧用地
RPPNMLSLOHNFFGN37CA,外竹段,3360.00,非都市：特定農業區 ; 非都市編定：農牧用地
SPVOMLPLOHNFFGN87CA,柳子溝段,2472.04,非都市：一般農業區 ; 非都市編定：農牧用地
RPVOMLPLOHNFFGN77CA,柳子溝段,2472.13,非都市：一般農業區 ; 非都市編定：農牧用地
RPWNMLPKOHNFFHN77CA,義和段,493.00,非都市：特定農業區 ; 非都市編定：甲種建築用地
RPWNMLPKOHNFFHN77CA,義和段,38.42,非都市：特定農業區 ; 非都市編定：甲種建築用地
RPVNMLLJOHNFFHN17CA,霖鳳段,65.00,都市：住
RPSNMLQLOHNFFHN57CA,東榮段,22.44,非都市：特定農業區 ; 非都市編定：甲種建築用地
RPSNMLQLOHNFFHN57CA,東榮段,253.00,非都市：特定農業區 ; 非都市編定：甲種建築用地
RPUNMLPJOHNFFHN47CA,新興段,2143.89,都市：農
RPUNMLPJOHNFFHN47CA,新興段,101.14,都市：農
RPUNMLPJOHNFFHN47CA,新興段,306.49,都市：農
RPUNMLPJOHNFFHN47CA,新興段,35.61,都市：農
RPTNMLQLOHNFFHN67CA,東榮段,22.44,非都市：特定農業區 ; 非都市編定：甲種建築用地
RPTNMLQLOHNFFHN67CA,東榮段,253.00,非都市：特定農業區 ; 非都市編定：甲種建築用地
RPXNMLPKOHNFFHN87CA,河興段,61.00,非都市：特定農業區 ; 非都市編定：甲種建築用地
RPUNMLQLOHNFFHN77CA,東榮段,22.44,非都市：特定農業區 ; 非都市編定：甲種建築用地
RPUNMLQLOHNFFHN77CA,東榮段,253.00,非都市：特定農業區 ; 非都市編定：甲種建築用地
RPRNMLLJOHNFFGN76DA,芳街段,7952.52,非都市：一般農業區 ; 非都市編定：農牧用地
RPSNMLLJOHNFFFN76DA,合興段,3287.13,非都市：特定農業區 ; 非都市編定：農牧用地
RPTNMLLJOHNFFHN96CA,光明段,85.00,非都市：特定農業區 ; 非都市編定：甲種建築用地
RPTNMLLJOHNFFHN96CA,光明段,1.75,非都市：特定農業區 ; 非都市編定：交通用地
RPTNMLLJOHNFFHN96CA,光明段,2.36,非都市：特定農業區 ; 非都市編定：甲種建築用地
RPTNMLLJOHNFFHN96CA,光明段,20.13,非都市：特定農業區 ; 非都市編定：甲種建築用地
RPTNMLLJOHNFFHN96CA,光明段,12.00,非都市：特定農業區 ; 非都市編定：甲種建築用地
RPTNMLLJOHNFFHN96CA,光明段,7.81,非都市：特定農業區 ; 非都市編定：農牧用地
RPSNMLLJOHNFFHN86CA,光明段,82.00,都市：住
RPROMLQJOHNFFFN27DA,山寮段,39.50,非都市： ; 非都市編定：
RPQNMLQJOHNFFHN17CA,大竹段,96.00,都市：住
RPQNMLSLOHNFFDN17CA,明倫段,247.75,都市：住
