﻿編號,屋齡,建物移轉面積(平方公尺),主要用途,主要建材,建築完成日期,總層數,建物分層
The serial number,room age,building shifting area (square meter),the main use,main building materials,construction completes the date,total layer,building lamination
RPXNMLMLNHNFFAN86CA,39,86.32,住家用,加強磚造,68年7月14日,二層,一層 二層
RPQPMLPLNHNFFAN66CA,36,34.71,見其他登記事項,鋼筋混凝土造,70年12月31日,十一層,七層
RPQPMLPLNHNFFAN66CA,36,5.22,見其他登記事項,鋼筋混凝土造,70年12月31日,十一層,
RPQNMLPLNHNFFAN09CA,16,53.72,住家用,鋼筋混凝土造,90年11月9日,十四層,十四層
RPQNMLPLNHNFFAN09CA,16,.07,見其他登記事項,鋼筋混凝土造,90年11月9日,十四層,
RPQNMLPLNHNFFAN09CA,16,8.57,見其他登記事項,鋼筋混凝土造,90年11月9日,十四層,
RPQNMLPLNHNFFAN09CA,16,18.60,見其他登記事項,鋼筋混凝土造,90年11月9日,十四層,
RPQNMLPLNHNFFAN09CA,16,.01,見其他登記事項,鋼筋混凝土造,90年11月9日,十四層,
RPQNMLPLNHNFFAN09CA,16,22.36,見其他登記事項,鋼筋混凝土造,90年11月9日,十四層,
RPSNMLNLNHNFFAN09CA,26,36.92,見其他登記事項,鋼筋混凝土造,81年7月11日,十六層,九層
RPSNMLNLNHNFFAN09CA,26,4.59,見其他登記事項,鋼筋混凝土造,81年7月11日,十六層,
RPSNMLNLNHNFFAN09CA,26,6.68,見其他登記事項,鋼筋混凝土造,81年7月11日,十六層,
RPUNMLOLNHNFFAN76CA,51,57.77,住家用,加強磚造,56年11月1日,一層,一層
RPRNMLOLNHNFFAN09CA,36,65.18,商業用,鋼筋混凝土造,70年12月29日,五層,一層
RPRNMLOLNHNFFAN09CA,36,3.58,見其他登記事項,鋼筋混凝土造,70年12月29日,五層,
RPVNMLOLNHNFFAN86CA,1,193.58,見其他登記事項,鋼筋混凝土造,105年12月2日,四層,一層 二層 三層 四層 騎樓
RPOOMLLLNHNFFAN58CA,10,166.19,見其他登記事項,鋼筋混凝土造,97年7月10日,四層,一層 二層 三層 四層
RPPNMLPLNHNFFBN09CA,35,108.00,見其他登記事項,鋼筋混凝土造,72年9月16日,二層,一層 二層 騎樓
RPTNMLOJOHNFFBN66CA,4,312.20,見其他登記事項,鋼筋混凝土造,103年6月10日,四層,一層 二層 三層 四層
RPPOMLMLNHNFFDN09CA,42,56.37,住商用,鋼筋混凝土加強磚造,64年12月4日,二層,一層 二層 騎樓
RPXNMLMLNHNFFDN17CA,44,61.23,住家用,磚造,63年3月15日,一層,一層
RPSNMLOKOHNFFBN66CA,31,204.80,住工用,加強磚造,76年5月22日,二層,一層 二層
RPQNMLLJOHNFFBN68CA,,173.76,見其他登記事項,鋼筋混凝土造,107年2月22日,三層,一層 二層 三層 見其他登記事項
RPVNMLKMNHNFFDN86CA,,167.07,見其他登記事項,鋼筋混凝土造,107年1月2日,三層,一層 二層 三層 屋頂突出物
RPUNMLLJOHNFFDN66CA,,165.32,見其他登記事項,鋼筋混凝土造,107年1月2日,三層,一層 二層 三層 屋頂突出物
RPTOMLTLNHNFFAN27CA,2,338.16,見其他登記事項,鋼筋混凝土造,104年11月10日,四層,一層 二層 三層 四層
RPSNMLLJOHNFFDN09CA,,171.45,見其他登記事項,鋼筋混凝土造,107年1月2日,三層,一層 二層 三層 屋頂突出物
RPPNMLRLNHNFFEN96CA,29,180.95,農舍,鋼造,78年1月18日,一層,一層
RPTOMLSLNHNFFDN47CA,22,187.22,見其他登記事項,鋼筋混凝土造,84年11月8日,三層,一層 二層 三層 騎樓
RPRNMLOJOHNFFDN66CA,,167.93,見其他登記事項,鋼筋混凝土造,107年1月2日,三層,一層 二層 三層 屋頂突出物
RPXNMLPJOHNFFDN37CA,,167.10,見其他登記事項,鋼筋混凝土造,107年1月2日,三層,一層 二層 三層 屋頂突出物
RPUNMLQJOHNFFDN17CA,,167.07,見其他登記事項,鋼筋混凝土造,107年1月2日,三層,一層 二層 三層 屋頂突出物
RPRNMLPLNHNFFFN07CA,22,128.16,住家用,鋼筋混凝土造,85年1月30日,三層,一層 二層 三層
RPPNMLNLNHNFFFN66CA,2,200.54,住宅,鋼筋混凝土造,105年6月17日,三層,一層 二層 三層 見其他登記事項
RPRNMLLLNHNFFGN76CA,14,142.53,住家用,鋼筋混凝土造,93年9月14日,三層,一層 二層 三層
RPXNMLQJOHNFFDN47CA,,182.02,見其他登記事項,鋼筋混凝土造,107年1月2日,三層,一層 二層 三層 屋頂突出物
RPPOMLQJOHNFFDN76CA,,179.35,見其他登記事項,鋼筋混凝土造,107年1月2日,三層,一層 二層 三層 屋頂突出物
RPTNMLTLNHNFFHN87CA,,184.16,見其他登記事項,鋼筋混凝土造,107年2月6日,三層,一層 二層 三層 屋頂突出物
RPOPMLPLNHNFFAN56DA,11,203.50,見其他登記事項,鋼筋混凝土造,95年10月27日,四層,一層 二層 三層 四層
RPQNMLMJOHNFFHN76CA,3,304.55,見其他登記事項,鋼筋混凝土造,104年10月26日,五層,一層 二層 三層 四層 五層
RPWNMLTLNHNFFHN18CA,,170.24,見其他登記事項,鋼筋混凝土造,107年2月6日,三層,一層 二層 三層 屋頂突出物
RPUNMLTLNHNFFHN97CA,,186.96,見其他登記事項,鋼筋混凝土造,107年2月6日,三層,一層 二層 三層 屋頂突出物
RPVNMLTLNHNFFHN08CA,,168.26,見其他登記事項,鋼筋混凝土造,107年2月6日,三層,一層 二層 三層 屋頂突出物
RPXNMLTLNHNFFHN28CA,,245.32,見其他登記事項,鋼筋混凝土造,107年2月6日,三層,一層 二層 三層 屋頂突出物
RPOOMLTLNHNFFHN47CA,,168.26,見其他登記事項,鋼筋混凝土造,107年2月6日,三層,一層 二層 三層 屋頂突出物
RPPNMLSLNHNFFEN17DA,12,162.08,住家用,鋼筋混凝土造,95年7月17日,三層,一層 二層 三層
RPUPMLTLNHNFFHN18CA,,205.57,見其他登記事項,鋼筋混凝土造,107年1月22日,四層,一層 二層 三層 四層
RPSPMLTLNHNFFHN97CA,,209.19,見其他登記事項,鋼筋混凝土造,107年1月22日,四層,一層 二層 三層 四層
RPWPMLTLNHNFFHN38CA,,205.55,見其他登記事項,鋼筋混凝土造,107年1月22日,四層,一層 二層 三層 四層
RPTNMLTKOHNFFHN87CA,6,224.10,住家用,鋼筋混凝土造,101年3月7日,四層,一層 二層 三層 四層
RPPNMLKMNHNFFHN66CA,22,169.70,住家用,鋼筋混凝土造,85年2月13日,四層,一層 二層 三層 四層
RPOQMLTLNHNFFHN67CA,,218.32,見其他登記事項,鋼筋混凝土造,107年1月22日,四層,一層 二層 三層 四層
RPPOMLTLNHNFFHN57CA,,168.26,見其他登記事項,鋼筋混凝土造,107年2月6日,三層,一層 二層 三層 屋頂突出物
RPQOMLTLNHNFFHN67CA,,179.47,見其他登記事項,鋼筋混凝土造,107年2月6日,三層,一層 二層 三層 屋頂突出物
RPROMLTLNHNFFHN77CA,,179.47,見其他登記事項,鋼筋混凝土造,107年2月6日,三層,一層 二層 三層 屋頂突出物
RPTOMLTLNHNFFHN97CA,,170.24,見其他登記事項,鋼筋混凝土造,107年2月6日,三層,一層 二層 三層 屋頂突出物
RPPNMLKMNHNFFGN56CA,23,74.06,見其他登記事項,鋼筋混凝土造,84年1月9日,八層,四層
RPPNMLKMNHNFFGN56CA,23,14.25,見其他登記事項,鋼筋混凝土造,84年1月9日,八層,
RPUNMLPKOHNFFFN37CA,5,161.53,住宅,鋼筋混凝土造,102年4月1日,三層,一層 二層 三層 見其他登記事項
RPUNMLRJOHNFFHN67CA,23,144.90,住商用,鋼筋混凝土造,84年6月21日,三層,一層 二層 三層
RPSNMLNLNHNFFFN96CA,,204.92,農舍,鋼骨鋼筋混凝土造,107年3月14日,二層,一層 二層
RPPNMLNLNHNFFHN86CA,1,182.68,見其他登記事項,鋼筋混凝土造,106年2月2日,三層,一層 二層 三層 屋頂突出物
RPRNMLNLNHNFFHN07CA,3,100.57,住家用,鋼筋混凝土造,104年9月9日,四層,一層 二層 三層 四層
RPRNMLNLNHNFFHN07CA,3,100.57,住家用,鋼筋混凝土造,104年9月9日,四層,一層 二層 三層 四層
RPQNMLPLNHNFFEN86CA,1,159.81,見其他登記事項,鋼筋混凝土造,106年8月1日,三層,一層 二層 三層 見其他登記事項
RPSNMLLLNHNFFCN56DA,37,117.68,住商用,鋼筋混凝土加強磚造,70年1月12日,二層,一層 二層 騎樓
RPPNMLOLNHNFFDN56CA,21,71.29,住家用,鋼筋混凝土造,86年7月7日,三層,一層 二層 三層
RPQNMLOKOHNFFDN66CA,2,342.38,見其他登記事項,鋼筋混凝土造,105年1月4日,四層,一層 二層 三層 四層
RPTNMLNLNHNFFDN86CA,1,91.34,見其他登記事項,鋼筋混凝土造,106年7月6日,十層,九層
RPTNMLNLNHNFFDN86CA,1,48.36,見其他登記事項,鋼筋混凝土造,106年7月6日,十層,
RPTNMLNLNHNFFDN86CA,1,14.24,見其他登記事項,鋼筋混凝土造,106年7月6日,十層,
RPRNMLPLNHNFFDN86CA,22,15.72,住家用,鋼筋混凝土造,85年2月12日,十三層,九層
RPRNMLPLNHNFFDN86CA,22,8.32,見其他登記事項,鋼筋混凝土造,85年2月12日,十三層,
RPVNMLOJOHNFFCN96CA,38,102.06,住家用,鋼筋混凝土加強磚造,69年4月15日,二層,一層 二層
RPQNMLQJOHNFFCN66CA,,204.12,見其他登記事項,鋼筋混凝土造,107年2月7日,四層,一層 二層 三層 四層
RPRNMLKMNHNFFBN88CA,24,100.76,住家用,鋼筋混凝土造,83年5月31日,七層,七層
RPRNMLKMNHNFFBN88CA,24,42.68,見其他登記事項,鋼筋混凝土造,83年5月31日,七層,
RPSNMLPLNHNFFDN96CA,22,132.36,住家用,鋼筋混凝土造,85年6月28日,三層,一層 二層 三層 騎樓
RPSNMLQJOHNFFAN66CA,12,276.41,見其他登記事項,鋼筋混凝土造,95年4月13日,五層,一層 二層 三層 四層 五層
RPSNMLOLNHNFFAN56CA,39,85.65,住家用,鋼筋混凝土造,68年6月4日,三層,三層
RPPOMLNLNHNFFAN88CA,31,106.22,住家用,鋼筋混凝土造,76年6月10日,七層,四層
RPPOMLNLNHNFFAN88CA,31,32.81,見其他登記事項,鋼筋混凝土造,76年6月10日,七層,
RPTOMLRJOHNFFCN17CA,,242.33,見其他登記事項,鋼筋混凝土造,106年12月1日,四層,一層 二層 三層 四層
RPRNMLMJOHNFFAN78CA,,164.64,見其他登記事項,鋼筋混凝土造,106年12月8日,三層,一層 二層 三層 見其他登記事項
RPTNMLMJOHNFFAN98CA,,266.32,見其他登記事項,鋼筋混凝土造,107年1月3日,三層,一層 二層 三層 見其他登記事項
RPPNMLMJOHNFFAN58CA,,164.64,見其他登記事項,鋼筋混凝土造,106年12月8日,三層,一層 二層 三層 見其他登記事項
RPSNMLMJOHNFFAN88CA,,144.83,見其他登記事項,鋼筋混凝土造,107年1月3日,三層,一層 二層 三層 見其他登記事項
RPTOMLRJOHNFFAN96CA,19,193.60,見其他登記事項,鋼筋混凝土造,87年12月17日,四層,一層 二層 三層 四層
RPTOMLRJOHNFFAN96CA,19,193.60,見其他登記事項,鋼筋混凝土造,87年12月17日,四層,一層 二層 三層 四層
RPQNMLMJOHNFFAN68CA,,164.64,見其他登記事項,鋼筋混凝土造,106年12月8日,三層,一層 二層 三層 見其他登記事項
RPVNMLRJOHNFFAN07CA,38,93.52,住家用,加強磚造,69年10月8日,二層,一層 二層
RPROMLKMNHNFFAN88CA,29,98.84,住家用,鋼筋混凝土造,78年3月2日,五層,二層
RPRNMLQJOHNFFAN56CA,24,111.70,住家用,鋼筋混凝土造,83年7月29日,十四層,七層
RPRNMLQJOHNFFAN56CA,24,54.66,見其他登記事項,鋼筋混凝土造,83年7月29日,十四層,
RPPNMLTLNHNFFAN76CA,1,271.68,見其他登記事項,鋼筋混凝土造,106年4月5日,四層,一層 二層 三層 四層 屋頂突出物 騎樓
RPQNMLTLNHNFFAN86CA,1,247.58,見其他登記事項,鋼筋混凝土造,106年4月5日,四層,一層 二層 三層 四層 屋頂突出物 騎樓
RPUNMLKMNHNFFBN56CA,38,99.30,住商用,鋼筋混凝土造,69年10月7日,二層,一層 二層 騎樓
RPPNMLLLOHNFFAN68CA,39,70.76,住家用,鋼筋混凝土造,68年6月4日,四層,四層
RPSNMLPLNHNFFAN66CA,30,109.74,見其他登記事項,鋼筋混凝土造,77年7月4日,四層,一層 二層 三層 四層 地下層
RPWNMLKMNHNFFBN76CA,27,104.60,住家用,鋼筋混凝土造,80年4月16日,二層,一層 二層
RPVNMLOJOHNFFAN76CA,23,1.34,見其他登記事項,鋼筋混凝土造,84年7月15日,十六層,
RPVNMLOJOHNFFAN76CA,23,86.41,住家用,鋼筋混凝土造,84年7月15日,十六層,十層
RPVNMLOJOHNFFAN76CA,23,7.62,見其他登記事項,鋼筋混凝土造,84年7月15日,十六層,
RPVNMLOJOHNFFAN76CA,23,16.49,見其他登記事項,鋼筋混凝土造,84年7月15日,十六層,
RPUNMLLJOHNFFBN09CA,,192.86,住家用,鋼筋混凝土造,106年10月26日,四層,一層 二層 三層 四層
RPQNMLSLNHNFFEN17CA,35,42.32,住家用,加強磚造,71年12月6日,一層,一層
RPRNMLOLNHNFFEN86CA,41,106.24,住家用,加強磚造,66年7月15日,二層,一層 二層
RPPNMLRLNHNFFFN07CA,44,88.32,住家用,加強磚造,63年7月1日,二層,一層 二層
RPTNMLLJOHNFFBN98CA,,192.86,住家用,鋼筋混凝土造,106年10月26日,四層,一層 二層 三層 四層
RPVNMLTKOHNFFDN67CA,25,164.20,住家用,鋼筋混凝土造,81年11月19日,三層,一層 二層 三層
RPRNMLMLOHNFFGN07DA,31,135.69,住家用,鋼筋混凝土造,76年3月1日,三層,一層 二層 三層
RPPNMLPLNHNFFCN56CA,24,78.33,住家用,鋼筋混凝土造,83年7月5日,七層,六層
RPQNMLPLNHNFFGN17DA,22,162.34,住家用,鋼筋混凝土造,85年4月5日,三層,一層 二層 三層
RPUNMLOLNHNFFFN37DA,37,139.36,住商用,鋼筋混凝土加強磚造,69年11月24日,三層,一層 二層 三層 騎樓
RPRNMLTLNHNFFGN67DA,37,108.62,住家用,見其他登記事項,69年11月30日,二層,一層 二層
RPRNMLTLNHNFFBN07CA,26,154.23,住家用,鋼筋混凝土造,81年10月5日,三層,一層 二層 三層
RPPNMLSLNHNFFBN76CA,36,108.53,住商用,鋼筋混凝土加強磚造,70年12月24日,二層,一層 二層 騎樓
RPUNMLSLNHNFFBN27CA,37,110.86,住家用,加強磚造,69年12月19日,二層,一層 二層 騎樓
RPTNMLRJOHNFFFN37CA,27,145.34,住商用,鋼筋混凝土造,80年4月27日,三層,一層 二層 三層 騎樓
RPVNMLLKOHNFFFN07CA,22,72.99,見其他登記事項,鋼筋混凝土造,85年4月12日,十三層,十一層
RPVNMLLKOHNFFFN07CA,22,14.98,見其他登記事項,鋼筋混凝土造,85年4月12日,十三層,
RPVNMLLKOHNFFFN07CA,22,7.85,見其他登記事項,鋼筋混凝土造,85年4月12日,十三層,
RPVNMLRJOHNFFDN37CA,40,70.28,住家用,加強磚造,67年1月1日,一層,一層
RPRNMLKMNHNFFEN66DA,18,84.07,見其他登記事項,鋼筋混凝土造,89年7月11日,七層,七層
RPRNMLKMNHNFFEN66DA,18,16.07,共有部份,鋼筋混凝土造,89年7月11日,七層,
RPRNMLKMNHNFFEN66DA,18,3.07,共有部份,鋼筋混凝土造,89年7月11日,七層,
RPRNMLKMNHNFFEN66DA,18,9.10,共有部份,鋼筋混凝土造,89年7月11日,七層,
RPRNMLKMNHNFFEN66DA,18,2.61,共有部份,鋼筋混凝土造,89年7月11日,七層,
RPRNMLKMNHNFFEN66DA,18,.00,共有部份,鋼筋混凝土造,89年7月11日,七層,
RPVNMLMJOHNFFDN86CA,21,255.33,住家用,見其他登記事項,85年7月22日,三層,一層 二層 三層
RPOOMLKLOHNFFBN68CA,1,160.97,見其他登記事項,鋼筋混凝土造,106年6月29日,三層,一層 二層 三層 見其他登記事項
RPPOMLKLOHNFFBN78CA,1,160.97,見其他登記事項,鋼筋混凝土造,106年6月29日,三層,一層 二層 三層 見其他登記事項
RPQOMLKLOHNFFBN88CA,3,213.30,見其他登記事項,鋼筋混凝土造,104年3月3日,三層,一層 二層 三層 見其他登記事項
RPUNMLTKOHNFFDN57CA,,248.14,見其他登記事項,鋼筋混凝土造,106年10月19日,四層,一層 二層 三層 四層
RPTNMLMJOHNFFDN66CA,10,173.46,住家用,鋼筋混凝土造,97年1月8日,三層,一層 二層 三層 屋頂突出物
RPPOMLOJOHNFFCN09CA,,143.40,見其他登記事項,鋼筋混凝土造,106年11月22日,四層,一層 二層 三層 四層 屋頂突出物 騎樓
RPPOMLOJOHNFFCN09CA,,143.40,見其他登記事項,鋼筋混凝土造,106年11月22日,四層,一層 二層 三層 四層 屋頂突出物 騎樓
RPOOMLOJOHNFFCN98CA,,284.31,見其他登記事項,鋼筋混凝土造,106年11月22日,四層,一層 二層 三層 四層 屋頂突出物 騎樓
RPWNMLLJOHNFFFN07CA,23,206.49,住家用,鋼筋混凝土造,84年7月15日,四層,一層 二層 三層 四層 地下層
RPPNMLQJOHNFFBN09CA,22,64.26,住家用,鋼筋混凝土造,84年12月7日,三層,一層 二層 三層
RPWNMLKMNHNFFAN66CA,9,112.86,見其他登記事項,鋼筋混凝土造,98年8月21日,七層,二層
RPWNMLKMNHNFFAN66CA,9,70.77,見其他登記事項,鋼筋混凝土造,98年8月21日,七層,
RPVNMLLJOHNFFAN09CA,41,74.00,住家用,加強磚造,66年1月28日,二層,一層 二層
RPSNMLLJOHNFFAN78CA,39,133.20,住商用,鋼筋混凝土加強磚造,68年2月2日,二層,一層 二層 騎樓
RPUOMLTLNHNFFAN37CA,24,91.36,住家用,鋼筋混凝土造,82年11月10日,十二層,十層
RPUOMLTLNHNFFAN37CA,24,14.75,見其他登記事項,鋼筋混凝土造,82年11月10日,十二層,
RPUOMLTLNHNFFAN37CA,24,8.99,見其他登記事項,鋼筋混凝土造,82年11月10日,十二層,
RPSOMLKMNHNFFAN98CA,4,247.71,見其他登記事項,鋼筋混凝土造,103年4月17日,五層,一層 二層 三層 四層 五層
RPROMLTLNHNFFAN07CA,23,79.93,住家用,鋼筋混凝土造,84年8月25日,八層,七層
RPROMLTLNHNFFAN07CA,23,24.09,見其他登記事項,鋼筋混凝土造,84年8月25日,八層,
RPOQMLLKOHNFFAN78CA,29,125.36,住家用,加強磚造,78年6月20日,二層,一層 二層
RPRNMLTJOHNFFAN86CA,,279.61,見其他登記事項,鋼筋混凝土造,107年2月2日,四層,一層 二層 三層 四層 屋頂突出物
RPQNMLTJOHNFFAN76CA,,251.39,見其他登記事項,鋼筋混凝土造,107年2月2日,四層,一層 二層 三層 四層 屋頂突出物
RPPNMLTJOHNFFAN66CA,,302.72,見其他登記事項,鋼筋混凝土造,107年2月2日,四層,一層 二層 三層 四層 屋頂突出物
RPPNMLPJOHNFFAN88CA,37,174.08,住商用,鋼筋混凝土造,70年5月21日,四層,一層 二層 三層 四層 騎樓
RPSPMLLKOHNFFAN09CA,4,196.28,見其他登記事項,鋼筋混凝土造,103年10月21日,四層,一層 二層 三層 四層
RPQNMLTLNHNFFBN96CA,25,149.49,住家用,鋼筋混凝土造,82年2月20日,三層,一層 二層 三層
RPTNMLPLNHNFFBN86CA,37,101.20,住家用,加強磚造,69年12月20日,二層,一層 二層 騎樓
RPPNMLKLOHNFFBN68CA,21,176.26,住家用,鋼筋混凝土造,85年11月11日,三層,一層 二層 三層
RPWNMLRJOHNFFAN17CA,19,149.10,住家用,鋼筋混凝土造,88年2月5日,三層,一層 二層 三層
RPWNMLRJOHNFFAN17CA,19,7.34,見其他登記事項,鋼筋混凝土造,88年2月5日,三層,
RPWNMLRJOHNFFAN17CA,19,68.26,停車空間,鋼筋混凝土造,88年2月5日,四層,
RPWNMLLLOHNFFBN86CA,,181.92,見其他登記事項,鋼筋混凝土造,107年1月10日,三層,一層 二層 三層 見其他登記事項
RPVNMLLLOHNFFBN76CA,,181.92,見其他登記事項,鋼筋混凝土造,107年1月10日,三層,一層 二層 三層 見其他登記事項
RPSNMLKMNHNFFBN98CA,3,159.04,見其他登記事項,鋼筋混凝土造,104年3月3日,三層,一層 二層 三層 見其他登記事項
RPQNMLTLNHNFFCN07CA,5,302.28,見其他登記事項,鋼筋混凝土造,102年10月23日,三層,一層 二層 三層
RPSNMLLJOHNFFBN88CA,1,166.24,住家用,鋼筋混凝土造,106年9月22日,四層,一層 二層 三層 四層
RPPOMLKLOHNFFAN68CA,41,87.98,見其他登記事項,加強磚造,66年2月2日,二層,一層 二層
RPQOMLLLOHNFFDN56CA,50,150.09,住家用,鋼筋混凝土加強磚造,57年4月6日,二層,一層 二層
RPQOMLLLOHNFFDN56CA,50,28.38,住家用,磚造,57年4月6日,一層,一層
RPTNMLTKOHNFFCN37CA,,159.97,見其他登記事項,鋼筋混凝土造,107年3月15日,三層,一層 二層 三層 見其他登記事項
RPROMLLLOHNFFDN66CA,27,21.68,住家用,鋼筋混凝土造,80年4月13日,五層,三層
RPROMLLLOHNFFDN66CA,27,7.16,見其他登記事項,鋼筋混凝土造,80年4月13日,五層,
RPPOMLTKOHNFFDN17CA,37,103.40,住家用,鋼筋混凝土加強磚造,69年11月20日,二層,一層 二層
RPRNMLOJOHNFFGN96CA,36,104.31,住商用,加強磚造,71年6月30日,二層,一層 二層 騎樓
RPQNMLSLNHNFFGN37CA,,173.81,住家用,鋼筋混凝土造,107年1月30日,三層,一層 二層 三層
RPVOMLLJOHNFFDN86CA,2,232.10,見其他登記事項,鋼筋混凝土造,105年5月17日,四層,一層 二層 三層 四層
RPVOMLLJOHNFFDN86CA,2,1.53,見其他登記事項,鋼筋混凝土造,105年5月17日,二層,
RPPNMLPLNHNFFHN07CA,37,86.96,住商用,加強磚造,69年11月24日,二層,一層 二層 騎樓
RPVNMLRJOHNFFGN67CA,23,48.84,住家用,鋼筋混凝土造,84年5月26日,八層,四層
RPVNMLRJOHNFFGN67CA,23,16.07,見其他登記事項,鋼筋混凝土造,84年5月26日,八層,
RPUNMLNKOHNFFDN96CA,2,99.27,見其他登記事項,鋼筋混凝土造,107年1月3日,十五層,七層
RPUNMLNKOHNFFDN96CA,2,80.19,見其他登記事項,鋼筋混凝土造,107年1月3日,十五層,
RPWNMLNKOHNFFDN17CA,2,82.99,見其他登記事項,鋼筋混凝土造,107年1月3日,十五層,十三層
RPWNMLNKOHNFFDN17CA,2,55.36,見其他登記事項,鋼筋混凝土造,107年1月3日,十五層,
RPVNMLNKOHNFFDN07CA,2,101.06,見其他登記事項,鋼筋混凝土造,107年1月3日,十五層,八層
RPVNMLNKOHNFFDN07CA,2,86.43,見其他登記事項,鋼筋混凝土造,107年1月3日,十五層,
RPUNMLKMNHNFFEN86CA,2,183.27,住家用,鋼筋混凝土造,105年6月28日,三層,一層 二層 三層 騎樓 見其他登記事項
RPQPMLTLNHNFFHN77CA,1,195.83,住家用,鋼筋混凝土造,106年5月18日,四層,一層 二層 三層 四層
RPPOMLKLOHNFFDN98CA,14,207.93,見其他登記事項,鋼筋混凝土造,92年11月24日,四層,一層 二層 三層 四層
RPTNMLKMNHNFFEN76CA,1,172.20,住家用,鋼筋混凝土造,106年1月17日,三層,一層 二層 三層 見其他登記事項
SPSNMLTLNHNFFFN67CA,27,254.19,住商用,鋼筋混凝土造,80年1月5日,四層,一層 二層 三層 四層 騎樓
RPSNMLTLNHNFFFN57CA,27,243.96,住商用,鋼筋混凝土造,80年1月5日,四層,一層 二層 三層 四層 騎樓
RPTNMLNJPHNFFGN17CA,,168.92,住家用,鋼筋混凝土造,107年2月9日,三層,一層 二層 三層 屋頂突出物
RPUNMLNJPHNFFGN27CA,,227.04,住家用,鋼筋混凝土造,107年2月9日,三層,一層 二層 三層 屋頂突出物
RPSNMLNJPHNFFGN07CA,,176.76,住家用,鋼筋混凝土造,107年2月9日,三層,一層 二層 三層 屋頂突出物
RPRNMLNJPHNFFGN96CA,,177.06,住家用,鋼筋混凝土造,107年2月9日,三層,一層 二層 三層 屋頂突出物
RPWNMLNKOHNFFEN27CA,22,219.25,住家用,鋼筋混凝土造,84年11月24日,四層,一層 二層 三層 四層
RPQNMLKLOHNFFDN98CA,23,103.50,見其他登記事項,鋼筋混凝土造,84年1月16日,九層,二層
RPQNMLKLOHNFFDN98CA,23,.36,見其他登記事項,鋼筋混凝土造,84年1月16日,九層,
RPQNMLKLOHNFFDN98CA,23,17.34,見其他登記事項,鋼筋混凝土造,84年1月16日,九層,
RPQNMLKLOHNFFDN98CA,23,9.05,見其他登記事項,鋼筋混凝土造,84年1月16日,九層,
RPQNMLKLOHNFFDN98CA,23,18.04,見其他登記事項,鋼筋混凝土造,84年1月16日,九層,
RPSNMLLLOHNFFHN07CA,2,190.35,見其他登記事項,鋼筋混凝土造,105年6月23日,三層,一層 二層 三層 屋頂突出物
RPXNMLMJOHNFFDN07CA,2,269.35,見其他登記事項,鋼筋混凝土造,105年6月23日,四層,一層 二層 三層 四層
RPOOMLKLOHNFFDN88CA,1,206.75,見其他登記事項,鋼筋混凝土造,106年6月7日,四層,一層 二層 三層 四層
RPWNMLLJOHNFFDN86CA,22,17.63,住家用,鋼筋混凝土造,85年2月12日,十三層,九層
RPWNMLLJOHNFFDN86CA,22,32.54,見其他登記事項,鋼筋混凝土造,85年2月12日,十三層,
RPSOMLLLOHNFFAN09CA,22,266.80,見其他登記事項,鋼筋混凝土造,85年4月15日,五層,一層 二層 三層 四層 五層 騎樓 地下層
RPWNMLOJOHNFFBN96CA,10,153.06,住家用,鋼筋混凝土造,96年12月26日,二層,一層 二層
RPOOMLKLOHNFFAN58CA,83,47.74,住家用,木造,23年11月1日,一層,一層
RPTNMLTKOHNFFEN57CA,,153.31,住家用,鋼筋混凝土造,107年1月25日,三層,一層 二層 三層 見其他登記事項
RPVNMLKLOHNFFBN66CA,21,169.62,住家用,鋼筋混凝土造,86年5月15日,四層,一層 二層 三層 四層 騎樓
RPVNMLKMNHNFFBN66CA,25,145.96,住家用,鋼筋混凝土造,82年11月4日,三層,一層 二層 三層
RPSNMLTKOHNFFEN47CA,,164.38,住家用,鋼筋混凝土造,107年1月25日,三層,一層 二層 三層 見其他登記事項
RPQNMLTKOHNFFEN27CA,,181.74,住家用,鋼筋混凝土造,107年1月25日,三層,一層 二層 三層 見其他登記事項
RPWNMLPJOHNFFAN96CA,23,79.24,住家用,鋼筋混凝土造,83年12月21日,五層,五層
RPWNMLPJOHNFFAN96CA,23,11.08,見其他登記事項,鋼筋混凝土造,83年12月21日,五層,
RPQOMLRJOHNFFAN66CA,29,96.82,住家用,鋼筋混凝土造,78年1月30日,八層,一層
RPUOMLKLOHNFFAN56CA,38,83.50,住家用,鋼筋混凝土造,69年9月26日,五層,四層
RPQNMLLLOHNFFAN78CA,40,112.12,住家用,鋼筋混凝土造,67年8月9日,二層,一層 二層
RPQNMLPKOHNFFAN09CA,36,91.18,住家用,鋼筋混凝土造,71年4月13日,四層,四層
RPOOMLLJOHNFFAN48CA,34,82.20,住家用,鋼筋混凝土造,73年10月12日,五層,一層
RPOOMLLJOHNFFAN48CA,34,17.83,見其他登記事項,鋼筋混凝土造,73年10月2日,五層,
RPQNMLLMNHNFFAN78CA,27,101.74,住家用,鋼筋混凝土造,80年4月17日,五層,四層
RPQNMLLMNHNFFAN78CA,27,5.06,見其他登記事項,鋼筋混凝土造,80年4月17日,五層,
RPQNMLLMNHNFFAN78CA,27,10.80,見其他登記事項,鋼筋混凝土造,80年4月17日,五層,
RPQNMLLMNHNFFAN78CA,27,13.66,見其他登記事項,鋼筋混凝土造,80年4月17日,五層,
RPXNMLKMNHNFFAN76CA,6,188.63,見其他登記事項,鋼筋混凝土造,100年11月21日,四層,一層 二層 三層 四層
RPUNMLNKOHNFFAN66CA,43,82.50,住家用,鋼筋混凝土加強磚造,64年1月30日,二層,一層 二層
RPSNMLRJOHNFFAN76CA,26,103.34,住家用,鋼筋混凝土造,80年11月19日,七層,一層
RPSNMLRJOHNFFAN76CA,26,32.47,見其他登記事項,鋼筋混凝土造,80年11月19日,七層,
RPVNMLNKOHNFFAN76CA,35,93.16,住家用,鋼筋混凝土造,72年9月27日,五層,四層
RPXPMLLKOHNFFAN96CA,15,140.24,住家用,鋼筋混凝土造,92年9月29日,三層,一層 二層 三層
RPTPMLLKOHNFFAN56CA,12,145.83,見其他登記事項,鋼筋混凝土造,95年7月28日,四層,一層 二層 三層 四層
RPWPMLLKOHNFFAN86CA,22,197.57,住家用,鋼筋混凝土造,84年12月26日,四層,一層 二層 三層 四層
RPUNMLOJOHNFFAN66CA,27,232.34,見其他登記事項,見其他登記事項,80年10月12日,二層,一層 二層
RPUNMLTKOHNFFCN47CA,,159.35,見其他登記事項,鋼筋混凝土造,107年3月15日,三層,一層 二層 三層 見其他登記事項
RPWNMLTKOHNFFCN67CA,,159.35,見其他登記事項,鋼筋混凝土造,107年3月15日,三層,一層 二層 三層 見其他登記事項
RPSNMLTKOHNFFAN07CA,24,85.78,住家用,鋼筋混凝土造,83年6月23日,十三層,十一層
RPSNMLTKOHNFFAN07CA,24,16.94,見其他登記事項,鋼筋混凝土造,83年6月23日,十三層,
RPSNMLTKOHNFFAN07CA,24,7.65,停車空間,鋼筋混凝土造,83年6月23日,十三層,
RPQNMLKMNHNFFDN98CA,35,62.97,住家用,鋼筋混凝土造,72年2月5日,四層,一層
RPQNMLKMNHNFFDN98CA,35,62.97,住家用,鋼筋混凝土造,72年2月5日,四層,二層
RPVNMLTLNHNFFBN47CA,22,568.87,住家用,鋼筋混凝土造,85年8月20日,五層,一層 二層 三層 四層 五層 騎樓
RPVNMLTLNHNFFBN47CA,22,436.66,住家用,鋼筋混凝土造,85年8月20日,五層,一層 二層 三層 四層 五層 騎樓
RPOOMLTKOHNFFCN96CA,,159.35,見其他登記事項,鋼筋混凝土造,107年3月15日,三層,一層 二層 三層 見其他登記事項
RPPOMLTKOHNFFCN07CA,,159.35,見其他登記事項,鋼筋混凝土造,107年3月15日,三層,一層 二層 三層 見其他登記事項
RPPOMLMLOHNFFAN88CA,21,201.24,見其他登記事項,鋼筋混凝土造,86年10月20日,三層,一層 二層 三層 地下層
RPPOMLMLOHNFFAN88CA,21,20.84,見其他登記事項,鋼筋混凝土造,86年10月20日,十三層,
RPVNMLTKOHNFFEN77CA,,170.61,住家用,鋼筋混凝土造,107年1月25日,三層,一層 二層 三層 見其他登記事項
RPWNMLTKOHNFFEN87CA,,151.54,住家用,鋼筋混凝土造,107年1月25日,三層,一層 二層 三層 見其他登記事項
RPTNMLMLOHNFFCN76CA,,231.52,見其他登記事項,鋼筋混凝土造,107年2月14日,三層,一層 二層 見其他登記事項
RPQOMLTKOHNFFCN17CA,,159.35,見其他登記事項,鋼筋混凝土造,107年3月15日,三層,一層 二層 三層 見其他登記事項
RPPNMLLJOHNFFEN88CA,1,168.75,住家用,鋼筋混凝土造,106年8月16日,三層,一層 二層 三層 見其他登記事項
RPOPMLRJOHNFFAN56CA,4,172.13,住家用,鋼筋混凝土造,102年12月23日,四層,一層 二層 三層 四層
RPPNMLQLOHNFFCN76CA,1,197.70,見其他登記事項,鋼筋混凝土加強磚造,106年2月16日,四層,一層 二層 三層 四層
RPTNMLMLOHNFFAN66DA,24,1.43,住家用,鋼筋混凝土造,83年8月31日,十二層,地下層
RPTNMLMLOHNFFAN66DA,24,11.52,見其他登記事項,鋼筋混凝土造,83年8月31日,十二層,
RPSOMLTLNHNFFAN27DA,43,72.46,住家用,加強磚造,64年1月14日,三層,一層 二層 三層
RPTNMLPLOHNFFHN67DA,21,173.29,住家用,加強磚造,85年11月30日,三層,一層 二層 三層
RPPOMLPLOHNFFAN66DA,24,98.34,見其他登記事項,鋼筋混凝土造,83年8月31日,十二層,二層
RPPOMLPLOHNFFAN66DA,24,10.77,見其他登記事項,鋼筋混凝土造,83年8月31日,十二層,
RPSNMLRJOHNFFBN86CA,39,317.22,住商用,鋼筋混凝土加強磚造,67年12月30日,四層,一層 二層 三層 四層 騎樓
RPQNMLPJOHNFFBN56DA,23,95.94,住家用,鋼筋混凝土造,84年5月20日,七層,一層
RPQNMLPJOHNFFBN56DA,23,30.63,見其他登記事項,鋼筋混凝土造,84年5月20日,七層,
RPUNMLNKOHNFFGN27CA,3,377.29,見其他登記事項,鋼筋混凝土造,104年5月7日,四層,一層 二層 三層 四層 騎樓
RPXNMLTKOHNFFEN97CA,,127.29,住家用,鋼筋混凝土造,107年1月25日,三層,一層 二層 三層
RPTOMLPLOHNFFGN57CA,12,345.40,農舍,鋼筋混凝土造,95年5月10日,三層,一層 二層 三層 騎樓
RPPNMLLMNHNFFHN76CA,4,163.40,住家用,鋼筋混凝土造,102年11月27日,三層,一層 二層 三層 屋頂突出物
RPQOMLLKOHNFFHN86CA,45,35.78,住家用,加強磚造,62年9月1日,二層,一層 二層
RPOOMLMJOHNFFDN88CA,35,175.17,住商用,鋼筋混凝土造,71年12月7日,三層,一層 二層 三層 騎樓
RPPOMLMJOHNFFDN98CA,,171.30,見其他登記事項,鋼筋混凝土造,107年1月9日,四層,一層 二層 三層 四層
RPPNMLLMNHNFFEN09CA,32,98.08,住家用,鋼筋混凝土造,74年11月28日,二層,一層 二層
RPXNMLNKOHNFFDN27CA,,60.80,見其他登記事項,鋼筋混凝土造,107年1月3日,十五層,一層
RPXNMLNKOHNFFDN27CA,,61.34,見其他登記事項,鋼筋混凝土造,107年1月3日,十五層,
RPQOMLMJOHNFFDN09CA,,174.82,見其他登記事項,鋼筋混凝土造,107年1月9日,四層,一層 二層 三層 四層
RPOOMLNKOHNFFDN09CA,,91.18,見其他登記事項,鋼筋混凝土造,107年1月3日,十五層,三層
RPOOMLNKOHNFFDN09CA,,60.54,見其他登記事項,鋼筋混凝土造,107年1月3日,十五層,
RPROMLNKOHNFFDN76CA,2,70.79,見其他登記事項,鋼筋混凝土造,107年1月3日,十五層,十二層
RPROMLNKOHNFFDN76CA,2,50.58,見其他登記事項,鋼筋混凝土造,107年1月3日,十五層,
RPSOMLMJOHNFFDN66CA,,187.11,見其他登記事項,鋼筋混凝土造,107年1月9日,四層,一層 二層 三層 四層 騎樓 見其他登記事項
RPQOMLNKOHNFFDN66CA,2,97.81,見其他登記事項,鋼筋混凝土造,107年1月3日,十五層,十三層
RPQOMLNKOHNFFDN66CA,2,63.86,見其他登記事項,鋼筋混凝土造,107年1月3日,十五層,
RPPOMLNKOHNFFDN56CA,2,67.02,見其他登記事項,鋼筋混凝土造,107年1月3日,十五層,五層
RPPOMLNKOHNFFDN56CA,2,47.53,見其他登記事項,鋼筋混凝土造,107年1月3日,十五層,
RPVNMLLJOHNFFCN66CA,24,31.04,見其他登記事項,鋼筋混凝土造,83年3月16日,九層,
RPVNMLLJOHNFFCN66CA,24,88.37,住家用,鋼筋混凝土造,83年3月16日,九層,六層
RPXNMLLLOHNFFBN96CA,,181.92,見其他登記事項,鋼筋混凝土造,107年1月10日,三層,一層 二層 三層 見其他登記事項
RPROMLMJOHNFFDN56CA,,166.03,見其他登記事項,鋼筋混凝土造,107年1月9日,四層,一層 二層 三層 四層
RPSNMLOJOHNFFCN66CA,20,191.02,住商用,鋼筋混凝土造,87年6月4日,四層,一層 二層 三層 四層
RPQNMLPLOHNFFBN66CA,1,199.12,見其他登記事項,鋼筋混凝土造,106年5月25日,四層,一層 二層 三層 四層
RPTNMLLKOHNFFFN86CA,2,210.36,見其他登記事項,鋼筋混凝土造,104年12月28日,三層,一層 二層 三層
RPSNMLPLOHNFFBN86CA,1,199.12,見其他登記事項,鋼筋混凝土造,106年5月25日,四層,一層 二層 三層 四層
RPTNMLMLOHNFFBN66CA,,181.92,見其他登記事項,鋼筋混凝土造,107年1月10日,三層,一層 二層 三層 見其他登記事項
RPPOMLOKOHNFFCN56CA,,190.34,見其他登記事項,鋼筋混凝土造,107年2月12日,四層,一層 二層 三層 四層
RPQNMLPJOHNFFCN56CA,,177.81,見其他登記事項,鋼筋混凝土造,107年2月12日,四層,一層 二層 三層 四層
RPUNMLMLOHNFFBN76CA,1,160.97,見其他登記事項,鋼筋混凝土造,106年6月29日,三層,一層 二層 三層 見其他登記事項
RPPNMLMJOHNFFBN68CA,26,139.28,住家用,鋼筋混凝土造,81年9月3日,三層,一層 二層 三層 騎樓
RPQNMLMJOHNFFBN78CA,29,136.23,住家用,鋼筋混凝土造,78年3月6日,三層,一層 二層 三層 騎樓
RPSNMLLMNHNFFDN66CA,24,148.39,住家用,鋼筋混凝土造,83年5月3日,三層,一層 二層 三層
RPXNMLOJOHNFFBN07CA,40,102.40,,鋼筋混凝土加強磚造,67年10月3日,二層,一層 二層 騎樓
RPTNMLLKOHNFFDN66CA,5,220.83,住家用,鋼筋混凝土造,102年1月3日,四層,一層 二層 三層 四層
RPSOMLRJOHNFFAN86CA,45,91.68,住家用,鋼筋混凝土造,62年8月8日,四層,一層 二層 三層 四層
RPXNMLPJOHNFFAN07CA,24,127.61,見其他登記事項,鋼筋混凝土造,83年4月14日,八層,一層 騎樓 地下層
RPXNMLPJOHNFFAN07CA,24,18.80,見其他登記事項,鋼筋混凝土造,83年4月14日,八層,
RPROMLLJOHNFFAN78CA,20,141.53,住家用,鋼筋混凝土造,86年12月15日,三層,一層 二層 三層
RPPOMLLJOHNFFAN58CA,21,62.89,住家用,鋼筋混凝土造,86年5月26日,十七層,八層
RPPOMLLJOHNFFAN58CA,21,36.64,見其他登記事項,鋼筋混凝土造,86年5月26日,十七層,
SPTNMLQLOHNFFAN07CA,,244.24,住家用,鋼筋混凝土造,107年1月11日,四層,一層 二層 三層 四層
RPTNMLQLOHNFFAN96CA,,247.74,住家用,鋼筋混凝土造,107年1月11日,四層,一層 二層 三層 四層
RPRNMLSJOHNFFAN76CA,30,165.96,見其他登記事項,鋼筋混凝土造,76年11月23日,三層,一層 二層 三層 地下層
RPQNMLLJOHNFFAN58CA,47,355.52,住家用,鋼筋混凝土加強磚造,59年12月18日,四層,一層 二層 三層 四層 騎樓
RPVNMLPLOHNFFAN07CA,,186.94,見其他登記事項,鋼筋混凝土造,106年12月19日,三層,一層 二層 三層 屋頂突出物
RPWNMLPLOHNFFAN17CA,,211.83,見其他登記事項,鋼筋混凝土造,106年12月19日,三層,一層 二層 三層 屋頂突出物 騎樓
RPXNMLPLOHNFFAN27CA,11,175.03,見其他登記事項,鋼筋混凝土造,95年12月26日,四層,一層 二層 三層 四層
RPXNMLPLOHNFFAN27CA,11,41.14,見其他登記事項,鋼筋混凝土造,95年12月26日,一層,
RPSOMLLJOHNFFAN88CA,25,274.03,住家用,鋼筋混凝土造,82年9月7日,五層,一層 二層 三層 四層 五層 騎樓
RPSNMLTKOHNFFCN27CA,,192.54,見其他登記事項,鋼筋混凝土造,107年2月12日,四層,一層 二層 三層 四層
RPVNMLMLOHNFFBN86CA,1,160.97,見其他登記事項,鋼筋混凝土造,106年6月29日,三層,一層 二層 三層 見其他登記事項
RPVNMLLLOHNFFCN86CA,,183.28,見其他登記事項,鋼筋混凝土造,107年2月12日,四層,一層 二層 三層 四層
RPQNMLKLOHNFFCN88CA,,189.25,見其他登記事項,鋼筋混凝土造,107年2月12日,四層,一層 二層 三層 四層
RPTOMLLJOHNFFDN66CA,1,91.34,見其他登記事項,鋼筋混凝土造,106年7月6日,十層,十層
RPTOMLLJOHNFFDN66CA,1,14.24,見其他登記事項,鋼筋混凝土造,106年7月6日,十層,
RPTOMLLJOHNFFDN66CA,1,48.36,見其他登記事項,鋼筋混凝土造,106年7月6日,十層,
RPQOMLLJOHNFFCN88CA,20,142.23,住家用,鋼筋混凝土造,86年11月5日,三層,一層 二層 三層 電梯樓梯間
RPVNMLLJOHNFFBN56CA,6,171.18,住家用,鋼筋混凝土造,101年7月4日,四層,一層 二層 三層 四層
RPSOMLLJOHNFFDN56CA,1,68.79,見其他登記事項,鋼筋混凝土造,106年7月6日,十層,八層
RPSOMLLJOHNFFDN56CA,1,18.77,見其他登記事項,鋼筋混凝土造,106年7月6日,十層,
RPSOMLLJOHNFFDN56CA,1,10.87,見其他登記事項,鋼筋混凝土造,106年7月6日,十層,
RPQNMLPLOHNFFCN76CA,,193.09,見其他登記事項,鋼筋混凝土造,107年2月12日,四層,一層 二層 三層 四層
RPSNMLMLOHNFFCN66CA,,188.16,見其他登記事項,鋼筋混凝土造,107年2月12日,四層,一層 二層 三層 四層
RPUNMLQLOHNFFCN27CA,36,98.98,住工用,加強磚造,71年2月3日,二層,一層 二層 騎樓
RPUNMLQLOHNFFDN37CA,29,147.14,住家用,鋼筋混凝土造,78年3月2日,二層,一層 二層 夾層
RPXNMLLJOHNFFFN17CA,42,116.34,住宅,加強磚造,65年9月1日,二層,一層 二層 騎樓
RPOOMLTKOHNFFEN17CA,,148.49,住家用,鋼筋混凝土造,107年1月25日,三層,一層 二層 三層 見其他登記事項
RPQNMLRLOHNFFEN17CA,,155.94,住家用,鋼筋混凝土造,107年3月27日,三層,一層 二層 三層
RPVNMLOKOHNFFCN07CA,,178.71,見其他登記事項,鋼筋混凝土造,107年2月26日,四層,一層 二層 三層 四層 見其他登記事項
RPWNMLOKOHNFFCN17CA,,179.30,見其他登記事項,鋼筋混凝土造,107年2月26日,四層,一層 二層 三層 四層 見其他登記事項
RPWNMLTKOHNFFDN77CA,23,180.58,住家用,鋼筋混凝土造,84年1月27日,四層,一層 二層 三層 四層
RPWNMLTKOHNFFDN77CA,23,43.83,停車空間,鋼筋混凝土造,84年1月27日,四層,
RPPNMLSLOHNFFGN37CA,24,64.99,農舍,加強磚造,83年7月7日,一層,一層
RPPNMLSLOHNFFGN37CA,18,152.97,見其他登記事項,見其他登記事項,88年11月26日,一層,一層
SPVOMLPLOHNFFGN87CA,6,3805.04,見其他登記事項,見其他登記事項,101年7月5日,二層,一層 二層
RPVOMLPLOHNFFGN77CA,6,3805.04,見其他登記事項,見其他登記事項,101年7月5日,二層,一層 二層
RPVNMLLJOHNFFHN17CA,37,87.31,住商用,加強磚造,69年12月31日,二層,一層 二層
RPXNMLPKOHNFFHN87CA,36,100.00,住商用,加強磚造,70年12月5日,二層,一層 二層
RPUNMLLJOHNFFAN09DA,69,41.09,住家用,磚造,37年12月15日,一層,一層
RPUNMLLJOHNFFAN09DA,45,157.51,住商用,鋼筋混凝土加強磚造,62年7月27日,五層,一層 二層 三層 四層 五層 騎樓
RPTNMLLJOHNFFHN96CA,,168.27,見其他登記事項,鋼筋混凝土造,107年2月6日,三層,一層 二層 三層 屋頂突出物
RPSNMLLJOHNFFHN86CA,2,166.40,見其他登記事項,鋼筋混凝土造,105年9月23日,四層,一層 二層 三層 四層
RPQNMLQJOHNFFHN17CA,3,180.51,見其他登記事項,鋼筋混凝土造,104年1月23日,三層,一層 二層 三層 屋頂突出物
RPQNMLSLOHNFFDN17CA,1,546.00,見其他登記事項,鋼筋混凝土造,105年11月15日,五層,一層 二層 三層 四層 五層
