﻿鄉鎮市區,交易標的,土地區段位置/建物區段門牌,土地面積(平方公尺),都市土地使用分區,非都市土地使用分區,非都市土地使用編定,租賃年月日,租賃筆棟數,租賃層次,總樓層數,建物型態,主要用途,主要建材,建築完成年月,建物總面積(平方公尺),建物現況格局-房,建物現況格局-廳,建物現況格局-衛,建物現況格局-隔間,有無管理組織,有無附傢俱,總額(元),單價(元/平方公尺),車位類別,車位面積(平方公尺),車位總額(元),備註,編號
The villages and towns urban district,transaction sign,land sector position/building sector house number plate,land shifting total area (square meter),the use zoning or compiles and checks,the non-metropolis land use district,non-metropolis land use,transaction year, month and day,transaction pen number,shifting level,total floor number,building state,main use,main building materials,construction to complete the years,building shifting total area,Building present situation pattern - room,building present situation pattern - hall,building present situation pattern - health,building present situation pattern - compartmented,Whether there is manages the organization,Whether there is attaches the furniture,total price (Yuan),the unit price (a Yuan/square meter),the berth category,berth shifting total area (square meter),the berth total price (Yuan),the note,serial number
彰化市,建物,彰化縣彰化市延平路451~480號,0.0,住,,,1070512,土地0建物1車位0,全,2,透天厝,住家用,加強磚造,0730824,94.08,4,3,3,有,無,有,15000,159,,0.0,0,,RPROMLMLNHNFFAN56CC
員林市,建物,彰化縣員林市育英路22巷1~30號,19.0,商,,,1070521,土地0建物1車位0,十層,16,住宅大樓(11層含以上有電梯),見其他登記事項,鋼筋混凝土造,0840821,53.22,4,2,2,有,有,有,13000,244,,0.0,0,,RPPNMLMLNHNFFDN56CC
員林市,建物,彰化縣員林市中山路二段187巷31~60號,10.0,住,,,1070517,土地0建物1車位0,二層,2,套房(1房1廳1衛),住家用,鋼筋混凝土加強磚造,0630218,15.0,1,0,1,有,無,有,6800,453,,0.0,0,,RPQNMLMLNHNFFDN66CC
彰化市,建物,彰化縣彰化市民生路421~450號,0.0,商,,,1070518,土地0建物1車位0,六層,10,華廈(10層含以下有電梯),住家用,鋼筋混凝土造,0800919,105.35,3,2,2,有,無,有,10000,95,,0.0,0,,RPTNMLNLNHNFFAN76CC
