﻿鄉鎮市區,交易標的,土地區段位置/建物區段門牌,土地移轉總面積(平方公尺),都市土地使用分區,非都市土地使用分區,非都市土地使用編定,交易年月日,交易筆棟數,移轉層次,總樓層數,建物型態,主要用途,主要建材,建築完成年月,建物移轉總面積(平方公尺),建物現況格局-房,建物現況格局-廳,建物現況格局-衛,建物現況格局-隔間,有無管理組織,總價(元),單價(元/平方公尺),車位類別,車位移轉總面積(平方公尺),車位總價(元),備註,編號
The villages and towns urban district,transaction sign,land sector position/building sector house number plate,land shifting total area (square meter),the use zoning or compiles and checks,the non-metropolis land use district,non-metropolis land use,transaction year, month and day,transaction pen number,shifting level,total floor number,building state,main use,main building materials,construction to complete the years,building shifting total area,Building present situation pattern - room,building present situation pattern - hall,building present situation pattern - health,building present situation pattern - compartmented,Whether there is manages the organization,total price (Yuan),the unit price (a Yuan/square meter),the berth category,berth shifting total area (square meter),the berth total price (Yuan),the note,serial number
新竹市,房地(土地+建物),新竹市新竹市勝利路301~330號,6.06,商,,,1070414,土地1建物1車位0,一層,五層,套房(1房1廳1衛),見其他登記事項,鋼筋混凝土造,0950713,23.3,1,1,1,有,無,1400000,60086,,0.0,0,,RPQOMLMLNHNFFAO98CA
新竹市,土地,南門段二小段391~420地號,11.2,商,,,1070418,土地2建物0車位0,,,其他,,,,0.0,0,0,0,有,無,2422000,216250,,0.0,0,親友、員工或其他特殊關係間之交易。,RPTOMLMLNHNFFAO66CA
新竹市,房地(土地+建物),新竹市新竹市新源街121~150號,29.33,住,,,1070320,土地1建物1車位0,四層,十二層,住宅大樓(11層含以上有電梯),見其他登記事項,鋼筋混凝土造,0870410,141.73000000000002,3,2,2,有,有,7800000,55034,,0.0,0,,RPUOMLMLNHNFFAO76CA
新竹市,房地(土地+建物),新竹市新竹市東大路二段217巷31~60號,18.23,住,,,1070510,土地1建物1車位0,二層,五層,公寓(5樓含以下無電梯),見使用執照,鋼筋混凝土造,,59.64,3,2,2,有,無,2250000,37726,,0.0,0,親友間交易。,RPOPMLMLNHNFFAO88CA
新竹市,房地(土地+建物)+車位,新竹市新竹市新莊街185巷31~60號,10.16,住,,,1070424,土地1建物1車位1,七層,十一層,套房(1房1廳1衛),見其他登記事項,鋼筋混凝土造,0961228,66.58,1,1,1,有,有,5000000,75098,坡道平面,0.0,0,,RPTNMLNLNHNFFAO66CA
新竹市,土地,自由段721~750地號,30.0,其他,,,1070510,土地1建物0車位0,,,其他,,,,0.0,0,0,0,有,無,400000,13333,,0.0,0,(包含)公共設施保留地之交易。,RPWNMLNLNHNFFAO96CA
新竹市,房地(土地+建物)+車位,新竹市新竹市龍山東路271~300號,50.69,住,,,1070312,土地1建物1車位3,十一層,二十三層,住宅大樓(11層含以上有電梯),見其他登記事項,鋼筋混凝土造,1010710,387.18,4,2,3,有,有,19780000,60262,坡道平面,103.75,2700000,車位總價中無法拆分個別車位價格:車位優惠價,RPWPMLNLNHNFFAO17CA
新竹市,房地(土地+建物)+車位,新竹市新竹市龍山東路271~300號,49.46,住,,,1070222,土地1建物1車位2,十六層,二十三層,住宅大樓(11層含以上有電梯),見其他登記事項,鋼筋混凝土造,1010710,346.84000000000003,4,2,3,有,有,20050000,61135,坡道平面,63.04,2700000,,RPXPMLNLNHNFFAO27CA
新竹市,房地(土地+建物)+車位,新竹市新竹市龍山東路271~300號,37.09,住,,,1070403,土地1建物1車位3,十一層,二十二層,住宅大樓(11層含以上有電梯),見其他登記事項,鋼筋混凝土造,1010710,303.76,3,2,2,有,有,16000000,65776,坡道平面,101.56,2700000,車位總價中無法拆分個別車位價格:車位優惠價:權利人為2人,RPOQMLNLNHNFFAO09CA
新竹市,房地(土地+建物)+車位,新竹市新竹市龍山東路271~300號,42.04,住,,,1061221,土地1建物1車位2,十一層,二十四層,住宅大樓(11層含以上有電梯),見其他登記事項,鋼筋混凝土造,1010710,300.6,4,2,3,有,有,17000000,61605,坡道平面,65.23,2500000,,RPROMLPLNHNFFAO76CA
新竹市,房地(土地+建物)+車位,新竹市新竹市北大路92巷31~60號,33.98,住,,,1070403,土地1建物1車位1,五層,九層,華廈(10層含以下有電梯),見其他登記事項,鋼筋混凝土造,1041005,223.94,4,2,2,有,有,17330000,77387,升降平面,0.0,0,,RPUPMLPLNHNFFAO17CA
新竹市,房地(土地+建物),新竹市新竹市中正路482巷31~60號,40.27,住,,,1070430,土地4建物1車位0,一層,五層,公寓(5樓含以下無電梯),住家用,鋼筋混凝土造,,96.9,3,2,2,有,無,2234094,23056,,0.0,0,,RPOPMLPLNHNFFAO56CA
新竹市,房地(土地+建物)+車位,新竹市新竹市北大路1~30號,11.76,商,,,1070412,土地2建物1車位1,四層,九層,華廈(10層含以下有電梯),辦公室,鋼筋混凝土造,0990810,44.47,2,2,1,有,有,7000000,157409,升降平面,31.54,0,,RPTQMLPLNHNFFAO17CA
新竹市,土地,金雅段271~300地號,170.85,,鄉村區,乙種建築用地,1070508,土地1建物0車位0,,,其他,,,,0.0,0,0,0,有,無,18088000,105871,,0.0,0,,RPPPMLRLNHNFFAO86CA
新竹市,土地,東光段961~990地號,1600.87,工,,,1070416,土地7建物0車位0,,,其他,,,,0.0,0,0,0,有,無,162130985,101277,,0.0,0,,RPSNMLSLNHNFFAO07CA
新竹市,土地,東光段961~990地號,800.43,工,,,1070416,土地7建物0車位0,,,其他,,,,0.0,0,0,0,有,無,81065492,101277,,0.0,0,,RPTNMLSLNHNFFAO17CA
新竹市,土地,東光段931~960地號,800.43,工,,,1070416,土地7建物0車位0,,,其他,,,,0.0,0,0,0,有,無,81065492,101277,,0.0,0,,RPUNMLSLNHNFFAO27CA
新竹市,建物,新竹市新竹市公園路216巷1~30號,0.0,,,,1070416,土地0建物5車位0,一層，二層，地下層,二層,店面(店鋪),見使用執照,鋼筋混凝土造,0800806,1403.62,80,15,24,有,無,3696840,2634,,0.0,0,,RPVNMLSLNHNFFAO37CA
新竹市,房地(土地+建物),新竹市新竹市自由路95巷18弄1~30號,5.03,商,,,1070422,土地1建物1車位0,二層,八層,套房(1房1廳1衛),辦公室,鋼筋混凝土造,0950415,32.57,1,1,1,有,有,2300000,70617,,0.0,0,,RPTPMLSLNHNFFAO37CA
新竹市,房地(土地+建物),新竹市新竹市光復路一段361~390號,43.76,住,,,1070115,土地1建物4車位0,二層,四層,公寓(5樓含以下無電梯),住家用,鋼筋混凝土造,0770211,115.12,6,6,6,有,無,8574710,74485,,0.0,0,,RPWNMLKMNHNFFAO76CA
新竹市,車位,新竹市新竹市忠孝路72巷1~30號,1.44,其他,,,1070420,土地0建物0車位1,一層,十層,其他,見其他登記事項,鋼筋混凝土造,1050104,39.85,0,0,0,有,有,750000,,坡道平面,0.0,750000,,RPXNMLKMNHNFFAO86CA
新竹市,土地,長春段1291~1320地號,43.76,住,,,1070115,土地1建物0車位0,,,其他,,,,0.0,0,0,0,有,無,8315160,190017,,0.0,0,,RPOOMLKMNHNFFAO68CA
新竹市,房地(土地+建物),新竹市新竹市延平路三段667巷1~30號,18.31,住,,,1070413,土地1建物1車位0,四層,七層,華廈(10層含以下有電梯),住家用,鋼筋混凝土造,0831128,99.13000000000001,3,2,2,有,有,3400000,34298,,0.0,0,,RPXOMLKMNHNFFAO96CA
新竹市,房地(土地+建物)+車位,新竹市新竹市慈雲路91~120號,11.36,商,,,1070415,土地1建物1車位1,七層,二十八層,住宅大樓(11層含以上有電梯),見其他登記事項,鋼筋混凝土造,1050125,181.36,3,2,2,有,有,13650000,75265,坡道平面,0.0,0,,RPQPMLLMNHNFFAO09CA
新竹市,房地(土地+建物),新竹市新竹市東大路二段181~210號,30.4,住,,,1070421,土地1建物1車位0,十層,十層,華廈(10層含以下有電梯),住家用,鋼筋混凝土造,0870615,166.43,3,2,2,有,有,6700000,40257,,0.0,0,,RPPSMLLJOHNFFAO09CA
新竹市,房地(土地+建物),新竹市新竹市大庄路228巷31~60號,17.09,住,,,1070324,土地1建物1車位0,六層,七層,華廈(10層含以下有電梯),住家用,鋼筋混凝土造,0840127,92.84,3,2,2,有,有,4000000,43085,,0.0,0,,RPSNMLMJOHNFFAO98CA
新竹市,房地(土地+建物),新竹市新竹市光復路一段41巷1~30號,15.09,住,,,1070430,土地2建物1車位0,四層,六層,華廈(10層含以下有電梯),住家用,鋼筋混凝土造,0850513,84.3,3,2,1,有,無,3500000,41518,,0.0,0,增建:陽台外推,RPTNMLMJOHNFFAO09CA
新竹市,房地(土地+建物)+車位,新竹市新竹市光華南街61~90號,45.78,住,,,1070409,土地1建物1車位1,四層,七層,華廈(10層含以下有電梯),住家用,鋼筋混凝土造,0820828,218.8,4,2,2,有,有,9600000,43876,坡道平面,0.0,0,,RPUPMLOJOHNFFAO96CA
新竹市,房地(土地+建物),新竹市新竹市東大路四段211~240號,80.24,住,,,1070507,土地1建物1車位0,全,二層,透天厝,住家用,加強磚造,0680314,143.81,4,2,3,有,無,8400000,58410,,0.0,0,,RPQOMLSJOHNFFAO86CA
新竹市,土地,崙子段1081~1110地號,290.0,,鄉村區,乙種建築用地,1070508,土地2建物0車位0,,,其他,,,,0.0,0,0,0,有,無,13158750,45375,,0.0,0,,RPVOMLTKOHNFFAO57CA
新竹市,房地(土地+建物),新竹市新竹市新竹市中華路六段205巷1~30號,291.95,,特定農業區,甲種建築用地,1070423,土地3建物2車位0,一層，二層，騎樓,二層,店面(店鋪),住家用,加強磚造,0740912,424.2,0,0,0,無,無,14388888,33920,,0.0,0,,RPRNMLSLNHNFFAO07DA
新竹市,房地(土地+建物),新竹市新竹市富群街91~120號,119.59,,山坡地保育區,丙種建築用地,1070410,土地6建物1車位0,全,四層,透天厝,住家用,鋼筋混凝土造,0870223,234.38,5,2,3,有,有,9200000,39252,,0.0,0,,RPQOMLSKOHNFFAO96CA
新竹市,土地,大庄段601~630地號,827.02,,特定農業區,農牧用地,1070426,土地1建物0車位0,,,其他,,,,0.0,0,0,0,有,無,3000000,3627,,0.0,0,,RPOOMLNLNHNFFAO98DA
新竹市,房地(土地+建物),新竹市新竹市大庄路86巷5弄1~30號,22.09,住,,,1070503,土地1建物1車位0,四層,五層,華廈(10層含以下有電梯),住家用,鋼筋混凝土造,0830301,97.16,3,2,2,有,有,3000000,30877,,0.0,0,,RPQNMLNLNHNFFAO56EA
新竹市,土地,士林段61~90地號,171.29,,鄉村區,乙種建築用地,1070306,土地1建物0車位0,,,其他,,,,0.0,0,0,0,有,無,10000000,58381,,0.0,0,,RPRNMLKMNHNFFAO09EA
新竹市,房地(土地+建物),新竹市新竹市中華路六段337巷1~30號,126.76,,山坡地保育區,丙種建築用地,1070109,土地1建物1車位0,全,二層,透天厝,住家用,加強磚造,0700824,153.4,4,2,2,有,無,5800000,37810,,0.0,0,,RPOOMLQJOHNFFAO66EA
新竹市,房地(土地+建物),新竹市新竹市南大路748巷3弄1~30號,114.63,住,,,1070424,土地3建物1車位0,全,二層,透天厝,住家用,鋼筋混凝土造,0781124,164.81,4,2,3,有,無,9360000,56793,,0.0,0,,RPQNMLTJOHNFFAO86CA
新竹市,房地(土地+建物),新竹市新竹市長和街82巷1~30號,7.82,商,,,1070504,土地4建物1車位0,二層,七層,套房(1房1廳1衛),住家用,鋼筋混凝土造,0840522,45.45,1,1,1,有,有,1680000,36964,,0.0,0,,RPOOMLTJOHNFFAO76CA
新竹市,房地(土地+建物)+車位,新竹市新竹市金城一路61~90號,53.01,住,,,1070328,土地1建物1車位1,八層,十二層,住宅大樓(11層含以上有電梯),見其他登記事項,見其他登記事項,1000713,179.70999999999998,3,2,2,有,有,11000000,61210,坡道平面,0.0,0,軍宅閉鎖期間之交易,RPVNMLLKOHNFFAO66CA
新竹市,房地(土地+建物),新竹市新竹市高翠路221巷2弄31~60號,105.41,住,,,1070417,土地1建物1車位0,全,四層,透天厝,住家用,鋼筋混凝土造,0870801,178.25,5,3,3,有,無,14300000,80224,,0.0,0,,RPTOMLMJOHNFFAO56CA
新竹市,房地(土地+建物)+車位,新竹市新竹市金城一路61~90號,53.39,住,,,1070416,土地1建物1車位1,十層,十三層,住宅大樓(11層含以上有電梯),見其他登記事項,見其他登記事項,1000713,180.82999999999998,3,2,2,有,有,8860000,48996,坡道平面,0.0,0,軍宅閉鎖期間之交易,RPPOMLPJOHNFFAO09CA
新竹市,房地(土地+建物)+車位,新竹市新竹市鐵道路一段28巷31~60號,19.64,商,,,1070506,土地1建物1車位1,十層,十四層,住宅大樓(11層含以上有電梯),見其他登記事項,鋼筋混凝土造,1000718,142.07,3,2,2,有,有,10660000,75033,坡道平面,0.0,0,,RPOPMLQJOHNFFAO56CA
新竹市,房地(土地+建物)+車位,新竹市新竹市金城一路91~120號,63.69,住,,,1070326,土地1建物1車位1,十三層,十四層,住宅大樓(11層含以上有電梯),見其他登記事項,見其他登記事項,1000713,215.5,4,2,2,有,有,13960000,64780,坡道平面,0.0,0,軍宅閉鎖期間之交易,RPPPMLQJOHNFFAO66CA
新竹市,房地(土地+建物)+車位,新竹市新竹市埔頂三路91~120號,22.74,住,,,1070414,土地1建物1車位2,十三層,十四層,住宅大樓(11層含以上有電梯),見其他登記事項,鋼筋混凝土造,1000501,196.55,4,2,2,有,有,12600000,64106,坡道平面,0.0,0,,RPVPMLQJOHNFFAO27CA
新竹市,房地(土地+建物)+車位,新竹市新竹市光華二街91~120號,22.97,住,,,1070414,土地1建物1車位1,五層,七層,華廈(10層含以下有電梯),住家用,鋼筋混凝土造,0860717,126.62,3,2,2,有,有,6250000,49360,坡道機械,0.0,0,增建:陽台外推,RPUNMLMJOHNFFAO56CA
新竹市,房地(土地+建物)+車位,新竹市新竹市立鵬路91~120號,12.94,商,,,1070421,土地1建物1車位1,二十層,二十五層,住宅大樓(11層含以上有電梯),見其他登記事項,鋼筋混凝土造,1031117,174.59,4,2,2,有,有,13250000,75892,坡道平面,0.0,0,增建:陽台外推,RPVNMLMJOHNFFAO66CA
新竹市,房地(土地+建物)+車位,新竹市新竹市埔頂三路91~120號,10.88,住,,,1070413,土地1建物1車位1,十層,十四層,住宅大樓(11層含以上有電梯),見其他登記事項,鋼筋混凝土造,1000501,87.4,4,2,2,有,有,5050000,57780,坡道平面,0.0,0,,RPQNMLMJOHNFFAO78CA
新竹市,房地(土地+建物),新竹市新竹市中正路1~30號,127.0,商,,,1070307,土地3建物2車位0,全,三層,透天厝,商業用,加強磚造,,292.08,6,2,8,有,無,120000000,410846,,0.0,0,兩戶打通,RPPOMLOJOHNFFAO98CA
新竹市,房地(土地+建物)+車位,新竹市新竹市金城一路61~90號,53.39,住,,,1070425,土地1建物1車位1,六層,十三層,住宅大樓(11層含以上有電梯),見其他登記事項,見其他登記事項,1000713,180.82999999999998,3,2,2,有,無,9600000,53089,坡道平面,0.0,0,軍宅閉鎖期間之交易,RPPOMLLJOHNFFAO68CA
新竹市,房地(土地+建物)+車位,新竹市新竹市金城一路91~120號,63.69,住,,,1070330,土地1建物1車位1,二層,十四層,住宅大樓(11層含以上有電梯),見其他登記事項,見其他登記事項,1000713,215.5,4,2,2,有,有,11200000,51972,坡道平面,0.0,0,軍宅閉鎖期間之交易,RPOPMLLJOHNFFAO68CA
新竹市,房地(土地+建物),新竹市新竹市中山路777巷1~30號,95.0,住,,,1070405,土地1建物1車位0,全,二層,透天厝,見使用執照,鋼筋混凝土造,0750719,118.0,6,3,4,有,無,8100000,68644,,0.0,0,,RPUPMLSLNHNFFAO47CA
新竹市,房地(土地+建物),新竹市新竹市民生路10巷1~30號,9.15,住,,,1070502,土地1建物1車位0,四層,八層,套房(1房1廳1衛),辦公室,鋼筋混凝土造,0961001,38.26,1,1,1,有,有,2800000,73183,,0.0,0,,RPQNMLQLNHNFFAO66CA
新竹市,房地(土地+建物),新竹市新竹市中正路284巷1~30號,30.05,住,,,1070403,土地2建物1車位0,四層,七層,華廈(10層含以下有電梯),住家用,鋼筋混凝土造,0810704,163.22,4,1,2,有,有,5400000,33084,,0.0,0,,RPWOMLSLNHNFFAO57CA
新竹市,房地(土地+建物),新竹市新竹市北門街61~90號,74.0,商,,,1070420,土地2建物1車位0,一層，二層，騎樓,二層,店面(店鋪),商業用,,,100.0,0,0,0,無,無,23500000,235000,,0.0,0,,RPQPMLRLNHNFFAO96CA
新竹市,房地(土地+建物),新竹市新竹市東勝路1~30號,24.85,住,,,1070418,土地1建物1車位0,二層,七層,華廈(10層含以下有電梯),住家用,鋼筋混凝土造,,138.49,4,2,2,有,無,7600000,54878,,0.0,0,,RPTOMLTLNHNFFAO37CA
新竹市,房地(土地+建物),新竹市新竹市田美三街58巷1~30號,33.6,住,,,1070425,土地2建物1車位0,二層,五層,華廈(10層含以下有電梯),住家用,鋼筋混凝土造,0811216,117.44,3,2,2,有,無,4350000,37040,,0.0,0,,RPUOMLTLNHNFFAO47CA
新竹市,房地(土地+建物),新竹市新竹市草漯街211~240號,150.68,,一般農業區,丙種建築用地,1070430,土地7建物1車位0,全,三層,透天厝,見其他登記事項,鋼筋混凝土造,1061213,194.62,4,2,4,有,有,9950000,51125,,0.0,0,,RPVNMLKMNHNFFAO66CA
新竹市,房地(土地+建物),新竹市新竹市文雅街118巷1~30號,43.22,住,,,1070415,土地2建物1車位0,五層,五層,公寓(5樓含以下無電梯),住家用,鋼筋混凝土造,,114.65,3,2,2,有,有,3550000,30964,,0.0,0,,RPVOMLPLNHNFFAO17CA
新竹市,房地(土地+建物)+車位,新竹市新竹市明湖路243巷91~120號,23.27,住,,,1070320,土地1建物1車位1,二層,七層,華廈(10層含以下有電梯),見其他登記事項,鋼筋混凝土造,0991228,141.04,3,2,2,有,有,7150000,50695,坡道平面,0.0,0,,RPVPMLOLNHNFFAO17CA
新竹市,房地(土地+建物),新竹市新竹市光華街91~120號,8.3,住,,,1070418,土地1建物1車位0,三層,七層,華廈(10層含以下有電梯),住家用,鋼筋混凝土造,,63.7,2,1,1,有,有,3300000,51805,,0.0,0,,RPPNMLOLNHNFFAO98CA
新竹市,房地(土地+建物),新竹市新竹市五福路二段1~30號,80.34,,一般農業區,丙種建築用地,1070411,土地1建物1車位0,全,四層,透天厝,住商用,鋼筋混凝土造,0870513,187.21,4,3,4,有,無,7000000,37391,,0.0,0,增值稅由買方繳納,RPSOMLOLNHNFFAO76CA
新竹市,房地(土地+建物),新竹市新竹市牛埔南路121~150號,88.28,住,,,1070402,土地2建物1車位0,全,五層,透天厝,見其他登記事項,鋼筋混凝土造,1070122,278.06,5,3,5,有,有,20000000,71927,,0.0,0,,RPVOMLOLNHNFFAO07CA
新竹市,房地(土地+建物)+車位,新竹市新竹市北大路1~30號,10.57,商,,,1070420,土地2建物1車位1,九層,十二層,住宅大樓(11層含以上有電梯),住家用,鋼筋混凝土造,0830517,128.42,3,2,2,有,有,6000000,46722,升降機械,0.0,0,,RPXNMLNLNHNFFAO07CA
新竹市,房地(土地+建物)+車位,新竹市新竹市經國路二段511~540號,20.65,商,,,1070412,土地2建物1車位1,三層,十三層,住宅大樓(11層含以上有電梯),見其他登記事項,鋼筋混凝土造,0951220,147.4,3,2,2,有,有,7840000,53189,坡道平面,0.0,0,,RPOPMLNLNHNFFAO98CA
新竹市,房地(土地+建物),新竹市新竹市明湖路1050巷31~60號,26.36,,山坡地保育區,丙種建築用地,1070418,土地3建物1車位0,五層,五層,公寓(5樓含以下無電梯),住家用,鋼筋混凝土造,0820617,100.59,3,2,1,有,有,2100000,20877,,0.0,0,,RPVPMLNLNHNFFAO07CA
新竹市,房地(土地+建物),新竹市新竹市中華路五段648巷91~120號,32.47,商,,,1070409,土地1建物1車位0,四層,五層,華廈(10層含以下有電梯),見其他登記事項,鋼筋混凝土造,1060330,97.60000000000001,3,2,2,有,有,5450000,55840,,0.0,0,,RPOPMLOLNHNFFAO09CA
新竹市,建物,新竹市新竹市力行一路1~30號,0.0,,,,1070420,土地0建物1車位0,一層，二層，三層，四層，五層，六層，地下一層，地下二層,六層,廠辦,見其他登記事項,鋼筋混凝土造,0900111,12116.42,0,0,0,無,有,260000000,21458,,0.0,0,,RPQNMLOLNHNFFAO09CA
新竹市,房地(土地+建物),新竹市新竹市香山區至善街31巷1~30號,17.39,,山坡地保育區,丙種建築用地,1070417,土地2建物1車位0,一層,十層,套房(1房1廳1衛),商業用,鋼筋混凝土造,0870513,47.64,1,1,1,有,有,1700000,35684,,0.0,0,,RPROMLOLNHNFFAO66CA
新竹市,房地(土地+建物)+車位,新竹市新竹市關新路181~210號,30.07,住,,,1070501,土地1建物1車位2,二十層,二十四層,住宅大樓(11層含以上有電梯),見其他登記事項,鋼筋混凝土造,1001121,264.56,4,2,2,有,有,21680000,81947,坡道平面,0.0,0,,RPPNMLPLNHNFFAO09CA
新竹市,房地(土地+建物)+車位,新竹市新竹市慈雲路61~90號,26.06,商,,,1070514,土地1建物1車位2,二十六層,二十七層,住宅大樓(11層含以上有電梯),見其他登記事項,鋼筋混凝土造,1041208,344.19,4,2,3,有,有,25500000,81640,坡道平面,66.14,2800000,,RPWNMLPLNHNFFAO17CA
新竹市,房地(土地+建物)+車位,新竹市新竹市慈雲路61~90號,17.96,商,,,1070514,土地1建物1車位2,二十四層,二十七層,住宅大樓(11層含以上有電梯),見其他登記事項,鋼筋混凝土造,1041208,257.61,3,2,3,有,有,18000000,80953,坡道平面,66.14,2500000,,RPXNMLPLNHNFFAO27CA
新竹市,房地(土地+建物),新竹市新竹市新源街121~150號,26.98,住,,,1070429,土地1建物1車位0,四層,十二層,住宅大樓(11層含以上有電梯),見其他登記事項,鋼筋混凝土造,0870410,131.14,3,2,2,有,有,8100000,61766,,0.0,0,,RPXOMLPLNHNFFAO37CA
新竹市,房地(土地+建物)+車位,新竹市新竹市金城一路61~90號,56.82,住,,,1070319,土地1建物1車位1,六層,十四層,住宅大樓(11層含以上有電梯),見其他登記事項,見其他登記事項,1000713,192.48000000000002,3,2,2,有,有,9400000,48836,坡道平面,0.0,0,此案為軍宅買賣，期間屆滿後移轉。,RPUOMLPLNHNFFAO07CA
新竹市,土地,光復段451~480地號,13.0,工,,,1070504,土地1建物0車位0,,,其他,,,,0.0,0,0,0,有,無,825890,63530,,0.0,0,國有土地承購,RPPNMLQLNHNFFAO56CA
新竹市,房地(土地+建物)+車位,新竹市新竹市延濱路61~90號,28.03,住,,,1070514,土地2建物1車位1,三層,五層,華廈(10層含以下有電梯),見其他登記事項,鋼筋混凝土造,1070201,79.03,1,1,1,有,有,4500000,56940,其他,0.0,750000,,RPQPMLPLNHNFFAO76CA
新竹市,房地(土地+建物)+車位,新竹市新竹市延濱路61~90號,47.24,住,,,1070505,土地2建物1車位1,五層，見其他登記事項,五層,華廈(10層含以下有電梯),見其他登記事項,鋼筋混凝土造,1070201,145.62,4,2,2,有,有,7300000,50130,其他,0.0,750000,,RPSPMLPLNHNFFAO96CA
新竹市,房地(土地+建物)+車位,新竹市新竹市龍山東路61~90號,21.9,商,,,1070303,土地1建物1車位2,十九層,二十八層,住宅大樓(11層含以上有電梯),見其他登記事項,鋼筋混凝土造,1050127,317.61,4,2,2,有,有,23980000,78398,坡道平面,50.0,3000000,,RPQQMLPLNHNFFAO86CA
新竹市,房地(土地+建物)+車位,新竹市新竹市龍山東路61~90號,21.9,商,,,1070420,土地1建物1車位2,二十層,二十八層,住宅大樓(11層含以上有電梯),見其他登記事項,鋼筋混凝土造,1050127,317.61,4,2,2,有,有,24070000,78734,坡道平面,50.0,3000000,,RPRQMLPLNHNFFAO96CA
新竹市,房地(土地+建物),新竹市新竹市明湖路1015巷1~30號,425.18,其他,,,1070422,土地2建物1車位0,全,三層,透天厝,見其他登記事項,鋼筋混凝土造,0950509,510.64,0,0,0,無,有,24000000,47000,,0.0,0,毛胚屋，尚無隔間,RPSQMLPLNHNFFAO07CA
新竹市,房地(土地+建物),新竹市新竹市竹光路1~30號,3.27,住,,,1070421,土地1建物1車位0,十一層,十四層,套房(1房1廳1衛),住家用,鋼筋混凝土造,0860205,30.759999999999998,1,0,1,有,有,1500000,48765,,0.0,0,,RPUNMLTLNHNFFAO37CA
新竹市,房地(土地+建物),新竹市新竹市明湖路648巷122弄91~120號,88.02,,山坡地保育區,丙種建築用地,1070422,土地1建物1車位0,全,三層,透天厝,住家用,鋼筋混凝土造,0850321,248.09,5,3,3,有,有,7900000,31843,,0.0,0,含增建或未登記建物。,RPXOMLTLNHNFFAO77CA
新竹市,房地(土地+建物)+車位,新竹市新竹市江山街20巷1~30號,14.0,商,,,1070510,土地1建物1車位1,四層,十二層,住宅大樓(11層含以上有電梯),見其他登記事項,鋼筋混凝土造,1060609,121.66,3,2,2,有,有,8500000,69583,升降機械,11.0,800000,,RPSPMLSLNHNFFAO27CA
新竹市,房地(土地+建物)+車位,新竹市新竹市八德路211~240號,31.18,其他,,,1070428,土地1建物1車位2,十層,十四層,住宅大樓(11層含以上有電梯),見其他登記事項,鋼筋混凝土造,0971126,217.27,4,2,2,有,有,16300000,75018,坡道平面,0.0,2100000,含增建物。,RPPOMLRLNHNFFAO76CA
新竹市,房地(土地+建物)+車位,新竹市新竹市慈濟路211~240號,23.11,住,,,1070427,土地1建物1車位1,十四層,二十三層,住宅大樓(11層含以上有電梯),見其他登記事項,鋼筋混凝土造,1040114,201.98000000000002,3,2,2,有,有,18100000,89613,坡道平面,0.0,0,,RPWOMLRLNHNFFAO47CA
新竹市,房地(土地+建物),新竹市新竹市延平路二段727巷1~30號,432.36,,特定農業區,丁種建築用地,1070416,土地2建物1車位0,一層,一層,工廠,工業用,鐵造,0710115,361.85,0,0,0,無,無,20270000,,,0.0,0,,RPVRMLLJOHNFFAO96CA
新竹市,房地(土地+建物),新竹市新竹市勝利路121~150號,5.68,商,,,1070511,土地1建物1車位0,五層,六層,套房(1房1廳1衛),住家用,鋼筋混凝土造,0800307,35.78,1,1,1,有,無,1300000,36333,,0.0,0,,RPQOMLLJOHNFFAO78CA
新竹市,房地(土地+建物),新竹市新竹市勝利路121~150號,5.51,商,,,1070511,土地1建物1車位0,五層,六層,套房(1房1廳1衛),住家用,鋼筋混凝土造,0800307,34.68,1,1,1,有,無,1300000,37486,,0.0,0,,SPQOMLLJOHNFFAO88CA
新竹市,房地(土地+建物)+車位,新竹市新竹市天府路一段511~540號,11.57,住,,,1070419,土地1建物1車位1,二層,十四層,住宅大樓(11層含以上有電梯),見其他登記事項,鋼筋混凝土造,0970520,135.55,4,2,2,有,有,5050000,37256,坡道機械,11.12,0,,RPVOMLLJOHNFFAO66CA
新竹市,房地(土地+建物),新竹市新竹市長春街165巷1~30號,86.0,住,,,1070415,土地1建物1車位0,全,二層,透天厝,住家用,加強磚造,,99.0,4,2,2,有,無,8700000,87879,,0.0,0,"增建:一樓空地,頂樓,防火巷",RPPNMLMJOHNFFAO68CA
新竹市,房地(土地+建物),新竹市新竹市西門街241~270號,83.31,住,,,1070415,土地4建物1車位0,全,五層,透天厝,見其他登記事項,鋼筋混凝土造,1060629,302.23,5,2,5,有,有,26600000,88012,,0.0,0,,RPOPMLKMNHNFFAO78CA
新竹市,房地(土地+建物),新竹市新竹市新莊街185巷31~60號,15.36,住,,,1070423,土地1建物1車位0,二層,十一層,套房(1房1廳1衛),見其他登記事項,鋼筋混凝土造,0961228,76.12,1,1,1,有,有,4250000,55833,,0.0,0,,RPQPMLKMNHNFFAO98CA
新竹市,房地(土地+建物)+車位,新竹市新竹市金城一路91~120號,56.82,住,,,1070416,土地1建物1車位1,六層,十四層,住宅大樓(11層含以上有電梯),見其他登記事項,見其他登記事項,1000713,192.48000000000002,3,2,2,有,有,11350000,58967,坡道平面,0.0,0,軍宅閉鎖期間之交易,RPQNMLLMNHNFFAO88CA
新竹市,房地(土地+建物),新竹市新竹市經國路一段379巷10弄1~30號,4.31,商,,,1070506,土地1建物1車位0,三層,七層,套房(1房1廳1衛),住家用,鋼筋混凝土造,0820602,32.93,1,1,1,有,有,1180000,35834,,0.0,0,,RPPOMLKMNHNFFAO78CA
新竹市,房地(土地+建物)+車位,新竹市新竹市中山路431巷61~90號,17.79,住,,,1070415,土地2建物1車位1,五層,九層,華廈(10層含以下有電梯),辦公室,鋼筋混凝土造,1030610,83.14,3,2,2,有,有,7380000,88766,升降機械,0.0,0,,RPSPMLRJOHNFFAO07CA
新竹市,房地(土地+建物)+車位,新竹市新竹市牛埔東路241~270號,12.19,其他,,,1070423,土地1建物1車位1,五層,十六層,住宅大樓(11層含以上有電梯),住家用,鋼骨鋼筋混凝土造,0850926,159.16,4,2,1,有,有,6000000,37698,坡道平面,0.0,0,,RPROMLPJOHNFFAO66CA
新竹市,房地(土地+建物)+車位,新竹市新竹市金城一路61~90號,56.44,住,,,1070412,土地1建物1車位1,十二層,十三層,住宅大樓(11層含以上有電梯),見其他登記事項,見其他登記事項,1000713,191.3,3,2,2,有,有,10500000,54888,坡道平面,0.0,0,軍宅閉鎖期間之交易,RPVNMLPJOHNFFAO96CA
新竹市,房地(土地+建物)+車位,新竹市新竹市金城一路91~120號,56.44,住,,,1070330,土地1建物1車位1,十二層,十三層,住宅大樓(11層含以上有電梯),見其他登記事項,見其他登記事項,1000713,191.3,3,2,2,有,有,12350000,64558,坡道平面,0.0,0,軍宅閉鎖期間之交易,RPRPMLSJOHNFFAO07CA
新竹市,房地(土地+建物)+車位,新竹市新竹市龍山東路61~90號,13.65,商,,,1070427,土地1建物1車位1,十二層,二十八層,住宅大樓(11層含以上有電梯),見其他登記事項,鋼筋混凝土造,1050127,189.48000000000002,3,2,2,有,有,15320000,80853,坡道平面,25.0,0,,RPSNMLMKOHNFFAO09CA
新竹市,房地(土地+建物)+車位,新竹市新竹市竹光路331~360號,9.78,住,,,1070420,土地1建物1車位1,四層,二十層,住宅大樓(11層含以上有電梯),住家用,鋼筋混凝土造,0840728,131.81,3,2,2,有,有,5400000,40968,坡道平面,0.0,0,,RPWNMLSKOHNFFAO47CA
新竹市,房地(土地+建物),新竹市新竹市西濱路一段8巷31~60號,78.33,農,,,1070320,土地1建物1車位0,全,二層,透天厝,住家用,加強磚造,,127.2,5,2,2,有,無,3500000,27516,,0.0,0,,RPTOMLKLOHNFFAO56CA
新竹市,房地(土地+建物)+車位,新竹市新竹市武陵路271巷64弄1~30號,53.75,住,,,1070502,土地1建物1車位1,一層，二層,十層,華廈(10層含以下有電梯),見其他登記事項,鋼筋混凝土造,0990308,179.75,3,2,2,有,有,9750000,54242,坡道平面,0.0,0,,RPVOMLKLOHNFFAO76CA
新竹市,車位,新竹市新竹市新莊街185巷61~90號,0.36,住,,,1070504,土地0建物0車位1,一層,十五層,其他,見其他登記事項,鋼筋混凝土造,0980909,23.689999999999998,0,0,0,有,有,1080000,,坡道平面,23.69,1080000,,RPPNMLMLOHNFFAO88CA
新竹市,房地(土地+建物),新竹市新竹市建功一路91~120號,34.01,住,,,1070412,土地1建物1車位0,一層,十二層,住宅大樓(11層含以上有電梯),見其他登記事項,鋼筋混凝土造,0870410,160.31,4,2,2,有,有,9500000,59260,,0.0,0,,RPRNMLQKOHNFFAO76CA
新竹市,房地(土地+建物)+車位,新竹市新竹市慈祥路1~30號,27.82,住,,,1070503,土地2建物1車位1,十三層,十四層,住宅大樓(11層含以上有電梯),見其他登記事項,鋼筋混凝土造,1031110,172.99,3,2,2,有,有,12350000,71391,坡道平面,42.15,0,,RPTPMLSJOHNFFAO27CA
新竹市,房地(土地+建物),新竹市新竹市鐵道路二段110巷1~30號,84.2,住,,,1070509,土地2建物1車位0,全,四層,透天厝,見其他登記事項,鋼筋混凝土造,1060605,236.31,5,2,6,有,無,19800000,83788,,0.0,0,,RPPPMLOJOHNFFAO09CA
新竹市,房地(土地+建物),新竹市新竹市浸水街406巷23弄1~30號,70.15,,鄉村區,乙種建築用地,1070429,土地1建物1車位0,全,二層,透天厝,住家用,加強磚造,0670920,93.72,3,2,3,有,無,4210000,44921,,0.0,0,,RPROMLQJOHNFFAO76CA
新竹市,房地(土地+建物)+車位,新竹市新竹市龍山東路31~60號,16.69,商,,,1070518,土地2建物1車位1,二十層,二十三層,住宅大樓(11層含以上有電梯),見其他登記事項,鋼筋混凝土造,1050501,193.01,4,2,2,有,有,13200000,71928,坡道平面,24.09,1050000,,RPQNMLOJOHNFFAO98CA
新竹市,房地(土地+建物)+車位,新竹市新竹市光復路一段354巷1~30號,24.02,住,,,1070421,土地1建物1車位1,三層,七層,華廈(10層含以下有電梯),住家用,鋼筋混凝土造,0860110,117.26,3,2,2,有,有,7500000,63960,坡道機械,0.0,0,,RPQOMLSLNHNFFAO96CA
新竹市,土地,前溪段211~240地號,175.18,,特定農業區,農牧用地,1070508,土地1建物0車位0,,,其他,,,,0.0,0,0,0,有,無,8639000,49315,,0.0,0,,RPQPMLOLNHNFFAO66CA
新竹市,房地(土地+建物),新竹市新竹市武陵路292巷1~30號,69.0,住,,,1070509,土地1建物1車位0,全,四層,透天厝,見其他登記事項,鋼筋混凝土造,1051115,238.99,3,3,5,有,無,22000000,92054,,0.0,0,,RPXOMLOLNHNFFAO27CA
新竹市,房地(土地+建物),新竹市新竹市中華路三段121~150號,10.86,商,,,1070514,土地2建物1車位0,八層,十二層,住宅大樓(11層含以上有電梯),住家用,鋼筋混凝土造,0821210,115.87,3,2,2,有,有,4880000,42116,,0.0,0,,RPVOMLSLNHNFFAO47CA
新竹市,土地,聚吉段31~60地號,127.0,商,,,1070413,土地1建物0車位0,,,其他,,,,0.0,0,0,0,有,無,24971375,196625,,0.0,0,,RPRPMLRLNHNFFAO07CA
新竹市,土地,聚吉段31~60地號,127.0,商,,,1070413,土地1建物0車位0,,,其他,,,,0.0,0,0,0,有,無,24971375,196625,,0.0,0,,RPSPMLRLNHNFFAO17CA
新竹市,房地(土地+建物),新竹市新竹市南大路575巷5弄1~30號,30.08,住,,,1070430,土地1建物1車位0,一層,五層,華廈(10層含以下有電梯),住家用,鋼筋混凝土造,,105.19999999999999,2,2,2,有,有,3960000,37643,,0.0,0,,RPXPMLSLNHNFFAO77CA
新竹市,房地(土地+建物),新竹市新竹市光復路一段89巷151~180號,23.95,住,,,1070423,土地1建物1車位0,二層,五層,套房(1房1廳1衛),住家用,鋼筋混凝土造,0890110,53.93,1,1,1,有,有,3150000,58409,,0.0,0,,RPOPMLTLNHNFFAO96CA
新竹市,房地(土地+建物),新竹市新竹市草漯街205巷1~30號,132.21,,一般農業區,丙種建築用地,1070503,土地8建物1車位0,全,三層,透天厝,見其他登記事項,鋼筋混凝土造,1061213,194.62,4,2,4,有,有,9820000,50457,,0.0,0,,RPPPMLTLNHNFFAO07CA
新竹市,房地(土地+建物),新竹市新竹市草漯街205巷1~30號,132.21,,山坡地保育區,丙種建築用地,1070506,土地8建物1車位0,全,三層,透天厝,見其他登記事項,鋼筋混凝土造,1061213,194.62,4,2,4,有,有,9750000,50098,,0.0,0,,RPQPMLTLNHNFFAO17CA
新竹市,房地(土地+建物),新竹市新竹市草漯街205巷31~60號,132.23,,山坡地保育區,丙種建築用地,1070510,土地7建物1車位0,全,三層,透天厝,見其他登記事項,鋼筋混凝土造,1061213,194.62,4,2,4,有,有,9300000,47785,,0.0,0,,RPRPMLTLNHNFFAO27CA
新竹市,房地(土地+建物),新竹市新竹市草漯街205巷1~30號,83.7,,山坡地保育區,丙種建築用地,1070411,土地7建物1車位0,全,四層,透天厝,見其他登記事項,鋼筋混凝土造,1061213,210.72,4,2,5,有,有,9600000,45558,,0.0,0,,RPSPMLTLNHNFFAO37CA
新竹市,房地(土地+建物),新竹市新竹市草漯街205巷1~30號,132.21,,一般農業區,丙種建築用地,1070501,土地8建物1車位0,全,三層,透天厝,見其他登記事項,鋼筋混凝土造,1061213,194.62,4,2,4,有,有,9800000,50355,,0.0,0,,RPTPMLTLNHNFFAO47CA
新竹市,房地(土地+建物),新竹市新竹市中華路五段648巷1~30號,74.93,住,,,1070430,土地1建物1車位0,全,四層,透天厝,見其他登記事項,鋼筋混凝土造,1070111,206.65,6,3,5,有,無,10700000,51778,,0.0,0,,RPXNMLTLNHNFFAO67CA
新竹市,房地(土地+建物),新竹市新竹市光復路一段108巷60弄1~30號,128.0,住,,,1070430,土地2建物1車位0,全,二層,透天厝,,鋼筋混凝土造,0770523,176.77,8,3,4,有,無,15500000,87685,,0.0,0,,RPOOMLTLNHNFFAO86CA
新竹市,房地(土地+建物),新竹市新竹市柯湳一街91~120號,44.79,,山坡地保育區,丙種建築用地,1070510,土地2建物1車位0,五層,五層,公寓(5樓含以下無電梯),住家用,鋼筋混凝土造,0900601,58.230000000000004,3,2,2,有,有,1300000,22325,,0.0,0,,RPQOMLTLNHNFFAO07CA
新竹市,房地(土地+建物)+車位,新竹市新竹市長春街62巷1~30號,20.43,其他,,,1070502,土地1建物1車位1,十二層,十三層,住宅大樓(11層含以上有電梯),見其他登記事項,鋼筋混凝土造,0951012,132.36,3,2,2,有,有,9600000,72529,坡道機械,0.0,0,,RPPNMLKMNHNFFAO68CA
新竹市,房地(土地+建物),新竹市新竹市草漯街205巷1~30號,132.19,,山坡地保育區,丙種建築用地,1070515,土地7建物1車位0,全,三層,透天厝,見其他登記事項,鋼筋混凝土造,1061213,184.59,4,2,4,有,有,9700000,52549,,0.0,0,,RPWOMLTLNHNFFAO67CA
新竹市,房地(土地+建物)+車位,新竹市新竹市埔頂三路91~120號,17.76,住,,,1070417,土地1建物1車位1,十層,十二層,住宅大樓(11層含以上有電梯),見其他登記事項,鋼筋混凝土造,1000501,146.51999999999998,3,2,2,有,有,11500000,78488,坡道平面,0.0,0,,RPTOMLOJOHNFFAO76CA
新竹市,土地,高翠段691~720地號,25.02,住,,,1040910,土地3建物0車位0,,,其他,,,,0.0,0,0,0,有,無,801501,32034,,0.0,0,,RPPOMLMJOHNFFAO78CA
新竹市,房地(土地+建物)+車位,新竹市新竹市經國路一段379巷1~30號,17.68,商,,,1070509,土地1建物1車位1,五層,十一層,住宅大樓(11層含以上有電梯),見其他登記事項,鋼筋混凝土造,1070309,165.64999999999998,3,2,2,有,有,12250000,84406,坡道平面,33.55,1100000,,RPQQMLLMNHNFFAO56CA
新竹市,房地(土地+建物)+車位,新竹市新竹市經國路一段379巷1~30號,17.68,商,,,1070509,土地1建物1車位1,八層,十一層,住宅大樓(11層含以上有電梯),見其他登記事項,鋼筋混凝土造,1070309,165.55,3,2,2,有,有,12970000,88788,坡道平面,33.55,1250000,,RPRQMLLMNHNFFAO66CA
新竹市,房地(土地+建物)+車位,新竹市新竹市牛埔南路142巷33弄31~60號,32.42,住,,,1070407,土地1建物1車位2,二層,十一層,住宅大樓(11層含以上有電梯),見其他登記事項,鋼筋混凝土造,1010821,187.88,4,2,2,有,有,8700000,46309,坡道平面,0.0,0,含增建或未登記建物。,RPPNMLLJOHNFFAO58CA
新竹市,房地(土地+建物),新竹市新竹市關東路260巷1~30號,75.0,住,,,1070321,土地1建物1車位0,全,二層,透天厝,見使用執照,鋼筋混凝土造,0750716,121.11,5,2,5,有,無,14200000,117249,,0.0,0,,RPUPMLQJOHNFFAO17CA
新竹市,房地(土地+建物)+車位,新竹市新竹市關東路178巷1~30號,13.44,住,,,1070419,土地1建物1車位1,六層,九層,華廈(10層含以下有電梯),住家用,鋼筋混凝土造,0850326,89.99,1,2,1,有,有,5280000,58673,坡道平面,0.0,0,含增建。,RPPPMLRJOHNFFAO76CA
新竹市,房地(土地+建物)+車位,新竹市新竹市東大路四段271~300號,13.54,住,,,1070426,土地1建物1車位1,六層,十三層,套房(1房1廳1衛),見其他登記事項,鋼筋混凝土造,0990625,103.67,1,1,1,有,有,4100000,39549,坡道平面,0.0,0,,RPVNMLRJOHNFFAO17CA
新竹市,房地(土地+建物)+車位,新竹市新竹市明湖路721~750號,13.0,其他,,,1070402,土地1建物1車位1,三層,四層,套房(1房1廳1衛),見其他登記事項,鋼筋混凝土造,0940220,75.4,1,1,1,有,有,2880000,38196,坡道平面,29.45,0,,RPTOMLRJOHNFFAO07CA
新竹市,房地(土地+建物),新竹市新竹市經國路二段91~120號,4.11,商,,,1070509,土地2建物1車位0,六層,十二層,套房(1房1廳1衛),住家用,鋼筋混凝土造,0860715,37.81,1,1,1,有,有,2000000,52896,,0.0,0,,RPTPMLOJOHNFFAO86CA
新竹市,房地(土地+建物)+車位,新竹市新竹市東南街188巷12弄1~30號,38.74,住,,,1070331,土地1建物1車位1,六層,六層,華廈(10層含以下有電梯),見其他登記事項,鋼筋混凝土造,1010301,142.07,3,2,2,有,有,11000000,76946,其他,8.21,700000,含增建或未登記建物。,RPVOMLMJOHNFFAO76CA
新竹市,房地(土地+建物)+車位,新竹市新竹市經國路三段92巷1~30號,13.77,住,,,1070411,土地1建物1車位2,五層,十五層,住宅大樓(11層含以上有電梯),見其他登記事項,鋼筋混凝土造,1020410,133.03,2,1,1,有,有,6400000,48109,坡道平面,49.87,0,,RPWOMLPJOHNFFAO17CA
新竹市,土地,隆恩段721~750地號,946.74,,特定農業區,農牧用地,1070424,土地1建物0車位0,,,其他,,,,0.0,0,0,0,有,無,26060000,27526,,0.0,0,,RPQQMLPJOHNFFAO76CA
新竹市,土地,國道段241~270地號,32.36,住,,,1070427,土地1建物0車位0,,,其他,,,,0.0,0,0,0,有,無,4400000,135970,,0.0,0,,RPSQMLPJOHNFFAO96CA
新竹市,房地(土地+建物)+車位,新竹市新竹市埔頂三路151~180號,18.47,住,,,1070422,土地1建物1車位1,十二層,十五層,住宅大樓(11層含以上有電梯),見其他登記事項,鋼筋混凝土造,1010229,154.14,3,2,2,有,有,12200000,79149,坡道平面,32.6,0,,RPUNMLTJOHNFFAO27CA
新竹市,房地(土地+建物)+車位,新竹市新竹市明湖路751~780號,14.1,其他,,,1070419,土地1建物1車位1,地下一層,四層,套房(1房1廳1衛),見其他登記事項,鋼筋混凝土造,0940220,84.52000000000001,1,0,1,有,有,2920000,34548,坡道平面,34.06,0,,RPPNMLPKOHNFFAO09CA
新竹市,房地(土地+建物)+車位,新竹市新竹市關新東路91~120號,24.77,住,,,1070413,土地2建物1車位1,八層,九層,華廈(10層含以下有電梯),辦公室,鋼筋混凝土造,1030312,103.98,2,2,2,有,有,9800000,94249,坡道平面,8.25,0,,RPRPMLNKOHNFFAO66CA
新竹市,房地(土地+建物),新竹市新竹市光復路二段902巷1~30號,119.0,其他,,,1070424,土地1建物1車位0,全,四層,透天厝,見其他登記事項,鋼筋混凝土造,1020425,369.45,5,2,6,有,無,32000000,86615,,0.0,0,,RPPQMLOKOHNFFAO66CA
新竹市,房地(土地+建物),新竹市新竹市延平路一段317巷91~120號,82.15,,鄉村區,乙種建築用地,1070503,土地1建物1車位0,全,四層,透天厝,見其他登記事項,鋼筋混凝土造,1051220,252.84,4,3,4,有,無,18000000,71191,,0.0,0,,RPQNMLMLOHNFFAO98CA
新竹市,房地(土地+建物)+車位,新竹市新竹市公道五路二段331~360號,27.9,住,,,1070420,土地1建物1車位2,三層,十四層,住宅大樓(11層含以上有電梯),見其他登記事項,鋼筋混凝土造,0980922,205.01999999999998,4,2,2,有,有,13500000,65844,坡道平面,0.0,0,,RPVPMLTLNHNFFAO77DA
新竹市,房地(土地+建物),新竹市新竹市金山十街1~30號,99.0,住,,,1070413,土地1建物1車位0,全,五層,透天厝,見其他登記事項,鋼筋混凝土造,0950814,303.93,23,2,24,有,無,25000000,82256,,0.0,0,權利人共3人;建物有部分未保存登記,RPPPMLPJOHNFFAO66DA
新竹市,房地(土地+建物),新竹市新竹市興南街25巷1~30號,31.6,其他,,,1070509,土地1建物1車位0,四層,五層,公寓(5樓含以下無電梯),住家用,鋼筋混凝土造,0731116,103.7,2,2,2,有,無,4500000,43394,,0.0,0,,RPOOMLLMNHNFFAO98EA
新竹市,房地(土地+建物)+車位,新竹市新竹市柴橋路59巷61~90號,36.57,,山坡地保育區,丙種建築用地,1070416,土地5建物1車位1,八層,十層,華廈(10層含以下有電梯),住家用,鋼筋混凝土造,,91.27,2,2,1,有,有,3650000,39991,坡道機械,0.0,0,,RPSNMLTKOHNFFAO17CA
新竹市,房地(土地+建物),新竹市新竹市東大路二段173巷31~60號,78.0,住,,,1070422,土地1建物1車位0,全,二層,透天厝,住家用,加強磚造,,101.7,5,2,2,有,無,9000000,88496,,0.0,0,"增建:一樓空地,頂樓,防火巷",RPTRMLOKOHNFFAO17CA
新竹市,房地(土地+建物)+車位,新竹市新竹市金城三路91~120號,22.36,其他,,,1070413,土地1建物1車位1,五層,十五層,住宅大樓(11層含以上有電梯),見其他登記事項,鋼筋混凝土造,1061208,167.14,3,2,2,有,有,12000000,71800,坡道平面,0.0,0,,RPURMLOKOHNFFAO27CA
新竹市,房地(土地+建物),新竹市新竹市光復路一段71巷1~30號,16.07,住,,,1070430,土地1建物1車位0,九層,十二層,住宅大樓(11層含以上有電梯),住家用,鋼筋混凝土造,0821213,111.03,3,2,2,有,有,5880000,52959,,0.0,0,增建:陽台外推,RPVRMLOKOHNFFAO37CA
新竹市,房地(土地+建物),新竹市新竹市明湖路751~780號,14.1,其他,,,1070418,土地1建物1車位0,地下四層,四層,套房(1房1廳1衛),見其他登記事項,鋼筋混凝土造,0940220,50.46000000000001,1,1,1,有,有,1750000,34681,,0.0,0,,RPWRMLOKOHNFFAO47CA
新竹市,房地(土地+建物),新竹市新竹市武陵路271巷22弄1~30號,34.38,住,,,1070419,土地1建物1車位0,三層,五層,公寓(5樓含以下無電梯),住家用,鋼筋混凝土造,,82.95,3,2,1,有,無,2400000,28933,,0.0,0,,RPSNMLOKOHNFFAO66CA
新竹市,房地(土地+建物),新竹市新竹市經國路二段151~180號,6.24,住,,,1070514,土地2建物1車位0,七層,十層,辦公商業大樓,辦公室,鋼筋混凝土造,0970730,42.82,2,1,1,有,有,3450000,80570,,0.0,0,"有夾層增建,做住家使用",RPTNMLLKOHNFFAO09CA
新竹市,房地(土地+建物)+車位,新竹市新竹市埔頂三路91~120號,17.89,住,,,1070417,土地1建物1車位1,四層,十四層,住宅大樓(11層含以上有電梯),見其他登記事項,鋼筋混凝土造,1000501,141.14,3,2,2,有,無,10180000,72127,坡道平面,0.0,0,,RPQNMLMKOHNFFAO88CA
新竹市,房地(土地+建物),新竹市新竹市寶山路151~180號,49.0,住,,,1070407,土地2建物1車位0,四層,五層,公寓(5樓含以下無電梯),住家用,鋼筋混凝土造,0780104,137.83,4,1,4,有,無,5500000,39904,,0.0,0,,RPTQMLPJOHNFFAO07CA
新竹市,房地(土地+建物)+車位,新竹市新竹市光華二街72巷31~60號,21.25,住,,,1070503,土地1建物1車位1,十層,十六層,住宅大樓(11層含以上有電梯),住家用,鋼筋混凝土造,0830423,119.10000000000001,2,2,1,有,有,6260000,52561,坡道平面,0.0,0,,RPPQMLPJOHNFFAO66CA
新竹市,房地(土地+建物),新竹市新竹市園後街1~30號,19.05,住,,,1070501,土地1建物1車位0,四層,五層,公寓(5樓含以下無電梯),住家用,鋼筋混凝土造,0780202,68.98,3,2,2,有,無,3900000,56538,,0.0,0,,RPSNMLRJOHNFFAO86CA
新竹市,房地(土地+建物),新竹市新竹市金山六街6巷1~30號,83.0,住,,,1070421,土地1建物1車位0,全,五層,透天厝,見其他登記事項,鋼筋混凝土造,0961108,245.17,18,0,18,有,無,22500000,91773,,0.0,0,,RPUOMLQJOHNFFAO07CA
新竹市,房地(土地+建物)+車位,新竹市新竹市金城一路61~90號,56.82,住,,,1070320,土地1建物1車位1,二層,十四層,住宅大樓(11層含以上有電梯),見其他登記事項,見其他登記事項,1000713,192.48000000000002,3,2,2,有,有,11800000,61305,坡道平面,0.0,0,此案為軍宅買賣，期間屆滿後移轉。,RPQPMLQJOHNFFAO76CA
新竹市,房地(土地+建物),新竹市新竹市中山路151~180號,4.37,商,,,1070515,土地2建物1車位0,四層,九層,套房(1房1廳1衛),住家用,鋼筋混凝土造,0850205,33.2,1,1,1,有,有,1880000,56627,,0.0,0,,RPWPMLLMNHNFFAO07CA
新竹市,房地(土地+建物)+車位,新竹市新竹市天府路一段451~480號,9.73,住,,,1070408,土地1建物1車位1,九層,十四層,住宅大樓(11層含以上有電梯),見其他登記事項,鋼筋混凝土造,0970520,111.74000000000001,3,2,2,有,有,4650000,41614,坡道機械,9.95,0,含增建或未登記建物。,RPTNMLLJOHNFFAO98CA
新竹市,房地(土地+建物)+車位,新竹市新竹市武陵路121~150號,21.04,住,,,1070415,土地1建物1車位1,七層,七層,華廈(10層含以下有電梯),住家用,鋼筋混凝土造,0830929,166.21,3,2,2,有,有,6300000,37904,升降機械,0.0,0,,RPTOMLLMNHNFFAO66CA
新竹市,房地(土地+建物),新竹市新竹市新莊街185巷31~60號,15.83,住,,,1070423,土地1建物1車位0,三層,十三層,套房(1房1廳1衛),見其他登記事項,鋼筋混凝土造,0970418,80.17,1,1,1,有,無,5700000,71099,,0.0,0,,RPOPMLLMNHNFFAO88CA
新竹市,房地(土地+建物)+車位,新竹市新竹市金城一路91~120號,56.44,住,,,1070312,土地1建物1車位1,九層,十四層,住宅大樓(11層含以上有電梯),見其他登記事項,見其他登記事項,1000713,191.3,3,2,2,有,有,11750000,61422,坡道平面,0.0,0,此案為軍宅買賣，期間屆滿後移轉。,RPWPMLKMNHNFFAO96CA
新竹市,土地,中山段三小段391~420地號,46.0,商,,,1070509,土地1建物0車位0,,,其他,,,,0.0,0,0,0,有,無,13500000,293478,,0.0,0,土地上有未辦保存之建物隨同移轉,RPPOMLLMNHNFFAO88CA
新竹市,房地(土地+建物)+車位,新竹市新竹市慈雲路91~120號,12.59,商,,,1070515,土地1建物1車位1,二十八層,二十八層,住宅大樓(11層含以上有電梯),見其他登記事項,鋼筋混凝土造,1050125,161.86,3,2,2,有,有,13500000,93158,坡道平面,29.29,1150000,,RPQOMLKMNHNFFAO88CA
新竹市,房地(土地+建物)+車位,新竹市新竹市慈雲路91~120號,17.14,商,,,1070503,土地1建物1車位2,十二層,二十八層,住宅大樓(11層含以上有電梯),見其他登記事項,鋼筋混凝土造,1050125,276.87,4,2,2,有,有,20770000,83696,坡道平面,58.58,2500000,,RPROMLKMNHNFFAO98CA
新竹市,房地(土地+建物)+車位,新竹市新竹市慈雲路91~120號,24.73,商,,,1070515,土地1建物1車位2,十四層,二十八層,住宅大樓(11層含以上有電梯),見其他登記事項,鋼筋混凝土造,1050125,276.87,4,2,2,有,有,21880000,87865,坡道平面,58.58,2700000,,RPSOMLKMNHNFFAO09CA
新竹市,房地(土地+建物),新竹市新竹市牛埔北路38巷61~90號,79.76,住,,,1070501,土地2建物1車位0,全,三層,透天厝,見其他登記事項,鋼筋混凝土造,0961024,233.08,4,2,2,有,無,11000000,47194,,0.0,0,,RPRPMLKMNHNFFAO09CA
新竹市,房地(土地+建物)+車位,新竹市新竹市關新路19巷1~30號,19.23,其他,,,1070418,土地1建物1車位2,二層,十五層,住宅大樓(11層含以上有電梯),見其他登記事項,鋼筋混凝土造,0980721,209.04000000000002,4,2,2,有,有,14350000,68650,坡道平面,0.0,0,,RPQRMLLJOHNFFAO09CA
新竹市,房地(土地+建物),新竹市新竹市東大路四段277巷1~30號,42.51,住,,,1070417,土地1建物1車位0,三層,四層,公寓(5樓含以下無電梯),國民住宅,鋼筋混凝土造,,76.2,3,2,1,有,無,1800000,23622,,0.0,0,二親等間之買賣,RPWNMLLJOHNFFAO66CA
新竹市,房地(土地+建物),新竹市新竹市武陵路179巷1~30號,8.22,住,,,1070509,土地2建物1車位0,八層,二十層,住宅大樓(11層含以上有電梯),見其他登記事項,鋼筋混凝土造,0890501,69.97,2,1,2,有,有,4550000,65037,,0.0,0,,RPXNMLLJOHNFFAO76CA
新竹市,房地(土地+建物),新竹市新竹市建中路31~60號,28.66,住,,,1070501,土地1建物1車位0,六層,十二層,住宅大樓(11層含以上有電梯),見其他登記事項,鋼筋混凝土造,0890930,141.21,3,2,2,有,有,3000000,21245,,0.0,0,,RPWNMLTLNHNFFAO57CA
新竹市,房地(土地+建物)+車位,新竹市新竹市天府路一段511~540號,10.13,住,,,1070414,土地1建物1車位1,十一層,十四層,住宅大樓(11層含以上有電梯),見其他登記事項,鋼筋混凝土造,0970520,118.05,3,2,2,有,有,5200000,44049,坡道機械,10.11,0,,RPUPMLTLNHNFFAO57CA
新竹市,房地(土地+建物),新竹市新竹市中正路452巷1~30號,35.78,住,,,1070508,土地1建物1車位0,一層,五層,公寓(5樓含以下無電梯),住家用,鋼筋混凝土造,0790501,126.14,4,2,2,有,無,5300000,42017,,0.0,0,,RPRNMLTLNHNFFAO07CA
新竹市,土地,士林段1~30地號,650.44,,鄉村區,乙種建築用地,1070315,土地1建物0車位0,,,其他,,,,0.0,0,0,0,有,無,67260000,103407,,0.0,0,,RPUOMLLJOHNFFAO56CA
新竹市,房地(土地+建物),新竹市新竹市澤藩路121~150號,209.5,,山坡地保育區,丙種建築用地,1070414,土地1建物1車位0,全,三層,透天厝,見其他登記事項,鋼筋混凝土造,0881123,357.57,5,3,4,有,有,24800000,69357,,0.0,0,,RPOSMLLJOHNFFAO98CA
新竹市,房地(土地+建物)+車位,新竹市新竹市延平路三段433巷1~30號,18.93,住,,,1070421,土地2建物1車位1,一層,七層,華廈(10層含以下有電梯),住商用,鋼筋混凝土造,0821129,130.88,3,2,2,有,有,5200000,39731,坡道平面,0.0,0,,RPUOMLOJOHNFFAO86CA
新竹市,房地(土地+建物),新竹市新竹市民有一街1~30號,109.0,住,,,1070420,土地2建物1車位0,全,二層,透天厝,住商用,加強磚造,0740819,136.99,5,2,2,有,無,16500000,120447,,0.0,0,,RPUPMLKMNHNFFAO76CA
新竹市,房地(土地+建物),新竹市新竹市田美二街1~30號,78.0,住,,,1070427,土地1建物1車位0,全,二層,透天厝,住商用,加強磚造,0620623,116.06,3,1,2,有,無,7200000,62037,,0.0,0,,RPPNMLLMNHNFFAO78CA
新竹市,房地(土地+建物),新竹市新竹市西大路91~120號,32.4,其他,,,1070321,土地1建物1車位0,五層,五層,公寓(5樓含以下無電梯),住家用,鋼筋混凝土造,0710525,111.76,3,2,2,有,無,4700000,42054,,0.0,0,,RPRPMLLMNHNFFAO56CA
新竹市,房地(土地+建物)+車位,新竹市新竹市金城三路1~30號,19.7,其他,,,1070501,土地1建物1車位1,八層,十五層,住宅大樓(11層含以上有電梯),見其他登記事項,鋼筋混凝土造,1061208,146.47,0,0,0,無,有,9830000,67113,坡道平面,0.0,0,,RPWOMLRJOHNFFAO37CA
新竹市,房地(土地+建物),新竹市新竹市高翠路292巷1~30號,137.75,住,,,1070425,土地1建物1車位0,全,二層,透天厝,住家用,加強磚造,0680613,144.0,8,1,3,有,無,12660000,87917,,0.0,0,含增建或未登記建物。,RPUQMLPJOHNFFAO17CA
新竹市,土地,金山段661~690地號,99.18,住,,,1070302,土地1建物0車位0,,,其他,,,,0.0,0,0,0,有,無,15000000,151240,,0.0,0,,RPPNMLOJOHNFFAO88CA
新竹市,土地,醫專段361~390地號,47.69,,山坡地保育區,農牧用地,1070518,土地1建物0車位0,,,其他,,,,0.0,0,0,0,有,無,1750000,36695,,0.0,0,,RPXNMLPJOHNFFAO17CA
新竹市,房地(土地+建物)+車位,新竹市新竹市金城一路91~120號,56.82,住,,,1070430,土地1建物1車位1,二層,十四層,住宅大樓(11層含以上有電梯),見其他登記事項,見其他登記事項,1000713,192.48000000000002,3,2,2,有,有,9380000,48732,坡道平面,0.0,0,,RPVNMLTJOHNFFAO37CA
新竹市,房地(土地+建物)+車位,新竹市新竹市仁義街1~30號,51.35,住,,,1070504,土地1建物1車位2,六層,二十層,住宅大樓(11層含以上有電梯),見其他登記事項,鋼筋混凝土造,1020826,401.84000000000003,5,2,4,有,有,39500000,98298,坡道平面,0.0,3400000,,RPOPMLSJOHNFFAO76CA
新竹市,房地(土地+建物)+車位,新竹市新竹市仁義街1~30號,53.6,住,,,1070507,土地1建物1車位3,十五層,二十層,住宅大樓(11層含以上有電梯),見其他登記事項,鋼筋混凝土造,1020826,430.64,5,2,4,有,有,39880000,92606,坡道平面,0.0,3800000,,RPPPMLSJOHNFFAO86CA
新竹市,房地(土地+建物)+車位,新竹市新竹市聖軍路121~150號,18.21,商,,,1070504,土地1建物1車位1,十四層,十四層,住宅大樓(11層含以上有電梯),見其他登記事項,鋼筋混凝土造,1040927,146.43,3,2,2,有,有,6120000,41795,坡道平面,31.52,0,,RPRNMLSJOHNFFAO86CA
新竹市,房地(土地+建物)+車位,新竹市新竹市中山路631~660號,21.0,住,,,1070323,土地2建物1車位1,六層,七層,華廈(10層含以下有電梯),住家用,鋼筋混凝土造,0821125,126.25,3,2,2,有,有,6230000,49347,坡道平面,0.0,0,,RPSNMLQKOHNFFAO86CA
新竹市,房地(土地+建物),新竹市新竹市埔頂三路151~180號,9.05,住,,,1070422,土地1建物1車位0,三層,十五層,住宅大樓(11層含以上有電梯),見其他登記事項,鋼筋混凝土造,1010229,59.81,2,1,1,有,有,5650000,94466,,0.0,0,,RPPNMLRKOHNFFAO66CA
新竹市,房地(土地+建物),新竹市新竹市明湖路751~780號,14.1,其他,,,1070422,土地1建物1車位0,地下一層,四層,套房(1房1廳1衛),見其他登記事項,鋼筋混凝土造,0940220,50.46000000000001,1,0,1,有,有,2330000,46175,,0.0,0,,RPQNMLRKOHNFFAO76CA
新竹市,房地(土地+建物)+車位,新竹市新竹市明湖路721~750號,14.1,其他,,,1070417,土地1建物1車位1,地下四層,四層,套房(1房1廳1衛),見其他登記事項,鋼筋混凝土造,0940220,79.91,1,0,1,有,有,2880000,36041,坡道平面,29.45,0,,RPRNMLRKOHNFFAO86CA
新竹市,房地(土地+建物),新竹市新竹市中山路631~660號,19.19,其他,,,1070406,土地2建物1車位0,六層,七層,華廈(10層含以下有電梯),住家用,鋼筋混凝土造,0821125,105.41,3,2,2,有,有,4950000,46959,,0.0,0,,RPVPMLOJOHNFFAO17DA
新竹市,土地,湖港段1321~1350地號,188.83,,一般農業區,甲種建築用地,1070507,土地1建物0車位0,,,其他,,,,0.0,0,0,0,有,無,2190476,11600,,0.0,0,,RPSOMLTLNHNFFAO37DA
新竹市,房地(土地+建物),新竹市新竹市長春街118巷1~30號,65.0,住,,,1070414,土地1建物1車位0,全,二層,透天厝,見其他登記事項,加強磚造,0660415,101.82,5,2,2,有,無,11000000,108034,,0.0,0,,RPQNMLPLOHNFFAO66CA
新竹市,房地(土地+建物)+車位,新竹市新竹市延平路一段214巷34弄31~60號,22.53,住,,,1070501,土地1建物1車位1,六層,六層,華廈(10層含以下有電梯),住家用,鋼筋混凝土造,0830729,133.3,3,2,2,有,有,5300000,39760,坡道平面,0.0,0,,RPOPMLPLOHNFFAO66CA
新竹市,房地(土地+建物),新竹市新竹市大湖路52巷18弄1~30號,62.45,住,,,1070516,土地2建物1車位0,全,四層,透天厝,見其他登記事項,鋼筋混凝土造,0850618,154.36,4,3,3,有,無,5200000,33687,,0.0,0,,RPPOMLKMNHNFFAO98EA
新竹市,房地(土地+建物)+車位,新竹市新竹市牛埔東路1~30號,21.52,住,,,1070525,土地1建物1車位1,三層,十五層,住宅大樓(11層含以上有電梯),見其他登記事項,鋼筋混凝土造,0970131,171.17000000000002,4,2,2,有,無,8200000,47906,坡道平面,0.0,0,,RPXOMLRLOHNFFAO67CA
新竹市,房地(土地+建物),新竹市新竹市東南街142巷1~30號,148.0,住,,,1070113,土地2建物1車位0,全,三層,透天厝,住家用,鋼筋混凝土造,,177.45,6,2,2,有,無,9000000,50719,,0.0,0,,RPPOMLSLOHNFFAO96CA
新竹市,土地,中寮段241~270地號,575.86,住,,,1070415,土地5建物0車位0,,,其他,,,,0.0,0,0,0,有,無,28300000,49144,,0.0,0,,RPPOMLSKOHNFFAO86CA
新竹市,土地,東濱段1141~1170地號,119.13,住,,,1070522,土地1建物0車位0,,,其他,,,,0.0,0,0,0,有,無,4325000,36305,,0.0,0,,RPQQMLTKOHNFFAO27CA
新竹市,房地(土地+建物)+車位,新竹市新竹市金城一路91~120號,56.44,住,,,1070319,土地1建物1車位1,十層,十三層,住宅大樓(11層含以上有電梯),見其他登記事項,見其他登記事項,1000713,191.3,3,2,2,有,有,8000000,41819,坡道平面,0.0,0,此案為軍宅買賣，期間屆滿後移轉。,RPPOMLSJOHNFFAO76CA
新竹市,房地(土地+建物)+車位,新竹市新竹市北大路166巷1~30號,17.3,住,,,1070411,土地1建物1車位1,四層,十五層,住宅大樓(11層含以上有電梯),住家用,鋼筋混凝土造,0841020,128.2,3,2,2,有,有,12000000,93604,坡道平面,0.0,0,,RPPNMLSJOHNFFAO66CA
新竹市,房地(土地+建物)+車位,新竹市新竹市金城一路91~120號,56.44,住,,,1070319,土地1建物1車位1,十三層,十三層,住宅大樓(11層含以上有電梯),見其他登記事項,見其他登記事項,1000713,191.3,3,2,2,有,有,10500000,54888,坡道平面,0.0,0,此案為軍宅買賣，期間屆滿後移轉。,RPOOMLLKOHNFFAO68CA
新竹市,房地(土地+建物)+車位,新竹市新竹市金城一路61~90號,56.82,住,,,1070323,土地1建物1車位1,十層,十四層,住宅大樓(11層含以上有電梯),見其他登記事項,見其他登記事項,1000713,192.48000000000002,3,2,2,有,有,9000000,46758,坡道平面,0.0,0,此案為軍宅買賣，期間屆滿後移轉,RPPOMLLKOHNFFAO78CA
新竹市,房地(土地+建物)+車位,新竹市新竹市金山七街6巷1~30號,23.06,住,,,1070501,土地1建物1車位1,三層,八層,華廈(10層含以下有電梯),見其他登記事項,鋼筋混凝土造,1061120,101.99000000000001,2,2,2,有,有,7600000,71586,坡道機械,7.0,800000,,RPOOMLPJOHNFFAO98CA
新竹市,房地(土地+建物),新竹市新竹市經國路一段454巷31~60號,27.64,住,,,1070411,土地1建物1車位0,一層，二層,七層,華廈(10層含以下有電梯),住家用,鋼筋混凝土造,0800115,153.43,4,2,3,有,無,8200000,53445,,0.0,0,,RPOPMLRJOHNFFAO66CA
新竹市,房地(土地+建物),新竹市新竹市振興路132巷1~30號,19.64,住,,,1070516,土地1建物1車位0,一層,五層,公寓(5樓含以下無電梯),住家用,鋼筋混凝土造,,72.42999999999999,2,2,1,有,無,3800000,52464,,0.0,0,,RPVPMLLMNHNFFAO96CA
新竹市,房地(土地+建物),新竹市新竹市柯湳一街80巷1~30號,44.79,,山坡地保育區,丙種建築用地,1070509,土地2建物1車位0,五層,五層,公寓(5樓含以下無電梯),住家用,鋼筋混凝土造,0900510,58.22,3,0,3,有,有,1800000,30923,,0.0,0,,RPQOMLLMNHNFFAO98CA
新竹市,房地(土地+建物)+車位,新竹市新竹市立鵬路91~120號,12.94,商,,,1070412,土地1建物1車位1,十層,二十五層,住宅大樓(11層含以上有電梯),見其他登記事項,鋼筋混凝土造,1031117,174.68,4,2,2,有,有,12180000,69728,坡道平面,0.0,0,,RPUNMLLJOHNFFAO09CA
新竹市,房地(土地+建物)+車位,新竹市新竹市慈雲路61~90號,22.39,商,,,1070518,土地1建物1車位2,二十六層,二十七層,住宅大樓(11層含以上有電梯),見其他登記事項,鋼筋混凝土造,1041208,305.0,4,2,3,有,有,22000000,81010,坡道平面,66.14,2650000,,RPOQMLLMNHNFFAO98CA
新竹市,房地(土地+建物)+車位,新竹市新竹市慈雲路91~120號,13.76,商,,,1070423,土地1建物1車位1,十八層,三十層,辦公商業大樓,辦公室,鋼筋混凝土造,1051004,175.68,0,0,0,無,有,16000000,91075,坡道平面,39.91,0,,RPSNMLLMNHNFFAO09CA
新竹市,房地(土地+建物)+車位,新竹市新竹市慈雲路91~120號,14.27,商,,,1070415,土地1建物1車位1,十八層,三十層,辦公商業大樓,辦公室,鋼筋混凝土造,1051004,183.71,0,0,0,無,有,15780000,85896,坡道平面,39.91,0,,RPUNMLLMNHNFFAO66CA
新竹市,房地(土地+建物),新竹市新竹市五福路一段19巷17弄1~30號,106.62,,山坡地保育區,丙種建築用地,1070427,土地4建物1車位0,全,四層,透天厝,見其他登記事項,鋼筋混凝土造,0871228,176.37,4,2,2,有,無,5800000,32885,,0.0,0,,RPXNMLLMNHNFFAO96CA
新竹市,土地,水源段451~480地號,186.32,,特定農業區,農牧用地,1070329,土地1建物0車位0,,,其他,,,,0.0,0,0,0,有,無,4900000,26299,,0.0,0,二親等買賣,RPWOMLKMNHNFFAO86CA
新竹市,房地(土地+建物),新竹市新竹市中華路三段61~90號,11.18,商,,,1070415,土地3建物1車位0,七層,十二層,住宅大樓(11層含以上有電梯),住家用,鋼筋混凝土造,0820817,112.61,2,2,2,有,有,4500000,39961,,0.0,0,,RPSNMLLJOHNFFAO88CA
新竹市,房地(土地+建物)+車位,新竹市新竹市金山七街6巷1~30號,23.06,住,,,1070501,土地1建物1車位1,二層,八層,華廈(10層含以下有電梯),見其他登記事項,鋼筋混凝土造,1061120,101.99000000000001,2,2,2,有,有,7600000,71586,坡道機械,7.0,800000,,RPWQMLLJOHNFFAO96CA
新竹市,房地(土地+建物)+車位,新竹市新竹市埔頂三路61~90號,21.77,住,,,1070421,土地1建物1車位1,十一層,十四層,住宅大樓(11層含以上有電梯),見其他登記事項,鋼筋混凝土造,1000501,174.54,4,2,2,有,有,11800000,67606,坡道平面,0.0,0,含增建或未登記建物。,RPTPMLLJOHNFFAO56CA
新竹市,房地(土地+建物),新竹市新竹市中山路151~180號,9.12,商,,,1070419,土地1建物1車位0,四層,九層,華廈(10層含以下有電梯),住家用,鋼筋混凝土造,,81.46000000000001,1,2,1,有,有,3500000,42966,,0.0,0,,RPPQMLLJOHNFFAO88CA
新竹市,房地(土地+建物),新竹市新竹市新香街188巷1~30號,113.46,,山坡地保育區,丙種建築用地,1070410,土地1建物1車位0,全,四層,透天厝,見其他登記事項,鋼筋混凝土造,0940713,233.61,4,3,5,有,有,8800000,37670,,0.0,0,,RPSQMLLJOHNFFAO56CA
新竹市,房地(土地+建物)+車位,新竹市新竹市街1~30號,22.81,住,,,1070426,土地1建物1車位1,四層,七層,華廈(10層含以下有電梯),住家用,鋼筋混凝土造,0801212,143.82,3,2,2,有,有,6200000,43109,坡道平面,0.0,0,,RPRPMLLJOHNFFAO98CA
新竹市,房地(土地+建物),新竹市新竹市中華路六段67巷64弄1~30號,153.12,,山坡地保育區,丙種建築用地,1070401,土地2建物1車位0,全,三層,透天厝,住家用,鋼筋混凝土造,0861030,197.1,6,2,4,有,有,6800000,34500,,0.0,0,,RPOOMLLJOHNFFAO58CA
新竹市,房地(土地+建物),新竹市新竹市海埔三街1~30號,104.56,,鄉村區,乙種建築用地,1070501,土地1建物1車位0,全,三層,透天厝,見其他登記事項,鋼筋混凝土造,1070315,213.55,4,2,3,有,無,12250000,57364,,0.0,0,,RPXOMLLJOHNFFAO86CA
新竹市,土地,崙子段61~90地號,17.67,住,,,1070523,土地2建物0車位0,,,其他,,,,0.0,0,0,0,有,有,1634040,92475,,0.0,0,取得華廈土地持分之買賣,RPOPMLOJOHNFFAO98CA
新竹市,房地(土地+建物)+車位,新竹市新竹市龍山東路271~300號,50.69,住,,,1070205,土地1建物1車位3,十九層,二十三層,住宅大樓(11層含以上有電梯),見其他登記事項,鋼筋混凝土造,1010710,380.18,4,2,3,有,有,19300000,59627,坡道平面,96.75,2400000,車位總價中無法拆分個別車位價格:車位優惠價,RPRNMLOJOHNFFAO09CA
新竹市,房地(土地+建物)+車位,新竹市新竹市龍山東路271~300號,45.75,住,,,1070411,土地1建物1車位2,十三層,二十三層,住宅大樓(11層含以上有電梯),見其他登記事項,鋼筋混凝土造,1010710,326.96000000000004,4,2,3,有,有,17590000,57371,坡道平面,67.42,2700000,,RPSNMLOJOHNFFAO56CA
新竹市,房地(土地+建物)+車位,新竹市新竹市龍山東路271~300號,48.22,住,,,1070312,土地1建物1車位3,二十層,二十三層,住宅大樓(11層含以上有電梯),見其他登記事項,鋼筋混凝土造,1010710,363.81,4,2,3,有,有,18530000,58793,坡道平面,94.56,2700000,車位總價中無法拆分個別車位價格:車位優惠價,RPTNMLOJOHNFFAO66CA
新竹市,房地(土地+建物)+車位,新竹市新竹市龍山東路271~300號,46.99,住,,,1070314,土地1建物1車位3,二十一層,二十三層,住宅大樓(11層含以上有電梯),見其他登記事項,鋼筋混凝土造,1010710,359.73,4,2,3,有,有,17690000,57966,坡道平面,101.13,2700000,車位總價中無法拆分個別車位價格；車位優惠價,RPUNMLOJOHNFFAO76CA
新竹市,房地(土地+建物)+車位,新竹市新竹市龍山東路271~300號,50.69,住,,,1070226,土地1建物1車位3,十六層,二十三層,住宅大樓(11層含以上有電梯),見其他登記事項,鋼筋混凝土造,1010710,377.99,4,2,3,有,有,20050000,61920,坡道平面,94.56,2500000,車位總價中無法拆分個別車位價格:車位優惠價,RPVNMLOJOHNFFAO86CA
新竹市,房地(土地+建物),新竹市新竹市中正路181~210號,3.17,商,,,1070522,土地1建物1車位0,七層,十一層,套房(1房1廳1衛),見其他登記事項,鋼筋混凝土造,0960305,33.08,1,1,1,有,有,2000000,60459,,0.0,0,,RPWNMLOJOHNFFAO96CA
新竹市,土地,東濱段1171~1200地號,9.74,住,,,1070523,土地1建物0車位0,,,其他,,,,0.0,0,0,0,有,無,750000,77002,,0.0,0,,RPVNMLLJOHNFFAO56CA
新竹市,房地(土地+建物),新竹市新竹市建功一路53巷1~30號,22.4,住,,,1070423,土地1建物1車位0,五層,五層,公寓(5樓含以下無電梯),住家用,鋼筋混凝土造,,75.9,5,0,2,有,無,4300000,56653,,0.0,0,,RPQNMLLJOHNFFAO68CA
新竹市,房地(土地+建物)+車位,新竹市新竹市中央路151~180號,14.72,住,,,1070515,土地1建物3車位2,六層,二十九層,住宅大樓(11層含以上有電梯),見其他登記事項,鋼筋混凝土造,0961101,298.05,4,2,3,有,有,19990000,67069,坡道平面,54.2,0,,RPRNMLLJOHNFFAO78CA
新竹市,房地(土地+建物),新竹市新竹市明湖路648巷18弄241~270號,233.57,,山坡地保育區,丙種建築用地,1070428,土地8建物1車位0,全,五層,透天厝,見其他登記事項,見其他登記事項,1001220,364.8,5,3,5,有,有,20000000,54825,,0.0,0,,RPRPMLRJOHNFFAO96CA
新竹市,房地(土地+建物)+車位,新竹市新竹市埔頂三路151~180號,18.98,住,,,1070417,土地1建物1車位1,十四層,十五層,住宅大樓(11層含以上有電梯),見其他登記事項,鋼筋混凝土造,1010229,157.81,3,2,2,有,有,11300000,71605,坡道平面,32.6,0,含增建或未登記建物。,RPTPMLRJOHNFFAO17CA
新竹市,房地(土地+建物)+車位,新竹市新竹市東大路二段541~570號,16.62,,鄉村區,乙種建築用地,1070401,土地1建物1車位1,三層,九層,華廈(10層含以下有電梯),見其他登記事項,鋼筋混凝土造,1030708,82.03999999999999,0,0,0,無,有,4600000,56070,坡道機械,8.27,0,,RPVPMLPJOHNFFAO17CA
新竹市,房地(土地+建物),新竹市新竹市澤藩路31~60號,145.99,,山坡地保育區,丙種建築用地,1070428,土地1建物1車位0,全,三層,透天厝,見其他登記事項,鋼筋混凝土造,0881123,274.08,4,2,3,有,有,15300000,55823,,0.0,0,,RPTNMLTJOHNFFAO17CA
新竹市,房地(土地+建物)+車位,新竹市新竹市關新路181~210號,30.07,住,,,1070505,土地1建物1車位2,十層,二十四層,住宅大樓(11層含以上有電梯),見其他登記事項,鋼筋混凝土造,1001121,266.26,4,2,2,有,有,22000000,82626,坡道平面,0.0,0,含增建或未登記建物。,RPOPMLOKOHNFFAO09CA
新竹市,房地(土地+建物),新竹市新竹市光華北街61~90號,13.38,住,,,1070422,土地1建物1車位0,四層,七層,華廈(10層含以下有電梯),住家用,鋼筋混凝土造,0810107,73.25999999999999,2,1,1,有,有,3960000,54054,,0.0,0,,RPROMLPKOHNFFAO76CA
新竹市,房地(土地+建物),新竹市新竹市自由路91~120號,3.97,商,,,1070423,土地1建物1車位0,十二層,十二層,套房(1房1廳1衛),住家用,鋼筋混凝土造,0801231,48.36,1,1,1,有,有,1900000,39289,,0.0,0,,RPQNMLOKOHNFFAO09CA
新竹市,房地(土地+建物),新竹市新竹市明湖路648巷104弄31~60號,144.62,,山坡地保育區,丙種建築用地,1070415,土地2建物1車位0,全,三層,透天厝,住家用,鋼筋混凝土造,0821119,253.53,5,2,4,有,有,12000000,47332,,0.0,0,,RPRNMLOKOHNFFAO56CA
新竹市,土地,竹港段571~600地號,261.01,其他,,,1070415,土地4建物0車位0,,,其他,,,,0.0,0,0,0,有,無,2700000,10344,,0.0,0,,RPXNMLLLOHNFFAO96CA
