﻿編號,土地區段位置,土地移轉面積(平方公尺),使用分區或編定
The serial number,land sector position,land shifting area (square meter),the use zoning or compiles and checks
RPWNMLNLNHNFFAO96CA,自由段,30.00,都市：其他
RPTNMLNLNHNFFAO66CA,長春段,10.16,都市：住
RPTOMLMLNHNFFAO66CA,南門段二小段,10.00,都市：商
RPTOMLMLNHNFFAO66CA,南門段二小段,1.20,都市：商
RPQOMLMLNHNFFAO98CA,南門段三小段,6.06,都市：商
RPOPMLMLNHNFFAO88CA,北門段,18.23,都市：住
RPUOMLMLNHNFFAO76CA,東明段,29.33,都市：住
RPPPMLRLNHNFFAO86CA,金雅段,170.85,非都市：鄉村區 ; 非都市編定：乙種建築用地
RPROMLPLNHNFFAO76CA,光武段,42.04,都市：住
RPTQMLPLNHNFFAO17CA,復中段,4.98,都市：住
RPTQMLPLNHNFFAO17CA,復中段,6.78,都市：商
RPOPMLPLNHNFFAO56CA,福林段,2.14,都市：住
RPOPMLPLNHNFFAO56CA,福林段,.15,都市：其他
RPOPMLPLNHNFFAO56CA,福林段,.15,都市：其他
RPOPMLPLNHNFFAO56CA,福林段,12.06,都市：住
RPOPMLPLNHNFFAO56CA,福林段,12.06,都市：住
RPOPMLPLNHNFFAO56CA,福林段,5.80,都市：其他
RPOPMLPLNHNFFAO56CA,福林段,5.80,都市：其他
RPOPMLPLNHNFFAO56CA,福林段,2.14,都市：住
RPUPMLPLNHNFFAO17CA,光華段,33.98,都市：住
RPOQMLNLNHNFFAO09CA,光武段,37.09,都市：住
RPXPMLNLNHNFFAO27CA,光武段,49.46,都市：住
RPWPMLNLNHNFFAO17CA,光武段,50.69,都市：住
RPUNMLSLNHNFFAO27CA,東光段,1.25,都市：商
RPUNMLSLNHNFFAO27CA,東光段,131.74,都市：商
RPUNMLSLNHNFFAO27CA,東光段,1.83,都市：商
RPUNMLSLNHNFFAO27CA,東光段,474.36,都市：工
RPUNMLSLNHNFFAO27CA,東光段,92.84,都市：工
RPUNMLSLNHNFFAO27CA,東光段,85.03,都市：工
RPUNMLSLNHNFFAO27CA,東光段,13.38,都市：商
RPSNMLSLNHNFFAO07CA,東光段,2.49,都市：商
RPSNMLSLNHNFFAO07CA,東光段,263.49,都市：商
RPSNMLSLNHNFFAO07CA,東光段,3.67,都市：商
RPSNMLSLNHNFFAO07CA,東光段,948.71,都市：工
RPSNMLSLNHNFFAO07CA,東光段,185.68,都市：工
RPSNMLSLNHNFFAO07CA,東光段,170.06,都市：工
RPSNMLSLNHNFFAO07CA,東光段,26.77,都市：商
RPOOMLKMNHNFFAO68CA,長春段,14.58,都市：住
RPOOMLKMNHNFFAO68CA,長春段,14.58,都市：住
RPOOMLKMNHNFFAO68CA,長春段,14.58,都市：住
RPOOMLKMNHNFFAO68CA,長春段,.01,都市：住
RPTNMLSLNHNFFAO17CA,東光段,1.25,都市：商
RPTNMLSLNHNFFAO17CA,東光段,131.74,都市：商
RPTNMLSLNHNFFAO17CA,東光段,1.83,都市：商
RPTNMLSLNHNFFAO17CA,東光段,474.36,都市：工
RPTNMLSLNHNFFAO17CA,東光段,92.84,都市：工
RPTNMLSLNHNFFAO17CA,東光段,85.03,都市：工
RPTNMLSLNHNFFAO17CA,東光段,13.38,都市：商
RPTPMLSLNHNFFAO37CA,民主段一小段,5.03,都市：商
RPXNMLKMNHNFFAO86CA,東明段,1.44,都市：其他
RPWNMLKMNHNFFAO76CA,長春段,14.58,都市：住
RPWNMLKMNHNFFAO76CA,長春段,14.58,都市：住
RPWNMLKMNHNFFAO76CA,長春段,14.58,都市：住
RPWNMLKMNHNFFAO76CA,長春段,.01,都市：住
RPXOMLKMNHNFFAO96CA,南寮段,18.31,都市：住
RPOOMLNLNHNFFAO98DA,大庄段,827.02,非都市：特定農業區 ; 非都市編定：農牧用地
RPRNMLSLNHNFFAO07DA,五福段,31.85,非都市：山坡地保育區 ; 非都市編定：丙種建築用地
RPRNMLSLNHNFFAO07DA,五福段,146.42,非都市：特定農業區 ; 非都市編定：甲種建築用地
RPRNMLSLNHNFFAO07DA,五福段,113.68,非都市：特定農業區 ; 非都市編定：甲種建築用地
RPRNMLKMNHNFFAO09EA,士林段,171.29,非都市：鄉村區 ; 非都市編定：乙種建築用地
RPQNMLNLNHNFFAO56EA,香中段,22.09,都市：住
RPTNMLMJOHNFFAO09CA,東橋段,9.92,都市：住
RPTNMLMJOHNFFAO09CA,東橋段,5.17,都市：住
RPSNMLMJOHNFFAO98CA,大庄段,17.09,都市：住
RPUPMLOJOHNFFAO96CA,光華段,45.78,都市：住
RPQOMLSJOHNFFAO86CA,新港段,80.24,都市：住
RPQPMLLMNHNFFAO09CA,國道段,11.36,都市：商
RPVOMLTKOHNFFAO57CA,崙子段,21.00,非都市：鄉村區 ; 非都市編定：乙種建築用地
RPVOMLTKOHNFFAO57CA,崙子段,269.00,非都市：鄉村區 ; 非都市編定：乙種建築用地
RPTOMLMJOHNFFAO56CA,科學段一小段,105.41,都市：住
RPQOMLSKOHNFFAO96CA,東香段,2.00,非都市：山坡地保育區 ; 非都市編定：丙種建築用地
RPQOMLSKOHNFFAO96CA,東香段,34.81,非都市：山坡地保育區 ; 非都市編定：丙種建築用地
RPQOMLSKOHNFFAO96CA,東香段,80.83,非都市：山坡地保育區 ; 非都市編定：丙種建築用地
RPQOMLSKOHNFFAO96CA,東香段,1.17,非都市：山坡地保育區 ; 非都市編定：丙種建築用地
RPQOMLSKOHNFFAO96CA,東香段,.07,非都市：山坡地保育區 ; 非都市編定：丙種建築用地
RPQOMLSKOHNFFAO96CA,東香段,.71,非都市：山坡地保育區 ; 非都市編定：丙種建築用地
RPPSMLLJOHNFFAO09CA,武陵段,30.40,都市：住
RPUNMLMJOHNFFAO56CA,自由段,22.97,都市：住
RPVNMLMJOHNFFAO66CA,國道段,12.94,都市：商
RPOOMLQJOHNFFAO66EA,麗園段,126.76,非都市：山坡地保育區 ; 非都市編定：丙種建築用地
RPQNMLMJOHNFFAO78CA,國道段,10.88,都市：住
RPOOMLTJOHNFFAO76CA,民富段,.28,都市：商
RPOOMLTJOHNFFAO76CA,民富段,.36,都市：其他
RPOOMLTJOHNFFAO76CA,民富段,.48,都市：住
RPOOMLTJOHNFFAO76CA,民富段,6.70,都市：商
RPPOMLPJOHNFFAO09CA,光復段,53.39,都市：住
RPQNMLTJOHNFFAO86CA,光鎮段,8.57,都市：住
RPQNMLTJOHNFFAO86CA,光鎮段,101.59,都市：住
RPQNMLTJOHNFFAO86CA,光鎮段,4.47,都市：其他
RPPOMLLJOHNFFAO68CA,光復段,53.39,都市：住
RPWOMLSLNHNFFAO57CA,北門段,13.97,都市：住
RPWOMLSLNHNFFAO57CA,北門段,16.08,都市：住
RPVNMLLKOHNFFAO66CA,光復段,53.01,都市：住
RPOPMLLJOHNFFAO68CA,光復段,63.69,都市：住
RPPOMLOJOHNFFAO98CA,榮光段三小段,17.00,都市：商
RPPOMLOJOHNFFAO98CA,榮光段三小段,1.00,都市：商
RPPOMLOJOHNFFAO98CA,榮光段三小段,109.00,都市：商
RPQPMLRLNHNFFAO96CA,中山段三小段,59.00,都市：商
RPQPMLRLNHNFFAO96CA,中山段三小段,15.00,都市：商
RPPPMLQJOHNFFAO66CA,光復段,63.69,都市：住
RPVPMLQJOHNFFAO27CA,國道段,22.74,都市：住
RPOPMLQJOHNFFAO56CA,中華段,19.64,都市：商
RPVOMLPLNHNFFAO17CA,崙子段,.21,都市：其他
RPVOMLPLNHNFFAO17CA,崙子段,43.00,都市：住
RPUPMLSLNHNFFAO47CA,唐高段,95.00,都市：住
RPXNMLNLNHNFFAO07CA,復中段,9.85,都市：商
RPXNMLNLNHNFFAO07CA,復中段,.72,都市：住
RPQNMLQLNHNFFAO66CA,中央段,9.15,都市：住
RPTOMLTLNHNFFAO37CA,東明段,24.85,都市：住
RPUOMLTLNHNFFAO47CA,民主段,22.60,都市：住
RPUOMLTLNHNFFAO47CA,民主段,11.00,都市：住
RPOPMLNLNHNFFAO98CA,中雅段,20.22,都市：商
RPOPMLNLNHNFFAO98CA,崙子段,.43,都市：商
RPVNMLKMNHNFFAO66CA,大湖段,111.32,非都市：一般農業區 ; 非都市編定：丙種建築用地
RPVNMLKMNHNFFAO66CA,大湖段,2.23,非都市：一般農業區 ; 非都市編定：丙種建築用地
RPVNMLKMNHNFFAO66CA,大湖段,.51,非都市：一般農業區 ; 非都市編定：丙種建築用地
RPVNMLKMNHNFFAO66CA,大湖段,7.30,非都市：一般農業區 ; 非都市編定：丙種建築用地
RPVNMLKMNHNFFAO66CA,大湖段,7.48,非都市：一般農業區 ; 非都市編定：丙種建築用地
RPVNMLKMNHNFFAO66CA,香村段,21.65,非都市：山坡地保育區 ; 非都市編定：丙種建築用地
RPVNMLKMNHNFFAO66CA,香村段,.19,非都市：山坡地保育區 ; 非都市編定：丙種建築用地
RPVPMLNLNHNFFAO07CA,南湖段,6.38,非都市：山坡地保育區 ; 非都市編定：丙種建築用地
RPVPMLNLNHNFFAO07CA,南湖段,19.73,非都市：山坡地保育區 ; 非都市編定：丙種建築用地
RPVPMLNLNHNFFAO07CA,南湖段,.25,非都市：山坡地保育區 ; 非都市編定：丙種建築用地
RPXNMLPLNHNFFAO27CA,國道段,17.96,都市：商
RPVPMLOLNHNFFAO17CA,育賢段,23.27,都市：住
RPXOMLPLNHNFFAO37CA,東明段,26.98,都市：住
RPUOMLPLNHNFFAO07CA,光復段,56.82,都市：住
RPPNMLOLNHNFFAO98CA,光華段,8.30,都市：住
RPPNMLPLNHNFFAO09CA,長春段,30.07,都市：住
RPWNMLPLNHNFFAO17CA,國道段,26.06,都市：商
RPPNMLQLNHNFFAO56CA,光復段,13.00,都市：工
RPQPMLPLNHNFFAO76CA,西濱段,20.81,都市：住
RPQPMLPLNHNFFAO76CA,西濱段,7.22,都市：住
RPSPMLPLNHNFFAO96CA,西濱段,40.02,都市：住
RPSPMLPLNHNFFAO96CA,西濱段,7.22,都市：住
RPQQMLPLNHNFFAO86CA,光武段,21.90,都市：商
RPRQMLPLNHNFFAO96CA,光武段,21.90,都市：商
RPVOMLOLNHNFFAO07CA,忠孝段,25.28,都市：住
RPVOMLOLNHNFFAO07CA,忠孝段,63.00,都市：住
RPSPMLSLNHNFFAO27CA,西門段一小段,14.00,都市：商
RPPOMLRLNHNFFAO76CA,東光段,31.18,都市：其他
RPWOMLRLNHNFFAO47CA,光武段,23.11,都市：住
RPSQMLPLNHNFFAO07CA,翠湖段,59.09,都市：其他
RPSQMLPLNHNFFAO07CA,翠湖段,366.09,都市：其他
RPOPMLOLNHNFFAO09CA,朝山段一小段,32.47,都市：商
RPROMLOLNHNFFAO66CA,茄苳段,3.03,非都市：山坡地保育區 ; 非都市編定：丙種建築用地
RPROMLOLNHNFFAO66CA,茄苳段,14.36,非都市：山坡地保育區 ; 非都市編定：丙種建築用地
RPQOMLLJOHNFFAO78CA,南門段一小段,5.01,都市：商
RPQOMLLJOHNFFAO78CA,南門段一小段,.28,都市：商
RPQOMLLJOHNFFAO78CA,南門段一小段,.39,都市：商
RPVRMLLJOHNFFAO96CA,華江段,75.44,非都市：特定農業區 ; 非都市編定：丁種建築用地
RPVRMLLJOHNFFAO96CA,華江段,356.92,非都市：特定農業區 ; 非都市編定：丁種建築用地
RPXOMLTLNHNFFAO77CA,雅溪段,88.02,非都市：山坡地保育區 ; 非都市編定：丙種建築用地
RPPNMLMJOHNFFAO68CA,光武段,86.00,都市：住
SPQOMLLJOHNFFAO88CA,南門段一小段,4.86,都市：商
SPQOMLLJOHNFFAO88CA,南門段一小段,.28,都市：商
SPQOMLLJOHNFFAO88CA,南門段一小段,.37,都市：商
RPVOMLLJOHNFFAO66CA,西濱段,11.57,都市：住
RPUNMLTLNHNFFAO37CA,崙子段,3.27,都市：住
RPQPMLKMNHNFFAO98CA,長春段,15.36,都市：住
RPPOMLKMNHNFFAO78CA,民主段一小段,4.31,都市：商
RPROMLPJOHNFFAO66CA,信義段,12.19,都市：其他
RPRPMLSJOHNFFAO07CA,光復段,56.44,都市：住
RPWNMLSKOHNFFAO47CA,崙子段,9.78,都市：住
RPOPMLKMNHNFFAO78CA,聚吉段,62.00,都市：住
RPOPMLKMNHNFFAO78CA,聚吉段,19.00,都市：住
RPOPMLKMNHNFFAO78CA,聚吉段,1.21,都市：其他
RPOPMLKMNHNFFAO78CA,聚吉段,1.10,都市：其他
RPSOMLOLNHNFFAO76CA,大湖段,80.34,非都市：一般農業區 ; 非都市編定：丙種建築用地
RPQNMLLMNHNFFAO88CA,光復段,56.82,都市：住
RPTOMLKLOHNFFAO56CA,東濱段,78.33,都市：農
RPVOMLKLOHNFFAO76CA,舊社段,53.75,都市：住
RPPNMLMLOHNFFAO88CA,長春段,.02,都市：住
RPPNMLMLOHNFFAO88CA,長春段,.34,都市：住
RPQPMLOLNHNFFAO66CA,前溪段,175.18,非都市：特定農業區 ; 非都市編定：農牧用地
RPRNMLQKOHNFFAO76CA,東明段,34.01,都市：住
RPVNMLPJOHNFFAO96CA,光復段,28.22,都市：住
RPVNMLPJOHNFFAO96CA,光復段,28.22,都市：住
RPQNMLOJOHNFFAO98CA,光武段,.35,都市：商
RPQNMLOJOHNFFAO98CA,光武段,16.34,都市：商
RPTPMLSJOHNFFAO27CA,國道段,5.67,都市：住
RPTPMLSJOHNFFAO27CA,國道段,22.15,都市：住
RPSNMLMKOHNFFAO09CA,光武段,13.65,都市：商
RPPPMLOJOHNFFAO09CA,自由段,29.20,都市：住
RPPPMLOJOHNFFAO09CA,自由段,55.00,都市：住
RPRPMLRLNHNFFAO07CA,聚吉段,127.00,都市：商
RPSPMLRLNHNFFAO17CA,聚吉段,127.00,都市：商
RPROMLQJOHNFFAO76CA,香雅段,70.15,非都市：鄉村區 ; 非都市編定：乙種建築用地
RPQOMLSLNHNFFAO96CA,關東段,24.02,都市：住
RPVOMLSLNHNFFAO47CA,聚吉段,2.46,都市：住
RPVOMLSLNHNFFAO47CA,聚吉段,8.40,都市：商
RPXPMLSLNHNFFAO77CA,育賢段,30.08,都市：住
RPSPMLTLNHNFFAO37CA,香村段,61.09,非都市：山坡地保育區 ; 非都市編定：丙種建築用地
RPSPMLTLNHNFFAO37CA,大湖段,2.23,非都市：一般農業區 ; 非都市編定：丙種建築用地
RPSPMLTLNHNFFAO37CA,大湖段,.28,非都市：一般農業區 ; 非都市編定：丙種建築用地
RPSPMLTLNHNFFAO37CA,大湖段,4.01,非都市：一般農業區 ; 非都市編定：丙種建築用地
RPSPMLTLNHNFFAO37CA,大湖段,4.10,非都市：一般農業區 ; 非都市編定：丙種建築用地
RPSPMLTLNHNFFAO37CA,香村段,11.88,非都市：山坡地保育區 ; 非都市編定：丙種建築用地
RPSPMLTLNHNFFAO37CA,香村段,.11,非都市：山坡地保育區 ; 非都市編定：丙種建築用地
RPRPMLTLNHNFFAO27CA,香村段,97.48,非都市：山坡地保育區 ; 非都市編定：丙種建築用地
RPRPMLTLNHNFFAO27CA,大湖段,2.23,非都市：一般農業區 ; 非都市編定：丙種建築用地
RPRPMLTLNHNFFAO27CA,大湖段,.45,非都市：一般農業區 ; 非都市編定：丙種建築用地
RPRPMLTLNHNFFAO27CA,大湖段,6.40,非都市：一般農業區 ; 非都市編定：丙種建築用地
RPRPMLTLNHNFFAO27CA,大湖段,6.55,非都市：一般農業區 ; 非都市編定：丙種建築用地
RPRPMLTLNHNFFAO27CA,香村段,18.96,非都市：山坡地保育區 ; 非都市編定：丙種建築用地
RPRPMLTLNHNFFAO27CA,香村段,.17,非都市：山坡地保育區 ; 非都市編定：丙種建築用地
RPXOMLOLNHNFFAO27CA,自由段,69.00,都市：住
RPSPMLRJOHNFFAO07CA,中雅段,15.91,都市：住
RPSPMLRJOHNFFAO07CA,中雅段,1.88,都市：其他
RPOPMLTLNHNFFAO96CA,東橋段,23.95,都市：住
RPQPMLTLNHNFFAO17CA,大湖段,35.28,非都市：一般農業區 ; 非都市編定：丙種建築用地
RPQPMLTLNHNFFAO17CA,香村段,62.19,非都市：山坡地保育區 ; 非都市編定：丙種建築用地
RPQPMLTLNHNFFAO17CA,大湖段,2.23,非都市：一般農業區 ; 非都市編定：丙種建築用地
RPQPMLTLNHNFFAO17CA,大湖段,.45,非都市：一般農業區 ; 非都市編定：丙種建築用地
RPQPMLTLNHNFFAO17CA,大湖段,6.40,非都市：一般農業區 ; 非都市編定：丙種建築用地
RPQPMLTLNHNFFAO17CA,大湖段,6.55,非都市：一般農業區 ; 非都市編定：丙種建築用地
RPQPMLTLNHNFFAO17CA,香村段,18.96,非都市：山坡地保育區 ; 非都市編定：丙種建築用地
RPQPMLTLNHNFFAO17CA,香村段,.17,非都市：山坡地保育區 ; 非都市編定：丙種建築用地
RPWOMLTLNHNFFAO67CA,香村段,97.45,非都市：山坡地保育區 ; 非都市編定：丙種建築用地
RPWOMLTLNHNFFAO67CA,大湖段,2.23,非都市：一般農業區 ; 非都市編定：丙種建築用地
RPPOMLMJOHNFFAO78CA,高翠段,19.87,都市：住
RPWOMLTLNHNFFAO67CA,大湖段,.45,非都市：一般農業區 ; 非都市編定：丙種建築用地
RPWOMLTLNHNFFAO67CA,大湖段,6.39,非都市：一般農業區 ; 非都市編定：丙種建築用地
RPPOMLMJOHNFFAO78CA,高翠段,2.58,都市：其他
RPWOMLTLNHNFFAO67CA,大湖段,6.55,非都市：一般農業區 ; 非都市編定：丙種建築用地
RPPOMLMJOHNFFAO78CA,高翠段,2.58,都市：其他
RPWOMLTLNHNFFAO67CA,香村段,18.95,非都市：山坡地保育區 ; 非都市編定：丙種建築用地
RPWOMLTLNHNFFAO67CA,香村段,.17,非都市：山坡地保育區 ; 非都市編定：丙種建築用地
RPQOMLTLNHNFFAO07CA,茄苳段,35.90,非都市：山坡地保育區 ; 非都市編定：丙種建築用地
RPQOMLTLNHNFFAO07CA,茄苳段,8.89,非都市：山坡地保育區 ; 非都市編定：丙種建築用地
RPXNMLTLNHNFFAO67CA,朝山段,74.93,都市：住
RPTPMLTLNHNFFAO47CA,大湖段,65.91,非都市：一般農業區 ; 非都市編定：丙種建築用地
RPTPMLTLNHNFFAO47CA,香村段,31.56,非都市：山坡地保育區 ; 非都市編定：丙種建築用地
RPTPMLTLNHNFFAO47CA,大湖段,2.23,非都市：一般農業區 ; 非都市編定：丙種建築用地
RPTPMLTLNHNFFAO47CA,大湖段,.45,非都市：一般農業區 ; 非都市編定：丙種建築用地
RPTPMLTLNHNFFAO47CA,大湖段,6.40,非都市：一般農業區 ; 非都市編定：丙種建築用地
RPTPMLTLNHNFFAO47CA,大湖段,6.55,非都市：一般農業區 ; 非都市編定：丙種建築用地
RPTPMLTLNHNFFAO47CA,香村段,18.96,非都市：山坡地保育區 ; 非都市編定：丙種建築用地
RPTPMLTLNHNFFAO47CA,香村段,.17,非都市：山坡地保育區 ; 非都市編定：丙種建築用地
RPOOMLTLNHNFFAO86CA,關東段,116.00,都市：住
RPOOMLTLNHNFFAO86CA,關東段,12.00,都市：住
RPTOMLOJOHNFFAO76CA,國道段,17.76,都市：住
RPPNMLLJOHNFFAO58CA,忠孝段,32.42,都市：住
RPPPMLTLNHNFFAO07CA,大湖段,83.91,非都市：一般農業區 ; 非都市編定：丙種建築用地
RPPPMLTLNHNFFAO07CA,香村段,13.56,非都市：山坡地保育區 ; 非都市編定：丙種建築用地
RPPPMLTLNHNFFAO07CA,大湖段,2.23,非都市：一般農業區 ; 非都市編定：丙種建築用地
RPPPMLTLNHNFFAO07CA,大湖段,.45,非都市：一般農業區 ; 非都市編定：丙種建築用地
RPPPMLTLNHNFFAO07CA,大湖段,6.40,非都市：一般農業區 ; 非都市編定：丙種建築用地
RPPPMLTLNHNFFAO07CA,大湖段,6.55,非都市：一般農業區 ; 非都市編定：丙種建築用地
RPPPMLTLNHNFFAO07CA,香村段,18.96,非都市：山坡地保育區 ; 非都市編定：丙種建築用地
RPPPMLTLNHNFFAO07CA,香村段,.17,非都市：山坡地保育區 ; 非都市編定：丙種建築用地
RPPNMLKMNHNFFAO68CA,長春段,20.43,都市：其他
RPRQMLLMNHNFFAO66CA,民主段一小段,17.68,都市：商
RPQQMLPJOHNFFAO76CA,隆恩段,946.74,非都市：特定農業區 ; 非都市編定：農牧用地
RPTPMLOJOHNFFAO86CA,北門段,3.55,都市：商
RPTPMLOJOHNFFAO86CA,北門段,.56,都市：住
RPQQMLLMNHNFFAO56CA,民主段一小段,17.68,都市：商
RPSQMLPJOHNFFAO96CA,國道段,32.36,都市：住
RPVOMLMJOHNFFAO76CA,建華段,38.74,都市：住
RPWOMLPJOHNFFAO17CA,和平段,13.77,都市：住
RPUPMLQJOHNFFAO17CA,新莊段,75.00,都市：住
RPUNMLTJOHNFFAO27CA,國道段,18.47,都市：住
RPPPMLRJOHNFFAO76CA,關東段,13.44,都市：住
RPTOMLRJOHNFFAO07CA,柴橋段,13.00,都市：其他
RPOOMLLMNHNFFAO98EA,南門段四小段,31.60,都市：其他
RPVPMLTLNHNFFAO77DA,光復段,27.90,都市：住
RPSNMLTKOHNFFAO17CA,明湖段,5.85,非都市：山坡地保育區 ; 非都市編定：水利用地
RPPNMLPKOHNFFAO09CA,柴橋段,14.10,都市：其他
RPSNMLTKOHNFFAO17CA,明湖段,.05,非都市：山坡地保育區 ; 非都市編定：丙種建築用地
RPSNMLTKOHNFFAO17CA,明湖段,8.63,非都市：山坡地保育區 ; 非都市編定：丙種建築用地
RPSNMLTKOHNFFAO17CA,明湖段,14.83,非都市：山坡地保育區 ; 非都市編定：丙種建築用地
RPSNMLTKOHNFFAO17CA,明湖段,7.22,非都市：山坡地保育區 ; 非都市編定：丙種建築用地
RPQNMLMLOHNFFAO98CA,南勢段,82.15,非都市：鄉村區 ; 非都市編定：乙種建築用地
RPPPMLPJOHNFFAO66DA,金山段,99.00,都市：住
RPVNMLRJOHNFFAO17CA,新港段,13.54,都市：住
RPQNMLMKOHNFFAO88CA,國道段,17.89,都市：住
RPTQMLPJOHNFFAO07CA,仙宮段,20.99,都市：住
RPTQMLPJOHNFFAO07CA,仙宮段,28.01,都市：住
RPPQMLPJOHNFFAO66CA,自由段,21.24,都市：住
RPPQMLPJOHNFFAO66CA,自由段,.01,都市：其他
RPSNMLRJOHNFFAO86CA,東山段一小段,19.05,都市：住
RPRPMLNKOHNFFAO66CA,關東段,22.44,都市：住
RPRPMLNKOHNFFAO66CA,關東段,2.33,都市：其他
RPURMLOKOHNFFAO27CA,光復段,22.36,都市：其他
RPVRMLOKOHNFFAO37CA,東橋段,16.07,都市：住
RPTRMLOKOHNFFAO17CA,北門段,78.00,都市：住
RPQPMLQJOHNFFAO76CA,光復段,56.82,都市：住
RPSNMLOKOHNFFAO66CA,舊社段,34.38,都市：住
RPTNMLLJOHNFFAO98CA,西濱段,9.73,都市：住
RPTNMLLKOHNFFAO09CA,北門段,3.21,都市：住
RPTNMLLKOHNFFAO09CA,北門段,3.04,都市：商
RPOPMLLMNHNFFAO88CA,長春段,15.83,都市：住
RPWRMLOKOHNFFAO47CA,柴橋段,14.10,都市：其他
RPPOMLLMNHNFFAO88CA,中山段三小段,46.00,都市：商
RPPQMLOKOHNFFAO66CA,東光段,119.00,都市：其他
RPWPMLKMNHNFFAO96CA,光復段,56.44,都市：住
RPUOMLQJOHNFFAO07CA,金山段,83.00,都市：住
RPTOMLLMNHNFFAO66CA,武陵段,21.04,都市：住
RPXNMLLJOHNFFAO76CA,武陵段,.15,都市：住
RPXNMLLJOHNFFAO76CA,武陵段,8.07,都市：住
RPROMLKMNHNFFAO98CA,國道段,17.14,都市：商
RPQRMLLJOHNFFAO09CA,長春段,19.23,都市：其他
RPQOMLKMNHNFFAO88CA,國道段,12.59,都市：商
RPWNMLLJOHNFFAO66CA,新港段,42.51,都市：住
RPWPMLLMNHNFFAO07CA,西門段二小段,.27,都市：商
RPWPMLLMNHNFFAO07CA,西門段二小段,4.11,都市：商
RPUOMLLJOHNFFAO56CA,士林段,650.44,非都市：鄉村區 ; 非都市編定：乙種建築用地
RPSOMLKMNHNFFAO09CA,國道段,24.73,都市：商
RPUPMLTLNHNFFAO57CA,西濱段,10.13,都市：住
RPRNMLTLNHNFFAO07CA,福林段,35.78,都市：住
RPWNMLTLNHNFFAO57CA,光復段,28.66,都市：住
RPUOMLOJOHNFFAO86CA,西濱段,18.42,都市：住
RPUOMLOJOHNFFAO86CA,西濱段,.51,都市：住
RPXNMLPJOHNFFAO17CA,醫專段,47.69,非都市：山坡地保育區 ; 非都市編定：農牧用地
RPRPMLKMNHNFFAO09CA,中興段,27.76,都市：住
RPRPMLKMNHNFFAO09CA,中興段,52.00,都市：住
RPUPMLKMNHNFFAO76CA,科園段龍山小段,83.00,都市：住
RPUPMLKMNHNFFAO76CA,科園段龍山小段,26.00,都市：住
RPRPMLLMNHNFFAO56CA,竹蓮段,32.40,都市：其他
RPPNMLLMNHNFFAO78CA,光華段,78.00,都市：住
RPUQMLPJOHNFFAO17CA,高翠段,137.75,都市：住
RPPNMLOJOHNFFAO88CA,金山段,99.18,都市：住
RPWOMLRJOHNFFAO37CA,光復段,19.70,都市：其他
RPVNMLTJOHNFFAO37CA,光復段,56.82,都市：住
RPOPMLSJOHNFFAO76CA,親仁段二小段,51.35,都市：住
RPSOMLTLNHNFFAO37DA,湖港段,188.83,非都市：一般農業區 ; 非都市編定：甲種建築用地
RPSNMLQKOHNFFAO86CA,唐高段,20.40,都市：住
RPSNMLQKOHNFFAO86CA,成德段,.60,都市：住
RPPPMLSJOHNFFAO86CA,親仁段二小段,53.60,都市：住
RPVPMLOJOHNFFAO17DA,唐高段,18.65,都市：其他
RPVPMLOJOHNFFAO17DA,成德段,.55,都市：其他
RPPOMLKMNHNFFAO98EA,朝山段,51.25,都市：住
RPPOMLKMNHNFFAO98EA,朝山段,11.20,都市：住
RPPOMLSKOHNFFAO86CA,中寮段,4.30,都市：其他
RPPOMLSKOHNFFAO86CA,中寮段,4.30,都市：其他
RPPOMLSKOHNFFAO86CA,中寮段,4.30,都市：其他
RPPOMLSKOHNFFAO86CA,中寮段,74.93,都市：住
RPPOMLSKOHNFFAO86CA,中寮段,74.93,都市：住
RPPOMLSKOHNFFAO86CA,中寮段,74.93,都市：住
RPPOMLSKOHNFFAO86CA,中寮段,51.00,都市：住
RPPOMLSKOHNFFAO86CA,中寮段,51.00,都市：住
RPPOMLSKOHNFFAO86CA,中寮段,51.00,都市：住
RPPOMLSKOHNFFAO86CA,中寮段,30.73,都市：其他
RPPOMLSKOHNFFAO86CA,中寮段,30.73,都市：其他
RPPOMLSKOHNFFAO86CA,中寮段,30.73,都市：其他
RPPOMLSKOHNFFAO86CA,中寮段,31.00,都市：住
RPPOMLSKOHNFFAO86CA,中寮段,31.00,都市：住
RPPOMLSKOHNFFAO86CA,中寮段,31.00,都市：住
RPPNMLRKOHNFFAO66CA,國道段,9.05,都市：住
RPOSMLLJOHNFFAO98CA,明湖段,209.50,非都市：山坡地保育區 ; 非都市編定：丙種建築用地
RPQNMLRKOHNFFAO76CA,柴橋段,14.10,都市：其他
RPQQMLTKOHNFFAO27CA,東濱段,119.13,都市：住
RPRNMLRKOHNFFAO86CA,柴橋段,14.10,都市：其他
RPPOMLSJOHNFFAO76CA,光復段,56.44,都市：住
RPOOMLPJOHNFFAO98CA,金山段,23.06,都市：住
RPQNMLPLOHNFFAO66CA,光武段,65.00,都市：住
RPOPMLRJOHNFFAO66CA,民主段,27.64,都市：住
RPPOMLLKOHNFFAO78CA,光復段,56.82,都市：住
RPOOMLLKOHNFFAO68CA,光復段,56.44,都市：住
RPQOMLLMNHNFFAO98CA,茄苳段,35.90,非都市：山坡地保育區 ; 非都市編定：丙種建築用地
RPQOMLLMNHNFFAO98CA,茄苳段,8.89,非都市：山坡地保育區 ; 非都市編定：丙種建築用地
RPUNMLLJOHNFFAO09CA,國道段,12.94,都市：商
RPVPMLLMNHNFFAO96CA,新興段一小段,19.64,都市：住
RPOQMLLMNHNFFAO98CA,國道段,22.39,都市：商
RPPNMLSJOHNFFAO66CA,北門段,17.30,都市：住
RPWOMLKMNHNFFAO86CA,水源段,186.32,非都市：特定農業區 ; 非都市編定：農牧用地
RPRNMLSJOHNFFAO86CA,新港段,18.21,都市：商
RPOPMLPLOHNFFAO66CA,崙子段,22.53,都市：住
RPSNMLLMNHNFFAO09CA,光武段,13.76,都市：商
RPXNMLLMNHNFFAO96CA,五福段,11.64,非都市：山坡地保育區 ; 非都市編定：丙種建築用地
RPXNMLLMNHNFFAO96CA,五福段,9.93,非都市：山坡地保育區 ; 非都市編定：丙種建築用地
RPXNMLLMNHNFFAO96CA,五福段,70.96,非都市：山坡地保育區 ; 非都市編定：丙種建築用地
RPXNMLLMNHNFFAO96CA,五福段,14.09,非都市：山坡地保育區 ; 非都市編定：丙種建築用地
RPUNMLLMNHNFFAO66CA,光武段,14.27,都市：商
RPXOMLRLOHNFFAO67CA,和平段,21.52,都市：住
RPSNMLLJOHNFFAO88CA,聚吉段,3.95,都市：商
RPSNMLLJOHNFFAO88CA,聚吉段,5.49,都市：商
RPSNMLLJOHNFFAO88CA,聚吉段,1.74,都市：商
RPWQMLLJOHNFFAO96CA,金山段,23.06,都市：住
RPTPMLLJOHNFFAO56CA,國道段,21.77,都市：住
RPPQMLLJOHNFFAO88CA,西門段二小段,9.12,都市：商
RPOPMLOJOHNFFAO98CA,崙子段,3.21,都市：住
RPOPMLOJOHNFFAO98CA,崙子段,14.46,都市：住
RPRPMLLJOHNFFAO98CA,民主段,22.81,都市：住
RPSNMLOJOHNFFAO56CA,光武段,45.75,都市：住
RPTNMLOJOHNFFAO66CA,光武段,48.22,都市：住
RPRNMLOJOHNFFAO09CA,光武段,50.69,都市：住
RPVNMLOJOHNFFAO86CA,光武段,50.69,都市：住
RPUNMLOJOHNFFAO76CA,光武段,46.99,都市：住
RPWNMLOJOHNFFAO96CA,北門段,3.17,都市：商
RPVNMLLJOHNFFAO56CA,東濱段,9.74,都市：住
RPQNMLLJOHNFFAO68CA,光復段,22.40,都市：住
RPRNMLLJOHNFFAO78CA,親仁段二小段,14.72,都市：住
RPTPMLRJOHNFFAO17CA,國道段,18.98,都市：住
RPOOMLLJOHNFFAO58CA,五福段,37.20,非都市：山坡地保育區 ; 非都市編定：丙種建築用地
RPOOMLLJOHNFFAO58CA,五福段,115.92,非都市：山坡地保育區 ; 非都市編定：丙種建築用地
RPVPMLPJOHNFFAO17CA,福林段,16.62,非都市：鄉村區 ; 非都市編定：乙種建築用地
RPXOMLLJOHNFFAO86CA,港南段,104.56,非都市：鄉村區 ; 非都市編定：乙種建築用地
RPSQMLLJOHNFFAO56CA,美城段,113.46,非都市：山坡地保育區 ; 非都市編定：丙種建築用地
RPQNMLOKOHNFFAO09CA,民主段一小段,3.97,都市：商
RPRNMLOKOHNFFAO56CA,雅溪段,.46,非都市：山坡地保育區 ; 非都市編定：農牧用地
RPRNMLOKOHNFFAO56CA,雅溪段,144.16,非都市：山坡地保育區 ; 非都市編定：丙種建築用地
RPROMLPKOHNFFAO76CA,光華段,13.38,都市：住
RPOPMLOKOHNFFAO09CA,長春段,30.07,都市：住
RPRPMLRJOHNFFAO96CA,雅溪段,94.28,非都市：山坡地保育區 ; 非都市編定：丙種建築用地
RPRPMLRJOHNFFAO96CA,雅溪段,5.60,非都市：山坡地保育區 ; 非都市編定：丙種建築用地
RPRPMLRJOHNFFAO96CA,雅溪段,126.39,非都市：山坡地保育區 ; 非都市編定：丙種建築用地
RPRPMLRJOHNFFAO96CA,雅溪段,2.16,非都市：山坡地保育區 ; 非都市編定：丙種建築用地
RPRPMLRJOHNFFAO96CA,雅溪段,3.04,非都市：山坡地保育區 ; 非都市編定：丙種建築用地
RPRPMLRJOHNFFAO96CA,雅溪段,.77,非都市：山坡地保育區 ; 非都市編定：丙種建築用地
RPRPMLRJOHNFFAO96CA,雅溪段,.80,非都市：山坡地保育區 ; 非都市編定：丙種建築用地
RPRPMLRJOHNFFAO96CA,雅溪段,.53,非都市：山坡地保育區 ; 非都市編定：丙種建築用地
RPXNMLLLOHNFFAO96CA,竹港段,25.99,都市：其他
RPXNMLLLOHNFFAO96CA,竹港段,120.07,都市：其他
RPXNMLLLOHNFFAO96CA,竹港段,18.28,都市：其他
RPXNMLLLOHNFFAO96CA,竹港段,96.67,都市：其他
RPTNMLTJOHNFFAO17CA,明湖段,145.99,非都市：山坡地保育區 ; 非都市編定：丙種建築用地
RPPOMLSLOHNFFAO96CA,竹蓮段,61.00,都市：其他
RPPOMLSLOHNFFAO96CA,竹蓮段,87.00,都市：住
