﻿編號,土地區段位置,土地移轉面積(平方公尺),使用分區或編定
The serial number,land sector position,land shifting area (square meter),the use zoning or compiles and checks
RPPNMLNLNHNFFBP09CA,新安段,197.75,非都市：鄉村區 ; 非都市編定：乙種建築用地
RPPNMLNLNHNFFBP09CA,新安段,12.80,非都市：鄉村區 ; 非都市編定：乙種建築用地
RPVOMLQJOHNFFAP27CA,大潭段社口小段,6.00,都市：住
RPWOMLQJOHNFFAP37CA,大潭段社口小段,3.00,都市：住
RPOOMLKMNHNFFAP78CA,西華段,854.00,都市：其他
RPOOMLKMNHNFFAP78CA,西華段,645.00,都市：住
RPOOMLKMNHNFFAP78CA,西華段,29.00,都市：住
RPOOMLKMNHNFFAP78CA,西華段,11.00,都市：住
RPOOMLKMNHNFFAP78CA,西華段,1081.00,都市：住
RPOOMLKMNHNFFAP78CA,西華段,752.00,都市：住
RPOOMLKMNHNFFAP78CA,西華段,29.00,都市：住
RPOOMLKMNHNFFAP78CA,西華段,480.00,都市：住
RPOOMLKMNHNFFAP78CA,西華段,1426.00,都市：住
RPOOMLKMNHNFFAP78CA,西華段,260.00,都市：住
RPOOMLKMNHNFFAP78CA,西華段,309.00,都市：住
RPOOMLKMNHNFFAP78CA,西華段,674.00,都市：住
RPOOMLKMNHNFFAP78CA,西華段,85.00,都市：住
RPWNMLSLNHNFFCP77CA,新油車段,67.84,非都市：鄉村區 ; 非都市編定：乙種建築用地
RPRNMLLMNHNFFCP66CA,崩溝寮段,99.67,非都市：鄉村區 ; 非都市編定：乙種建築用地
RPRNMLLMNHNFFCP66CA,崩溝寮段,6.25,非都市：鄉村區 ; 非都市編定：乙種建築用地
RPPOMLSLNHNFFAP96CA,九老爺段,32.19,非都市：特定農業區 ; 非都市編定：甲種建築用地
RPQNMLOLNHNFFAP56CA,八德段,95.54,非都市：鄉村區 ; 非都市編定：乙種建築用地
RPRNMLNLNHNFFAP56CA,東興段,88.00,都市：住
RPUNMLOJOHNFFAP86CA,崙仔段,27.68,非都市：鄉村區 ; 非都市編定：乙種建築用地
RPUNMLOJOHNFFAP86CA,崙仔段,3.47,非都市：鄉村區 ; 非都市編定：乙種建築用地
RPUNMLOJOHNFFAP86CA,崙仔段,107.94,非都市：鄉村區 ; 非都市編定：乙種建築用地
RPUNMLOJOHNFFAP86CA,崙仔段,17.74,非都市：鄉村區 ; 非都市編定：乙種建築用地
RPUNMLNKOHNFFEP27CA,新湖段,8.00,都市：商
RPQNMLMLNHNFFEP76CA,新街段,27.55,都市：住
RPQNMLMLNHNFFEP76CA,新街段,115.00,都市：住
RPPNMLPLNHNFFDP86CA,大屯段,76.20,非都市：特定農業區 ; 非都市編定：水利用地
RPTNMLPLNHNFFDP27CA,過溪子段,2011.00,都市：農
RPTNMLPLNHNFFDP27CA,過溪子段,2791.00,都市：農
RPTNMLPLNHNFFDP27CA,過溪子段,180.00,都市：農
RPTNMLPLNHNFFDP27CA,過溪子段,29.00,都市：農
RPWNMLMLNHNFFAP96CA,榴中段,.81,非都市：一般農業區 ; 非都市編定：甲種建築用地
RPWNMLMLNHNFFAP96CA,榴中段,13.53,非都市：一般農業區 ; 非都市編定：甲種建築用地
RPWNMLMLNHNFFAP96CA,榴中段,59.02,非都市：一般農業區 ; 非都市編定：甲種建築用地
RPRNMLNLNHNFFDP86CA,高南段,1353.86,都市：住
RPTNMLRJOHNFFCP27CA,社西段,7.47,都市：工
RPTNMLRJOHNFFCP27CA,社西段,867.91,都市：工
RPTNMLRJOHNFFCP27CA,社西段,1630.96,都市：工
RPTNMLRJOHNFFCP27CA,社西段,1129.08,都市：工
RPTNMLRJOHNFFCP27CA,社西段,182.70,都市：工
RPTNMLTKOHNFFEP77CA,西井段,185.50,非都市：特定農業區 ; 非都市編定：交通用地
RPTNMLTKOHNFFEP77CA,西井段,28.26,非都市：鄉村區 ; 非都市編定：交通用地
RPTNMLTKOHNFFEP77CA,西井段,1.58,非都市：鄉村區 ; 非都市編定：交通用地
RPTNMLTKOHNFFEP77CA,西井段,2.40,非都市：鄉村區 ; 非都市編定：交通用地
RPTNMLTKOHNFFEP77CA,西井段,374.72,非都市：鄉村區 ; 非都市編定：乙種建築用地
RPTNMLTKOHNFFEP77CA,西井段,17.13,非都市：鄉村區 ; 非都市編定：交通用地
RPTNMLTKOHNFFEP77CA,西井段,2.90,非都市：鄉村區 ; 非都市編定：乙種建築用地
RPRNMLLMNHNFFAP09CA,梅林東段,5.79,非都市：一般農業區 ; 非都市編定：甲種建築用地
RPRNMLLMNHNFFAP09CA,梅林東段,116.15,非都市：一般農業區 ; 非都市編定：甲種建築用地
RPRNMLLMNHNFFAP09CA,梅林東段,30.09,非都市：一般農業區 ; 非都市編定：農牧用地
RPRNMLLLNHNFFBP56DA,北銘段,14381.00,都市：工
RPRNMLLLNHNFFBP56DA,北銘段,10526.00,都市：工
RPRNMLLLNHNFFBP56DA,北銘段,1140.00,都市：其他
RPSNMLLLNHNFFBP66DA,北銘段,1543.00,都市：工
RPRNMLPLNHNFFEP27DA,下寮段,1255.00,非都市：特定農業區 ; 非都市編定：農牧用地
RPQNMLLJOHNFFEP66DA,梧段,17.00,非都市：一般農業區 ; 非都市編定：養殖用地
RPSOMLLLNHNFFAP66DA,大埔尾段,1500.00,非都市：特定農業區 ; 非都市編定：農牧用地
RPPNMLNJOHNFFFP76CA,順天段,190.30,非都市：鄉村區 ; 非都市編定：乙種建築用地
RPPNMLNJOHNFFFP76CA,順天段,36.42,非都市：鄉村區 ; 非都市編定：乙種建築用地
RPSNMLSLNHNFFAP37EA,東興段,40.50,都市：住
RPSNMLSLNHNFFAP37EA,東興段,86.00,都市：住
RPSNMLSLNHNFFAP37EA,東興段,87.00,都市：住
RPQNMLPLNHNFFAP86EA,溝子埧段瓦厝子小段,260.00,非都市：鄉村區 ; 非都市編定：乙種建築用地
RPTNMLPLNHNFFAP17EA,溝子埧段瓦厝子小段,45.67,非都市：鄉村區 ; 非都市編定：乙種建築用地
RPUNMLPLNHNFFAP27EA,溝子埧段瓦厝子小段,403.33,非都市：鄉村區 ; 非都市編定：乙種建築用地
RPRNMLMLNHNFFFP07DA,永吉段,913.14,非都市：一般農業區 ; 非都市編定：農牧用地
RPSNMLMLNHNFFFP17DA,許厝寮段許厝寮小段,1336.00,非都市：一般農業區 ; 非都市編定：養殖用地
RPQNMLOLNHNFFFP27EA,新北段,2928.14,非都市：特定農業區 ; 非都市編定：農牧用地
RPRNMLOLNHNFFFP37EA,新北段,1068.24,非都市：特定農業區 ; 非都市編定：農牧用地
RPSNMLPLNHNFFAP07EA,溝子埧段瓦厝子小段,45.67,非都市：鄉村區 ; 非都市編定：乙種建築用地
RPRNMLPLNHNFFAP96EA,溝子埧段瓦厝子小段,403.33,非都市：鄉村區 ; 非都市編定：乙種建築用地
RPPNMLKMNHNFFCP56EA,新庄子段大北園小段,286.75,非都市：特定農業區 ; 非都市編定：農牧用地
RPQNMLLMNHNFFFP86CA,光大段,22.70,都市：工
RPQNMLLMNHNFFFP86CA,光大段,136.70,都市：工
RPQNMLSLNHNFFCP37EA,大庄段,5.26,非都市：特定農業區 ; 非都市編定：交通用地
RPQNMLSLNHNFFCP37EA,大庄段,2.83,非都市：特定農業區 ; 非都市編定：水利用地
RPQNMLSLNHNFFCP37EA,大庄段,173.92,非都市：特定農業區 ; 非都市編定：農牧用地
RPTNMLOJOHNFFBP86CA,明昌段,82.00,都市：住
RPSNMLNLNHNFFEP17DA,東庄段,573.99,非都市：特定農業區 ; 非都市編定：農牧用地
RPTNMLNLNHNFFEP27DA,潭內段,2784.00,非都市：特定農業區 ; 非都市編定：農牧用地
RPQNMLOLNHNFFEP07DA,新湖段,100.00,都市：住
RPQNMLTKOHNFFFP57CA,成德段,152.72,都市：農
RPRNMLTKOHNFFFP67CA,成德段,305.45,都市：農
RPRNMLNLNHNFFEP07DA,龍岩厝段,45.83,非都市：鄉村區 ; 非都市編定：乙種建築用地
RPRNMLNLNHNFFEP07DA,龍岩厝段,45.83,非都市：鄉村區 ; 非都市編定：乙種建築用地
RPRNMLNLNHNFFEP07DA,龍岩厝段,5.71,非都市：鄉村區 ; 非都市編定：乙種建築用地
RPRNMLNLNHNFFEP07DA,龍岩厝段,7.54,非都市：鄉村區 ; 非都市編定：交通用地
RPQNMLSKOHNFFFP47CA,施厝寮段,1268.00,非都市：一般農業區 ; 非都市編定：農牧用地
RPPNMLOLNHNFFFP96CA,西安段,1007.37,非都市：特定農業區 ; 非都市編定：農牧用地
RPSNMLNLNHNFFAP76DA,苦苓腳段,1017.00,非都市： ; 非都市編定：
RPSNMLTKOHNFFFP77CA,成德段,41.69,都市：住
RPSNMLTKOHNFFFP77CA,成德段,60.04,都市：農
RPSNMLTKOHNFFFP77CA,成德段,132.47,都市：農
RPPNMLQJOHNFFBP76DA,田頭段重建小段,1371.00,非都市：特定農業區 ; 非都市編定：農牧用地
RPPNMLQJOHNFFBP76DA,田頭段重建小段,1478.00,非都市：特定農業區 ; 非都市編定：農牧用地
RPQNMLNKOHNFFFP96CA,泰順段,115.11,都市：住
RPOOMLNLNHNFFDP66CA,港興段,2503.00,非都市：特定農業區 ; 非都市編定：農牧用地
RPPNMLNKOHNFFFP86CA,泰順段,117.09,都市：住
RPSNMLLKOHNFFBP76EA,僑真段,69.00,都市：住
RPSNMLLKOHNFFBP76EA,僑真段,24.17,都市：住
RPRNMLNKOHNFFFP07CA,泰順段,116.10,都市：住
RPWNMLOLNHNFFFP67CA,東南段,14.00,都市：商
RPVNMLSLNHNFFCP67CA,八角亭段,435.00,非都市：鄉村區 ; 非都市編定：乙種建築用地
RPQNMLKMNHNFFCP09CA,庄內段,101.65,非都市：鄉村區 ; 非都市編定：乙種建築用地
RPQNMLKMNHNFFCP09CA,庄內段,24.37,非都市：鄉村區 ; 非都市編定：乙種建築用地
RPQNMLKMNHNFFCP09CA,庄內段,221.99,非都市：鄉村區 ; 非都市編定：乙種建築用地
RPQNMLKMNHNFFCP09CA,庄內段,40.24,非都市：鄉村區 ; 非都市編定：乙種建築用地
RPQNMLKMNHNFFCP09CA,庄內段,3.14,非都市：鄉村區 ; 非都市編定：乙種建築用地
RPQPMLQJOHNFFDP17CA,公安段,46.55,都市：住
RPQPMLQJOHNFFDP17CA,公安段,44.14,都市：住
RPQPMLQJOHNFFDP17CA,公安段,4.66,都市：住
RPQOMLSLNHNFFEP47CA,青山段,2475.00,非都市：特定農業區 ; 非都市編定：農牧用地
RPQOMLSLNHNFFEP47CA,青山段,2480.00,非都市：特定農業區 ; 非都市編定：農牧用地
RPQOMLSLNHNFFEP47CA,青山段,5736.00,非都市：特定農業區 ; 非都市編定：農牧用地
RPVNMLTLNHNFFEP08DA,口湖段,1960.00,非都市：一般農業區 ; 非都市編定：農牧用地
RPVNMLTLNHNFFEP08DA,口湖段,4101.80,非都市：一般農業區 ; 非都市編定：農牧用地
RPPNMLOKOHNFFCP66CA,社西段,31.42,都市：農
RPPNMLOKOHNFFCP66CA,社西段,123.61,都市：農
RPQNMLRJOHNFFBP86CA,田子林段,1059.00,非都市：特定農業區 ; 非都市編定：農牧用地
RPOOMLOJPHNFFDP76CA,明正段,17.17,都市：商
RPRNMLTLNHNFFBP27CA,埤頭段,4579.00,非都市：特定農業區 ; 非都市編定：農牧用地
RPRNMLTLNHNFFBP27CA,埤頭段,1370.00,非都市：特定農業區 ; 非都市編定：農牧用地
RPSNMLNLNHNFFCP86CA,漢光段,259.20,都市：住
RPPNMLOLNHNFFCP66CA,埔心段,1800.00,都市：農
RPPNMLOLNHNFFCP66CA,埔心段,200.00,都市：農
RPRNMLRJOHNFFBP96CA,埔羌崙段,2321.00,非都市：特定農業區 ; 非都市編定：農牧用地
RPQNMLNLNHNFFAP09CA,保庄段,13.18,都市：住
RPQNMLNLNHNFFAP09CA,保庄段,151.56,都市：住
RPTNMLKMNHNFFAP56CA,海豐崙段朱丹灣小段,14.76,都市：住
RPTNMLKMNHNFFAP56CA,海豐崙段朱丹灣小段,18.36,都市：住
RPVNMLMLNHNFFAP86CA,自強段,257.47,都市：住
RPPNMLSLNHNFFAP86CA,水碓東段,4744.81,非都市：一般農業區 ; 非都市編定：農牧用地
RPPNMLSLNHNFFAP86CA,水碓東段,82.40,非都市：一般農業區 ; 非都市編定：交通用地
RPPNMLSLNHNFFAP86CA,水碓東段,126.74,非都市：一般農業區 ; 非都市編定：交通用地
RPTNMLTLNHNFFAP37CA,東陽段,127.00,非都市：鄉村區 ; 非都市編定：乙種建築用地
RPUNMLPLNHNFFAP07CA,東興段,85.00,都市：住
RPWNMLTLNHNFFAP67CA,斗六段,81.00,都市：商
RPXNMLPLNHNFFAP37CA,大潭段社口小段,85.00,都市：住
RPXNMLPLNHNFFAP37CA,大潭段社口小段,3.00,都市：住
RPOOMLPLNHNFFAP56CA,斗六段,184.14,都市：住
RPRNMLPJOHNFFBP76CA,建國段,27.72,都市：住
RPOOMLTKOHNFFAP96CA,斗六段,48.00,都市：住
RPUNMLKMNHNFFBP76CA,中興段,102.00,都市：住
RPQNMLOLNHNFFBP66CA,明昌段,.13,都市：住
RPTNMLNLNHNFFCP96CA,貓兒干段,4279.00,非都市：特定農業區 ; 非都市編定：農牧用地
RPROMLKMNHNFFAP09CA,虎溪段,93.07,非都市：鄉村區 ; 非都市編定：乙種建築用地
RPTNMLOLNHNFFAP86CA,重光段,16.47,非都市：鄉村區 ; 非都市編定：乙種建築用地
RPTNMLOLNHNFFAP86CA,重光段,87.00,非都市：鄉村區 ; 非都市編定：乙種建築用地
RPUOMLLMNHNFFAP86CA,埔北段,99.66,都市：住
RPSNMLNLNHNFFBP76CA,建國段,23.00,都市：商
RPRNMLKMNHNFFBP09CA,建國段,104.00,都市：商
RPRNMLKMNHNFFBP09CA,建國段,1.64,都市：商
RPQNMLLJOHNFFBP88CA,義德段,192.23,非都市：鄉村區 ; 非都市編定：乙種建築用地
RPQNMLOLNHNFFCP76CA,來惠段,3750.83,非都市：特定農業區 ; 非都市編定：農牧用地
RPSNMLPJOHNFFCP96CA,新油車段,12.81,非都市：鄉村區 ; 非都市編定：乙種建築用地
RPSNMLPJOHNFFCP96CA,新油車段,70.15,非都市：鄉村區 ; 非都市編定：乙種建築用地
RPRNMLQJOHNFFCP96CA,新田尾段,504.82,非都市：鄉村區 ; 非都市編定：乙種建築用地
RPRNMLQJOHNFFCP96CA,新田尾段,18.68,非都市：鄉村區 ; 非都市編定：乙種建築用地
RPRNMLQJOHNFFCP96CA,新田尾段,64.17,非都市：鄉村區 ; 非都市編定：乙種建築用地
RPXNMLOLNHNFFEP67CA,龍岩厝段,42.33,非都市：鄉村區 ; 非都市編定：乙種建築用地
RPVNMLOLNHNFFFP57CA,和平段,200.33,非都市：鄉村區 ; 非都市編定：乙種建築用地
RPPNMLPLNHNFFBP76DA,林子段,2252.00,非都市：特定農業區 ; 非都市編定：農牧用地
RPOOMLOLNHNFFEP86CA,龍岩厝段,20.94,非都市：鄉村區 ; 非都市編定：乙種建築用地
RPOOMLOLNHNFFEP86CA,龍岩厝段,44.25,非都市：鄉村區 ; 非都市編定：乙種建築用地
RPOOMLOLNHNFFEP86CA,龍岩厝段,209.00,非都市：鄉村區 ; 非都市編定：乙種建築用地
RPPNMLTLNHNFFFP47CA,和平段,1880.00,非都市：特定農業區 ; 非都市編定：農牧用地
RPQNMLPLNHNFFBP86DA,林子段,2253.00,非都市：特定農業區 ; 非都市編定：農牧用地
RPPNMLSKOHNFFFP37CA,橋頭段,105.00,非都市：一般農業區 ; 非都市編定：水利用地
RPTNMLPLNHNFFBP17DA,大東段新崙小段,1438.00,非都市：特定農業區 ; 非都市編定：農牧用地
RPPOMLPLNHNFFAP86EA,荷苞段,37.96,非都市：鄉村區 ; 非都市編定：乙種建築用地
RPRNMLLLOHNFFDP76CA,安慶段,4198.00,非都市：特定農業區 ; 非都市編定：農牧用地
RPSNMLOLNHNFFAP96EA,頂庄段,4757.88,非都市：特定農業區 ; 非都市編定：農牧用地
RPPNMLPLNHNFFCP86DA,新社段,3153.00,非都市：特定農業區 ; 非都市編定：農牧用地
RPPNMLSJOHNFFDP17DA,龍安段,2113.10,非都市：特定農業區 ; 非都市編定：農牧用地
RPQNMLKMNHNFFDP56CA,越港段,114.23,都市：住
RPQNMLKMNHNFFDP56CA,越港段,8.48,都市：住
RPROMLOJOHNFFDP96CA,馬公厝段,196.43,非都市：鄉村區 ; 非都市編定：乙種建築用地
RPROMLOJOHNFFDP96CA,馬公厝段,38.00,非都市：鄉村區 ; 非都市編定：乙種建築用地
RPPNMLTKOHNFFAP07DA,榴中段,38.60,非都市：鄉村區 ; 非都市編定：乙種建築用地
RPUNMLPLNHNFFDP47DA,新埤腳段,49.00,非都市：鄉村區 ; 非都市編定：水利用地
RPUNMLPLNHNFFDP47DA,新埤腳段,858.00,非都市：鄉村區 ; 非都市編定：乙種建築用地
RPQNMLPJOHNFFEP96CA,新街段,45.59,都市：住
RPPNMLLMNHNFFFP86DA,拱範段,49.76,都市：商
RPPNMLLMNHNFFFP86DA,拱範段,17.20,都市：商
RPPNMLLMNHNFFFP86DA,拱範段,27.85,都市：其他
RPPNMLQJOHNFFEP07DA,林投段,2489.77,非都市：一般農業區 ; 非都市編定：農牧用地
RPQNMLSLNHNFFFP47CA,永吉段,673.50,非都市：一般農業區 ; 非都市編定：甲種建築用地
RPRNMLSLNHNFFFP57CA,橋頭段,1108.00,非都市：一般農業區 ; 非都市編定：農牧用地
RPRNMLSLNHNFFFP57CA,橋頭段,1108.00,非都市：一般農業區 ; 非都市編定：農牧用地
RPSNMLSLNHNFFEP57CA,鹿南段,1183.73,非都市：特定農業區 ; 非都市編定：農牧用地
RPXNMLSLNHNFFEP08CA,潭內段,2727.00,非都市：特定農業區 ; 非都市編定：農牧用地
RPWNMLSLNHNFFEP97CA,潭內段,1259.00,非都市：特定農業區 ; 非都市編定：農牧用地
RPSNMLTLNHNFFDP57CA,大屯段,158.17,非都市：鄉村區 ; 非都市編定：乙種建築用地
RPWNMLPLNHNFFDP57CA,工專段,73.22,都市：住
RPPNMLLKOHNFFAP88DA,大潭段社口小段,15.26,都市：住
RPTNMLOKOHNFFCP07CA,西螺段,3.00,都市：其他
RPTNMLOKOHNFFCP07CA,西螺段,11.03,都市：其他
RPTNMLOKOHNFFCP07CA,西螺段,61.00,都市：商
RPTNMLOKOHNFFCP07CA,西螺段,13.75,都市：商
RPTNMLOKOHNFFCP07CA,西螺段,5.00,都市：商
RPTNMLOKOHNFFCP07CA,西螺段,2.93,都市：商
RPTOMLOJOHNFFDP17CA,馬公厝段,196.43,非都市：鄉村區 ; 非都市編定：乙種建築用地
RPTOMLOJOHNFFDP17CA,馬公厝段,38.00,非都市：鄉村區 ; 非都市編定：乙種建築用地
RPPNMLTLNHNFFEP37CA,國中段,100.00,非都市：一般農業區 ; 非都市編定：甲種建築用地
RPRPMLOKOHNFFAP96DA,大潭段大潭小段,11.01,都市：住
RPSOMLOJOHNFFDP07CA,馬公厝段,196.43,非都市：鄉村區 ; 非都市編定：乙種建築用地
RPSOMLOJOHNFFDP07CA,馬公厝段,38.00,非都市：鄉村區 ; 非都市編定：乙種建築用地
RPPNMLRLNHNFFEP17CA,東陽段,113.27,都市：住
RPSNMLRJOHNFFDP27CA,埔崙段,.16,都市：住
RPSNMLRJOHNFFDP27CA,埔崙段,42.83,都市：住
RPSNMLRJOHNFFDP27CA,埔崙段,97.00,都市：住
RPSNMLRJOHNFFDP27CA,埔崙段,104.00,都市：住
RPRNMLPLNHNFFCP96CA,義賢段,186.54,非都市：一般農業區 ; 非都市編定：農牧用地
RPRNMLPLNHNFFCP96CA,義賢段,552.14,非都市：一般農業區 ; 非都市編定：農牧用地
RPPOMLTKOHNFFCP27CA,豐草段,616.50,非都市：特定農業區 ; 非都市編定：農牧用地
RPVNMLKMNHNFFCP96CA,三塊厝段三塊厝小段,483.00,非都市：特定農業區 ; 非都市編定：甲種建築用地
RPPNMLMKOHNFFCP09CA,崙東段,1.84,都市：住
RPPNMLMKOHNFFCP09CA,崙東段,4.05,都市：住
RPPNMLMKOHNFFCP09CA,崙東段,2.11,都市：住
RPPNMLMKOHNFFCP09CA,崙東段,5.28,都市：住
RPPNMLMKOHNFFCP09CA,崙東段,2.35,都市：住
RPPNMLSLNHNFFCP07CA,永安段,2033.00,非都市：特定農業區 ; 非都市編定：農牧用地
RPPNMLSJOHNFFBP86CA,五間厝段,241.11,非都市：鄉村區 ; 非都市編定：乙種建築用地
RPQNMLPJOHNFFBP66CA,建國段,114.00,都市：住
RPUNMLPLNHNFFCP27CA,廣福段,106.47,都市：住
RPQNMLNKOHNFFDP76CA,菜園段,124.00,都市：住
RPPNMLNKOHNFFDP66CA,菜園段,100.00,都市：住
RPPNMLNKOHNFFDP66CA,菜園段,22.04,都市：住
RPRNMLRJOHNFFDP17CA,褒忠段,56.00,都市：住
RPRNMLRJOHNFFDP17CA,褒忠段,21.84,都市：住
RPRNMLRJOHNFFDP17CA,褒忠段,1.30,都市：住
RPSOMLLJOHNFFAP09CA,永興段,1249.01,非都市：鄉村區 ; 非都市編定：乙種建築用地
RPSNMLPJOHNFFBP86CA,西岐段,53.00,都市：其他
RPSNMLPJOHNFFBP86CA,西岐段,128.33,都市：商
RPSNMLPJOHNFFBP86CA,西岐段,63.00,都市：其他
RPSNMLPJOHNFFBP86CA,西岐段,25.00,都市：其他
RPSNMLPJOHNFFBP86CA,西岐段,20.67,都市：其他
RPTNMLLLOHNFFAP66CA,海豐崙段海豐崙小段,95.07,都市：住
RPOOMLLJOHNFFAP68CA,中山段,94.00,都市：住
RPRNMLLLOHNFFAP09CA,古坑段湳子小段,172.00,非都市：特定專用區 ; 非都市編定：甲種建築用地
RPTNMLMLOHNFFAP76CA,莿桐段,34.80,都市：住
RPTNMLMLOHNFFAP76CA,莿桐段,12.90,都市：商
RPTNMLMLOHNFFAP76CA,莿桐段,2.00,都市：其他
RPTNMLMLOHNFFAP76CA,莿桐段,1.40,都市：商
RPTNMLMLOHNFFAP76CA,莿桐段,94.00,都市：住
RPTNMLMLOHNFFAP76CA,莿桐段,1.40,都市：住
RPPNMLPLNHNFFAP56CA,北環段,612.26,都市：住
RPSOMLPLNHNFFAP96CA,東陽段,955.00,非都市：鄉村區 ; 非都市編定：乙種建築用地
RPSOMLPLNHNFFAP96CA,東陽段,95.00,非都市：鄉村區 ; 非都市編定：交通用地
RPWNMLKMNHNFFAP86CA,烏麻段,2737.24,非都市：特定農業區 ; 非都市編定：農牧用地
RPWNMLMLOHNFFAP07CA,莿桐段,34.80,都市：住
RPWNMLMLOHNFFAP07CA,莿桐段,12.90,都市：商
RPWNMLMLOHNFFAP07CA,莿桐段,36.00,都市：其他
RPWNMLMLOHNFFAP07CA,莿桐段,10.00,都市：其他
RPWNMLMLOHNFFAP07CA,莿桐段,1.40,都市：商
RPWNMLMLOHNFFAP07CA,莿桐段,114.00,都市：住
RPWNMLMLOHNFFAP07CA,莿桐段,1.40,都市：住
RPOOMLMLOHNFFAP98CA,莿桐段,1.40,都市：住
RPOOMLMLOHNFFAP98CA,莿桐段,34.80,都市：住
RPOOMLMLOHNFFAP98CA,莿桐段,12.90,都市：商
RPOOMLMLOHNFFAP98CA,莿桐段,1.40,都市：商
RPOOMLMLOHNFFAP98CA,莿桐段,92.00,都市：住
RPOOMLMLOHNFFAP98CA,莿桐段,12.00,都市：其他
RPUNMLMLOHNFFAP86CA,莿桐段,1.40,都市：商
RPUNMLMLOHNFFAP86CA,莿桐段,34.80,都市：住
RPUNMLMLOHNFFAP86CA,莿桐段,12.90,都市：商
RPUNMLMLOHNFFAP86CA,莿桐段,88.00,都市：住
RPUNMLMLOHNFFAP86CA,莿桐段,1.40,都市：住
RPUNMLMLOHNFFAP86CA,莿桐段,8.00,都市：其他
RPTOMLPLNHNFFAP07CA,大北勢段林子頭小段,2115.00,非都市：特定農業區 ; 非都市編定：農牧用地
RPTNMLKMNHNFFBP66CA,東仁段,147.00,都市：工
RPSNMLMLOHNFFAP66CA,莿桐段,34.80,都市：住
RPSNMLMLOHNFFAP66CA,莿桐段,12.90,都市：商
RPSNMLMLOHNFFAP66CA,莿桐段,1.40,都市：商
RPSNMLMLOHNFFAP66CA,莿桐段,88.00,都市：住
RPSNMLMLOHNFFAP66CA,莿桐段,1.40,都市：住
RPSNMLMLOHNFFAP66CA,莿桐段,8.00,都市：其他
RPXNMLSLNHNFFAP67CA,石榴段,3.56,非都市：鄉村區 ; 非都市編定：交通用地
RPXNMLSLNHNFFAP67CA,石榴段,8.00,非都市：鄉村區 ; 非都市編定：乙種建築用地
RPXNMLSLNHNFFAP67CA,石榴段,.84,非都市：鄉村區 ; 非都市編定：乙種建築用地
RPXNMLSLNHNFFAP67CA,石榴段,3.61,非都市：鄉村區 ; 非都市編定：乙種建築用地
RPXNMLSLNHNFFAP67CA,石榴段,5.70,非都市：鄉村區 ; 非都市編定：乙種建築用地
RPXNMLSLNHNFFAP67CA,石榴段,9.65,非都市：鄉村區 ; 非都市編定：乙種建築用地
RPXNMLSLNHNFFAP67CA,石榴段,13.63,非都市：鄉村區 ; 非都市編定：乙種建築用地
RPXNMLSLNHNFFAP67CA,石榴段,8.91,非都市：鄉村區 ; 非都市編定：乙種建築用地
RPUNMLSLNHNFFAP37CA,斗六段,78.50,都市：商
RPUNMLSLNHNFFAP37CA,斗六段,1.42,都市：其他
RPOOMLSLNHNFFAP86CA,公正段,15.25,都市：住
RPTOMLTLNHNFFAP47CA,新溪洲段,4774.70,非都市：特定農業區 ; 非都市編定：農牧用地
RPTOMLTLNHNFFAP47CA,新溪洲段,1290.15,非都市：特定農業區 ; 非都市編定：農牧用地
RPQNMLKMNHNFFAP88CA,埔南段,547.94,非都市：特定農業區 ; 非都市編定：農牧用地
RPQOMLKMNHNFFAP98CA,海豐崙段海豐崙小段,18.59,都市：住
RPQOMLKMNHNFFAP98CA,海豐崙段海豐崙小段,55.00,都市：住
RPRNMLMLOHNFFAP56CA,莿桐段,12.90,都市：商
RPRNMLMLOHNFFAP56CA,莿桐段,1.40,都市：商
RPRNMLMLOHNFFAP56CA,莿桐段,93.00,都市：住
RPRNMLMLOHNFFAP56CA,莿桐段,1.40,都市：住
RPRNMLMLOHNFFAP56CA,莿桐段,11.00,都市：其他
RPRNMLMLOHNFFAP56CA,莿桐段,34.80,都市：住
RPSNMLTLNHNFFBP37CA,新安段,63.25,非都市：鄉村區 ; 非都市編定：乙種建築用地
RPUNMLSJOHNFFAP27CA,西華段,490.00,都市：住
RPXNMLSJOHNFFAP57CA,西華段,510.00,都市：住
RPWNMLSJOHNFFAP47CA,西華段,513.00,都市：住
RPTNMLSJOHNFFAP17CA,西華段,65.00,都市：住
RPPOMLSJOHNFFAP86CA,西華段,699.00,都市：住
RPSOMLTLNHNFFAP37CA,新溪洲段,6314.63,非都市：特定農業區 ; 非都市編定：農牧用地
RPTNMLSLNHNFFBP37CA,中興段,819.00,都市：其他
RPTNMLPLNHNFFCP17CA,港後段,324.00,非都市：特定農業區 ; 非都市編定：農牧用地
RPRNMLTKOHNFFAP17CA,崁頭厝段,287.00,非都市：一般農業區 ; 非都市編定：農牧用地
RPRNMLTKOHNFFAP17CA,崁頭厝段,531.00,非都市：一般農業區 ; 非都市編定：農牧用地
RPRNMLTKOHNFFAP17CA,崁頭厝段,4647.00,非都市：一般農業區 ; 非都市編定：農牧用地
RPPOMLPJOHNFFDP86CA,秀潭段,26.00,非都市：鄉村區 ; 非都市編定：乙種建築用地
RPOOMLPJOHNFFDP76CA,秀潭段,51.00,非都市：鄉村區 ; 非都市編定：乙種建築用地
RPOOMLPJOHNFFDP76CA,秀潭段,18.00,非都市：鄉村區 ; 非都市編定：乙種建築用地
RPVNMLOJOHNFFBP07CA,新安段,66.76,非都市：特定農業區 ; 非都市編定：甲種建築用地
RPOOMLSJOHNFFAP76CA,西華段,536.00,都市：住
RPVNMLPLNHNFFDP47CA,堀頭段,2154.47,非都市：鄉村區 ; 非都市編定：乙種建築用地
RPVNMLMLOHNFFAP96CA,莿桐段,34.80,都市：住
RPVNMLMLOHNFFAP96CA,莿桐段,12.90,都市：商
RPVNMLMLOHNFFAP96CA,莿桐段,1.40,都市：商
RPVNMLMLOHNFFAP96CA,莿桐段,111.00,都市：住
RPVNMLMLOHNFFAP96CA,莿桐段,1.40,都市：住
RPXNMLMLOHNFFAP17CA,莿桐段,34.80,都市：住
RPXNMLMLOHNFFAP17CA,莿桐段,12.90,都市：商
RPXNMLMLOHNFFAP17CA,莿桐段,1.40,都市：商
RPXNMLMLOHNFFAP17CA,莿桐段,88.00,都市：住
RPXNMLMLOHNFFAP17CA,莿桐段,1.40,都市：住
RPOOMLSLNHNFFEP27CA,三和段,1700.00,非都市：特定農業區 ; 非都市編定：農牧用地
RPPOMLSLNHNFFEP37CA,三和段,521.25,非都市：鄉村區 ; 非都市編定：乙種建築用地
RPSNMLPJOHNFFEP17CA,溝皂段,1884.00,非都市：特定農業區 ; 非都市編定：農牧用地
RPUNMLPJOHNFFEP37CA,三仙段,1450.61,非都市：特定農業區 ; 非都市編定：農牧用地
RPUNMLPJOHNFFEP37CA,三仙段,1450.65,非都市：特定農業區 ; 非都市編定：農牧用地
RPWNMLNKOHNFFEP47CA,鹿北段,1605.26,非都市：特定農業區 ; 非都市編定：農牧用地
RPTNMLNKOHNFFFP27CA,圳寮段,2834.00,非都市：一般農業區 ; 非都市編定：農牧用地
RPQNMLSLNHNFFDP27CA,忠東段,3086.50,都市：農
RPVNMLNKOHNFFFP47CA,橋頭段,58.06,非都市：一般農業區 ; 非都市編定：特定目的事業用地
RPVNMLNKOHNFFFP47CA,橋頭段,12.14,非都市：一般農業區 ; 非都市編定：甲種建築用地
RPUNMLNKOHNFFFP37CA,許厝寮段後安寮小段,2998.00,非都市：一般農業區 ; 非都市編定：農牧用地
RPVNMLNKOHNFFEP37CA,潭墘段,2165.00,非都市：特定農業區 ; 非都市編定：農牧用地
RPPOMLPLNHNFFDP96CA,德興段,14.79,都市：住
RPPNMLLJOHNFFEP56DA,梧段,327.66,非都市：鄉村區 ; 非都市編定：乙種建築用地
RPPNMLLJOHNFFEP56DA,梧段,19.00,非都市：鄉村區 ; 非都市編定：乙種建築用地
RPPNMLLJOHNFFEP56DA,梧段,38.19,非都市：鄉村區 ; 非都市編定：乙種建築用地
RPPNMLLJOHNFFEP56DA,梧段,16.35,非都市：鄉村區 ; 非都市編定：乙種建築用地
RPTNMLOJOHNFFDP07CA,馬公厝段,166.00,非都市：鄉村區 ; 非都市編定：乙種建築用地
RPTNMLOJOHNFFDP07CA,馬公厝段,59.67,非都市：鄉村區 ; 非都市編定：乙種建築用地
RPTNMLOJOHNFFDP07CA,馬公厝段,27.33,非都市：鄉村區 ; 非都市編定：乙種建築用地
RPPNMLSLNHNFFEP27CA,北安段,1459.60,非都市：一般農業區 ; 非都市編定：農牧用地
RPPNMLSLNHNFFEP27CA,北安段,1459.60,非都市：一般農業區 ; 非都市編定：農牧用地
RPPNMLSLNHNFFEP27CA,北安段,1508.35,非都市：一般農業區 ; 非都市編定：農牧用地
RPPNMLSLNHNFFEP27CA,北安段,1467.80,非都市：一般農業區 ; 非都市編定：農牧用地
RPPNMLSLNHNFFEP27CA,北安段,3099.75,非都市：一般農業區 ; 非都市編定：農牧用地
RPUNMLQJOHNFFCP47EA,東興段,85.74,非都市：鄉村區 ; 非都市編定：乙種建築用地
SPPNMLLJOHNFFEP66DA,梧段,174.17,非都市：一般農業區 ; 非都市編定：農牧用地
SPPNMLLJOHNFFEP66DA,梧段,22.15,非都市：一般農業區 ; 非都市編定：交通用地
SPPNMLLJOHNFFEP66DA,梧段,96.71,非都市：一般農業區 ; 非都市編定：農牧用地
RPRNMLSLNHNFFCP47EA,港後段,1978.00,非都市：特定農業區 ; 非都市編定：農牧用地
RPRNMLSLNHNFFCP47EA,港後段,836.00,非都市：特定農業區 ; 非都市編定：農牧用地
RPRNMLSLNHNFFCP47EA,港後段,846.00,非都市：特定農業區 ; 非都市編定：農牧用地
RPRNMLSLNHNFFCP47EA,港後段,1982.00,非都市：特定農業區 ; 非都市編定：農牧用地
RPRNMLPLNHNFFFP37DA,蚊港段,3950.00,非都市：一般農業區 ; 非都市編定：養殖用地
RPSNMLSLNHNFFCP57EA,港後段,1618.00,非都市：特定農業區 ; 非都市編定：農牧用地
RPQOMLLJOHNFFAP09EA,大湖底段,675.00,非都市：山坡地保育區 ; 非都市編定：農牧用地
RPQNMLTLNHNFFAP27EA,尖山坑段,1932.85,非都市：森林區 ; 非都市編定：農牧用地
RPQNMLTLNHNFFAP27EA,尖山坑段,184.11,非都市：森林區 ; 非都市編定：丙種建築用地
RPPNMLTLNHNFFCP27DA,大新段,237.66,非都市：鄉村區 ; 非都市編定：乙種建築用地
RPROMLTLNHNFFAP47EA,大湖口段,3259.01,非都市：一般農業區 ; 非都市編定：農牧用地
RPROMLTLNHNFFAP47EA,大湖口段,232.34,非都市：一般農業區 ; 非都市編定：農牧用地
RPUNMLSLNHNFFCP77EA,永定段,3619.21,非都市：特定農業區 ; 非都市編定：農牧用地
RPTNMLSLNHNFFCP67EA,義賢段,1385.38,非都市：一般農業區 ; 非都市編定：農牧用地
RPTNMLSLNHNFFCP67EA,義賢段,170.72,非都市：一般農業區 ; 非都市編定：甲種建築用地
RPTNMLSLNHNFFCP67EA,義賢段,177.87,非都市：一般農業區 ; 非都市編定：甲種建築用地
RPTNMLSLNHNFFCP67EA,義賢段,252.86,非都市：一般農業區 ; 非都市編定：甲種建築用地
RPTNMLSLNHNFFCP67EA,義賢段,11.85,非都市：特定農業區 ; 非都市編定：交通用地
RPTNMLSLNHNFFCP67EA,義賢段,1.32,非都市：特定農業區 ; 非都市編定：交通用地
RPPOMLTLNHNFFAP27EA,永光段,12.37,非都市：鄉村區 ; 非都市編定：交通用地
RPPOMLTLNHNFFAP27EA,永光段,52.08,非都市：鄉村區 ; 非都市編定：乙種建築用地
RPPOMLTLNHNFFAP27EA,永光段,35.78,非都市：鄉村區 ; 非都市編定：交通用地
RPPOMLTLNHNFFAP27EA,永光段,14.76,非都市：鄉村區 ; 非都市編定：乙種建築用地
RPPOMLTLNHNFFAP27EA,永光段,3.72,非都市：鄉村區 ; 非都市編定：乙種建築用地
RPPOMLTLNHNFFAP27EA,永光段,8.72,非都市：鄉村區 ; 非都市編定：交通用地
RPPOMLTLNHNFFAP27EA,永光段,10.20,非都市：鄉村區 ; 非都市編定：交通用地
RPPOMLTLNHNFFAP27EA,永光段,70.21,非都市：鄉村區 ; 非都市編定：乙種建築用地
RPPOMLTLNHNFFAP27EA,永光段,116.27,非都市：鄉村區 ; 非都市編定：乙種建築用地
RPRNMLTLNHNFFDP47CA,港興段,219.00,非都市：特定農業區 ; 非都市編定：甲種建築用地
RPRNMLTLNHNFFDP47CA,港興段,219.00,非都市：特定農業區 ; 非都市編定：甲種建築用地
RPRNMLTLNHNFFDP47CA,港興段,87.00,非都市：特定農業區 ; 非都市編定：甲種建築用地
RPRNMLTLNHNFFDP47CA,港興段,33.00,非都市：特定農業區 ; 非都市編定：甲種建築用地
RPVNMLKMNHNFFAP96EA,正心段,62.79,非都市：特定農業區 ; 非都市編定：甲種建築用地
RPVNMLKMNHNFFAP96EA,正心段,80.37,非都市：特定農業區 ; 非都市編定：甲種建築用地
RPRNMLTLNHNFFAP27DA,海豐崙段海豐崙小段,92.00,都市：住
RPSNMLKMNHNFFDP76CA,越港段,117.35,都市：住
RPSNMLKMNHNFFDP76CA,越港段,19.07,都市：住
RPSNMLKMNHNFFDP76CA,越港段,8.48,都市：住
RPSNMLKMNHNFFDP76CA,越港段,36.84,都市：住
RPQNMLLMNHNFFDP66CA,福德段,22.68,非都市：鄉村區 ; 非都市編定：水利用地
RPSNMLLMNHNFFAP76EA,斗六段,15.28,都市：住
RPRNMLLMNHNFFDP76CA,信義段,.04,都市：住
RPRNMLLMNHNFFDP76CA,信義段,.19,都市：住
RPRNMLLMNHNFFDP76CA,信義段,4.02,都市：住
RPRNMLLMNHNFFDP76CA,信義段,25.28,都市：住
RPSNMLTLNHNFFEP67CA,關聖段,38.00,都市：住
RPSNMLTLNHNFFEP67CA,關聖段,85.00,都市：住
RPSNMLTLNHNFFEP67CA,關聖段,38.00,都市：住
RPQNMLMLOHNFFCP66CA,埔北段,87.06,都市：住
RPPNMLMLOHNFFCP56CA,埔北段,89.82,都市：住
RPOOMLMLOHNFFCP56CA,埔北段,91.71,都市：住
RPOOMLMLOHNFFCP56CA,埔北段,3.40,都市：住
RPSNMLMLOHNFFCP86CA,埔北段,106.90,都市：住
RPRNMLNKOHNFFDP86CA,菜園段,22.04,都市：住
RPRNMLNKOHNFFDP86CA,菜園段,138.00,都市：住
RPUNMLMLOHNFFCP07CA,埔北段,91.85,都市：住
RPUNMLMLOHNFFCP07CA,埔北段,3.40,都市：住
RPWNMLMLOHNFFCP27CA,埔北段,91.65,都市：住
RPWNMLMLOHNFFCP27CA,埔北段,3.40,都市：住
RPVNMLPJOHNFFDP37CA,田洋段,74.24,非都市：特定農業區 ; 非都市編定：農牧用地
RPRNMLMLOHNFFCP76CA,埔北段,102.95,都市：住
RPTNMLMLOHNFFCP96CA,埔北段,91.95,都市：住
RPTNMLMLOHNFFCP96CA,埔北段,3.40,都市：住
RPTNMLTLNHNFFDP67CA,蕃薯段,19.78,非都市：鄉村區 ; 非都市編定：乙種建築用地
RPTNMLTLNHNFFDP67CA,蕃薯段,102.00,非都市：鄉村區 ; 非都市編定：乙種建築用地
RPWNMLPJOHNFFDP47CA,新湖段,1766.00,非都市：特定農業區 ; 非都市編定：農牧用地
RPUNMLOKOHNFFDP27CA,大屯子段,8.00,非都市：鄉村區 ; 非都市編定：乙種建築用地
RPVNMLOKOHNFFDP37CA,大屯子段,873.00,非都市：特定農業區 ; 非都市編定：農牧用地
RPQNMLTKOHNFFAP07CA,咬狗庄段,7372.56,非都市：山坡地保育區 ; 非都市編定：農牧用地
RPPNMLNJOHNFFCP09CA,庄內段,444.67,非都市：鄉村區 ; 非都市編定：乙種建築用地
RPPNMLOKOHNFFDP76CA,廉使北段,112.15,非都市：鄉村區 ; 非都市編定：乙種建築用地
RPPNMLOKOHNFFDP76CA,廉使北段,10.40,非都市：鄉村區 ; 非都市編定：乙種建築用地
RPUNMLKMNHNFFCP86CA,三塊厝段三塊厝小段,1897.00,非都市：特定農業區 ; 非都市編定：農牧用地
RPQNMLOKOHNFFDP86CA,廉使北段,115.60,非都市：鄉村區 ; 非都市編定：乙種建築用地
RPQNMLOKOHNFFDP86CA,廉使北段,10.40,非都市：鄉村區 ; 非都市編定：乙種建築用地
RPQOMLLKOHNFFAP98CA,大埔尾段,4475.00,非都市：特定農業區 ; 非都市編定：農牧用地
RPPNMLKMNHNFFAP78CA,大潭段社口小段,105.00,都市：住
RPPNMLLJOHNFFBP78CA,新光段,187.71,都市：住
RPRNMLMLOHNFFDP86CA,公安段,14.10,都市：住
RPSOMLKMNHNFFAP56CA,樹子腳段,81.00,都市：住
RPTOMLKMNHNFFAP66CA,和平段,778.83,都市：農
RPTOMLKMNHNFFAP66CA,和平段,781.81,都市：農
RPWOMLKMNHNFFAP96CA,光明段,121.36,非都市：工業區 ; 非都市編定：丁種建築用地
RPWNMLLJOHNFFAP76CA,咬狗北段,124.43,非都市：鄉村區 ; 非都市編定：乙種建築用地
RPWNMLLJOHNFFAP76CA,咬狗北段,136.01,非都市：鄉村區 ; 非都市編定：乙種建築用地
RPPPMLKLOHNFFDP66CA,廉使北段,14.34,非都市：鄉村區 ; 非都市編定：乙種建築用地
RPSNMLTLNHNFFAP27CA,大潭段社口小段,88.00,都市：住
RPUOMLKMNHNFFAP76CA,大埔尾段,.46,非都市：鄉村區 ; 非都市編定：交通用地
RPPNMLOLOHNFFBP66CA,嘉興段,90.03,非都市：鄉村區 ; 非都市編定：乙種建築用地
RPUOMLKMNHNFFAP76CA,大埔尾段,.64,非都市：鄉村區 ; 非都市編定：交通用地
RPUOMLKMNHNFFAP76CA,大埔尾段,150.00,非都市：鄉村區 ; 非都市編定：乙種建築用地
RPUOMLKMNHNFFAP76CA,大埔尾段,.12,非都市：鄉村區 ; 非都市編定：交通用地
RPPNMLOLOHNFFBP66CA,嘉興段,57.33,非都市：鄉村區 ; 非都市編定：乙種建築用地
RPPNMLSLNHNFFBP96CA,尚義段,9.61,非都市：特定農業區 ; 非都市編定：甲種建築用地
RPPNMLSLNHNFFBP96CA,尚義段,76.45,非都市：特定農業區 ; 非都市編定：甲種建築用地
RPQNMLRLOHNFFDP27CA,竹圍子段,410.37,非都市：鄉村區 ; 非都市編定：乙種建築用地
RPXNMLKMNHNFFAP96CA,大竹圍段,53.55,非都市：特定農業區 ; 非都市編定：甲種建築用地
RPXNMLKMNHNFFAP96CA,大竹圍段,7.44,非都市：特定農業區 ; 非都市編定：甲種建築用地
RPXNMLKMNHNFFAP96CA,大竹圍段,33.82,非都市：特定農業區 ; 非都市編定：甲種建築用地
RPROMLLMNHNFFAP56CA,莿桐段,137.67,都市：住
RPSNMLOJOHNFFBP76CA,舊庄段,1533.00,非都市：特定農業區 ; 非都市編定：農牧用地
RPSNMLMKOHNFFBP66CA,建國段,29.79,都市：住
RPPNMLLMNHNFFCP09CA,東南段,11.33,都市：其他
RPPNMLLMNHNFFCP09CA,東南段,104.68,都市：住
RPPNMLLMNHNFFCP09CA,東南段,54.40,都市：其他
RPPNMLLMNHNFFCP09CA,東南段,499.60,都市：住
RPPNMLLMNHNFFCP09CA,東南段,10.26,都市：其他
RPPNMLLMNHNFFCP09CA,東南段,98.96,都市：住
RPPNMLLMNHNFFCP09CA,東南段,49.44,都市：其他
RPPNMLLMNHNFFCP09CA,東南段,445.83,都市：住
RPVNMLOJOHNFFAP96CA,斗六段,14.50,都市：住
RPVNMLMLOHNFFDP27CA,墾地段,652.37,非都市：特定農業區 ; 非都市編定：農牧用地
RPWNMLKMNHNFFCP07CA,新社段,1616.00,非都市：特定農業區 ; 非都市編定：農牧用地
RPWNMLRJOHNFFCP57CA,社口段,33.00,非都市：特定農業區 ; 非都市編定：水利用地
RPWNMLRJOHNFFCP57CA,社口段,36.00,非都市：特定農業區 ; 非都市編定：交通用地
RPWNMLRJOHNFFCP57CA,社口段,3102.00,非都市：特定農業區 ; 非都市編定：農牧用地
RPWNMLRJOHNFFCP57CA,社口段,27.00,非都市：特定農業區 ; 非都市編定：水利用地
RPWNMLRJOHNFFCP57CA,社口段,30.00,非都市：特定農業區 ; 非都市編定：交通用地
RPSNMLOJOHNFFDP96CA,明正段,16.33,都市：商
RPXNMLLJOHNFFAP86CA,海豐崙段海豐崙小段,20.82,都市：住
RPPOMLMLOHNFFCP66CA,埔北段,91.74,都市：住
RPPOMLMLOHNFFCP66CA,埔北段,3.40,都市：住
RPSNMLNKOHNFFDP96CA,菜園段,22.04,都市：住
RPSNMLNKOHNFFDP96CA,菜園段,106.00,都市：住
RPXNMLMLOHNFFCP37CA,埔北段,91.68,都市：住
RPXNMLMLOHNFFCP37CA,埔北段,3.40,都市：住
RPRNMLTKOHNFFBP37DA,大東段大東小段,393.48,非都市：鄉村區 ; 非都市編定：乙種建築用地
RPRNMLTKOHNFFBP37DA,大東段大東小段,3455.00,非都市：特定農業區 ; 非都市編定：農牧用地
RPRNMLTKOHNFFBP37DA,大東段大東小段,2488.00,非都市：特定農業區 ; 非都市編定：農牧用地
RPSNMLLJOHNFFCP56CA,崙東段,84.53,都市：住
RPQNMLLMNHNFFAP98CA,竹頭段,68.92,非都市：一般農業區 ; 非都市編定：甲種建築用地
RPPNMLQLOHNFFDP17DA,忠東段,2410.00,都市：農
RPWNMLLMNHNFFAP17EA,大北勢段甲六埤小段,109.00,非都市：特定農業區 ; 非都市編定：甲種建築用地
RPQOMLTLNHNFFAP37EA,苦苓腳段,152.00,非都市：鄉村區 ; 非都市編定：乙種建築用地
RPQNMLLMNHNFFCP76EA,港後段,1243.00,非都市：特定農業區 ; 非都市編定：農牧用地
RPTNMLLMNHNFFEP17DA,順興段,3127.00,非都市：特定農業區 ; 非都市編定：農牧用地
RPSNMLLMNHNFFEP07DA,興南段,4033.00,非都市：特定農業區 ; 非都市編定：農牧用地
RPSNMLLMNHNFFEP07DA,興南段,1551.00,非都市：特定農業區 ; 非都市編定：農牧用地
RPUNMLNKOHNFFDP17CA,德興段,100.75,都市：住
RPUNMLNKOHNFFDP17CA,德興段,.71,都市：住
RPSNMLLMNHNFFDP96DA,廉使南段,248.50,非都市：鄉村區 ; 非都市編定：乙種建築用地
RPPNMLLJOHNFFDP09DA,平和厝段,28.61,都市：住
RPPNMLLJOHNFFDP09DA,平和厝段,94.33,都市：住
RPRNMLLJOHNFFDP56CA,高北段,614.05,都市：住
RPUNMLOJOHNFFDP17CA,順安段,139.37,都市：住
RPXNMLPKOHNFFEP77CA,林厝寮段,2528.00,非都市：一般農業區 ; 非都市編定：農牧用地
RPOOMLLMNHNFFAP09EA,貞寮段,105.41,非都市：鄉村區 ; 非都市編定：乙種建築用地
RPTNMLLMNHNFFDP96CA,越港段,101.94,都市：住
RPTNMLLMNHNFFDP96CA,越港段,8.48,都市：住
RPTNMLLMNHNFFDP96CA,越港段,36.84,都市：住
RPRNMLLMNHNFFEP96DA,梧段,95.00,非都市：鄉村區 ; 非都市編定：乙種建築用地
RPRNMLLMNHNFFEP96DA,梧段,1.00,非都市：鄉村區 ; 非都市編定：乙種建築用地
RPQNMLPLOHNFFAP76CA,斗六段,32.75,都市：住
RPPNMLKLOHNFFDP09CA,三合段,990.00,非都市：特定農業區 ; 非都市編定：甲種建築用地
RPOPMLMLOHNFFCP66CA,市仔頭段,106.38,都市：住
RPSOMLOJOHNFFEP17CA,大庄段,5.13,非都市： ; 非都市編定：
RPSOMLOJOHNFFEP17CA,大庄段,205.85,非都市：特定農業區 ; 非都市編定：水利用地
RPSOMLOJOHNFFEP17CA,大庄段,26.85,非都市：特定農業區 ; 非都市編定：農牧用地
RPXNMLOJOHNFFEP57CA,樹子腳段,1808.00,都市：其他
RPWNMLOJOHNFFEP47CA,大庄段,17.76,非都市：特定農業區 ; 非都市編定：農牧用地
RPVNMLNKOHNFFDP27CA,平和厝段,109.78,都市：住
RPSNMLPKOHNFFFP37CA,成功段,1000.14,非都市：一般農業區 ; 非都市編定：農牧用地
RPQOMLOJOHNFFEP96CA,大庄段,5.09,非都市：特定農業區 ; 非都市編定：農牧用地
RPQOMLOJOHNFFEP96CA,大庄段,16.97,非都市：特定農業區 ; 非都市編定：農牧用地
RPTNMLPKOHNFFFP47CA,成功段,3069.00,非都市：一般農業區 ; 非都市編定：農牧用地
RPPOMLSLOHNFFDP37CA,菜園段,19.88,都市：住
RPPOMLSLOHNFFDP37CA,菜園段,.42,都市：住
RPPOMLSLOHNFFDP37CA,菜園段,109.00,都市：住
RPPOMLSLOHNFFDP37CA,菜園段,.08,都市：住
RPWNMLLMNHNFFCP17CA,三塊厝段三塊厝小段,6.05,非都市：鄉村區 ; 非都市編定：乙種建築用地
RPWNMLLMNHNFFCP17CA,三塊厝段三塊厝小段,13.05,非都市：鄉村區 ; 非都市編定：乙種建築用地
RPSNMLSJOHNFFBP17CA,北銘段,151.00,都市：住
RPSNMLSJOHNFFBP17CA,北銘段,151.00,都市：住
RPRNMLLJOHNFFAP88CA,烏塗段,1250.44,非都市：特定農業區 ; 非都市編定：農牧用地
RPRNMLLJOHNFFAP88CA,烏塗段,1293.29,非都市：特定農業區 ; 非都市編定：農牧用地
RPTNMLSLOHNFFAP47DA,永昌段,64.78,非都市： ; 非都市編定：
RPTNMLPLOHNFFAP17DA,饒平段,90.42,非都市：鄉村區 ; 非都市編定：乙種建築用地
RPUOMLOJOHNFFEP37CA,新街段,58.19,都市：住
RPRPMLMLOHNFFAP76CA,高林南段,105.88,非都市：鄉村區 ; 非都市編定：乙種建築用地
RPPOMLLMNHNFFAP98CA,保庄段,209.52,都市：工
RPPOMLLMNHNFFAP98CA,保庄段,287.30,都市：工
RPPOMLLMNHNFFAP98CA,保庄段,114.45,都市：工
RPPOMLLMNHNFFAP98CA,保庄段,12.16,都市：其他
RPPOMLLMNHNFFAP98CA,保庄段,.50,都市：其他
RPPOMLLMNHNFFAP98CA,保庄段,58.29,都市：工
RPPOMLLMNHNFFAP98CA,保庄段,66.36,都市：其他
RPPOMLLMNHNFFAP98CA,保庄段,861.17,都市：工
RPPNMLLJOHNFFCP88CA,天后段,128.11,都市：住
RPUNMLLMNHNFFAP76CA,嘉東段,117.00,都市：住
RPUNMLLMNHNFFAP76CA,嘉東段,117.01,都市：住
RPRNMLPLOHNFFAP86CA,貞寮段,101.86,非都市：鄉村區 ; 非都市編定：乙種建築用地
RPUNMLLJOHNFFAP56CA,榴中段,57.03,非都市：鄉村區 ; 非都市編定：乙種建築用地
RPXNMLLMNHNFFAP07CA,大潭段社口小段,102.00,都市：住
RPOOMLRJOHNFFAP66CA,保庄段,175.27,都市：工
RPQNMLSJOHNFFAP86CA,榴北段,6.00,非都市：特定農業區 ; 非都市編定：交通用地
RPQNMLSJOHNFFAP86CA,榴北段,525.00,非都市：特定農業區 ; 非都市編定：農牧用地
RPQNMLSJOHNFFAP86CA,榴北段,84.00,非都市：特定農業區 ; 非都市編定：交通用地
RPQNMLSJOHNFFAP86CA,榴北段,2.00,非都市：特定農業區 ; 非都市編定：交通用地
RPQNMLSJOHNFFAP86CA,榴北段,24.80,非都市：工業區 ; 非都市編定：交通用地
RPUNMLOKOHNFFAP96CA,雲林溪段,106.12,都市：住
RPUNMLOKOHNFFAP96CA,雲林溪段,106.16,都市：住
RPRNMLQJOHNFFAP76CA,埔南段,1874.57,都市：工
RPXOMLKMNHNFFAP07CA,大潭段大潭小段,89.00,都市：住
RPXOMLKMNHNFFAP07CA,大潭段大潭小段,.50,都市：住
RPXOMLKMNHNFFAP07CA,大潭段大潭小段,18.94,都市：住
RPSNMLOJOHNFFAP66CA,溝子埧段溝子埧小段,49.69,非都市：鄉村區 ; 非都市編定：乙種建築用地
RPQOMLLMNHNFFAP09CA,後庄段,85.53,非都市：鄉村區 ; 非都市編定：乙種建築用地
RPROMLLJOHNFFAP98CA,八德段,66.31,非都市：鄉村區 ; 非都市編定：乙種建築用地
RPXNMLPLOHNFFAP47CA,九芎段,546.03,非都市：鄉村區 ; 非都市編定：乙種建築用地
RPTOMLPLOHNFFAP17CA,崙北段,965.54,非都市：鄉村區 ; 非都市編定：乙種建築用地
RPTOMLPLOHNFFAP17CA,崙北段,6.64,非都市：鄉村區 ; 非都市編定：交通用地
RPTOMLPLOHNFFAP17CA,崙北段,6.70,非都市：鄉村區 ; 非都市編定：乙種建築用地
RPTOMLPLOHNFFAP17CA,崙北段,6.63,非都市：鄉村區 ; 非都市編定：交通用地
RPTOMLPLOHNFFAP17CA,崙北段,8.66,非都市：鄉村區 ; 非都市編定：交通用地
RPPNMLLKOHNFFBP88CA,東明段,4187.72,非都市：特定農業區 ; 非都市編定：農牧用地
RPQNMLOJOHNFFBP56CA,南昌段,1.63,都市：其他
RPRNMLOJOHNFFBP66CA,西岐段,184.00,都市：住
RPRNMLPJOHNFFCP86CA,新田尾段,168.79,非都市：鄉村區 ; 非都市編定：乙種建築用地
RPUNMLLMNHNFFCP96CA,三塊厝段三塊厝小段,2.15,非都市：鄉村區 ; 非都市編定：乙種建築用地
RPUNMLLMNHNFFCP96CA,三塊厝段三塊厝小段,4.64,非都市：鄉村區 ; 非都市編定：乙種建築用地
RPTNMLLMNHNFFCP86CA,三塊厝段三塊厝小段,2.15,非都市：鄉村區 ; 非都市編定：乙種建築用地
RPTNMLLMNHNFFCP86CA,三塊厝段三塊厝小段,4.64,非都市：鄉村區 ; 非都市編定：乙種建築用地
RPSOMLSJOHNFFAP17CA,秀才段,82.11,非都市：特定農業區 ; 非都市編定：甲種建築用地
RPQNMLQJOHNFFAP66CA,東興段,10.00,都市：住
RPQNMLQJOHNFFAP66CA,東興段,84.00,都市：住
RPRNMLSKOHNFFFP57CA,許厝寮段許厝寮小段,1256.25,非都市：一般農業區 ; 非都市編定：養殖用地
RPRNMLSKOHNFFFP57CA,許厝寮段許厝寮小段,3768.75,非都市：一般農業區 ; 非都市編定：養殖用地
RPTOMLOJOHNFFEP27CA,福茂段,165.29,非都市：特定農業區 ; 非都市編定：甲種建築用地
RPOOMLOJOHNFFEP76CA,樹子腳段,153.50,都市：其他
RPOOMLOJOHNFFEP76CA,樹子腳段,3.50,都市：其他
RPVNMLLMNHNFFCP07CA,三塊厝段三塊厝小段,2.15,非都市：鄉村區 ; 非都市編定：乙種建築用地
RPVNMLLMNHNFFCP07CA,三塊厝段三塊厝小段,4.64,非都市：鄉村區 ; 非都市編定：乙種建築用地
RPROMLOJOHNFFEP07CA,樹子腳段,76.75,都市：其他
RPROMLOJOHNFFEP07CA,樹子腳段,1.75,都市：其他
RPPNMLNKOHNFFEP76CA,關聖段,161.00,都市：住
RPRNMLLJOHNFFEP66CA,東海豐段,1957.53,非都市：一般農業區 ; 非都市編定：農牧用地
RPSNMLLJOHNFFEP76CA,西興段,881.96,非都市：特定農業區 ; 非都市編定：農牧用地
RPPNMLOJOHNFFEP76CA,樹子腳段,76.75,都市：其他
RPPNMLOJOHNFFEP76CA,樹子腳段,1.75,都市：其他
RPRNMLOJOHNFFEP96CA,扶朝家段,40.62,非都市：特定專用區 ; 非都市編定：農牧用地
RPSNMLOJOHNFFEP07CA,大庄段,6.11,非都市：特定農業區 ; 非都市編定：農牧用地
RPQNMLPJOHNFFAP56CA,斗六段,64.00,都市：住
RPQNMLPJOHNFFAP56CA,斗六段,21.00,都市：住
RPROMLOJOHNFFAP66CA,石榴段,87.69,非都市：鄉村區 ; 非都市編定：乙種建築用地
RPUNMLOJOHNFFEP27CA,大庄段,158.90,非都市： ; 非都市編定：
RPUNMLOJOHNFFEP27CA,大庄段,575.10,非都市：特定農業區 ; 非都市編定：水利用地
RPPNMLTKOHNFFBP07CA,大同段,2547.63,都市：工
RPPNMLTKOHNFFBP07CA,大同段,2915.25,都市：工
RPPNMLTKOHNFFBP07CA,大同段,118.15,都市：其他
RPPNMLTKOHNFFBP07CA,大同段,35.85,都市：農
RPTNMLOJOHNFFAP86DA,斗六段,75.00,都市：商
RPVNMLOJOHNFFEP37CA,大庄段,158.90,非都市： ; 非都市編定：
RPVNMLOJOHNFFEP37CA,大庄段,575.10,非都市：特定農業區 ; 非都市編定：水利用地
RPQNMLMLOHNFFDP76CA,惠來厝段,1625.00,非都市：特定農業區 ; 非都市編定：農牧用地
RPTNMLOJOHNFFEP17CA,大庄段,6.11,非都市：特定農業區 ; 非都市編定：農牧用地
RPUNMLLJOHNFFDP86CA,高南段,117.88,都市：住
RPUNMLLJOHNFFDP86CA,高南段,115.47,都市：住
RPUNMLLJOHNFFDP86CA,高南段,115.47,都市：住
RPUNMLLJOHNFFDP86CA,高南段,115.47,都市：住
RPUNMLLJOHNFFDP86CA,高南段,115.47,都市：住
RPUNMLLJOHNFFDP86CA,高南段,117.88,都市：住
RPUNMLLJOHNFFDP86CA,高南段,302.44,都市：住
RPUNMLLJOHNFFDP86CA,高南段,3757.25,都市：住
RPQNMLQJOHNFFDP96CA,延平段,131.90,非都市：鄉村區 ; 非都市編定：乙種建築用地
RPTNMLQJOHNFFDP27CA,延平段,98.81,非都市：鄉村區 ; 非都市編定：乙種建築用地
RPTNMLQJOHNFFDP27CA,延平段,25.77,非都市：鄉村區 ; 非都市編定：乙種建築用地
RPSNMLQJOHNFFDP17CA,延平段,98.81,非都市：鄉村區 ; 非都市編定：乙種建築用地
RPSNMLQJOHNFFDP17CA,延平段,25.77,非都市：鄉村區 ; 非都市編定：乙種建築用地
RPXNMLSLOHNFFDP08CA,高南段,13.92,都市：住
RPXNMLSLOHNFFDP08CA,高南段,96.48,都市：住
RPTOMLMLOHNFFCP07CA,埔北段,98.70,都市：住
RPTOMLMLOHNFFCP07CA,埔北段,3.40,都市：住
RPRNMLQJOHNFFDP07CA,延平段,140.55,非都市：鄉村區 ; 非都市編定：乙種建築用地
RPQNMLLJOHNFFCP56EA,新宅段,158.00,非都市：特定農業區 ; 非都市編定：農牧用地
RPSOMLMLOHNFFCP96CA,埔北段,91.89,都市：住
RPSOMLMLOHNFFCP96CA,埔北段,3.40,都市：住
RPROMLMLOHNFFCP86CA,埔北段,93.33,都市：住
RPROMLMLOHNFFCP86CA,埔北段,3.40,都市：住
RPPNMLQJOHNFFDP86CA,延平段,138.40,非都市：鄉村區 ; 非都市編定：乙種建築用地
RPTNMLPJOHNFFEP37DA,鹿北段,64.08,非都市：鄉村區 ; 非都市編定：乙種建築用地
RPTNMLPJOHNFFEP37DA,鹿北段,16.94,非都市：鄉村區 ; 非都市編定：乙種建築用地
RPUNMLLJOHNFFEP07DA,興南段,2979.00,非都市：特定農業區 ; 非都市編定：農牧用地
RPTNMLLJOHNFFEP96DA,順興段,3127.00,非都市：特定農業區 ; 非都市編定：農牧用地
RPWNMLQJOHNFFDP57CA,延平段,137.75,非都市：鄉村區 ; 非都市編定：乙種建築用地
RPUNMLTKOHNFFEP97DA,林投段,968.58,非都市：一般農業區 ; 非都市編定：農牧用地
RPQNMLQLOHNFFAP07EA,溪洲段,55.74,非都市：特定農業區 ; 非都市編定：水利用地
RPQNMLQLOHNFFAP07EA,溪洲段,255.62,非都市： ; 非都市編定：
RPQNMLLJOHNFFFP76DA,新吉段,808.84,非都市：一般農業區 ; 非都市編定：養殖用地
RPQNMLPJOHNFFFP17DA,興寮段,548.53,非都市：一般農業區 ; 非都市編定：農牧用地
RPQNMLPJOHNFFFP17DA,興寮段,881.84,非都市：一般農業區 ; 非都市編定：農牧用地
RPPNMLPJOHNFFFP07DA,山寮段,104.44,非都市：鄉村區 ; 非都市編定：乙種建築用地
RPPNMLPJOHNFFFP07DA,山寮段,90.28,非都市：鄉村區 ; 非都市編定：乙種建築用地
RPRNMLPJOHNFFFP27DA,興寮段,2.09,非都市：一般農業區 ; 非都市編定：農牧用地
RPRNMLPJOHNFFFP27DA,興寮段,988.88,非都市：一般農業區 ; 非都市編定：農牧用地
RPRNMLPJOHNFFFP27DA,興寮段,91.93,非都市：鄉村區 ; 非都市編定：乙種建築用地
RPRNMLPJOHNFFFP27DA,興寮段,157.98,非都市：鄉村區 ; 非都市編定：乙種建築用地
RPQNMLSJOHNFFDP27DA,大庄段,293.11,都市：住
RPQNMLSJOHNFFDP27DA,大庄段,4.76,都市：其他
RPQNMLSJOHNFFDP27DA,大庄段,11.76,都市：其他
RPSNMLKLOHNFFEP96DA,林投段,970.01,非都市：一般農業區 ; 非都市編定：農牧用地
