﻿編號,屋齡,建物移轉面積(平方公尺),主要用途,主要建材,建築完成日期,總層數,建物分層
The serial number,room age,building shifting area (square meter),the main use,main building materials,construction completes the date,total layer,building lamination
RPPOMLSLNHNFFAP96CA,23,88.10,住家用,鋼筋混凝土造,84年3月30日,十五層,十三層
RPPOMLSLNHNFFAP96CA,23,14.41,共同部份,鋼筋混凝土造,84年3月30日,十二層,
RPPOMLSLNHNFFAP96CA,23,34.44,共同部份,鋼筋混凝土造,84年3月30日,十五層,
RPRNMLNLNHNFFAP56CA,2,167.36,住家用,鋼筋混凝土造,106年10月6日,三層,一層 二層 三層
RPQNMLMLNHNFFEP76CA,6,182.87,住家用,鋼筋混凝土造,101年10月22日,三層,一層 二層 三層
RPWNMLMLNHNFFAP96CA,24,2.47,住家用,鋼筋混凝土造,83年3月18日,四層,
RPWNMLMLNHNFFAP96CA,24,133.93,住家用,鋼筋混凝土造,83年1月20日,三層,一層 二層 三層 電梯樓梯間
RPRNMLLMNHNFFAP09CA,2,208.78,見其他登記事項,鋼筋混凝土造,105年7月7日,三層,一層 二層 三層 屋頂突出物
RPQNMLLMNHNFFFP86CA,9,195.71,見其他登記事項,見其他登記事項,98年5月8日,三層,一層 二層 三層
RPTNMLOJOHNFFBP86CA,27,156.89,住商用,鋼筋混凝土造,80年6月20日,三層,一層 二層 三層 騎樓 電梯樓梯間
RPRNMLNLNHNFFEP07DA,33,60.06,住家用,加強磚造,74年9月12日,二層,一層 二層 騎樓
RPQNMLNKOHNFFFP96CA,,188.78,見其他登記事項,鋼筋混凝土造,107年3月15日,三層,一層 二層 三層
RPPNMLNKOHNFFFP86CA,,184.86,見其他登記事項,鋼筋混凝土造,107年3月15日,三層,一層 二層 三層
RPSNMLNKOHNFFFP17CA,,180.07,見其他登記事項,鋼筋混凝土造,107年3月15日,三層,一層 二層 三層
RPSNMLLKOHNFFBP76EA,24,183.34,住家用,鋼筋混凝土造,82年12月21日,四層,一層 二層 三層 四層
RPSNMLLKOHNFFBP76EA,24,28.03,共有部份,,82年12月21日,,
RPRNMLNKOHNFFFP07CA,,188.78,見其他登記事項,鋼筋混凝土造,107年3月15日,三層,一層 二層 三層
RPWNMLOLNHNFFFP67CA,28,26.33,住家用,加強磚造,79年2月30日,二層,一層 二層 騎樓
RPPNMLOKOHNFFCP66CA,1,201.09,住家用,鋼筋混凝土造,106年3月27日,三層,見其他登記事項
RPOOMLOJPHNFFDP76CA,23,103.92,住家用,鋼筋混凝土造,84年4月6日,十二層,十層
RPOOMLOJPHNFFDP76CA,23,12.49,共有部份,鋼筋混凝土造,84年4月6日,十二層,
RPOOMLOJPHNFFDP76CA,23,4.48,共有部份,鋼筋混凝土造,84年4月6日,十二層,
RPTNMLKMNHNFFAP56CA,24,110.63,住家用,鋼筋混凝土造,83年9月15日,六層,五層
RPTNMLKMNHNFFAP56CA,24,19.35,共同部份,鋼筋混凝土造,83年9月15日,六層,
RPTNMLKMNHNFFAP56CA,24,20.25,共同部份,鋼筋混凝土造,83年9月15日,六層,
RPUNMLPLNHNFFAP07CA,1,145.66,住家用,鋼筋混凝土造,106年10月6日,三層,一層 二層 三層
RPWNMLTLNHNFFAP67CA,17,294.70,商業用,見其他登記事項,90年4月19日,四層,一層 二層 三層 四層 騎樓 電梯樓梯間
RPXNMLPLNHNFFAP37CA,15,198.68,住商用,鋼筋混凝土造,92年10月5日,三層,一層 二層 三層 騎樓 電梯樓梯間
RPOOMLPLNHNFFAP56CA,6,208.97,住家用,鋼筋混凝土造,101年3月5日,三層,一層 二層 三層 電梯樓梯間
RPUNMLKMNHNFFBP76CA,40,200.43,住家用,鋼筋混凝土加強磚造,66年12月8日,三層,一層 二層 三層 騎樓 電梯樓梯間
RPROMLKMNHNFFAP09CA,3,226.46,見其他登記事項,鋼筋混凝土造,103年12月25日,四層,一層 二層 三層 四層
RPTNMLOLNHNFFAP86CA,14,265.54,住家用,鋼筋混凝土造,93年10月12日,五層,一層 二層 三層 四層 五層
RPUOMLLMNHNFFAP86CA,2,187.91,住家用,鋼筋混凝土造,105年5月10日,四層,一層 二層 三層 四層
RPSNMLNLNHNFFBP76CA,26,118.86,住家用,鋼筋混凝土造,81年6月10日,八層,八層
RPSNMLNLNHNFFBP76CA,26,24.42,共有部份,鋼筋混凝土造,81年6月10日,八層,
RPRNMLKMNHNFFBP09CA,,227.46,見其他登記事項,鋼筋混凝土造,106年10月24日,三層,一層 二層 三層 見其他登記事項
RPQNMLLJOHNFFBP88CA,31,82.36,住家用,磚造,75年12月25日,一層,一層
RPQNMLKMNHNFFDP56CA,,178.81,住家用,鋼筋混凝土造,107年2月1日,三層,一層 二層 三層
RPPNMLTKOHNFFAP07DA,24,88.72,住家用,鋼筋混凝土造,83年6月23日,四層,三層
RPPNMLTKOHNFFAP07DA,24,7.53,共有部份,鋼筋混凝土造,83年6月29日,四層,
RPUNMLPLNHNFFDP47DA,44,53.15,住家用,見其他登記事項,63年7月16日,一層,一層
RPQNMLPJOHNFFEP96CA,26,119.47,住商用,鋼筋混凝土造,81年10月16日,五層,一層 二層 騎樓
RPQNMLPJOHNFFEP96CA,26,.96,共有部份,鋼筋混凝土加強磚造,81年10月16日,,
RPSNMLTLNHNFFDP57CA,32,154.74,住商用,鋼筋混凝土造,75年5月2日,二層,一層 二層 騎樓
RPWNMLPLNHNFFDP57CA,44,86.60,住家用,加強磚造,63年10月31日,二層,一層 二層
RPPNMLLKOHNFFAP88DA,25,58.80,住家用,鋼筋混凝土造,81年11月1日,六層,四層
RPPNMLLKOHNFFAP88DA,25,17.34,共有部份,鋼筋混凝土造,81年11月1日,六層,
RPTNMLOKOHNFFCP07CA,2,186.10,見其他登記事項,鋼筋混凝土造,104年11月26日,四層,騎樓 見其他登記事項
RPTNMLOKOHNFFCP07CA,2,4.66,見其他登記事項,鋼筋混凝土造,104年11月26日,一層,
RPPNMLTLNHNFFEP37CA,35,158.26,住商用,鋼筋混凝土加強磚造,72年4月14日,二層,一層 二層 騎樓 電梯樓梯間
RPRPMLOKOHNFFAP96DA,15,17.95,住家用,鋼筋混凝土造,92年7月7日,四層,一層
RPRPMLOKOHNFFAP96DA,15,6.01,共同部份,鋼筋混凝土造,92年7月7日,四層,
RPPNMLRLNHNFFEP17CA,,183.20,住家用,鋼筋混凝土造,107年1月18日,三層,一層 二層 三層
RPUNMLPLNHNFFCP27CA,1,211.22,住家用,鋼筋混凝土造,106年9月20日,四層,見其他登記事項
RPQNMLNKOHNFFDP76CA,,205.98,見其他登記事項,鋼筋混凝土造,106年11月21日,三層,一層 二層 三層 見其他登記事項
RPPNMLNKOHNFFDP66CA,,209.39,見其他登記事項,鋼筋混凝土造,106年11月21日,三層,一層 二層 三層 見其他登記事項
RPRNMLRJOHNFFDP17CA,24,134.79,住商用,鋼筋混凝土造,82年12月28日,三層,一層 二層 三層 電梯樓梯間
RPTNMLLLOHNFFAP66CA,2,225.73,見其他登記事項,鋼筋混凝土造,105年2月2日,三層,一層 二層 三層 屋頂突出物 騎樓
RPOOMLLJOHNFFAP68CA,19,177.16,見其他登記事項,鋼筋混凝土造,88年10月6日,三層,一層 二層 三層 地下層
RPTNMLMLOHNFFAP76CA,,225.82,見其他登記事項,鋼筋混凝土造,106年12月4日,三層,一層 二層 三層 屋頂突出物
RPWNMLMLOHNFFAP07CA,,198.04,見其他登記事項,鋼筋混凝土造,106年12月4日,三層,一層 二層 三層 屋頂突出物
RPOOMLMLOHNFFAP98CA,,190.58,見其他登記事項,鋼筋混凝土造,106年12月4日,三層,一層 二層 三層 屋頂突出物
RPUNMLMLOHNFFAP86CA,,190.58,見其他登記事項,鋼筋混凝土造,106年12月4日,三層,一層 二層 三層 屋頂突出物
RPTNMLKMNHNFFBP66CA,4,281.24,見其他登記事項,鋼筋混凝土造,102年11月14日,三層,一層 二層 三層 騎樓 見其他登記事項
RPSNMLMLOHNFFAP66CA,,190.58,見其他登記事項,鋼筋混凝土造,106年12月4日,三層,一層 二層 三層 屋頂突出物
RPUNMLSLNHNFFAP37CA,34,53.04,見其他登記事項,見其他登記事項,73年6月22日,一層,一層 騎樓
RPOOMLSLNHNFFAP86CA,25,77.25,住家用,鋼筋混凝土造,82年4月24日,七層,四層
RPOOMLSLNHNFFAP86CA,25,30.53,共同部份,鋼筋混凝土造,82年4月24日,七層,
RPTOMLTLNHNFFAP47CA,14,6042.64,見其他登記事項,見其他登記事項,92年12月10日,二層,一層 二層
RPQOMLKMNHNFFAP98CA,38,93.15,住家用,加強磚造,68年12月5日,二層,一層 二層
RPRNMLMLOHNFFAP56CA,,199.20,見其他登記事項,鋼筋混凝土造,106年12月4日,三層,一層 二層 三層 屋頂突出物
RPSOMLTLNHNFFAP37CA,11,5967.32,見其他登記事項,見其他登記事項,96年6月20日,二層,一層 二層 見其他登記事項
RPVNMLOJOHNFFBP07CA,22,110.40,住家用,鋼筋混凝土造,85年4月28日,三層,一層 二層 三層
RPVNMLMLOHNFFAP96CA,,190.62,見其他登記事項,鋼筋混凝土造,106年12月4日,三層,一層 二層 三層 屋頂突出物
RPXNMLMLOHNFFAP17CA,,190.58,見其他登記事項,鋼筋混凝土造,106年12月4日,三層,一層 二層 三層 屋頂突出物
RPPOMLPLNHNFFDP96CA,19,96.62,住家用,鋼筋混凝土造,88年7月30日,十四層,八層
RPPOMLPLNHNFFDP96CA,19,18.44,共有部份,鋼筋混凝土造,88年7月30日,十四層,
RPPOMLPLNHNFFDP96CA,19,1.73,住家用,鋼筋混凝土造,88年7月30日,十四層,
RPPOMLPLNHNFFDP96CA,19,12.03,見其他登記事項,鋼筋混凝土造,88年7月30日,十四層,
RPTNMLOJOHNFFDP07CA,36,167.51,住家用,加強磚造,70年12月7日,二層,一層 二層 電梯樓梯間
RPPNMLQLNHNFFFP17CA,32,166.99,見其他登記事項,加強磚造,75年8月13日,二層,一層 二層 見其他登記事項
RPVNMLKMNHNFFAP96EA,38,119.70,住家用,加強磚造,69年9月20日,二層,一層 二層
RPRNMLTLNHNFFAP27DA,39,116.51,住商用,加強磚造,68年1月7日,二層,一層 二層 騎樓 電梯樓梯間
RPSNMLKMNHNFFDP76CA,,190.45,住家用,鋼筋混凝土造,107年2月1日,三層,一層 二層 三層
RPSNMLLMNHNFFAP76EA,21,103.53,住家用,鋼筋混凝土造,86年5月15日,十六層,五層
RPSNMLLMNHNFFAP76EA,21,17.94,共同部份,鋼筋混凝土造,86年5月15日,十六層,
RPSNMLLMNHNFFAP76EA,21,33.80,共同部份,鋼筋混凝土造,86年5月15日,十六層,
RPRNMLLMNHNFFDP76CA,1,108.66,見其他登記事項,鋼筋混凝土造,106年4月11日,七層,六層
RPRNMLLMNHNFFDP76CA,1,83.74,見其他登記事項,鋼筋混凝土造,106年4月11日,七層,
RPSNMLTLNHNFFEP67CA,6,248.89,住家用,鋼筋混凝土造,101年3月6日,三層,一層 二層 三層 屋頂突出物
RPQNMLMLOHNFFCP66CA,,166.39,住家用,鋼筋混凝土造,107年3月9日,三層,一層 二層 三層
RPPNMLMLOHNFFCP56CA,,165.50,住家用,鋼筋混凝土造,107年3月9日,三層,一層 二層 三層
RPOOMLMLOHNFFCP56CA,,165.24,住家用,鋼筋混凝土造,107年3月9日,三層,一層 二層 三層
RPSNMLMLOHNFFCP86CA,,177.04,住家用,鋼筋混凝土造,107年3月9日,三層,一層 二層 三層
RPRNMLNKOHNFFDP86CA,,293.80,見其他登記事項,鋼筋混凝土造,106年11月21日,四層,一層 二層 三層 四層 騎樓
RPUNMLMLOHNFFCP07CA,,165.24,住家用,鋼筋混凝土造,107年3月9日,三層,一層 二層 三層
RPWNMLMLOHNFFCP27CA,,165.24,住家用,鋼筋混凝土造,107年3月9日,三層,一層 二層 三層
RPRNMLMLOHNFFCP76CA,,178.29,住家用,鋼筋混凝土造,107年3月9日,三層,一層 二層 三層
RPTNMLMLOHNFFCP96CA,,169.03,住家用,鋼筋混凝土造,107年3月9日,三層,一層 二層 三層
RPTNMLTLNHNFFDP67CA,23,153.31,住家用,鋼筋混凝土造,84年8月8日,三層,一層 二層 三層
RPPNMLOKOHNFFDP76CA,,214.25,住家用,鋼筋混凝土造,107年2月26日,三層,一層 二層 三層
RPQNMLOKOHNFFDP86CA,,214.45,住家用,鋼筋混凝土造,107年2月26日,三層,一層 二層 三層
RPQOMLLKOHNFFAP98CA,6,495.82,農舍,鋼筋混凝土造,101年10月3日,三層,一層 二層 三層
RPPNMLKMNHNFFAP78CA,1,212.61,見其他登記事項,鋼筋混凝土造,105年10月31日,三層,一層 二層 三層 屋頂突出物
RPPNMLLJOHNFFBP78CA,39,106.08,住商用,加強磚造,68年4月28日,二層,一層 二層 騎樓 電梯樓梯間
RPRNMLMLOHNFFDP86CA,22,92.30,住家用,鋼筋混凝土造,85年3月9日,十三層,九層
RPRNMLMLOHNFFDP86CA,22,10.60,共有部份,鋼筋混凝土造,85年3月9日,十三層,
RPRNMLMLOHNFFDP86CA,22,19.78,共有部份,鋼筋混凝土造,85年3月9日,十三層,
RPSNMLTLNHNFFAP27CA,44,79.00,住家用,加強磚造,63年10月17日,二層,一層 二層
RPSNMLTLNHNFFAP27CA,44,95.89,住家用,加強磚造,63年10月17日,二層,一層 二層 騎樓
RPUOMLKMNHNFFAP76CA,26,137.75,住家用,加強磚造,81年6月15日,二層,一層 二層 電梯樓梯間
RPPNMLOLOHNFFBP66CA,24,132.09,住家用,鋼筋混凝土造,83年8月12日,三層,一層 二層 三層
RPPNMLSLNHNFFBP96CA,37,123.27,住家用,加強磚造,70年6月30日,二層,一層 二層 電梯樓梯間
RPXNMLKMNHNFFAP96CA,25,3.17,住家用,鋼筋混凝土造,82年7月25日,二層,
RPXNMLKMNHNFFAP96CA,25,171.72,住家用,鋼筋混凝土造,82年7月21日,四層,一層 二層 三層 四層 電梯樓梯間
RPSNMLMKOHNFFBP66CA,26,93.03,住家用,鋼筋混凝土造,81年9月30日,五層,四層
RPSNMLMKOHNFFBP66CA,26,12.29,共有部份,鋼筋混凝土造,81年9月30日,五層,
RPSNMLMKOHNFFBP66CA,26,4.40,共有部份,鋼筋混凝土造,81年9月30日,,
RPVNMLOJOHNFFAP96CA,21,81.71,住家用,鋼筋混凝土造,86年3月21日,十三層,十二層
RPVNMLOJOHNFFAP96CA,21,12.94,住家用,鋼筋混凝土造,86年3月21日,十三層,四層
RPVNMLOJOHNFFAP96CA,21,12.85,共同部份,鋼筋混凝土造,86年3月21日,十三層,
RPSNMLOJOHNFFDP96CA,23,95.96,住家用,鋼筋混凝土造,84年4月6日,十二層,三層
RPSNMLOJOHNFFDP96CA,23,4.22,共有部份,鋼筋混凝土造,84年4月6日,十二層,
RPSNMLOJOHNFFDP96CA,23,12.72,共有部份,鋼筋混凝土造,84年4月6日,十二層,
RPXNMLLJOHNFFAP86CA,25,82.06,住家用,鋼筋混凝土造,82年9月10日,六層,一層 二層 騎樓
RPXNMLLJOHNFFAP86CA,25,7.86,共同部份,鋼筋混凝土造,82年9月10日,六層,
RPPOMLMLOHNFFCP66CA,,165.24,住家用,鋼筋混凝土造,107年3月9日,三層,一層 二層 三層
RPSNMLNKOHNFFDP96CA,,168.80,住家用,鋼筋混凝土造,106年11月21日,三層,一層 二層 三層
RPXNMLMLOHNFFCP37CA,,165.24,住家用,鋼筋混凝土造,107年3月9日,三層,一層 二層 三層
RPSNMLLJOHNFFCP56CA,28,124.18,住家用,見其他登記事項,79年3月31日,三層,一層 二層 三層
RPQNMLLMNHNFFAP98CA,16,138.10,住家用,鋼筋混凝土造,91年10月1日,三層,一層 二層 三層 電梯樓梯間
RPWNMLLMNHNFFAP17EA,2,174.23,住家用,鋼筋混凝土造,105年3月10日,三層,一層 二層 三層
RPUNMLNKOHNFFDP17CA,38,217.77,住商用,加強磚造,69年5月31日,三層,一層 二層 三層 騎樓 電梯樓梯間
RPPNMLLJOHNFFDP09DA,14,186.48,住家用,鋼筋混凝土造,93年2月19日,三層,一層 二層 三層 見其他登記事項
RPUNMLOJOHNFFDP17CA,2,208.16,住家用,鋼筋混凝土造,104年11月17日,三層,一層 二層 三層
RPOOMLLMNHNFFAP09EA,24,173.63,住商用,鋼筋混凝土造,83年4月28日,三層,一層 二層 三層 電梯樓梯間
RPTNMLLMNHNFFDP96CA,,183.55,住家用,鋼筋混凝土造,107年2月1日,三層,一層 二層 三層
RPRNMLLMNHNFFEP96DA,24,189.56,住家用,鋼筋混凝土造,83年3月19日,四層,一層 二層 三層 四層
RPQNMLPLOHNFFAP76CA,6,83.47,見其他登記事項,鋼筋混凝土造,101年7月25日,六層,三層
RPQNMLPLOHNFFAP76CA,6,27.21,見其他登記事項,鋼筋混凝土造,101年7月25日,六層,
RPQNMLPLOHNFFAP76CA,6,9.42,見其他登記事項,鋼筋混凝土造,101年7月25日,六層,
RPQNMLPLOHNFFAP76CA,6,26.90,停車空間,鋼筋混凝土造,101年7月25日,六層,
RPOPMLMLOHNFFCP66CA,1,172.38,住家用,鋼筋混凝土造,106年8月13日,三層,一層 二層 三層
RPVNMLNKOHNFFDP27CA,2,211.28,見其他登記事項,鋼筋混凝土造,105年3月1日,三層,一層 二層 三層 見其他登記事項
RPPOMLSLOHNFFDP37CA,1,193.86,見其他登記事項,鋼筋混凝土造,106年3月1日,三層,二層 三層 見其他登記事項
RPTNMLPLOHNFFAP17DA,23,163.84,住家用,鋼筋混凝土造,84年1月25日,三層,一層 二層 三層 電梯樓梯間
RPUOMLOJOHNFFEP37CA,28,115.70,住家用,鋼筋混凝土造,79年6月30日,四層,三層
RPUOMLOJOHNFFEP37CA,28,6.94,共有部份,鋼筋混凝土造,79年6月30日,四層,
RPRPMLMLOHNFFAP76CA,35,101.78,住家用,加強磚造,72年8月1日,二層,一層 二層 騎樓
RPPNMLLJOHNFFCP88CA,1,203.90,見其他登記事項,鋼筋混凝土造,106年8月30日,三層,一層 二層 三層 見其他登記事項
RPRNMLPLOHNFFAP86CA,24,173.63,住商用,鋼筋混凝土造,83年5月31日,三層,一層 二層 三層 電梯樓梯間
RPUNMLLJOHNFFAP56CA,39,86.18,住家用,加強磚造,68年8月1日,二層,一層 二層
RPXNMLLMNHNFFAP07CA,43,93.32,住家用,加強磚造,63年12月3日,二層,一層 二層
RPXOMLKMNHNFFAP07CA,2,225.40,見其他登記事項,鋼筋混凝土造,105年7月31日,四層,一層 二層 三層 四層 見其他登記事項
RPXOMLKMNHNFFAP07CA,2,.46,見其他登記事項,鋼筋混凝土造,105年7月31日,四層,
RPSNMLOJOHNFFAP66CA,19,99.94,住家用,鋼筋混凝土造,88年9月26日,五層,二層 三層
RPSNMLOJOHNFFAP66CA,19,19.15,停車空間,鋼筋混凝土造,88年9月26日,五層,
RPSNMLOJOHNFFAP66CA,19,19.45,共同部份,鋼筋混凝土造,88年9月26日,五層,
RPQOMLLMNHNFFAP09CA,40,99.70,住商用,加強磚造,66年12月12日,二層,一層 二層 騎樓
RPROMLLJOHNFFAP98CA,38,180.12,住家用,加強磚造,69年10月15日,二層,一層 二層 騎樓 電梯樓梯間 地下層
RPQNMLOJOHNFFBP56CA,19,62.29,住家用,鋼筋混凝土造,88年4月12日,十二層,十一層
RPQNMLOJOHNFFBP56CA,19,15.54,共有部份,鋼筋混凝土造,88年4月12日,十二層,
RPQNMLOJOHNFFBP56CA,19,14.97,共有部份,鋼筋混凝土造,88年4月12日,十二層,
RPRNMLOJOHNFFBP66CA,42,195.53,住家用,鋼筋混凝土加強磚造,64年12月10日,二層,一層 二層 騎樓
RPSOMLSJOHNFFAP17CA,38,112.35,住家用,加強磚造,69年5月1日,二層,一層 二層 電梯樓梯間
RPQNMLQJOHNFFAP66CA,38,114.00,住家用,加強磚造,69年5月31日,二層,一層 二層 騎樓
RPQNMLPJOHNFFAP56CA,38,118.11,住商用,加強磚造,69年5月10日,二層,一層 二層 騎樓 電梯樓梯間
RPROMLOJOHNFFAP66CA,25,168.62,住家用,鋼筋混凝土造,81年12月10日,三層,一層 二層 三層 電梯樓梯間
RPPNMLTKOHNFFBP07CA,46,186.25,住家用,見其他登記事項,61年10月15日,一層,一層 騎樓
RPPNMLTKOHNFFBP07CA,46,741.29,工商用,見其他登記事項,61年10月15日,一層,一層
RPPNMLTKOHNFFBP07CA,46,239.43,工業用,木造,61年10月15日,一層,一層
RPTNMLOJOHNFFAP86DA,73,136.01,住商用,加強磚造,34年1月20日,二層,一層 二層 騎樓
RPQNMLQJOHNFFDP96CA,,227.31,住家用,鋼筋混凝土造,107年1月29日,三層,一層 二層 三層
RPTNMLQJOHNFFDP27CA,,186.04,住家用,鋼筋混凝土造,107年1月29日,三層,一層 二層 三層
RPSNMLQJOHNFFDP17CA,,186.04,住家用,鋼筋混凝土造,107年1月29日,三層,一層 二層 三層
RPXNMLSLOHNFFDP08CA,1,156.21,見其他登記事項,鋼筋混凝土造,106年9月4日,三層,一層 二層 三層 屋頂突出物
RPTOMLMLOHNFFCP07CA,,171.72,住家用,鋼筋混凝土造,107年3月9日,三層,一層 二層 三層
RPRNMLQJOHNFFDP07CA,,226.75,住家用,鋼筋混凝土造,107年1月29日,三層,一層 二層 三層
RPSOMLMLOHNFFCP96CA,,165.21,住家用,鋼筋混凝土造,107年3月9日,三層,一層 二層 三層
RPROMLMLOHNFFCP86CA,,167.74,住家用,鋼筋混凝土造,107年3月9日,三層,一層 二層 三層
RPPNMLQJOHNFFDP86CA,,229.28,住家用,鋼筋混凝土造,107年1月29日,三層,一層 二層 三層
RPWNMLQJOHNFFDP57CA,,229.85,住家用,鋼筋混凝土造,107年1月29日,三層,一層 二層 三層
