﻿鄉鎮市區,交易標的,土地區段位置/建物區段門牌,土地移轉總面積(平方公尺),都市土地使用分區,非都市土地使用分區,非都市土地使用編定,交易年月日,交易筆棟數,移轉層次,總樓層數,建物型態,主要用途,主要建材,建築完成年月,建物移轉總面積(平方公尺),建物現況格局-房,建物現況格局-廳,建物現況格局-衛,建物現況格局-隔間,有無管理組織,總價(元),單價(元/平方公尺),車位類別,車位移轉總面積(平方公尺),車位總價(元),備註,編號
The villages and towns urban district,transaction sign,land sector position/building sector house number plate,land shifting total area (square meter),the use zoning or compiles and checks,the non-metropolis land use district,non-metropolis land use,transaction year, month and day,transaction pen number,shifting level,total floor number,building state,main use,main building materials,construction to complete the years,building shifting total area,Building present situation pattern - room,building present situation pattern - hall,building present situation pattern - health,building present situation pattern - compartmented,Whether there is manages the organization,total price (Yuan),the unit price (a Yuan/square meter),the berth category,berth shifting total area (square meter),the berth total price (Yuan),the note,serial number
古坑鄉,房地(土地+建物),雲林縣古坑鄉文學路31~60號,88.0,住,,,1050328,土地1建物1車位0,全,三層,透天厝,住家用,鋼筋混凝土造,1061006,167.36,5,2,4,有,無,5750000,34357,,0.0,0,,RPRNMLNLNHNFFAP56CA
斗六市,土地,八德段811~840地號,95.54,,鄉村區,乙種建築用地,1070426,土地1建物0車位0,,,其他,,,,0.0,0,0,0,有,無,2100000,21980,,0.0,0,,RPQNMLOLNHNFFAP56CA
斗六市,房地(土地+建物),雲林縣斗六市福興路57巷1~30號,73.36,,一般農業區,甲種建築用地,1070506,土地3建物1車位0,全,三層,透天厝,住家用,鋼筋混凝土造,0830120,136.4,3,2,3,有,無,2920000,21408,,0.0,0,,RPWNMLMLNHNFFAP96CA
斗六市,房地(土地+建物)+車位,雲林縣斗六市久安路158巷31~60號,32.19,,特定農業區,甲種建築用地,1070416,土地1建物1車位1,十三層,十五層,住宅大樓(11層含以上有電梯),住家用,鋼筋混凝土造,0840330,136.95,3,2,2,有,有,2500000,18255,坡道機械,0.0,0,,RPPOMLSLNHNFFAP96CA
古坑鄉,土地,西華段151~180地號,6635.0,住,,,1060618,土地13建物0車位0,,,其他,,,,0.0,0,0,0,有,無,86238920,12998,,0.0,0,,RPOOMLKMNHNFFAP78CA
斗六市,房地(土地+建物),雲林縣斗六市梅林路479巷1~30號,152.03,,一般農業區,甲種建築用地,1070401,土地3建物1車位0,全,三層,透天厝,見其他登記事項,鋼筋混凝土造,1050707,208.78,4,2,3,有,無,6800000,32570,,0.0,0,,RPRNMLLMNHNFFAP09CA
斗六市,土地,崙仔段181~210地號,156.84,,鄉村區,乙種建築用地,1070501,土地4建物0車位0,,,其他,,,,0.0,0,0,0,有,無,1939200,12364,,0.0,0,,RPUNMLOJOHNFFAP86CA
斗六市,土地,大潭段社口小段61~90地號,6.0,住,,,1070503,土地1建物0車位0,,,其他,,,,0.0,0,0,0,有,無,165000,27500,,0.0,0,,RPVOMLQJOHNFFAP27CA
斗六市,土地,大潭段社口小段61~90地號,3.0,住,,,1070503,土地1建物0車位0,,,其他,,,,0.0,0,0,0,有,無,82500,27500,,0.0,0,,RPWOMLQJOHNFFAP37CA
斗南鎮,土地,新安段1081~1110地號,210.55,,鄉村區,乙種建築用地,1070416,土地2建物0車位0,,,其他,,,,0.0,0,0,0,有,無,1800000,8549,,0.0,0,,RPPNMLNLNHNFFBP09CA
斗南鎮,房地(土地+建物),雲林縣斗南鎮黎明二街31~60號,82.0,住,,,1070427,土地1建物1車位0,全,三層,透天厝,住商用,鋼筋混凝土造,0800620,156.89,4,1,3,有,無,4300000,27408,,0.0,0,,RPTNMLOJOHNFFBP86CA
二崙鄉,土地,新油車段1141~1170地號,67.84,,鄉村區,乙種建築用地,1070328,土地1建物0車位0,,,其他,,,,0.0,0,0,0,有,無,574604,8470,,0.0,0,,RPWNMLSLNHNFFCP77CA
崙背鄉,土地,崩溝寮段1~30地號,105.92,,鄉村區,乙種建築用地,1070503,土地2建物0車位0,,,其他,,,,0.0,0,0,0,有,無,296566,2800,,0.0,0,,RPRNMLLMNHNFFCP66CA
西螺鎮,土地,社西段811~840地號,3818.12,工,,,1070316,土地5建物0車位0,,,其他,,,,0.0,0,0,0,有,無,60050000,15728,,0.0,0,,RPTNMLRJOHNFFCP27CA
虎尾鎮,土地,高南段31~60地號,1353.86,住,,,1070420,土地1建物0車位0,,,其他,,,,0.0,0,0,0,有,無,40950000,30247,,0.0,0,,RPRNMLNLNHNFFDP86CA
虎尾鎮,土地,大屯段151~180地號,76.2,,特定農業區,水利用地,1070501,土地1建物0車位0,,,其他,,,,0.0,0,0,0,有,無,177372,2328,,0.0,0,,RPPNMLPLNHNFFDP86CA
虎尾鎮,土地,過溪子段811~840地號,5011.0,農,,,1070514,土地4建物0車位0,,,其他,,,,0.0,0,0,0,有,無,8279000,1652,,0.0,0,,RPTNMLPLNHNFFDP27CA
北港鎮,房地(土地+建物),雲林縣北港鎮民樂路196巷61~90號,142.55,住,,,1070502,土地2建物1車位0,全,三層,透天厝,住家用,鋼筋混凝土造,1011022,182.87,4,2,4,有,無,9000000,49215,,0.0,0,,RPQNMLMLNHNFFEP76CA
口湖鄉,土地,新湖段781~810地號,8.0,商,,,1070510,土地1建物0車位0,,,其他,,,,0.0,0,0,0,有,無,150000,18750,,0.0,0,商業區、合併使用,RPUNMLNKOHNFFEP27CA
水林鄉,土地,西井段1561~1590地號,612.5,,鄉村區,乙種建築用地,1070514,土地7建物0車位0,,,其他,,,,0.0,0,0,0,有,無,3500000,5714,,0.0,0,,RPTNMLTKOHNFFEP77CA
麥寮鄉,房地(土地+建物),雲林縣麥寮鄉中山路97巷121~150號,159.4,工,,,1070417,土地2建物1車位0,全,三層,透天厝,見其他登記事項,見其他登記事項,0980508,195.71,3,3,3,有,無,6500000,33212,,0.0,0,,RPQNMLLMNHNFFFP86CA
麥寮鄉,土地,順天段241~270地號,226.72,,鄉村區,乙種建築用地,1070507,土地2建物0車位0,,,其他,,,,0.0,0,0,0,有,無,822840,3629,,0.0,0,,RPPNMLNJOHNFFFP76CA
莿桐鄉,土地,大埔尾段3661~3690地號,1500.0,,特定農業區,農牧用地,1070502,土地1建物0車位0,,,其他,,,,0.0,0,0,0,有,無,4200000,2800,,0.0,0,,RPSOMLLLNHNFFAP66DA
斗南鎮,土地,北銘段541~570地號,26047.0,工,,,1070329,土地3建物0車位0,,,其他,,,,0.0,0,0,0,有,無,401841910,15428,,0.0,0,,RPRNMLLLNHNFFBP56DA
斗南鎮,土地,北銘段541~570地號,1543.0,工,,,1070320,土地1建物0車位0,,,其他,,,,0.0,0,0,0,有,無,24271390,15730,,0.0,0,,RPSNMLLLNHNFFBP66DA
元長鄉,土地,下寮段601~630地號,1255.0,,特定農業區,農牧用地,1070510,土地1建物0車位0,,,其他,,,,0.0,0,0,0,有,無,1000000,797,,0.0,0,,RPRNMLPLNHNFFEP27DA
口湖鄉,土地,梧段241~270地號,17.0,,一般農業區,養殖用地,1070505,土地1建物0車位0,,,其他,,,,0.0,0,0,0,有,無,60000,3529,,0.0,0,,RPQNMLLJOHNFFEP66DA
斗六市,土地,溝子埧段瓦厝子小段331~360地號,260.0,,鄉村區,乙種建築用地,1070501,土地1建物0車位0,,,其他,,,,0.0,0,0,0,有,無,1066000,4100,,0.0,0,1-3等親買賣,RPQNMLPLNHNFFAP86EA
斗六市,土地,溝子埧段瓦厝子小段1~30地號,403.33,,鄉村區,乙種建築用地,1070501,土地1建物0車位0,,,其他,,,,0.0,0,0,0,有,無,1653653,4100,,0.0,0,1.1-3等親買賣2.權利人共3人,RPRNMLPLNHNFFAP96EA
斗六市,土地,溝子埧段瓦厝子小段1~30地號,45.67,,鄉村區,乙種建築用地,1070501,土地1建物0車位0,,,其他,,,,0.0,0,0,0,有,無,187206,4099,,0.0,0,1.1-3等親買賣2.權利人共3人,RPSNMLPLNHNFFAP07EA
斗六市,土地,溝子埧段瓦厝子小段1~30地號,45.67,,鄉村區,乙種建築用地,1070501,土地1建物0車位0,,,其他,,,,0.0,0,0,0,有,無,187206,4099,,0.0,0,1.1-3等親買賣2.權利人共3人,RPTNMLPLNHNFFAP17EA
斗六市,土地,溝子埧段瓦厝子小段1~30地號,403.33,,鄉村區,乙種建築用地,1070501,土地1建物0車位0,,,其他,,,,0.0,0,0,0,有,無,1653653,4100,,0.0,0,1.1-3等親買賣2.權利人共3人,RPUNMLPLNHNFFAP27EA
古坑鄉,土地,東興段541~570地號,213.5,住,,,1061228,土地3建物0車位0,,,其他,,,,0.0,0,0,0,有,無,6700000,31382,,0.0,0,,RPSNMLSLNHNFFAP37EA
麥寮鄉,土地,永吉段541~570地號,913.14,,一般農業區,農牧用地,1070503,土地1建物0車位0,,,其他,,,,0.0,0,0,0,有,無,950000,1040,,0.0,0,,RPRNMLMLNHNFFFP07DA
麥寮鄉,土地,許厝寮段許厝寮小段241~270地號,1336.0,,一般農業區,養殖用地,1070509,土地1建物0車位0,,,其他,,,,0.0,0,0,0,有,無,1469600,1100,,0.0,0,,RPSNMLMLNHNFFFP17DA
東勢鄉,土地,新北段61~90地號,2928.14,,特定農業區,農牧用地,1070516,土地1建物0車位0,,,其他,,,,0.0,0,0,0,有,無,2148962,734,,0.0,0,向政府機關承購之案件。,RPQNMLOLNHNFFFP27EA
東勢鄉,土地,新北段31~60地號,1068.24,,特定農業區,農牧用地,1070516,土地1建物0車位0,,,其他,,,,0.0,0,0,0,有,無,783981,734,,0.0,0,向政府機關承購之案件。,RPRNMLOLNHNFFFP37EA
斗南鎮,房地(土地+建物),雲林縣斗南鎮延平路二段574巷1弄31~60號,93.17,住,,,1070328,土地2建物1車位0,全,四層,透天厝,住家用,鋼筋混凝土造,0821221,211.37,3,2,3,有,無,5900000,27913,,0.0,0,,RPSNMLLKOHNFFBP76EA
二崙鄉,土地,大庄段631~660地號,182.0,,特定農業區,農牧用地,1070220,土地3建物0車位0,,,其他,,,,0.0,0,0,0,有,無,200000,1099,,0.0,0,,RPQNMLSLNHNFFCP37EA
二崙鄉,土地,新庄子段大北園小段601~630地號,286.75,,特定農業區,農牧用地,1070517,土地1建物0車位0,,,其他,,,,0.0,0,0,0,有,無,569999,1988,,0.0,0,,RPPNMLKMNHNFFCP56EA
口湖鄉,土地,口湖段871~900地號,6061.8,,一般農業區,農牧用地,1070515,土地2建物0車位0,,,其他,,,,0.0,0,0,0,有,無,3940170,650,,0.0,0,此兩筆土地供太陽能使用,RPVNMLTLNHNFFEP08DA
斗南鎮,土地,田頭段重建小段271~300地號,2849.0,,特定農業區,農牧用地,1070504,土地2建物0車位0,,,其他,,,,0.0,0,0,0,有,無,5327500,1870,,0.0,0,,RPPNMLQJOHNFFBP76DA
元長鄉,房地(土地+建物),雲林縣元長鄉西?路61~90號,104.92,,鄉村區,乙種建築用地,1070508,土地4建物1車位0,全,二層,透天厝,住家用,加強磚造,0740912,60.06,4,2,2,有,無,400000,6660,,0.0,0,,RPRNMLNLNHNFFEP07DA
元長鄉,土地,東庄段241~270地號,573.99,,特定農業區,農牧用地,1070514,土地1建物0車位0,,,其他,,,,0.0,0,0,0,有,無,2000000,3484,,0.0,0,親友、員工或其他特殊關係間之交易。,RPSNMLNLNHNFFEP17DA
元長鄉,土地,潭內段1411~1440地號,2784.0,,特定農業區,農牧用地,1070516,土地1建物0車位0,,,其他,,,,0.0,0,0,0,有,無,2427648,872,,0.0,0,親友、員工或其他特殊關係間之交易。,RPTNMLNLNHNFFEP27DA
口湖鄉,土地,新湖段361~390地號,100.0,住,,,1070507,土地1建物0車位0,,,其他,,,,0.0,0,0,0,有,無,1130000,11300,,0.0,0,,RPQNMLOLNHNFFEP07DA
古坑鄉,土地,苦苓腳段1~30地號,1017.0,,,,1070514,土地1建物0車位0,,,其他,,,,0.0,0,0,0,有,無,508500,500,,0.0,0,親友、員工或其他特殊關係間之交易。依農業發展條例第16條第一項辦理。畸零地或有合併使用之交易。,RPSNMLNLNHNFFAP76DA
麥寮鄉,土地,施厝寮段1171~1200地號,1268.0,,一般農業區,農牧用地,1070511,土地1建物0車位0,,,其他,,,,0.0,0,0,0,有,無,2200000,1735,,0.0,0,,RPQNMLSKOHNFFFP47CA
麥寮鄉,土地,成德段541~570地號,152.72,農,,,1070501,土地1建物0車位0,,,其他,,,,0.0,0,0,0,有,無,1755555,11495,,0.0,0,,RPQNMLTKOHNFFFP57CA
麥寮鄉,土地,成德段541~570地號,305.45,農,,,1070423,土地1建物0車位0,,,其他,,,,0.0,0,0,0,有,無,3511110,11495,,0.0,0,,RPRNMLTKOHNFFFP67CA
麥寮鄉,土地,成德段331~360地號,234.2,農,,,1070501,土地3建物0車位0,,,其他,,,,0.0,0,0,0,有,無,2692128,11495,,0.0,0,,RPSNMLTKOHNFFFP77CA
麥寮鄉,房地(土地+建物),雲林縣麥寮鄉泰順路150巷1~30號,117.09,住,,,1070508,土地1建物1車位0,全,三層,透天厝,見其他登記事項,鋼筋混凝土造,1070315,184.86,3,2,2,有,無,9320000,50417,,0.0,0,,RPPNMLNKOHNFFFP86CA
麥寮鄉,房地(土地+建物),雲林縣麥寮鄉泰順路150巷1~30號,115.11,住,,,1070508,土地1建物1車位0,全,三層,透天厝,見其他登記事項,鋼筋混凝土造,1070315,188.78,3,2,2,有,無,9600000,50853,,0.0,0,,RPQNMLNKOHNFFFP96CA
麥寮鄉,房地(土地+建物),雲林縣麥寮鄉泰順路150巷1~30號,116.1,住,,,1070508,土地1建物1車位0,全,三層,透天厝,見其他登記事項,鋼筋混凝土造,1070315,188.78,3,2,2,有,無,9200000,48734,,0.0,0,,RPRNMLNKOHNFFFP07CA
麥寮鄉,建物,雲林縣麥寮鄉泰順路150巷1~30號,0.0,,,,1070508,土地0建物1車位0,全,三層,透天厝,見其他登記事項,鋼筋混凝土造,1070315,180.07,3,2,2,有,無,3000000,16660,,0.0,0,,RPSNMLNKOHNFFFP17CA
東勢鄉,土地,西安段1291~1320地號,1007.37,,特定農業區,農牧用地,1070511,土地1建物0車位0,,,其他,,,,0.0,0,0,0,有,無,967075,960,,0.0,0,,RPPNMLOLNHNFFFP96CA
東勢鄉,房地(土地+建物),雲林縣東勢鄉東勢東路1~30號,14.0,商,,,1070504,土地1建物1車位0,全,二層,透天厝,住家用,加強磚造,0790230,26.33,3,0,1,有,無,420000,15951,,0.0,0,,RPWNMLOLNHNFFFP67CA
虎尾鎮,房地(土地+建物),雲林縣虎尾鎮林森路一段360巷31~60號,17.17,商,,,1070330,土地1建物1車位0,十層,十二層,住宅大樓(11層含以上有電梯),住家用,鋼筋混凝土造,0840406,120.9,2,1,1,有,有,3880000,32093,,0.0,0,,RPOOMLOJPHNFFDP76CA
元長鄉,土地,青山段211~240地號,10691.0,,特定農業區,農牧用地,1070406,土地3建物0車位0,,,其他,,,,0.0,0,0,0,有,無,11000000,1029,,0.0,0,,RPQOMLSLNHNFFEP47CA
土庫鎮,土地,港興段841~870地號,2503.0,,特定農業區,農牧用地,1070510,土地1建物0車位0,,,其他,,,,0.0,0,0,0,有,無,4800000,1918,,0.0,0,,RPOOMLNLNHNFFDP66CA
西螺鎮,房地(土地+建物),雲林縣西螺鎮社口31~60號,155.04,農,,,1070428,土地2建物1車位0,全,三層,透天厝,住家用,鋼筋混凝土造,1060327,201.09,3,2,4,有,無,7880000,39186,,0.0,0,,RPPNMLOKOHNFFCP66CA
虎尾鎮,土地,公安段361~390地號,95.35,住,,,1070331,土地3建物0車位0,,,其他,,,,0.0,0,0,0,有,無,2883000,30236,,0.0,0,,RPQPMLQJOHNFFDP17CA
崙背鄉,土地,庄內段181~210地號,391.39,,鄉村區,乙種建築用地,1070419,土地5建物0車位0,,,其他,,,,0.0,0,0,0,有,無,1000000,2555,,0.0,0,權利人兩人,RPQNMLKMNHNFFCP09CA
二崙鄉,土地,八角亭段301~330地號,435.0,,鄉村區,乙種建築用地,1070503,土地1建物0車位0,,,其他,,,,0.0,0,0,0,有,無,1986668,4567,,0.0,0,,RPVNMLSLNHNFFCP67CA
大埤鄉,土地,田子林段1351~1380地號,1059.0,,特定農業區,農牧用地,1070430,土地1建物0車位0,,,其他,,,,0.0,0,0,0,有,無,1000000,944,,0.0,0,,RPQNMLRJOHNFFBP86CA
大埤鄉,土地,埔羌崙段1411~1440地號,2321.0,,特定農業區,農牧用地,1070430,土地1建物0車位0,,,其他,,,,0.0,0,0,0,有,無,2900000,1249,,0.0,0,,RPRNMLRJOHNFFBP96CA
西螺鎮,土地,埔心段991~1020地號,2000.0,農,,,1070424,土地2建物0車位0,,,其他,,,,0.0,0,0,0,有,無,5700000,2850,,0.0,0,,RPPNMLOLNHNFFCP66CA
西螺鎮,土地,漢光段31~60地號,259.2,住,,,1070510,土地1建物0車位0,,,其他,,,,0.0,0,0,0,有,無,6900000,26620,,0.0,0,,RPSNMLNLNHNFFCP86CA
斗南鎮,房地(土地+建物),雲林縣斗南鎮中正別莊21巷1~30號,192.23,,鄉村區,乙種建築用地,1070427,土地1建物1車位0,全,一層,透天厝,住家用,磚造,0751225,82.36,3,2,1,有,無,3000000,36425,,0.0,0,,RPQNMLLJOHNFFBP88CA
大埤鄉,土地,埤頭段781~810地號,5949.0,,特定農業區,農牧用地,1070508,土地1建物0車位0,,,其他,,,,0.0,0,0,0,有,無,9284400,1561,,0.0,0,,RPRNMLTLNHNFFBP27CA
斗南鎮,房地(土地+建物),雲林縣斗南鎮同安街53巷1~30號,105.64,商,,,1070329,土地2建物1車位0,全,三層,透天厝,見其他登記事項,鋼筋混凝土造,1061024,227.46,5,4,3,有,無,9380000,41238,,0.0,0,,RPRNMLKMNHNFFBP09CA
斗南鎮,房地(土地+建物),雲林縣斗南鎮中興路181~210號,102.0,住,,,1070428,土地1建物1車位0,全,三層,透天厝,住家用,鋼筋混凝土加強磚造,0661208,200.43,4,2,3,有,無,4550000,22701,,0.0,0,,RPUNMLKMNHNFFBP76CA
斗六市,土地,斗六段31~60地號,48.0,住,,,1070424,土地1建物0車位0,,,其他,,,,0.0,0,0,0,有,無,2160000,45000,,0.0,0,,RPOOMLTKOHNFFAP96CA
斗六市,房地(土地+建物),雲林縣斗六市東興街151~180號,33.12,住,,,1070428,土地2建物1車位0,五層,六層,華廈(10層含以下有電梯),住家用,鋼筋混凝土造,0830915,150.23,3,1,2,有,有,3800000,25295,,0.0,0,,RPTNMLKMNHNFFAP56CA
斗六市,房地(土地+建物),雲林縣斗六市太平路211~240號,81.0,商,,,1070424,土地1建物1車位0,全,四層,透天厝,商業用,見其他登記事項,0900419,294.7,0,4,4,有,無,15350000,52087,,0.0,0,,RPWNMLTLNHNFFAP67CA
斗六市,土地,保庄段31~60地號,164.74,住,,,1070413,土地2建物0車位0,,,其他,,,,0.0,0,0,0,有,無,5200000,31565,,0.0,0,,RPQNMLNLNHNFFAP09CA
斗六市,土地,自強段1~30地號,257.47,住,,,1070513,土地1建物0車位0,,,其他,,,,0.0,0,0,0,有,無,20093000,78040,,0.0,0,,RPVNMLMLNHNFFAP86CA
斗六市,房地(土地+建物),雲林縣斗六市武陵街91~120號,88.0,住,,,1070430,土地2建物1車位0,全,三層,透天厝,住商用,鋼筋混凝土造,0921005,198.68,4,3,4,有,無,12000000,60399,,0.0,0,,RPXNMLPLNHNFFAP37CA
古坑鄉,土地,水碓東段361~390地號,4953.95,,一般農業區,農牧用地,1070501,土地3建物0車位0,,,其他,,,,0.0,0,0,0,有,無,13600000,2745,,0.0,0,含地上未保存農舍一間,RPPNMLSLNHNFFAP86CA
斗六市,房地(土地+建物),雲林縣斗六市宏福路1~30號,184.14,住,,,1070427,土地1建物1車位0,全,三層,透天厝,住家用,鋼筋混凝土造,1010305,208.97,4,3,4,有,無,15000000,71781,,0.0,0,,RPOOMLPLNHNFFAP56CA
古坑鄉,房地(土地+建物),雲林縣古坑鄉文學路31~60號,85.0,住,,,1070430,土地1建物1車位0,全,三層,透天厝,住家用,鋼筋混凝土造,1061006,145.66,4,2,4,有,無,5600000,38446,,0.0,0,,RPUNMLPLNHNFFAP07CA
斗六市,房地(土地+建物),雲林縣斗六市榮譽路156巷61~90號,103.47,,鄉村區,乙種建築用地,1070419,土地2建物1車位0,全,五層,透天厝,住家用,鋼筋混凝土造,0931012,265.54,4,3,3,有,無,8500000,32010,,0.0,0,,RPTNMLOLNHNFFAP86CA
古坑鄉,土地,東陽段1561~1590地號,127.0,,鄉村區,乙種建築用地,1070418,土地1建物0車位0,,,其他,,,,0.0,0,0,0,有,無,3100000,24409,,0.0,0,,RPTNMLTLNHNFFAP37CA
斗六市,房地(土地+建物),雲林縣斗六市虎溪路1~30號,93.07,,鄉村區,乙種建築用地,1070428,土地1建物1車位0,全,四層,透天厝,見其他登記事項,鋼筋混凝土造,1031225,226.46,5,2,4,有,無,9300000,41067,,0.0,0,,RPROMLKMNHNFFAP09CA
莿桐鄉,房地(土地+建物),雲林縣莿桐鄉和平路62巷61~90號,99.66,住,,,1070421,土地1建物1車位0,全,四層,透天厝,住家用,鋼筋混凝土造,1050510,187.91,4,2,4,有,無,6360000,33846,,0.0,0,,RPUOMLLMNHNFFAP86CA
斗南鎮,土地,建國段271~300地號,27.72,住,,,1070508,土地1建物0車位0,,,其他,,,,0.0,0,0,0,有,無,586000,21140,,0.0,0,,RPRNMLPJOHNFFBP76CA
斗南鎮,房地(土地+建物),雲林縣斗南鎮同安街61~90號,23.0,商,,,1070514,土地1建物1車位0,八層,八層,華廈(10層含以下有電梯),住家用,鋼筋混凝土造,0810610,143.28,3,1,2,有,無,3300000,23032,,0.0,0,,RPSNMLNLNHNFFBP76CA
斗南鎮,土地,明昌段481~510地號,0.13,住,,,1070516,土地1建物0車位0,,,其他,,,,0.0,0,0,0,有,無,3000,0,,0.0,0,,RPQNMLOLNHNFFBP66CA
崙背鄉,土地,貓兒干段2101~2130地號,4279.0,,特定農業區,農牧用地,1070510,土地1建物0車位0,,,其他,,,,0.0,0,0,0,有,無,3508780,820,,0.0,0,,RPTNMLNLNHNFFCP96CA
二崙鄉,土地,來惠段1201~1230地號,3750.83,,特定農業區,農牧用地,1070509,土地1建物0車位0,,,其他,,,,0.0,0,0,0,有,無,11800000,3146,,0.0,0,,RPQNMLOLNHNFFCP76CA
二崙鄉,土地,新油車段661~690地號,82.96,,鄉村區,乙種建築用地,1070414,土地2建物0車位0,,,其他,,,,0.0,0,0,0,有,無,1600000,19286,,0.0,0,,RPSNMLPJOHNFFCP96CA
二崙鄉,土地,新田尾段151~180地號,587.68,,鄉村區,乙種建築用地,1070416,土地3建物0車位0,,,其他,,,,0.0,0,0,0,有,無,6839840,11639,,0.0,0,,RPRNMLQJOHNFFCP96CA
土庫鎮,土地,馬公厝段241~270地號,234.43,,鄉村區,乙種建築用地,1070512,土地2建物0車位0,,,其他,,,,0.0,0,0,0,有,無,1843660,7864,,0.0,0,,RPROMLOJOHNFFDP96CA
虎尾鎮,土地,安慶段181~210地號,4198.0,,特定農業區,農牧用地,1070508,土地1建物0車位0,,,其他,,,,0.0,0,0,0,有,無,25780000,6141,,0.0,0,,RPRNMLLLOHNFFDP76CA
土庫鎮,房地(土地+建物),雲林縣土庫鎮越港里9鄰建國路35巷1~30號,122.71,住,,,1070410,土地2建物1車位0,全,三層,透天厝,住家用,鋼筋混凝土造,1070201,178.81,4,2,4,有,有,6500000,36351,,0.0,0,,RPQNMLKMNHNFFDP56CA
虎尾鎮,房地(土地+建物),雲林縣虎尾鎮大屯路211~240號,158.17,,鄉村區,乙種建築用地,1070423,土地1建物1車位0,全,二層,透天厝,住商用,鋼筋混凝土造,0750502,154.74,4,2,2,有,無,3700000,23911,,0.0,0,,RPSNMLTLNHNFFDP57CA
元長鄉,土地,龍岩厝段661~690地號,42.33,,鄉村區,乙種建築用地,1070516,土地1建物0車位0,,,其他,,,,0.0,0,0,0,有,無,128000,3024,,0.0,0,,RPXNMLOLNHNFFEP67CA
元長鄉,土地,龍岩厝段661~690地號,274.19,,鄉村區,乙種建築用地,1070516,土地1建物0車位0,,,其他,,,,0.0,0,0,0,有,無,635920,2319,,0.0,0,,RPOOMLOLNHNFFEP86CA
北港鎮,房地(土地+建物),雲林縣北港鎮慶華街8巷31~60號,45.59,住,,,1070507,土地1建物1車位0,一層，二層，騎樓,五層,公寓(5樓含以下無電梯),住商用,鋼筋混凝土造,0811016,120.42999999999999,2,1,2,有,有,3000000,24911,,0.0,0,,RPQNMLPJOHNFFEP96CA
東勢鄉,土地,和平段781~810地號,200.33,,鄉村區,乙種建築用地,1070419,土地1建物0車位0,,,其他,,,,0.0,0,0,0,有,無,1000000,4992,,0.0,0,,RPVNMLOLNHNFFFP57CA
東勢鄉,土地,和平段481~510地號,1880.0,,特定農業區,農牧用地,1070405,土地1建物0車位0,,,其他,,,,0.0,0,0,0,有,無,2100000,1117,,0.0,0,,RPPNMLTLNHNFFFP47CA
斗南鎮,土地,林子段1411~1440地號,2252.0,,特定農業區,農牧用地,1070516,土地1建物0車位0,,,其他,,,,0.0,0,0,0,有,無,3828400,1700,,0.0,0,,RPPNMLPLNHNFFBP76DA
斗南鎮,土地,林子段1411~1440地號,2253.0,,特定農業區,農牧用地,1070516,土地1建物0車位0,,,其他,,,,0.0,0,0,0,有,無,3830100,1700,,0.0,0,,RPQNMLPLNHNFFBP86DA
斗南鎮,土地,大東段新崙小段631~660地號,1438.0,,特定農業區,農牧用地,1070416,土地1建物0車位0,,,其他,,,,0.0,0,0,0,有,無,2200000,1530,,0.0,0,,RPTNMLPLNHNFFBP17DA
斗六市,房地(土地+建物),雲林縣斗六市和平路1~30號,11.01,住,,,1070430,土地1建物1車位0,一層,四層,套房(1房1廳1衛),住家用,鋼筋混凝土造,0920707,23.96,1,1,1,有,無,1000000,41736,,0.0,0,,RPRPMLOKOHNFFAP96DA
斗六市,房地(土地+建物),雲林縣斗六市光復路81巷1~30號,38.6,,鄉村區,乙種建築用地,1070403,土地1建物1車位0,三層,四層,公寓(5樓含以下無電梯),住家用,鋼筋混凝土造,0830623,96.25,3,2,2,有,無,1800000,18701,,0.0,0,,RPPNMLTKOHNFFAP07DA
麥寮鄉,土地,橋頭段1171~1200地號,105.0,,一般農業區,水利用地,1070410,土地1建物0車位0,,,其他,,,,0.0,0,0,0,有,無,105000,1000,,0.0,0,向政府機關承購之案件。,RPPNMLSKOHNFFFP37CA
古坑鄉,土地,荷苞段751~780地號,37.96,,鄉村區,乙種建築用地,1070510,土地1建物0車位0,,,其他,,,,0.0,0,0,0,有,無,800000,21075,,0.0,0,,RPPOMLPLNHNFFAP86EA
林內鄉,土地,頂庄段961~990地號,4757.88,,特定農業區,農牧用地,1070515,土地1建物0車位0,,,其他,,,,0.0,0,0,0,有,無,6620000,1391,,0.0,0,,RPSNMLOLNHNFFAP96EA
斗六市,房地(土地+建物)+車位,雲林縣斗六市武陵街31~60號,15.26,住,,,1070423,土地1建物1車位1,四層,六層,華廈(10層含以下有電梯),住家用,鋼筋混凝土造,0811101,76.14,2,1,1,有,有,2600000,34148,坡道機械,0.0,0,,RPPNMLLKOHNFFAP88DA
西螺鎮,土地,新社段1231~1260地號,3153.0,,特定農業區,農牧用地,1070323,土地1建物0車位0,,,其他,,,,0.0,0,0,0,有,無,20809800,6600,,0.0,0,,RPPNMLPLNHNFFCP86DA
土庫鎮,房地(土地+建物),雲林縣土庫鎮埤腳1~30號,907.0,,鄉村區,乙種建築用地,1070507,土地2建物1車位0,全,一層,透天厝,住家用,見其他登記事項,0630716,53.15,3,1,1,有,無,2500000,47037,,0.0,0,,RPUNMLPLNHNFFDP47DA
虎尾鎮,土地,龍安段121~150地號,2113.1,,特定農業區,農牧用地,1070510,土地1建物0車位0,,,其他,,,,0.0,0,0,0,有,無,10360000,4903,,0.0,0,,RPPNMLSJOHNFFDP17DA
口湖鄉,土地,林投段1~30地號,2489.77,,一般農業區,農牧用地,1070516,土地1建物0車位0,,,其他,,,,0.0,0,0,0,有,無,1269782,510,,0.0,0,,RPPNMLQJOHNFFEP07DA
麥寮鄉,土地,拱範段181~210地號,94.81,商,,,1070507,土地3建物0車位0,,,其他,,,,0.0,0,0,0,有,無,6800000,71722,,0.0,0,"未保存建物,無稅籍之老舊建物並同讓渡",RPPNMLLMNHNFFFP86DA
麥寮鄉,土地,永吉段181~210地號,673.5,,一般農業區,甲種建築用地,1070505,土地1建物0車位0,,,其他,,,,0.0,0,0,0,有,無,4100000,6088,,0.0,0,,RPQNMLSLNHNFFFP47CA
麥寮鄉,土地,橋頭段2341~2370地號,2216.0,,一般農業區,農牧用地,1070505,土地2建物0車位0,,,其他,,,,0.0,0,0,0,有,無,2216000,1000,,0.0,0,,RPRNMLSLNHNFFFP57CA
水林鄉,房地(土地+建物),雲林縣水林鄉東陽街91~120號,113.27,住,,,1070510,土地1建物1車位0,全,三層,透天厝,住家用,鋼筋混凝土造,1070118,183.2,5,2,5,有,無,6600000,36026,,0.0,0,,RPPNMLRLNHNFFEP17CA
元長鄉,土地,鹿南段331~360地號,1183.73,,特定農業區,農牧用地,1070521,土地1建物0車位0,,,其他,,,,0.0,0,0,0,有,無,726810,614,,0.0,0,,RPSNMLSLNHNFFEP57CA
元長鄉,土地,潭內段451~480地號,1259.0,,特定農業區,農牧用地,1070427,土地1建物0車位0,,,其他,,,,0.0,0,0,0,有,無,1284180,1020,,0.0,0,,RPWNMLSLNHNFFEP97CA
元長鄉,土地,潭內段451~480地號,2727.0,,特定農業區,農牧用地,1070427,土地1建物0車位0,,,其他,,,,0.0,0,0,0,有,無,2781540,1020,,0.0,0,,RPXNMLSLNHNFFEP08CA
四湖鄉,房地(土地+建物),雲林縣四湖鄉中正路271~300號,100.0,,一般農業區,甲種建築用地,1070511,土地1建物1車位0,全,二層,透天厝,住商用,鋼筋混凝土加強磚造,0720414,158.26,4,2,2,有,無,420000,2654,,0.0,0,,RPPNMLTLNHNFFEP37CA
虎尾鎮,房地(土地+建物),雲林縣虎尾鎮中正路310巷1~30號,73.22,住,,,1070505,土地1建物1車位0,全,二層,透天厝,住家用,加強磚造,0631031,86.6,2,1,2,有,無,2900000,33487,,0.0,0,,RPWNMLPLNHNFFDP57CA
西螺鎮,房地(土地+建物),雲林縣西螺鎮源成路61~90號,96.72,商,,,1070429,土地6建物1車位0,全,四層,透天厝,見其他登記事項,鋼筋混凝土造,1041126,190.76,3,2,5,有,無,8500000,44559,,0.0,0,,RPTNMLOKOHNFFCP07CA
崙背鄉,土地,豐草段601~630地號,616.5,,特定農業區,農牧用地,1070514,土地1建物0車位0,,,其他,,,,0.0,0,0,0,有,無,440000,714,,0.0,0,親友間之買賣,RPPOMLTKOHNFFCP27CA
二崙鄉,土地,崙東段271~300地號,15.64,住,,,1070507,土地5建物0車位0,,,其他,,,,0.0,0,0,0,有,無,175000,11189,,0.0,0,,RPPNMLMKOHNFFCP09CA
土庫鎮,土地,馬公厝段241~270地號,234.43,,鄉村區,乙種建築用地,1070512,土地2建物0車位0,,,其他,,,,0.0,0,0,0,有,無,1843660,7864,,0.0,0,,RPSOMLOJOHNFFDP07CA
土庫鎮,土地,馬公厝段241~270地號,234.43,,鄉村區,乙種建築用地,1070512,土地2建物0車位0,,,其他,,,,0.0,0,0,0,有,無,1843660,7864,,0.0,0,,RPTOMLOJOHNFFDP17CA
褒忠鄉,房地(土地+建物),雲林縣褒忠鄉自強路74巷1~30號,79.14,住,,,1070509,土地3建物1車位0,全,三層,透天厝,住商用,鋼筋混凝土造,0821228,134.79,4,1,2,有,無,2200000,16322,,0.0,0,,RPRNMLRJOHNFFDP17CA
褒忠鄉,土地,埔崙段301~330地號,244.0,住,,,1070509,土地4建物0車位0,,,其他,,,,0.0,0,0,0,有,無,1880000,7705,,0.0,0,,RPSNMLRJOHNFFDP27CA
土庫鎮,房地(土地+建物),雲林縣土庫鎮馬光路一段61~90號,122.04,住,,,1070410,土地2建物1車位0,全,三層,透天厝,見其他登記事項,鋼筋混凝土造,1061121,209.39,5,2,3,有,無,8700000,41549,,0.0,0,,RPPNMLNKOHNFFDP66CA
土庫鎮,房地(土地+建物),雲林縣土庫鎮馬光路一段61~90號,124.0,住,,,1070424,土地1建物1車位0,全,三層,透天厝,見其他登記事項,鋼筋混凝土造,1061121,205.98,5,2,3,有,無,9000000,43694,,0.0,0,,RPQNMLNKOHNFFDP76CA
西螺鎮,土地,三塊厝段三塊厝小段1291~1320地號,483.0,,特定農業區,甲種建築用地,1070427,土地1建物0車位0,,,其他,,,,0.0,0,0,0,有,無,1304100,2700,,0.0,0,,RPVNMLKMNHNFFCP96CA
二崙鄉,土地,義賢段601~630地號,738.68,,一般農業區,農牧用地,1070508,土地2建物0車位0,,,其他,,,,0.0,0,0,0,有,無,500000,677,,0.0,0,,RPRNMLPLNHNFFCP96CA
西螺鎮,房地(土地+建物),雲林縣西螺鎮松興街31~60號,106.47,住,,,1070321,土地1建物1車位0,全,四層,透天厝,住家用,鋼筋混凝土造,1060920,211.22,5,2,4,有,無,10500000,49711,,0.0,0,,RPUNMLPLNHNFFCP27CA
崙背鄉,土地,永安段211~240地號,2033.0,,特定農業區,農牧用地,1070427,土地1建物0車位0,,,其他,,,,0.0,0,0,0,有,無,2000000,984,,0.0,0,,RPPNMLSLNHNFFCP07CA
斗南鎮,土地,五間厝段151~180地號,241.11,,鄉村區,乙種建築用地,1070409,土地1建物0車位0,,,其他,,,,0.0,0,0,0,有,無,2552200,10585,,0.0,0,,RPPNMLSJOHNFFBP86CA
斗南鎮,土地,建國段271~300地號,114.0,住,,,1070407,土地1建物0車位0,,,其他,,,,0.0,0,0,0,有,無,2758400,24196,,0.0,0,,RPQNMLPJOHNFFBP66CA
莿桐鄉,房地(土地+建物),雲林縣莿桐鄉中山路151~180號,146.5,住,,,1070403,土地6建物1車位0,全,三層,透天厝,見其他登記事項,鋼筋混凝土造,1061204,190.58,5,2,4,有,無,7800000,40928,,0.0,0,,RPSNMLMLOHNFFAP66CA
莿桐鄉,房地(土地+建物),雲林縣莿桐鄉中山路151~180號,146.5,住,,,1070403,土地6建物1車位0,全,三層,透天厝,見其他登記事項,鋼筋混凝土造,1061204,225.82,4,2,4,有,無,8000000,35426,,0.0,0,,RPTNMLMLOHNFFAP76CA
莿桐鄉,房地(土地+建物),雲林縣莿桐鄉中山路151~180號,146.5,住,,,1070403,土地6建物1車位0,全,三層,透天厝,見其他登記事項,鋼筋混凝土造,1061204,190.58,5,2,4,有,無,7800000,40928,,0.0,0,,RPUNMLMLOHNFFAP86CA
莿桐鄉,房地(土地+建物),雲林縣莿桐鄉中山路151~180號,210.5,住,,,1070403,土地7建物1車位0,全,三層,透天厝,見其他登記事項,鋼筋混凝土造,1061204,198.04,5,2,4,有,無,8666000,43759,,0.0,0,,RPWNMLMLOHNFFAP07CA
斗南鎮,土地,西岐段1291~1320地號,290.0,商,,,1070327,土地5建物0車位0,,,其他,,,,0.0,0,0,0,有,無,3105000,10707,,0.0,0,道路用地不計價。,RPSNMLPJOHNFFBP86CA
斗南鎮,房地(土地+建物),雲林縣斗南鎮新生三路91~120號,147.0,工,,,1070504,土地1建物1車位0,全,三層,透天厝,見其他登記事項,鋼筋混凝土造,1021114,281.24,4,2,3,有,無,10500000,37335,,0.0,0,,RPTNMLKMNHNFFBP66CA
莿桐鄉,房地(土地+建物),雲林縣莿桐鄉中山路151~180號,154.5,住,,,1070403,土地6建物1車位0,全,三層,透天厝,見其他登記事項,鋼筋混凝土造,1061204,190.58,5,2,4,有,無,7500000,39354,,0.0,0,,RPOOMLMLOHNFFAP98CA
古坑鄉,土地,永興段481~510地號,1249.01,,鄉村區,乙種建築用地,1070414,土地1建物0車位0,,,其他,,,,0.0,0,0,0,有,無,19660000,15740,,0.0,0,,RPSOMLLJOHNFFAP09CA
林內鄉,房地(土地+建物),雲林縣林內鄉公園路1~30號,94.0,住,,,1070418,土地1建物1車位0,全,三層,透天厝,見其他登記事項,鋼筋混凝土造,0881006,177.16,5,2,3,有,無,2200000,12418,,0.0,0,,RPOOMLLJOHNFFAP68CA
古坑鄉,土地,古坑段湳子小段151~180地號,172.0,,特定專用區,甲種建築用地,1070330,土地1建物0車位0,,,其他,,,,0.0,0,0,0,有,無,1860000,10814,,0.0,0,,RPRNMLLLOHNFFAP09CA
斗六市,房地(土地+建物),雲林縣斗六市民生路211~240號,95.07,住,,,1070424,土地1建物1車位0,全,三層,透天厝,見其他登記事項,鋼筋混凝土造,1050202,225.73,5,2,3,有,無,15200000,67337,,0.0,0,,RPTNMLLLOHNFFAP66CA
林內鄉,土地,烏麻段901~930地號,2737.24,,特定農業區,農牧用地,1070429,土地1建物0車位0,,,其他,,,,0.0,0,0,0,有,無,5600000,2046,,0.0,0,買賣總價包含農業資材室。,RPWNMLKMNHNFFAP86CA
斗六市,房地(土地+建物),雲林縣斗六市育英北街106巷1~30號,73.59,住,,,1070413,土地2建物1車位0,全,二層,透天厝,住家用,加強磚造,0681205,93.15,3,3,2,有,無,2800000,30059,,0.0,0,,RPQOMLKMNHNFFAP98CA
斗六市,土地,北環段301~330地號,612.26,住,,,1070307,土地1建物0車位0,,,其他,,,,0.0,0,0,0,有,無,38892000,63522,,0.0,0,,RPPNMLPLNHNFFAP56CA
古坑鄉,土地,東陽段1201~1230地號,1050.0,,鄉村區,乙種建築用地,1070202,土地2建物0車位0,,,其他,,,,0.0,0,0,0,有,無,16466588,15682,,0.0,0,,RPSOMLPLNHNFFAP96CA
斗六市,土地,大北勢段林子頭小段391~420地號,2115.0,,特定農業區,農牧用地,1070319,土地1建物0車位0,,,其他,,,,0.0,0,0,0,有,無,4610000,2180,,0.0,0,,RPTOMLPLNHNFFAP07CA
斗六市,房地(土地+建物),雲林縣斗六市民生路61~90號,79.92,商,,,1070508,土地2建物1車位0,一層，騎樓,一層,店面(店鋪),見其他登記事項,見其他登記事項,0730622,53.04,0,0,0,無,無,6000000,113122,,0.0,0,,RPUNMLSLNHNFFAP37CA
斗六市,土地,石榴段1051~1080地號,53.92,,鄉村區,乙種建築用地,1070509,土地8建物0車位0,,,其他,,,,0.0,0,0,0,有,無,600000,11128,,0.0,0,,RPXNMLSLNHNFFAP67CA
斗六市,房地(土地+建物)+車位,雲林縣斗六市平等街1~30號,15.25,住,,,1070501,土地1建物1車位1,四層,七層,華廈(10層含以下有電梯),住家用,鋼筋混凝土造,0820424,107.78,3,2,2,有,有,3350000,31082,坡道機械,0.0,0,,RPOOMLSLNHNFFAP86CA
莿桐鄉,土地,埔南段721~750地號,547.94,,特定農業區,農牧用地,1070508,土地1建物0車位0,,,其他,,,,0.0,0,0,0,有,無,766166,1398,,0.0,0,,RPQNMLKMNHNFFAP88CA
斗六市,房地(土地+建物),雲林縣斗六市竹圍路31~60號,6314.63,,特定農業區,農牧用地,1070410,土地1建物1車位0,一層，二層，見其他登記事項,二層,其他,見其他登記事項,見其他登記事項,0960620,5967.32,0,0,0,無,無,45000000,7541,,0.0,0,,RPSOMLTLNHNFFAP37CA
斗六市,房地(土地+建物),雲林縣斗六市竹圍路31~60號,6064.85,,特定農業區,農牧用地,1070410,土地2建物1車位0,一層，二層,二層,其他,見其他登記事項,見其他登記事項,0921210,6042.64,0,0,0,無,無,44000000,7282,,0.0,0,,RPTOMLTLNHNFFAP47CA
莿桐鄉,房地(土地+建物),雲林縣莿桐鄉中山路151~180號,154.5,住,,,1070403,土地6建物1車位0,全,三層,透天厝,見其他登記事項,鋼筋混凝土造,1061204,199.2,4,2,4,有,無,7500000,37651,,0.0,0,,RPRNMLMLOHNFFAP56CA
古坑鄉,土地,西華段241~270地號,65.0,住,,,1070409,土地1建物0車位0,,,其他,,,,0.0,0,0,0,有,無,1179750,18150,,0.0,0,,RPTNMLSJOHNFFAP17CA
古坑鄉,土地,西華段241~270地號,490.0,住,,,1070409,土地1建物0車位0,,,其他,,,,0.0,0,0,0,有,無,8893500,18150,,0.0,0,,RPUNMLSJOHNFFAP27CA
古坑鄉,土地,西華段241~270地號,513.0,住,,,1070409,土地1建物0車位0,,,其他,,,,0.0,0,0,0,有,無,9310950,18150,,0.0,0,,RPWNMLSJOHNFFAP47CA
古坑鄉,土地,西華段241~270地號,510.0,住,,,1070409,土地1建物0車位0,,,其他,,,,0.0,0,0,0,有,無,9256500,18150,,0.0,0,,RPXNMLSJOHNFFAP57CA
古坑鄉,土地,西華段241~270地號,536.0,住,,,1070409,土地1建物0車位0,,,其他,,,,0.0,0,0,0,有,無,9728400,18150,,0.0,0,,RPOOMLSJOHNFFAP76CA
古坑鄉,土地,西華段241~270地號,699.0,住,,,1070409,土地1建物0車位0,,,其他,,,,0.0,0,0,0,有,無,12686850,18150,,0.0,0,,RPPOMLSJOHNFFAP86CA
斗南鎮,土地,新安段1531~1560地號,63.25,,鄉村區,乙種建築用地,1070511,土地1建物0車位0,,,其他,,,,0.0,0,0,0,有,無,299530,4736,,0.0,0,親友、員工或其他特殊關係間之交易。,RPSNMLTLNHNFFBP37CA
斗南鎮,房地(土地+建物),雲林縣斗南鎮南勢151~180號,66.76,,特定農業區,甲種建築用地,1070504,土地1建物1車位0,全,三層,透天厝,住家用,鋼筋混凝土造,0850428,110.4,4,2,3,有,無,2060000,18659,,0.0,0,,RPVNMLOJOHNFFBP07CA
斗南鎮,土地,中興段661~690地號,819.0,其他,,,1070423,土地1建物0車位0,,,其他,,,,0.0,0,0,0,有,無,4300000,5250,,0.0,0,,RPTNMLSLNHNFFBP37CA
莿桐鄉,房地(土地+建物),雲林縣莿桐鄉中山路151~180號,138.5,住,,,1070403,土地5建物1車位0,全,三層,透天厝,見其他登記事項,鋼筋混凝土造,1061204,190.58,5,2,4,有,無,7800000,40928,,0.0,0,,RPXNMLMLOHNFFAP17CA
古坑鄉,土地,崁頭厝段241~270地號,5465.0,,一般農業區,農牧用地,1070331,土地3建物0車位0,,,其他,,,,0.0,0,0,0,有,無,5460000,999,,0.0,0,,RPRNMLTKOHNFFAP17CA
莿桐鄉,房地(土地+建物),雲林縣莿桐鄉中山路151~180號,161.5,住,,,1070403,土地5建物1車位0,全,三層,透天厝,見其他登記事項,鋼筋混凝土造,1061204,190.62,5,2,4,有,無,8000000,41968,,0.0,0,,RPVNMLMLOHNFFAP96CA
二崙鄉,土地,港後段661~690地號,324.0,,特定農業區,農牧用地,1070515,土地1建物0車位0,,,其他,,,,0.0,0,0,0,有,無,500000,1543,,0.0,0,,RPTNMLPLNHNFFCP17CA
土庫鎮,土地,秀潭段511~540地號,69.0,,鄉村區,乙種建築用地,1070505,土地2建物0車位0,,,其他,,,,0.0,0,0,0,有,無,417450,6050,,0.0,0,,RPOOMLPJOHNFFDP76CA
土庫鎮,土地,秀潭段511~540地號,26.0,,鄉村區,乙種建築用地,1070505,土地1建物0車位0,,,其他,,,,0.0,0,0,0,有,無,157300,6050,,0.0,0,,RPPOMLPJOHNFFDP86CA
虎尾鎮,房地(土地+建物),雲林縣虎尾鎮德興路61~90號,14.79,住,,,1070510,土地1建物1車位0,八層,十四層,住宅大樓(11層含以上有電梯),住家用,鋼筋混凝土造,0880730,128.83,3,2,2,有,有,3600000,27944,,0.0,0,,RPPOMLPLNHNFFDP96CA
褒忠鄉,土地,忠東段1111~1140地號,3086.5,農,,,1070504,土地1建物0車位0,,,其他,,,,0.0,0,0,0,有,無,5000000,1620,,0.0,0,,RPQNMLSLNHNFFDP27CA
虎尾鎮,土地,堀頭段31~60地號,2154.47,,鄉村區,乙種建築用地,1070410,土地1建物0車位0,,,其他,,,,0.0,0,0,0,有,無,47000000,21815,,0.0,0,,RPVNMLPLNHNFFDP47CA
土庫鎮,房地(土地+建物),雲林縣土庫鎮馬光路55巷1~30號,253.0,,鄉村區,乙種建築用地,1070514,土地3建物1車位0,全,二層,透天厝,住家用,加強磚造,0701207,167.51,5,2,2,有,無,2000000,11940,,0.0,0,,RPTNMLOJOHNFFDP07CA
元長鄉,土地,三和段1141~1170地號,1700.0,,特定農業區,農牧用地,1070427,土地1建物0車位0,,,其他,,,,0.0,0,0,0,有,無,3000000,1765,,0.0,0,,RPOOMLSLNHNFFEP27CA
元長鄉,土地,三和段1141~1170地號,521.25,,鄉村區,乙種建築用地,1070427,土地1建物0車位0,,,其他,,,,0.0,0,0,0,有,無,2250000,4317,,0.0,0,,RPPOMLSLNHNFFEP37CA
四湖鄉,土地,北安段871~900地號,8995.1,,一般農業區,農牧用地,1070516,土地5建物0車位0,,,其他,,,,0.0,0,0,0,有,無,5846815,650,,0.0,0,,RPPNMLSLNHNFFEP27CA
北港鎮,土地,溝皂段631~660地號,1884.0,,特定農業區,農牧用地,1070504,土地1建物0車位0,,,其他,,,,0.0,0,0,0,有,無,3300000,1752,,0.0,0,,RPSNMLPJOHNFFEP17CA
北港鎮,土地,三仙段391~420地號,2901.26,,特定農業區,農牧用地,1070504,土地2建物0車位0,,,其他,,,,0.0,0,0,0,有,無,3300000,1137,,0.0,0,,RPUNMLPJOHNFFEP37CA
元長鄉,土地,潭墘段451~480地號,2165.0,,特定農業區,農牧用地,1070506,土地1建物0車位0,,,其他,,,,0.0,0,0,0,有,無,3500000,1617,,0.0,0,,RPVNMLNKOHNFFEP37CA
元長鄉,土地,鹿北段91~120地號,1605.26,,特定農業區,農牧用地,1070520,土地1建物0車位0,,,其他,,,,0.0,0,0,0,有,無,2231311,1390,,0.0,0,,RPWNMLNKOHNFFEP47CA
東勢鄉,建物,雲林縣東勢鄉富農南路31~60號,0.0,,,,1070521,土地0建物1車位0,全,二層,透天厝,見其他登記事項,加強磚造,0750813,166.99,2,2,2,有,無,360000,2156,,0.0,0,父子間買賣案件。,RPPNMLQLNHNFFFP17CA
麥寮鄉,土地,圳寮段721~750地號,2834.0,,一般農業區,農牧用地,1070514,土地1建物0車位0,,,其他,,,,0.0,0,0,0,有,無,3117400,1100,,0.0,0,,RPTNMLNKOHNFFFP27CA
麥寮鄉,土地,許厝寮段後安寮小段1171~1200地號,2998.0,,一般農業區,農牧用地,1070503,土地1建物0車位0,,,其他,,,,0.0,0,0,0,有,無,6000000,2001,,0.0,0,,RPUNMLNKOHNFFFP37CA
麥寮鄉,土地,橋頭段1051~1080地號,70.19,,一般農業區,特定目的事業用地,1070518,土地2建物0車位0,,,其他,,,,0.0,0,0,0,有,無,2220000,31628,,0.0,0,一、本案買賣包含土地上之未保存建物、二、 權利人共2人。,RPVNMLNKOHNFFFP47CA
口湖鄉,土地,梧段361~390地號,401.2,,鄉村區,乙種建築用地,1070516,土地4建物0車位0,,,其他,,,,0.0,0,0,0,有,無,1000000,2493,,0.0,0,,RPPNMLLJOHNFFEP56DA
口湖鄉,土地,梧段361~390地號,293.03,,一般農業區,農牧用地,1070516,土地3建物0車位0,,,其他,,,,0.0,0,0,0,有,無,190000,648,,0.0,0,,SPPNMLLJOHNFFEP66DA
西螺鎮,土地,大新段631~660地號,237.66,,鄉村區,乙種建築用地,1070501,土地1建物0車位0,,,其他,,,,0.0,0,0,0,有,無,1100000,4628,,0.0,0,,RPPNMLTLNHNFFCP27DA
崙背鄉,土地,東興段361~390地號,85.74,,鄉村區,乙種建築用地,1070503,土地1建物0車位0,,,其他,,,,0.0,0,0,0,有,無,3420000,39888,,0.0,0,地上建物一棟全部，交易總額包括在內?建物因未辦保存登記,RPUNMLQJOHNFFCP47EA
二崙鄉,土地,港後段421~450地號,5642.0,,特定農業區,農牧用地,1070502,土地4建物0車位0,,,其他,,,,0.0,0,0,0,有,無,7600000,1347,,0.0,0,,RPRNMLSLNHNFFCP47EA
二崙鄉,土地,港後段421~450地號,1618.0,,特定農業區,農牧用地,1070502,土地1建物0車位0,,,其他,,,,0.0,0,0,0,有,無,2200000,1360,,0.0,0,,RPSNMLSLNHNFFCP57EA
二崙鄉,土地,義賢段901~930地號,2000.0,,一般農業區,農牧用地,1070430,土地6建物0車位0,,,其他,,,,0.0,0,0,0,有,無,2100000,1050,,0.0,0,,RPTNMLSLNHNFFCP67EA
二崙鄉,土地,永定段361~390地號,3619.21,,特定農業區,農牧用地,1070501,土地1建物0車位0,,,其他,,,,0.0,0,0,0,有,無,5428800,1500,,0.0,0,,RPUNMLSLNHNFFCP77EA
古坑鄉,土地,尖山坑段91~120地號,2116.95,,森林區,農牧用地,1070509,土地2建物0車位0,,,其他,,,,0.0,0,0,0,有,無,1700000,803,,0.0,0,,RPQNMLTLNHNFFAP27EA
台西鄉,土地,蚊港段541~570地號,3950.0,,一般農業區,養殖用地,1070507,土地1建物0車位0,,,其他,,,,0.0,0,0,0,有,無,2014500,510,,0.0,0,,RPRNMLPLNHNFFFP37DA
古坑鄉,土地,大湖底段31~60地號,675.0,,山坡地保育區,農牧用地,1070510,土地1建物0車位0,,,其他,,,,0.0,0,0,0,有,無,800000,1185,,0.0,0,,RPQOMLLJOHNFFAP09EA
古坑鄉,土地,大湖口段691~720地號,3491.35,,一般農業區,農牧用地,1070430,土地2建物0車位0,,,其他,,,,0.0,0,0,0,有,無,2879665,825,,0.0,0,,RPROMLTLNHNFFAP47EA
斗六市,房地(土地+建物),雲林縣斗六市文生路517巷1~30號,143.16,,特定農業區,甲種建築用地,1070507,土地2建物1車位0,全,二層,透天厝,住家用,加強磚造,0690920,119.7,3,1,2,有,無,2600000,21721,,0.0,0,,RPVNMLKMNHNFFAP96EA
斗六市,房地(土地+建物)+車位,雲林縣斗六市西平路181~210號,15.28,住,,,1070504,土地1建物1車位1,五層,十六層,住宅大樓(11層含以上有電梯),住家用,鋼筋混凝土造,0860515,155.27,4,1,2,有,有,3200000,20609,坡道平面,0.0,0,,RPSNMLLMNHNFFAP76EA
古坑鄉,土地,永光段541~570地號,324.1,,鄉村區,乙種建築用地,1070514,土地9建物0車位0,,,其他,,,,0.0,0,0,0,有,無,1500000,4628,,0.0,0,含未登記建物一棟,RPPOMLTLNHNFFAP27EA
斗六市,房地(土地+建物),雲林縣斗六市大同路361~390號,92.0,住,,,1070430,土地1建物1車位0,全,二層,透天厝,住商用,加強磚造,0680107,116.51,3,3,3,有,無,4500000,38623,,0.0,0,,RPRNMLTLNHNFFAP27DA
四湖鄉,房地(土地+建物),雲林縣四湖鄉金山街17巷31~60號,161.0,住,,,1070510,土地3建物1車位0,全,三層,透天厝,住家用,鋼筋混凝土造,1010306,248.89,5,2,5,有,無,8460000,33991,,0.0,0,,RPSNMLTLNHNFFEP67CA
虎尾鎮,房地(土地+建物),雲林縣虎尾鎮竹圍路1~30號,121.78,,鄉村區,乙種建築用地,1070509,土地2建物1車位0,全,三層,透天厝,住家用,鋼筋混凝土造,0840808,153.31,3,2,2,有,無,3000000,19568,,0.0,0,,RPTNMLTLNHNFFDP67CA
土庫鎮,房地(土地+建物),雲林縣土庫鎮越港里9鄰建國路35巷31~60號,181.74,住,,,1070410,土地4建物1車位0,全,三層,透天厝,住家用,鋼筋混凝土造,1070201,190.45,4,2,4,有,有,6500000,34130,,0.0,0,,RPSNMLKMNHNFFDP76CA
虎尾鎮,土地,福德段1~30地號,22.68,,鄉村區,水利用地,1070517,土地1建物0車位0,,,其他,,,,0.0,0,0,0,有,無,102900,4537,,0.0,0,,RPQNMLLMNHNFFDP66CA
虎尾鎮,房地(土地+建物)+車位,雲林縣虎尾鎮三民路31~60號,29.53,住,,,1070413,土地4建物1車位1,六層,七層,華廈(10層含以下有電梯),見其他登記事項,鋼筋混凝土造,1060411,192.39999999999998,3,1,2,有,無,7500000,38981,坡道平面,33.0,0,,RPRNMLLMNHNFFDP76CA
土庫鎮,土地,港興段961~990地號,558.0,,特定農業區,甲種建築用地,1070516,土地3建物0車位0,,,其他,,,,0.0,0,0,0,有,無,2732910,4898,,0.0,0,,RPRNMLTLNHNFFDP47CA
西螺鎮,房地(土地+建物),雲林縣西螺鎮詔安1~30號,95.11,住,,,1070507,土地2建物1車位0,全,三層,透天厝,住家用,鋼筋混凝土造,1070309,165.24,5,2,3,有,無,6020000,36432,,0.0,0,,RPOOMLMLOHNFFCP56CA
西螺鎮,房地(土地+建物),雲林縣西螺鎮詔安1~30號,89.82,住,,,1070507,土地1建物1車位0,全,三層,透天厝,住家用,鋼筋混凝土造,1070309,165.5,5,2,4,有,無,5800000,35045,,0.0,0,,RPPNMLMLOHNFFCP56CA
西螺鎮,房地(土地+建物),雲林縣西螺鎮詔安1~30號,87.06,住,,,1070507,土地1建物1車位0,全,三層,透天厝,住家用,鋼筋混凝土造,1070309,166.39,5,2,3,有,無,5990000,36000,,0.0,0,,RPQNMLMLOHNFFCP66CA
西螺鎮,房地(土地+建物),雲林縣西螺鎮詔安1~30號,102.95,住,,,1070507,土地1建物1車位0,全,三層,透天厝,住家用,鋼筋混凝土造,1070309,178.29,5,2,4,有,無,6580000,36906,,0.0,0,,RPRNMLMLOHNFFCP76CA
西螺鎮,房地(土地+建物),雲林縣西螺鎮詔安1~30號,106.9,住,,,1070507,土地1建物1車位0,全,三層,透天厝,住家用,鋼筋混凝土造,1070309,177.04,5,2,4,有,無,6460000,36489,,0.0,0,,RPSNMLMLOHNFFCP86CA
西螺鎮,房地(土地+建物),雲林縣西螺鎮詔安1~30號,95.35,住,,,1070507,土地2建物1車位0,全,三層,透天厝,住家用,鋼筋混凝土造,1070309,169.03,5,2,4,有,無,6350000,37567,,0.0,0,,RPTNMLMLOHNFFCP96CA
西螺鎮,房地(土地+建物),雲林縣西螺鎮詔安1~30號,95.25,住,,,1070507,土地2建物1車位0,全,三層,透天厝,住家用,鋼筋混凝土造,1070309,165.24,5,2,4,有,無,6360000,38489,,0.0,0,,RPUNMLMLOHNFFCP07CA
西螺鎮,房地(土地+建物),雲林縣西螺鎮詔安1~30號,95.05,住,,,1070507,土地2建物1車位0,全,三層,透天厝,住家用,鋼筋混凝土造,1070309,165.24,5,2,4,有,無,6200000,37521,,0.0,0,,RPWNMLMLOHNFFCP27CA
土庫鎮,房地(土地+建物),雲林縣土庫鎮馬光路一段61~90號,160.04,住,,,1070410,土地2建物1車位0,全,四層,透天厝,見其他登記事項,鋼筋混凝土造,1061121,293.8,5,2,4,有,無,9600000,32675,,0.0,0,,RPRNMLNKOHNFFDP86CA
褒忠鄉,土地,田洋段331~360地號,74.24,,特定農業區,農牧用地,1070518,土地1建物0車位0,,,其他,,,,0.0,0,0,0,有,無,83200,1121,,0.0,0,,RPVNMLPJOHNFFDP37CA
褒忠鄉,土地,新湖段1861~1890地號,1766.0,,特定農業區,農牧用地,1070517,土地1建物0車位0,,,其他,,,,0.0,0,0,0,有,無,1589400,900,,0.0,0,,RPWNMLPJOHNFFDP47CA
虎尾鎮,房地(土地+建物),雲林縣虎尾鎮廉使1501~1530號,122.55,,鄉村區,乙種建築用地,1070504,土地2建物1車位0,全,三層,透天厝,住家用,鋼筋混凝土造,1070226,214.25,4,2,3,有,無,7000000,32672,,0.0,0,,RPPNMLOKOHNFFDP76CA
虎尾鎮,房地(土地+建物),雲林縣虎尾鎮廉使1501~1530號,126.0,,鄉村區,乙種建築用地,1070504,土地2建物1車位0,全,三層,透天厝,住家用,鋼筋混凝土造,1070226,214.45,4,2,3,有,無,6900000,32175,,0.0,0,,RPQNMLOKOHNFFDP86CA
虎尾鎮,土地,大屯子段151~180地號,8.0,,鄉村區,乙種建築用地,1070119,土地1建物0車位0,,,其他,,,,0.0,0,0,0,有,無,184000,23000,,0.0,0,協議價購,RPUNMLOKOHNFFDP27CA
虎尾鎮,土地,大屯子段1321~1350地號,873.0,,特定農業區,農牧用地,1070119,土地1建物0車位0,,,其他,,,,0.0,0,0,0,有,無,2706300,3100,,0.0,0,協議價購,RPVNMLOKOHNFFDP37CA
虎尾鎮,土地,廉使北段421~450地號,14.34,,鄉村區,乙種建築用地,1070507,土地1建物0車位0,,,其他,,,,0.0,0,0,0,有,無,281960,19662,,0.0,0,,RPPPMLKLOHNFFDP66CA
虎尾鎮,房地(土地+建物),雲林縣虎尾鎮公安路75巷1弄1~30號,14.1,住,,,1070508,土地1建物1車位0,九層,十三層,住宅大樓(11層含以上有電梯),住家用,鋼筋混凝土造,0850309,122.67999999999999,3,2,2,有,有,3600000,29345,,0.0,0,,RPRNMLMLOHNFFDP86CA
虎尾鎮,土地,竹圍子段1321~1350地號,410.37,,鄉村區,乙種建築用地,1070330,土地1建物0車位0,,,其他,,,,0.0,0,0,0,有,無,16000000,38989,,0.0,0,,RPQNMLRLOHNFFDP27CA
大埤鄉,房地(土地+建物),雲林縣大埤鄉嘉興路61~90號,147.36,,鄉村區,乙種建築用地,1070513,土地2建物1車位0,全,三層,透天厝,住家用,鋼筋混凝土造,0830812,132.09,4,2,3,有,無,2900000,21955,,0.0,0,,RPPNMLOLOHNFFBP66CA
斗南鎮,房地(土地+建物),雲林縣斗南鎮長安路一段67巷1~30號,29.79,住,,,1070505,土地1建物1車位0,四層,五層,華廈(10層含以下有電梯),住家用,鋼筋混凝土造,0810930,109.72,3,1,2,有,無,2100000,19140,,0.0,0,,RPSNMLMKOHNFFBP66CA
西螺鎮,土地,三塊厝段三塊厝小段1261~1290地號,1897.0,,特定農業區,農牧用地,1070226,土地1建物0車位0,,,其他,,,,0.0,0,0,0,有,無,4173400,2200,,0.0,0,,RPUNMLKMNHNFFCP86CA
崙背鄉,土地,庄內段211~240地號,444.67,,鄉村區,乙種建築用地,1070308,土地1建物0車位0,,,其他,,,,0.0,0,0,0,有,無,1600000,3598,,0.0,0,,RPPNMLNJOHNFFCP09CA
斗六市,土地,咬狗庄段841~870地號,7372.56,,山坡地保育區,農牧用地,1070503,土地1建物0車位0,,,其他,,,,0.0,0,0,0,有,無,5000000,678,,0.0,0,,RPQNMLTKOHNFFAP07CA
大埤鄉,房地(土地+建物),雲林縣大埤鄉瑞春新城4巷1~30號,86.06,,特定農業區,甲種建築用地,1070507,土地1建物1車位0,全,二層,透天厝,住家用,加強磚造,0700630,123.27,3,1,2,有,無,1850000,15008,,0.0,0,,RPPNMLSLNHNFFBP96CA
斗南鎮,房地(土地+建物),雲林縣斗南鎮光華路1~30號,187.71,住,,,1070424,土地1建物1車位0,全,二層,透天厝,住商用,加強磚造,0680428,106.08,2,2,2,有,無,2280000,21493,,0.0,0,,RPPNMLLJOHNFFBP78CA
莿桐鄉,房地(土地+建物),雲林縣莿桐鄉大美村1鄰大美1~30號,4475.0,,特定農業區,農牧用地,1070514,土地1建物1車位0,一層，二層，三層,三層,農舍,農舍,鋼筋混凝土造,1011003,495.82,4,2,5,有,無,35000000,,,0.0,0,,RPQOMLLKOHNFFAP98CA
斗六市,房地(土地+建物),雲林縣斗六市大仁街61~90號,105.0,住,,,1070402,土地1建物1車位0,全,三層,透天厝,見其他登記事項,鋼筋混凝土造,1051031,212.61,5,2,5,有,無,17000000,79959,,0.0,0,,RPPNMLKMNHNFFAP78CA
斗六市,房地(土地+建物),雲林縣斗六市中山路399巷1~30號,88.0,住,,,1070515,土地1建物2車位0,全,二層,透天厝,住家用,加強磚造,0631017,174.89,4,3,2,有,無,3300000,18869,,0.0,0,親友、員工或其他特殊關係間之交易。,RPSNMLTLNHNFFAP27CA
莿桐鄉,土地,樹子腳段601~630地號,81.0,住,,,1070411,土地1建物0車位0,,,其他,,,,0.0,0,0,0,有,無,2450000,30247,,0.0,0,,RPSOMLKMNHNFFAP56CA
莿桐鄉,土地,和平段61~90地號,1560.64,農,,,1070426,土地1建物0車位0,,,其他,,,,0.0,0,0,0,有,無,4837984,3100,,0.0,0,,RPTOMLKMNHNFFAP66CA
莿桐鄉,房地(土地+建物),雲林縣莿桐鄉油車91~120號,151.23,,鄉村區,乙種建築用地,1070516,土地4建物1車位0,全,二層,透天厝,住家用,加強磚造,0810615,137.75,3,2,2,有,無,2700000,19601,,0.0,0,,RPUOMLKMNHNFFAP76CA
斗六市,土地,光明段421~450地號,121.36,,工業區,丁種建築用地,1070517,土地1建物0車位0,,,其他,,,,0.0,0,0,0,有,無,3339000,27513,,0.0,0,,RPWOMLKMNHNFFAP96CA
斗六市,房地(土地+建物),雲林縣斗六市引善路168巷31~60號,94.81,,特定農業區,甲種建築用地,1070420,土地3建物1車位0,全,四層,透天厝,住家用,鋼筋混凝土造,0820721,174.89,4,2,3,有,無,2300000,13151,,0.0,0,,RPXNMLKMNHNFFAP96CA
斗六市,土地,咬狗北段691~720地號,260.44,,鄉村區,乙種建築用地,1070517,土地2建物0車位0,,,其他,,,,0.0,0,0,0,有,無,1171980,4500,,0.0,0,,RPWNMLLJOHNFFAP76CA
斗六市,房地(土地+建物),雲林縣斗六市鎮東路33巷1~30號,20.82,住,,,1070410,土地1建物1車位0,一層，二層，騎樓,六層,華廈(10層含以下有電梯),住家用,鋼筋混凝土造,0820910,89.92,2,2,2,有,無,3650000,40592,,0.0,0,,RPXNMLLJOHNFFAP86CA
斗六市,房地(土地+建物),雲林縣斗六市洛陽路9巷1~30號,14.5,住,,,1070428,土地1建物1車位0,十二層,十三層,住宅大樓(11層含以上有電梯),住家用,鋼筋混凝土造,0860321,107.5,3,1,2,有,有,3000000,27907,,0.0,0,,RPVNMLOJOHNFFAP96CA
斗六市,房地(土地+建物),雲林縣斗六市榮譽路958巷67弄31~60號,68.92,,一般農業區,甲種建築用地,1070407,土地1建物1車位0,全,三層,透天厝,住家用,鋼筋混凝土造,0911001,138.1,4,1,3,有,無,3350000,24258,,0.0,0,,RPQNMLLMNHNFFAP98CA
莿桐鄉,土地,莿桐段31~60地號,137.67,住,,,1070505,土地1建物0車位0,,,其他,,,,0.0,0,0,0,有,無,2200000,15980,,0.0,0,,RPROMLLMNHNFFAP56CA
大埤鄉,土地,舊庄段3571~3600地號,1533.0,,特定農業區,農牧用地,1070506,土地1建物0車位0,,,其他,,,,0.0,0,0,0,有,無,1303000,850,,0.0,0,,RPSNMLOJOHNFFBP76CA
斗六市,房地(土地+建物)+車位,雲林縣斗六市大同路241~270號,32.75,住,,,1070502,土地1建物1車位0,三層,六層,華廈(10層含以下有電梯),見其他登記事項,鋼筋混凝土造,1010725,147.0,3,1,2,有,無,6960000,47347,坡道平面,0.0,0,,RPQNMLPLOHNFFAP76CA
二崙鄉,房地(土地+建物),雲林縣二崙鄉中興路62巷1弄1~30號,84.53,住,,,1070513,土地1建物1車位0,全,三層,透天厝,住家用,見其他登記事項,0790331,124.18,5,3,2,有,無,3350000,26977,,0.0,0,增值稅買方繳納,RPSNMLLJOHNFFCP56CA
西螺鎮,土地,新社段1201~1230地號,1616.0,,特定農業區,農牧用地,1070411,土地1建物0車位0,,,其他,,,,0.0,0,0,0,有,無,12600000,7797,,0.0,0,,RPWNMLKMNHNFFCP07CA
西螺鎮,土地,東南段781~810地號,1274.5,住,,,1070417,土地8建物0車位0,,,其他,,,,0.0,0,0,0,有,無,28880000,22660,,0.0,0,,RPPNMLLMNHNFFCP09CA
虎尾鎮,土地,墾地段301~330地號,652.37,,特定農業區,農牧用地,1070514,土地1建物0車位0,,,其他,,,,0.0,0,0,0,有,無,1100000,1686,,0.0,0,,RPVNMLMLOHNFFDP27CA
虎尾鎮,房地(土地+建物),雲林縣虎尾鎮林森路一段360巷31~60號,16.33,商,,,1070501,土地1建物3車位0,三層,十二層,住宅大樓(11層含以上有電梯),住家用,鋼筋混凝土造,0840406,112.89999999999999,3,1,2,有,有,3050000,27015,,0.0,0,,RPSNMLOJOHNFFDP96CA
土庫鎮,房地(土地+建物),雲林縣土庫鎮馬光路一段65巷1~30號,128.04,住,,,1070507,土地2建物1車位0,全,三層,透天厝,住家用,鋼筋混凝土造,1061121,168.8,4,2,3,有,無,7280000,43128,,0.0,0,,RPSNMLNKOHNFFDP96CA
虎尾鎮,房地(土地+建物),雲林縣虎尾鎮北平路1~30號,101.46,住,,,1070418,土地2建物1車位0,全,三層,透天厝,住商用,加強磚造,0690531,217.77,5,2,3,有,無,7900000,36277,,0.0,0,,RPUNMLNKOHNFFDP17CA
西螺鎮,房地(土地+建物),雲林縣西螺鎮詔安1~30號,95.08,住,,,1070507,土地2建物1車位0,全,三層,透天厝,住家用,鋼筋混凝土造,1070309,165.24,5,2,3,有,無,6010000,36371,,0.0,0,,RPXNMLMLOHNFFCP37CA
西螺鎮,房地(土地+建物),雲林縣西螺鎮詔安1~30號,95.14,住,,,1070507,土地2建物1車位0,全,三層,透天厝,住家用,鋼筋混凝土造,1070309,165.24,5,2,4,有,無,6250000,37824,,0.0,0,,RPPOMLMLOHNFFCP66CA
西螺鎮,土地,社口段811~840地號,3228.0,,特定農業區,農牧用地,1070417,土地5建物0車位0,,,其他,,,,0.0,0,0,0,有,無,17200000,5328,,0.0,0,,RPWNMLRJOHNFFCP57CA
古坑鄉,土地,苦苓腳段31~60地號,152.0,,鄉村區,乙種建築用地,1070518,土地1建物0車位0,,,其他,,,,0.0,0,0,0,有,無,689700,4538,,0.0,0,,RPQOMLTLNHNFFAP37EA
斗六市,房地(土地+建物),雲林縣斗六市嘉祿路1~30號,109.0,,特定農業區,甲種建築用地,1070424,土地1建物1車位0,全,三層,透天厝,住家用,鋼筋混凝土造,1050310,174.23,4,2,4,有,無,7000000,40177,,0.0,0,,RPWNMLLMNHNFFAP17EA
斗南鎮,土地,大東段大東小段571~600地號,6336.48,,特定農業區,農牧用地,1070501,土地3建物0車位0,,,其他,,,,0.0,0,0,0,有,無,20000000,3156,,0.0,0,,RPRNMLTKOHNFFBP37DA
虎尾鎮,房地(土地+建物),雲林縣虎尾鎮大成十四街1~30號,122.94,住,,,1070328,土地2建物1車位0,全,三層,透天厝,住家用,鋼筋混凝土造,0930219,186.48,5,2,4,有,無,6300000,33784,,0.0,0,,RPPNMLLJOHNFFDP09DA
褒忠鄉,土地,忠東段1171~1200地號,2410.0,農,,,1070410,土地1建物0車位0,,,其他,,,,0.0,0,0,0,有,無,3200000,1328,,0.0,0,,RPPNMLQLOHNFFDP17DA
虎尾鎮,土地,廉使南段151~180地號,248.5,,鄉村區,乙種建築用地,1070510,土地1建物0車位0,,,其他,,,,0.0,0,0,0,有,無,5250000,21127,,0.0,0,,RPSNMLLMNHNFFDP96DA
口湖鄉,房地(土地+建物),雲林縣口湖鄉興農211~240號,96.0,,鄉村區,乙種建築用地,1070521,土地2建物1車位0,全,四層,透天厝,住家用,鋼筋混凝土造,0830319,189.56,4,1,1,有,無,3300000,17409,,0.0,0,,RPRNMLLMNHNFFEP96DA
水林鄉,土地,興南段361~390地號,5584.0,,特定農業區,農牧用地,1070522,土地2建物0車位0,,,其他,,,,0.0,0,0,0,有,無,3238720,580,,0.0,0,,RPSNMLLMNHNFFEP07DA
水林鄉,土地,順興段571~600地號,3127.0,,特定農業區,農牧用地,1070522,土地1建物0車位0,,,其他,,,,0.0,0,0,0,有,無,1876200,600,,0.0,0,,RPTNMLLMNHNFFEP17DA
斗六市,房地(土地+建物),雲林縣斗六市中南路290巷35弄91~120號,105.41,,鄉村區,乙種建築用地,1070502,土地1建物1車位0,全,三層,透天厝,住商用,鋼筋混凝土造,0830428,173.63,3,2,2,有,無,3760000,21655,,0.0,0,,RPOOMLLMNHNFFAP09EA
二崙鄉,土地,港後段931~960地號,1243.0,,特定農業區,農牧用地,1070505,土地1建物0車位0,,,其他,,,,0.0,0,0,0,有,無,1740200,1400,,0.0,0,,RPQNMLLMNHNFFCP76EA
西螺鎮,房地(土地+建物),雲林縣西螺鎮修文路66巷31~60號,106.38,住,,,1070410,土地1建物1車位0,全,三層,透天厝,住家用,鋼筋混凝土造,1060813,172.38,4,2,3,有,有,6150000,35677,,0.0,0,,RPOPMLMLOHNFFCP66CA
土庫鎮,房地(土地+建物),雲林縣土庫鎮越港里9鄰建國路35巷1~30號,147.26,住,,,1070410,土地3建物1車位0,全,三層,透天厝,住家用,鋼筋混凝土造,1070201,183.55,4,2,4,有,有,6150000,33506,,0.0,0,,RPTNMLLMNHNFFDP96CA
虎尾鎮,土地,高北段91~120地號,614.05,住,,,1070423,土地1建物0車位0,,,其他,,,,0.0,0,0,0,有,無,18900000,30779,,0.0,0,,RPRNMLLJOHNFFDP56CA
土庫鎮,房地(土地+建物),雲林縣土庫鎮文昌路216巷31~60號,139.37,住,,,1070511,土地1建物1車位0,全,三層,透天厝,住家用,鋼筋混凝土造,1041117,208.16,5,1,4,有,無,8230000,39537,,0.0,0,,RPUNMLOJOHNFFDP17CA
虎尾鎮,房地(土地+建物),雲林縣虎尾鎮成德街181~210號,109.78,住,,,1070509,土地1建物1車位0,全,三層,透天厝,見其他登記事項,鋼筋混凝土造,1050301,211.28,5,2,3,有,無,10380000,49129,,0.0,0,,RPVNMLNKOHNFFDP27CA
虎尾鎮,土地,三合段301~330地號,990.0,,特定農業區,甲種建築用地,1070301,土地1建物0車位0,,,其他,,,,0.0,0,0,0,有,無,16197280,16361,,0.0,0,,RPPNMLKLOHNFFDP09CA
四湖鄉,土地,林厝寮段3211~3240地號,2528.0,,一般農業區,農牧用地,1070509,土地1建物0車位0,,,其他,,,,0.0,0,0,0,有,無,1390400,550,,0.0,0,,RPXNMLPKOHNFFEP77CA
土庫鎮,房地(土地+建物),雲林縣土庫鎮建仁街62巷1~30號,129.38,住,,,1070521,土地4建物1車位0,全,三層,透天厝,見其他登記事項,鋼筋混凝土造,1060301,193.86,4,2,3,有,無,6600000,34045,,0.0,0,,RPPOMLSLOHNFFDP37CA
北港鎮,土地,大庄段331~360地號,17.76,,特定農業區,農牧用地,1070323,土地1建物0車位0,,,其他,,,,0.0,0,0,0,有,無,37296,2100,,0.0,0,協議價購,RPWNMLOJOHNFFEP47CA
北港鎮,土地,樹子腳段451~480地號,1808.0,其他,,,1070323,土地1建物0車位0,,,其他,,,,0.0,0,0,0,有,無,3796800,2100,,0.0,0,協議價購,RPXNMLOJOHNFFEP57CA
北港鎮,土地,大庄段331~360地號,22.06,,特定農業區,農牧用地,1070323,土地2建物0車位0,,,其他,,,,0.0,0,0,0,有,無,46326,2100,,0.0,0,協議價購,RPQOMLOJOHNFFEP96CA
北港鎮,土地,大庄段361~390地號,237.83,,特定農業區,水利用地,1070323,土地3建物0車位0,,,其他,,,,0.0,0,0,0,有,無,458273,1927,,0.0,0,協議價購,RPSOMLOJOHNFFEP17CA
莿桐鄉,房地(土地+建物),雲林縣莿桐鄉饒平西路3301~3330號,90.42,,鄉村區,乙種建築用地,1070428,土地1建物1車位0,全,三層,透天厝,住家用,鋼筋混凝土造,0840125,163.84,4,3,2,有,無,2050000,12512,,0.0,0,,RPTNMLPLOHNFFAP17DA
林內鄉,土地,永昌段1561~1590地號,64.78,,,,1070425,土地1建物0車位0,,,其他,,,,0.0,0,0,0,有,無,167132,2580,,0.0,0,,RPTNMLSLOHNFFAP47DA
台西鄉,土地,成功段601~630地號,1000.14,,一般農業區,農牧用地,1070514,土地1建物0車位0,,,其他,,,,0.0,0,0,0,有,無,680000,680,,0.0,0,,RPSNMLPKOHNFFFP37CA
台西鄉,土地,成功段601~630地號,3069.0,,一般農業區,農牧用地,1070514,土地1建物0車位0,,,其他,,,,0.0,0,0,0,有,無,2087000,680,,0.0,0,,RPTNMLPKOHNFFFP47CA
北港鎮,房地(土地+建物),雲林縣北港鎮忠誠街125巷1~30號,58.19,住,,,1070501,土地1建物1車位0,三層,四層,公寓(5樓含以下無電梯),住家用,鋼筋混凝土造,0790630,122.64,3,2,2,有,有,2700000,22016,,0.0,0,,RPUOMLOJOHNFFEP37CA
西螺鎮,土地,三塊厝段三塊厝小段91~120地號,19.1,,鄉村區,乙種建築用地,1070505,土地2建物0車位0,,,其他,,,,0.0,0,0,0,有,無,69200,3623,,0.0,0,,RPWNMLLMNHNFFCP17CA
崙背鄉,房地(土地+建物),雲林縣崙背鄉大成路61~90號,128.11,住,,,1070509,土地1建物1車位0,全,三層,透天厝,見其他登記事項,鋼筋混凝土造,1060830,203.9,5,3,4,有,無,9500000,46591,,0.0,0,,RPPNMLLJOHNFFCP88CA
斗南鎮,土地,北銘段691~720地號,302.0,住,,,1070517,土地2建物0車位0,,,其他,,,,0.0,0,0,0,有,無,14430000,47781,,0.0,0,地上建物已申請辦理滅失,RPSNMLSJOHNFFBP17CA
斗六市,房地(土地+建物),雲林縣斗六市中南路290巷35弄61~90號,101.86,,鄉村區,乙種建築用地,1070425,土地1建物1車位0,全,三層,透天厝,住商用,鋼筋混凝土造,0830531,173.63,4,2,3,有,無,3850000,22174,,0.0,0,,RPRNMLPLOHNFFAP86CA
古坑鄉,房地(土地+建物),雲林縣古坑鄉高林村高林31~60號,105.88,,鄉村區,乙種建築用地,1070508,土地1建物1車位0,全,二層,透天厝,住家用,加強磚造,0720801,101.78,3,2,2,有,無,600000,5895,,0.0,0,,RPRPMLMLOHNFFAP76CA
林內鄉,土地,烏塗段601~630地號,2543.73,,特定農業區,農牧用地,1070511,土地2建物0車位0,,,其他,,,,0.0,0,0,0,有,無,2416540,950,,0.0,0,,RPRNMLLJOHNFFAP88CA
斗六市,房地(土地+建物),雲林縣斗六市光復路97巷1~30號,57.03,,鄉村區,乙種建築用地,1070426,土地1建物1車位0,全,二層,透天厝,住家用,加強磚造,0680801,86.18,3,1,2,有,無,1680000,19494,,0.0,0,,RPUNMLLJOHNFFAP56CA
斗六市,土地,嘉東段301~330地號,234.01,住,,,1070410,土地2建物0車位0,,,其他,,,,0.0,0,0,0,有,無,7660000,32734,,0.0,0,,RPUNMLLMNHNFFAP76CA
斗六市,房地(土地+建物),雲林縣斗六市立德街12巷1~30號,102.0,住,,,1070509,土地1建物1車位0,全,二層,透天厝,住家用,加強磚造,0631203,93.32,4,2,2,有,無,4150000,44471,,0.0,0,,RPXNMLLMNHNFFAP07CA
斗六市,土地,保庄段451~480地號,1609.75,工,,,1070210,土地8建物0車位0,,,其他,,,,0.0,0,0,0,有,無,26433397,16421,,0.0,0,含未辦保存登記建物一筆,RPPOMLLMNHNFFAP98CA
斗六市,房地(土地+建物),雲林縣斗六市雲林路二段466巷1~30號,85.53,,鄉村區,乙種建築用地,1070507,土地1建物1車位0,全,二層,透天厝,住商用,加強磚造,0661212,99.7,5,2,2,有,無,2990000,29990,,0.0,0,,RPQOMLLMNHNFFAP09CA
斗六市,房地(土地+建物)+車位,雲林縣斗六市江厝路100巷5弄1~30號,49.69,,鄉村區,乙種建築用地,1070504,土地1建物1車位1,二層，三層,五層,公寓(5樓含以下無電梯),住家用,鋼筋混凝土造,0880926,138.54,2,2,2,有,無,2520000,18190,一樓平面,19.15,0,,RPSNMLOJOHNFFAP66CA
斗六市,房地(土地+建物),雲林縣斗六市文化路571~600號,66.31,,鄉村區,乙種建築用地,1070416,土地1建物1車位0,全,二層,透天厝,住家用,加強磚造,0691015,180.12,6,2,4,有,無,4900000,27204,,0.0,0,,RPROMLLJOHNFFAP98CA
斗六市,房地(土地+建物),雲林縣斗六市內環路361~390號,85.0,住,,,1070428,土地2建物1車位0,全,二層,透天厝,住商用,加強磚造,0690510,118.11,3,2,2,有,無,2650000,22437,,0.0,0,,RPQNMLPJOHNFFAP56CA
古坑鄉,房地(土地+建物),雲林縣古坑鄉朝陽路28巷31~60號,94.0,住,,,1070427,土地2建物1車位0,全,二層,透天厝,住家用,加強磚造,0690531,114.0,3,2,2,有,無,3000000,26316,,0.0,0,,RPQNMLQJOHNFFAP66CA
斗六市,土地,保庄段451~480地號,175.27,工,,,1070210,土地1建物0車位0,,,其他,,,,0.0,0,0,0,有,無,3074000,17539,,0.0,0,,RPOOMLRJOHNFFAP66CA
斗六市,房地(土地+建物),雲林縣斗六市八德路1~30號,108.44,住,,,1070424,土地3建物1車位0,全,四層,透天厝,見其他登記事項,鋼筋混凝土造,1050731,225.86,5,2,4,有,有,12400000,54901,,0.0,0,,RPXOMLKMNHNFFAP07CA
斗六市,土地,榴北段421~450地號,641.8,,特定農業區,農牧用地,1070523,土地5建物0車位0,,,其他,,,,0.0,0,0,0,有,無,1762000,2745,,0.0,0,協議價購,RPQNMLSJOHNFFAP86CA
斗六市,房地(土地+建物),雲林縣斗六市仁義路13巷121~150號,82.11,,特定農業區,甲種建築用地,1070515,土地1建物1車位0,全,二層,透天厝,住家用,加強磚造,0690501,112.35,2,2,1,有,無,2800000,24922,,0.0,0,,RPSOMLSJOHNFFAP17CA
莿桐鄉,土地,埔南段631~660地號,1874.57,工,,,1070411,土地1建物0車位0,,,其他,,,,0.0,0,0,0,有,無,20800000,11096,,0.0,0,,RPRNMLQJOHNFFAP76CA
斗六市,土地,雲林溪段31~60地號,212.28,住,,,1070514,土地2建物0車位0,,,其他,,,,0.0,0,0,0,有,無,12670950,59690,,0.0,0,,RPUNMLOKOHNFFAP96CA
斗六市,房地(土地+建物),雲林縣斗六市中興路中興巷11弄61~90號,87.69,,鄉村區,乙種建築用地,1070430,土地1建物1車位0,全,三層,透天厝,住家用,鋼筋混凝土造,0811210,168.62,4,2,4,有,無,3600000,21350,,0.0,0,,RPROMLOJOHNFFAP66CA
斗南鎮,房地(土地+建物),雲林縣斗南鎮光復街31~60號,1.63,其他,,,1070514,土地1建物1車位0,十一層,十二層,住宅大樓(11層含以上有電梯),住家用,鋼筋混凝土造,0880412,92.81,2,1,1,有,有,1950000,21011,,0.0,0,,RPQNMLOJOHNFFBP56CA
斗南鎮,房地(土地+建物),雲林縣斗南鎮延平路二段181~210號,184.0,住,,,1070426,土地1建物1車位0,全,二層,透天厝,住家用,鋼筋混凝土加強磚造,0641210,195.53,0,3,1,有,無,6754000,34542,,0.0,0,,RPRNMLOJOHNFFBP66CA
林內鄉,土地,九芎段241~270地號,546.03,,鄉村區,乙種建築用地,1070510,土地1建物0車位0,,,其他,,,,0.0,0,0,0,有,無,2807972,5143,,0.0,0,,RPXNMLPLOHNFFAP47CA
斗六市,土地,崙北段751~780地號,994.17,,鄉村區,乙種建築用地,1070323,土地5建物0車位0,,,其他,,,,0.0,0,0,0,有,無,26286300,26440,,0.0,0,,RPTOMLPLOHNFFAP17CA
斗南鎮,土地,東明段271~300地號,4187.72,,特定農業區,農牧用地,1070523,土地1建物0車位0,,,其他,,,,0.0,0,0,0,有,無,5100000,1218,,0.0,0,,RPPNMLLKOHNFFBP88CA
斗南鎮,房地(土地+建物),雲林縣斗南鎮大同路497巷31~60號,5616.88,工,,,1070508,土地4建物3車位0,一層,一層,工廠,工商用,見其他登記事項,0611015,1166.97,0,0,0,無,無,62000000,,,0.0,0,,RPPNMLTKOHNFFBP07CA
二崙鄉,土地,新田尾段301~330地號,168.79,,鄉村區,乙種建築用地,1070423,土地1建物0車位0,,,其他,,,,0.0,0,0,0,有,無,759570,4500,,0.0,0,,RPRNMLPJOHNFFCP86CA
西螺鎮,土地,三塊厝段三塊厝小段91~120地號,6.79,,鄉村區,乙種建築用地,1070505,土地2建物0車位0,,,其他,,,,0.0,0,0,0,有,無,24600,3623,,0.0,0,,RPTNMLLMNHNFFCP86CA
西螺鎮,土地,三塊厝段三塊厝小段91~120地號,6.79,,鄉村區,乙種建築用地,1070505,土地2建物0車位0,,,其他,,,,0.0,0,0,0,有,無,24600,3623,,0.0,0,,RPUNMLLMNHNFFCP96CA
西螺鎮,土地,三塊厝段三塊厝小段91~120地號,6.79,,鄉村區,乙種建築用地,1070505,土地2建物0車位0,,,其他,,,,0.0,0,0,0,有,無,24600,3623,,0.0,0,,RPVNMLLMNHNFFCP07CA
斗六市,房地(土地+建物),雲林縣斗六市愛國街31~60號,75.0,商,,,1070514,土地1建物1車位0,全,二層,透天厝,住商用,加強磚造,0340120,136.01,2,1,2,有,無,18000000,132343,,0.0,0,,RPTNMLOJOHNFFAP86DA
麥寮鄉,土地,許厝寮段許厝寮小段361~390地號,5025.0,,一般農業區,養殖用地,1070509,土地2建物0車位0,,,其他,,,,0.0,0,0,0,有,無,7537500,1500,,0.0,0,,RPRNMLSKOHNFFFP57CA
北港鎮,土地,福茂段1~30地號,165.29,,特定農業區,甲種建築用地,1070519,土地1建物0車位0,,,其他,,,,0.0,0,0,0,有,無,710000,4295,,0.0,0,,RPTOMLOJOHNFFEP27CA
北港鎮,土地,樹子腳段451~480地號,78.5,其他,,,1070323,土地2建物0車位0,,,其他,,,,0.0,0,0,0,有,無,164500,2096,,0.0,0,協議價購,RPROMLOJOHNFFEP07CA
北港鎮,土地,樹子腳段451~480地號,157.0,其他,,,1070323,土地2建物0車位0,,,其他,,,,0.0,0,0,0,有,無,329000,2096,,0.0,0,協議價購,RPOOMLOJOHNFFEP76CA
四湖鄉,土地,關聖段841~870地號,161.0,住,,,1070517,土地1建物0車位0,,,其他,,,,0.0,0,0,0,有,無,2873300,17847,,0.0,0,,RPPNMLNKOHNFFEP76CA
四湖鄉,土地,東海豐段211~240地號,1957.53,,一般農業區,農牧用地,1070522,土地1建物0車位0,,,其他,,,,0.0,0,0,0,有,無,1761777,900,,0.0,0,,RPRNMLLJOHNFFEP66CA
水林鄉,土地,西興段1141~1170地號,881.96,,特定農業區,農牧用地,1070529,土地1建物0車位0,,,其他,,,,0.0,0,0,0,有,無,546816,620,,0.0,0,,RPSNMLLJOHNFFEP76CA
北港鎮,土地,樹子腳段451~480地號,78.5,其他,,,1070323,土地2建物0車位0,,,其他,,,,0.0,0,0,0,有,無,164500,2096,,0.0,0,協議價購,RPPNMLOJOHNFFEP76CA
北港鎮,土地,扶朝家段31~60地號,40.62,,特定專用區,農牧用地,1070323,土地1建物0車位0,,,其他,,,,0.0,0,0,0,有,無,81250,2000,,0.0,0,協議價購,RPRNMLOJOHNFFEP96CA
北港鎮,土地,大庄段361~390地號,6.11,,特定農業區,農牧用地,1070323,土地1建物0車位0,,,其他,,,,0.0,0,0,0,有,無,12831,2100,,0.0,0,協議價購,RPSNMLOJOHNFFEP07CA
北港鎮,土地,大庄段361~390地號,6.11,,特定農業區,農牧用地,1070323,土地1建物0車位0,,,其他,,,,0.0,0,0,0,有,無,12831,2100,,0.0,0,協議價購,RPTNMLOJOHNFFEP17CA
北港鎮,土地,大庄段361~390地號,734.0,,特定農業區,水利用地,1070323,土地2建物0車位0,,,其他,,,,0.0,0,0,0,有,無,1426380,1943,,0.0,0,協議價購,RPUNMLOJOHNFFEP27CA
北港鎮,土地,大庄段361~390地號,734.0,,特定農業區,水利用地,1070323,土地2建物0車位0,,,其他,,,,0.0,0,0,0,有,無,1426380,1943,,0.0,0,協議價購,RPVNMLOJOHNFFEP37CA
虎尾鎮,土地,惠來厝段571~600地號,1625.0,,特定農業區,農牧用地,1070515,土地1建物0車位0,,,其他,,,,0.0,0,0,0,有,無,2600000,1600,,0.0,0,,RPQNMLMLOHNFFDP76CA
虎尾鎮,房地(土地+建物),雲林縣虎尾鎮虎興西七街121~150號,110.4,住,,,1070416,土地2建物1車位0,全,三層,透天厝,見其他登記事項,鋼筋混凝土造,1060904,156.21,4,3,3,有,無,8000000,51213,,0.0,0,,RPXNMLSLOHNFFDP08CA
虎尾鎮,房地(土地+建物),雲林縣虎尾鎮下南61~90號,138.4,,鄉村區,乙種建築用地,1070416,土地1建物1車位0,全,三層,透天厝,住家用,鋼筋混凝土造,1070129,229.28,5,3,4,有,無,8000000,34892,,0.0,0,,RPPNMLQJOHNFFDP86CA
虎尾鎮,房地(土地+建物),雲林縣虎尾鎮下南61~90號,131.9,,鄉村區,乙種建築用地,1070416,土地1建物1車位0,全,三層,透天厝,住家用,鋼筋混凝土造,1070129,227.31,5,3,4,有,無,9000000,39594,,0.0,0,,RPQNMLQJOHNFFDP96CA
虎尾鎮,房地(土地+建物),雲林縣虎尾鎮下南61~90號,140.55,,鄉村區,乙種建築用地,1070416,土地1建物1車位0,全,三層,透天厝,住家用,鋼筋混凝土造,1070129,226.75,5,3,4,有,無,8200000,36163,,0.0,0,,RPRNMLQJOHNFFDP07CA
虎尾鎮,房地(土地+建物),雲林縣虎尾鎮下南61~90號,124.58,,鄉村區,乙種建築用地,1070416,土地2建物1車位0,全,三層,透天厝,住家用,鋼筋混凝土造,1070129,186.04,5,3,4,有,無,6700000,36014,,0.0,0,,RPSNMLQJOHNFFDP17CA
虎尾鎮,房地(土地+建物),雲林縣虎尾鎮下南61~90號,124.58,,鄉村區,乙種建築用地,1070416,土地2建物1車位0,全,三層,透天厝,住家用,鋼筋混凝土造,1070129,186.04,5,3,4,有,無,6880000,36981,,0.0,0,,RPTNMLQJOHNFFDP27CA
虎尾鎮,房地(土地+建物),雲林縣虎尾鎮下南61~90號,137.75,,鄉村區,乙種建築用地,1070416,土地1建物1車位0,全,三層,透天厝,住家用,鋼筋混凝土造,1070129,229.85,5,3,4,有,無,8200000,35675,,0.0,0,,RPWNMLQJOHNFFDP57CA
虎尾鎮,土地,高南段241~270地號,4757.33,住,,,1070408,土地8建物0車位0,,,其他,,,,0.0,0,0,0,有,無,125860000,26456,,0.0,0,,RPUNMLLJOHNFFDP86CA
西螺鎮,房地(土地+建物),雲林縣西螺鎮詔安1~30號,96.73,住,,,1070507,土地2建物1車位0,全,三層,透天厝,住家用,鋼筋混凝土造,1070309,167.74,5,2,3,有,無,6300000,37558,,0.0,0,,RPROMLMLOHNFFCP86CA
西螺鎮,房地(土地+建物),雲林縣西螺鎮詔安1~30號,95.29,住,,,1070507,土地2建物1車位0,全,三層,透天厝,住家用,鋼筋混凝土造,1070309,165.21,5,2,4,有,無,6060000,36681,,0.0,0,,RPSOMLMLOHNFFCP96CA
西螺鎮,房地(土地+建物),雲林縣西螺鎮詔安1~30號,102.1,住,,,1070507,土地2建物1車位0,全,三層,透天厝,住家用,鋼筋混凝土造,1070309,171.72,5,2,3,有,無,6200000,36105,,0.0,0,,RPTOMLMLOHNFFCP07CA
西螺鎮,土地,新宅段1051~1080地號,158.0,,特定農業區,農牧用地,1070506,土地1建物0車位0,,,其他,,,,0.0,0,0,0,有,無,480000,3038,,0.0,0,,RPQNMLLJOHNFFCP56EA
斗六市,土地,溪洲段121~150地號,311.36,,,,1070504,土地2建物0車位0,,,其他,,,,0.0,0,0,0,有,無,480000,1542,,0.0,0,,RPQNMLQLOHNFFAP07EA
水林鄉,土地,順興段571~600地號,3127.0,,特定農業區,農牧用地,1070522,土地1建物0車位0,,,其他,,,,0.0,0,0,0,有,無,1876200,600,,0.0,0,,RPTNMLLJOHNFFEP96DA
水林鄉,土地,興南段361~390地號,2979.0,,特定農業區,農牧用地,1070522,土地1建物0車位0,,,其他,,,,0.0,0,0,0,有,無,1787400,600,,0.0,0,,RPUNMLLJOHNFFEP07DA
元長鄉,土地,鹿北段511~540地號,81.03,,鄉村區,乙種建築用地,1070515,土地2建物0車位0,,,其他,,,,0.0,0,0,0,有,無,560000,6911,,0.0,0,,RPTNMLPJOHNFFEP37DA
口湖鄉,土地,林投段181~210地號,968.58,,一般農業區,農牧用地,1070503,土地1建物0車位0,,,其他,,,,0.0,0,0,0,有,無,200000,206,,0.0,0,,RPUNMLTKOHNFFEP97DA
口湖鄉,土地,林投段181~210地號,970.01,,一般農業區,農牧用地,1070503,土地1建物0車位0,,,其他,,,,0.0,0,0,0,有,無,200000,206,,0.0,0,,RPSNMLKLOHNFFEP96DA
麥寮鄉,土地,新吉段1141~1170地號,808.84,,一般農業區,養殖用地,1070424,土地1建物0車位0,,,其他,,,,0.0,0,0,0,有,無,500000,618,,0.0,0,,RPQNMLLJOHNFFFP76DA
麥寮鄉,土地,山寮段841~870地號,194.72,,鄉村區,乙種建築用地,1060925,土地2建物0車位0,,,其他,,,,0.0,0,0,0,有,無,1000000,5136,,0.0,0,,RPPNMLPJOHNFFFP07DA
麥寮鄉,土地,興寮段751~780地號,1430.37,,一般農業區,農牧用地,1070327,土地2建物0車位0,,,其他,,,,0.0,0,0,0,有,無,1029868,720,,0.0,0,,RPQNMLPJOHNFFFP17DA
麥寮鄉,土地,興寮段991~1020地號,1240.88,,一般農業區,農牧用地,1070328,土地4建物0車位0,,,其他,,,,0.0,0,0,0,有,無,1339064,1079,,0.0,0,,RPRNMLPJOHNFFFP27DA
虎尾鎮,土地,大庄段91~120地號,309.63,住,,,1070416,土地3建物0車位0,,,其他,,,,0.0,0,0,0,有,無,1795872,5800,,0.0,0,,RPQNMLSJOHNFFDP27DA
