﻿鄉鎮市區,交易標的,土地區段位置/建物區段門牌,土地移轉總面積(平方公尺),都市土地使用分區,非都市土地使用分區,非都市土地使用編定,交易年月日,交易筆棟數,移轉層次,總樓層數,建物型態,主要用途,主要建材,建築完成年月,建物移轉總面積(平方公尺),建物現況格局-房,建物現況格局-廳,建物現況格局-衛,建物現況格局-隔間,有無管理組織,總價(元),單價(元/平方公尺),車位類別,車位移轉總面積(平方公尺),車位總價(元),備註,編號
The villages and towns urban district,transaction sign,land sector position/building sector house number plate,land shifting total area (square meter),the use zoning or compiles and checks,the non-metropolis land use district,non-metropolis land use,transaction year, month and day,transaction pen number,shifting level,total floor number,building state,main use,main building materials,construction to complete the years,building shifting total area,Building present situation pattern - room,building present situation pattern - hall,building present situation pattern - health,building present situation pattern - compartmented,Whether there is manages the organization,total price (Yuan),the unit price (a Yuan/square meter),the berth category,berth shifting total area (square meter),the berth total price (Yuan),the note,serial number
六腳鄉,土地,灣北段391~420地號,222.34,,鄉村區,乙種建築用地,1070301,土地1建物0車位0,,,其他,,,,0.0,0,0,0,有,無,500000,2249,,0.0,0,,RPUNMLLLNHNFFBQ86CA
朴子市,土地,溪口段61~90地號,1401.06,,特定農業區,農牧用地,1070501,土地1建物0車位0,,,其他,,,,0.0,0,0,0,有,無,430000,307,,0.0,0,,RPQNMLOLNHNFFBQ76CA
朴子市,房地(土地+建物),嘉義縣朴子市鴨母寮421巷31~60號,161.0,,特定農業區,甲種建築用地,1070501,土地1建物1車位0,全,四層,透天厝,住家用,鋼筋混凝土加強磚造,0810120,272.16,3,2,2,有,無,4000000,14697,,0.0,0,,RPSNMLOLNHNFFBQ96CA
布袋鎮,房地(土地+建物),嘉義縣布袋鎮見龍里14鄰內田1~30號,83.51,住,,,1070501,土地1建物1車位0,全,三層,透天厝,住家用,鋼筋混凝土造,0900913,133.77,3,2,2,有,無,1300000,9718,,0.0,0,,RPPNMLQLNHNFFBQ86CA
新港鄉,土地,潭大段241~270地號,177.04,,特定農業區,甲種建築用地,1070201,土地1建物0車位0,,,其他,,,,0.0,0,0,0,有,無,800221,4520,,0.0,0,,RPQNMLNLNHNFFCQ76CA
民雄鄉,房地(土地+建物)+車位,嘉義縣民雄鄉東榮村24鄰文化路1~30號,33.21,住,,,1070501,土地1建物1車位1,五層,十一層,住宅大樓(11層含以上有電梯),見其他登記事項,鋼筋混凝土造,0851220,180.07999999999998,3,2,2,有,有,5900000,32763,坡道平面,0.0,0,,RPQNMLOLNHNFFCQ86CA
大林鎮,土地,水頭段1021~1050地號,77.83,,鄉村區,乙種建築用地,1070401,土地1建物0車位0,,,其他,,,,0.0,0,0,0,有,無,706200,9074,,0.0,0,,RPVNMLOLNHNFFCQ37CA
大林鎮,土地,大埔美段大美小段1~30地號,30224.0,,工業區,丁種建築用地,1070501,土地2建物0車位0,,,其他,,,,0.0,0,0,0,有,無,342201213,11322,,0.0,0,,RPQNMLPLNHNFFCQ96CA
中埔鄉,土地,中興段241~270地號,4650.91,農,,,1070401,土地5建物0車位0,,,其他,,,,0.0,0,0,0,有,無,25380000,5457,,0.0,0,,RPVNMLMLNHNFFDQ27CA
中埔鄉,土地,段271~300地號,595.0,,特定農業區,農牧用地,1070501,土地1建物0車位0,,,其他,,,,0.0,0,0,0,有,無,1260000,2118,,0.0,0,,RPRNMLPLNHNFFDQ17CA
水上鄉,房地(土地+建物),嘉義縣水上鄉柳鄉村柳子林151~180號,112.35,,特定農業區,甲種建築用地,1070501,土地3建物1車位0,全,四層,透天厝,住家用,鋼筋混凝土造,1061227,172.4,4,3,3,有,無,6690000,38805,,0.0,0,,RPSPMLRLNHNFFDQ67CA
水上鄉,房地(土地+建物),嘉義縣水上鄉柳鄉村柳子林151~180號,107.28,,特定農業區,甲種建築用地,1070501,土地3建物1車位0,全,四層,透天厝,住家用,鋼筋混凝土造,1061227,172.6,4,3,3,有,無,6370000,36906,,0.0,0,,RPTPMLRLNHNFFDQ77CA
水上鄉,房地(土地+建物),嘉義縣水上鄉柳鄉村柳子林151~180號,106.14,,特定農業區,甲種建築用地,1070501,土地3建物1車位0,全,四層,透天厝,見其他登記事項,鋼筋混凝土造,1061227,171.23,4,2,5,有,無,6500000,37961,,0.0,0,,RPUPMLRLNHNFFDQ87CA
水上鄉,房地(土地+建物),嘉義縣水上鄉柳鄉村柳子林151~180號,100.44,,特定農業區,甲種建築用地,1070501,土地3建物1車位0,全,四層,透天厝,見其他登記事項,鋼筋混凝土造,1061227,170.0,4,2,5,有,無,6520000,38353,,0.0,0,,RPVPMLRLNHNFFDQ97CA
水上鄉,房地(土地+建物)+車位,嘉義縣水上鄉柳鄉村柳子林151~180號,100.91,,特定農業區,甲種建築用地,1070501,土地3建物1車位1,全,四層,透天厝,見其他登記事項,鋼筋混凝土造,1061227,163.21,4,2,4,有,無,5920000,36272,一樓平面,19.59,0,,RPOQMLRLNHNFFDQ37CA
水上鄉,土地,南靖段南和小段301~330地號,67.0,,鄉村區,乙種建築用地,1070501,土地1建物0車位0,,,其他,,,,0.0,0,0,0,有,無,405200,6048,,0.0,0,,RPQNMLMLNHNFFDQ76CA
水上鄉,房地(土地+建物),嘉義縣水上鄉柳林村柳子林1741~1770號,62.83,,鄉村區,乙種建築用地,1070401,土地1建物1車位0,全,二層,透天厝,住家用,鋼筋混凝土加強磚造,0700226,106.78,4,3,2,有,無,2400000,22476,,0.0,0,,RPRNMLMKOHNFFDQ86CA
竹崎鄉,土地,真武段901~930地號,1655.38,住,,,1070401,土地4建物0車位0,,,其他,,,,0.0,0,0,0,有,無,14107680,8522,,0.0,0,,RPPNMLNLNHNFFEQ86CA
梅山鄉,土地,圳頭段301~330地號,3264.0,農,,,1070501,土地1建物0車位0,,,其他,,,,0.0,0,0,0,有,無,550000,169,,0.0,0,價金含地上物,RPUNMLOLNHNFFEQ47CA
竹崎鄉,土地,緞厝寮段481~510地號,12269.0,,一般農業區,農牧用地,1070401,土地6建物0車位0,,,其他,,,,0.0,0,0,0,有,無,5600000,456,,0.0,0,,RPTNMLSLNHNFFEQ77CA
朴子市,土地,新庄段農牧小段361~390地號,1463.0,,特定農業區,農牧用地,1070401,土地1建物0車位0,,,其他,,,,0.0,0,0,0,有,無,3000000,2051,,0.0,0,親屬間特殊買賣,RPQNMLMLNHNFFBQ66DA
太保市,房地(土地+建物),嘉義縣太保市太保里31~60號,149.15,住,,,1070501,土地3建物1車位0,全,二層,透天厝,住家用,加強磚造,0690118,103.97,3,2,2,有,無,2500000,24045,,0.0,0,,RPTNMLLJOHNFFDQ96DA
溪口鄉,土地,本廳段241~270地號,885.84,,鄉村區,乙種建築用地,1070501,土地2建物0車位0,,,其他,,,,0.0,0,0,0,有,無,2300000,2596,,0.0,0,,RPPNMLKLOHNFFCQ66EA
六腳鄉,土地,六興段811~840地號,34.8,住,,,1070401,土地1建物0車位0,,,其他,,,,0.0,0,0,0,有,無,469800,13500,,0.0,0,,RPPNMLNLNHNFFBQ66DA
義竹鄉,土地,埤子頭段埤前小段751~780地號,2060.0,,特定農業區,農牧用地,1070501,土地1建物0車位0,,,其他,,,,0.0,0,0,0,有,無,1750000,850,,0.0,0,親友、員工或其他特殊關係間之交易。,RPQNMLNLNHNFFBQ76DA
東石鄉,土地,雙連潭段連潭小段31~60地號,235.17,,鄉村區,乙種建築用地,1070401,土地1建物0車位0,,,其他,,,,0.0,0,0,0,有,無,587925,2500,,0.0,0,權利人等2人,RPRNMLOLNHNFFBQ96DA
太保市,房地(土地+建物)+車位,嘉義縣太保市舊埤里新安一街2巷1~30號,46.79,,鄉村區,乙種建築用地,1070401,土地2建物1車位1,五層,五層,華廈(10層含以下有電梯),見其他登記事項,鋼筋混凝土造,0880531,100.69000000000001,3,2,2,有,無,2000000,19863,一樓平面,0.0,0,,RPQNMLQKOHNFFDQ17CA
中埔鄉,土地,隆恩段391~420地號,108.14,,特定農業區,甲種建築用地,1070501,土地1建物0車位0,,,其他,,,,0.0,0,0,0,有,無,460000,4254,,0.0,0,,RPUNMLMLNHNFFDQ17CA
中埔鄉,土地,灣潭子段211~240地號,9111.0,,山坡地保育區,農牧用地,1070501,土地3建物0車位0,,,其他,,,,0.0,0,0,0,有,無,2250000,247,,0.0,0,,RPTNMLTLNHNFFDQ77CA
中埔鄉,土地,灣潭子段211~240地號,3126.0,,山坡地保育區,農牧用地,1070501,土地1建物0車位0,,,其他,,,,0.0,0,0,0,有,無,815000,261,,0.0,0,,RPUNMLTLNHNFFDQ87CA
太保市,房地(土地+建物),嘉義縣太保市後庄村1鄰後庄1~30號,78.85,,鄉村區,乙種建築用地,1070401,土地1建物1車位0,全,二層,透天厝,住家用,鋼筋混凝土加強磚造,0700610,87.92,2,2,2,有,無,2100000,23885,,0.0,0,,RPWNMLKMNHNFFDQ27CA
水上鄉,房地(土地+建物),嘉義縣水上鄉水上村華林街30巷1~30號,135.58,住,,,1070401,土地5建物1車位0,全,三層,透天厝,見其他登記事項,鋼筋混凝土造,1051014,194.41,4,2,4,有,無,8100000,41665,,0.0,0,,RPOOMLLJOHNFFDQ09CA
太保市,房地(土地+建物),嘉義縣太保市北新里12鄰中山路一段228巷1~30號,17.99,住,,,1070401,土地1建物1車位0,五層,十二層,住宅大樓(11層含以上有電梯),見其他登記事項,鋼筋混凝土造,0840908,124.9,3,2,2,有,有,2080000,16653,,0.0,0,,RPVNMLMJOHNFFDQ17CA
水上鄉,房地(土地+建物),嘉義縣水上鄉柳鄉村柳子林151~180號,125.61,,特定農業區,甲種建築用地,1070501,土地3建物1車位0,全,三層,透天厝,住家用,鋼筋混凝土造,1061227,148.42,4,2,3,有,無,6080000,40965,,0.0,0,,RPPQMLRLNHNFFDQ47CA
水上鄉,房地(土地+建物),嘉義縣水上鄉柳鄉村柳子林151~180號,133.77,,特定農業區,甲種建築用地,1070501,土地4建物1車位0,全,四層,透天厝,住家用,鋼筋混凝土造,1061227,165.82,4,3,4,有,無,6500000,39199,,0.0,0,,RPWPMLRLNHNFFDQ08CA
水上鄉,房地(土地+建物),嘉義縣水上鄉柳鄉村柳子林151~180號,117.34,,特定農業區,甲種建築用地,1070501,土地4建物1車位0,全,四層,透天厝,住家用,鋼筋混凝土造,1061227,159.79,4,3,5,有,無,6150000,38488,,0.0,0,,RPXPMLRLNHNFFDQ18CA
太保市,土地,過溝段過溝小段91~120地號,3624.0,農,,,1070501,土地1建物0車位0,,,其他,,,,0.0,0,0,0,有,無,7248000,2000,,0.0,0,,RPUOMLNLNHNFFDQ37CA
太保市,土地,過溝段過溝小段1501~1530地號,2546.0,,特定農業區,農牧用地,1070501,土地1建物0車位0,,,其他,,,,0.0,0,0,0,有,無,5000000,1964,,0.0,0,,RPVOMLNLNHNFFDQ47CA
朴子市,房地(土地+建物),嘉義縣朴子市朴子三路169巷1~30號,5.36,商,,,1070501,土地1建物1車位0,八層,十層,套房(1房1廳1衛),住家用,鋼筋混凝土造,0941003,26.46,1,1,1,有,有,750000,28345,,0.0,0,,RPPNMLSKOHNFFBQ07CA
民雄鄉,土地,菁埔段菁埔小段1171~1200地號,1943.0,,特定農業區,農牧用地,1070401,土地1建物0車位0,,,其他,,,,0.0,0,0,0,有,無,4200000,2162,,0.0,0,,RPTNMLOLNHNFFCQ17CA
民雄鄉,土地,菁埔段中和小段541~570地號,511.0,,特定農業區,農牧用地,1070501,土地1建物0車位0,,,其他,,,,0.0,0,0,0,有,無,620000,1213,,0.0,0,,RPUNMLOLNHNFFCQ27CA
布袋鎮,土地,考試潭段鹿安小段541~570地號,3934.72,,一般農業區,農牧用地,1070501,土地4建物0車位0,,,其他,,,,0.0,0,0,0,有,無,4918400,1250,,0.0,0,買方有特殊需求之交易,RPSOMLPJOHNFFBQ07CA
義竹鄉,土地,義竹段義竹小段421~450地號,7912.0,,特定農業區,農牧用地,1070501,土地2建物0車位0,,,其他,,,,0.0,0,0,0,有,無,51000000,6446,,0.0,0,含牧場登記豬舍及自動化設備公母豬及100公斤以下之豬隻,RPQNMLLKOHNFFBQ09CA
朴子市,土地,新寮段961~990地號,143.55,農,,,1070501,土地1建物0車位0,,,其他,,,,0.0,0,0,0,有,無,305000,2125,,0.0,0,,RPTNMLLKOHNFFBQ76CA
六腳鄉,土地,竹子腳段竹嘉小段2071~2100地號,4662.0,,特定農業區,農牧用地,1070501,土地2建物0車位0,,,其他,,,,0.0,0,0,0,有,無,6300000,1351,,0.0,0,,RPRNMLNLNHNFFBQ76CA
義竹鄉,土地,溪洲段溪洲小段811~840地號,3109.0,,特定農業區,農牧用地,1070501,土地1建物0車位0,,,其他,,,,0.0,0,0,0,有,無,1958670,630,,0.0,0,,RPUNMLNLNHNFFBQ07CA
義竹鄉,土地,過路子段901~930地號,12656.11,,特定農業區,農牧用地,1070401,土地7建物0車位0,,,其他,,,,0.0,0,0,0,有,無,3861122,305,,0.0,0,親友、員工或其他特殊關係間之交易。,RPVNMLNLNHNFFBQ17CA
溪口鄉,土地,溪東段301~330地號,87.36,住,,,1070401,土地1建物0車位0,,,其他,,,,0.0,0,0,0,有,無,925000,10588,,0.0,0,,RPQOMLLMNHNFFCQ76CA
新港鄉,土地,三間厝段61~90地號,75.08,,一般農業區,農牧用地,1070501,土地1建物0車位0,,,其他,,,,0.0,0,0,0,有,無,100000,1332,,0.0,0,,RPSNMLQJOHNFFCQ17CA
大林鎮,土地,中林段中林小段211~240地號,2700.0,,特定農業區,農牧用地,1070501,土地1建物0車位0,,,其他,,,,0.0,0,0,0,有,無,4320000,1600,,0.0,0,,RPQNMLSJOHNFFCQ17CA
民雄鄉,房地(土地+建物),嘉義縣民雄鄉興南村頭橋751~780號,22.34,住,,,1070401,土地3建物1車位0,三層,七層,華廈(10層含以下有電梯),住家用,鋼筋混凝土造,0821214,107.67,3,2,2,有,有,2700000,25077,,0.0,0,,RPROMLLMNHNFFCQ86CA
溪口鄉,土地,厝子段厝子小段151~180地號,3509.0,,特定農業區,農牧用地,1070501,土地1建物0車位0,,,其他,,,,0.0,0,0,0,有,無,4431000,1263,,0.0,0,,RPUNMLPLNHNFFCQ37CA
布袋鎮,房地(土地+建物),嘉義縣布袋鎮東港里4鄰東港1~30號,80.46,住,,,1070501,土地1建物1車位0,全,二層,透天厝,住商用,加強磚造,0700910,93.96,3,1,2,有,無,600000,6386,,0.0,0,"親友、員工或其他特殊關係間之交易。1,2樓均有廁所,但沐浴間僅1樓有",RPPNMLOLNHNFFBQ66CA
朴子市,土地,新寮段391~420地號,720.25,農,,,1070401,土地1建物0車位0,,,其他,,,,0.0,0,0,0,有,無,8000000,11107,,0.0,0,,RPQNMLLJOHNFFBQ98CA
朴子市,房地(土地+建物),嘉義縣朴子市朴子三路169巷1~30號,5.36,商,,,1070501,土地1建物1車位0,八層,十層,套房(1房1廳1衛),住家用,鋼筋混凝土造,0941003,26.47,1,1,1,有,有,750000,28334,,0.0,0,,RPQNMLSKOHNFFBQ17CA
中埔鄉,房地(土地+建物),嘉義縣中埔鄉富收村興化31~60號,75.67,,鄉村區,乙種建築用地,1070401,土地1建物1車位0,全,三層,透天厝,住家用,鋼筋混凝土造,0871223,132.93,4,3,3,有,無,4050000,30467,,0.0,0,,RPWNMLMJOHNFFDQ27CA
中埔鄉,土地,金蘭段451~480地號,665.04,,特定農業區,甲種建築用地,1070401,土地1建物0車位0,,,其他,,,,0.0,0,0,0,有,無,4623000,6951,,0.0,0,,RPPNMLPLNHNFFDQ96CA
番路鄉,土地,內甕段631~660地號,15.0,住,,,1070501,土地1建物0車位0,,,其他,,,,0.0,0,0,0,有,無,200000,13333,,0.0,0,,RPQNMLNLNHNFFEQ96CA
番路鄉,土地,大湖段61~90地號,87.33,,森林區,丙種建築用地,1070501,土地1建物0車位0,,,其他,,,,0.0,0,0,0,有,無,520000,5954,,0.0,0,,RPRNMLNLNHNFFEQ07CA
水上鄉,土地,新番子寮段1~30地號,4091.58,,一般農業區,農牧用地,1070401,土地1建物0車位0,,,其他,,,,0.0,0,0,0,有,無,4100000,1002,,0.0,0,,RPQOMLMJOHNFFDQ76CA
太保市,房地(土地+建物),嘉義縣太保市東勢里健康路183巷10弄1~30號,116.7,住,,,1070401,土地9建物4車位0,全,四層,透天厝,集合住宅,鋼筋混凝土造,1010829,199.7,4,2,4,有,有,7550000,37807,,0.0,0,,RPQPMLOJOHNFFDQ07CA
東石鄉,土地,港墘厝段龍港小段1~30地號,3302.0,,一般農業區,農牧用地,1070501,土地1建物0車位0,,,其他,,,,0.0,0,0,0,有,無,1815000,550,,0.0,0,親友、員工或其他特殊關係間之交易。,RPTNMLNLNHNFFBQ07DA
梅山鄉,土地,大草埔段511~540地號,1028.0,,山坡地保育區,農牧用地,1070401,土地1建物0車位0,,,其他,,,,0.0,0,0,0,有,無,1460000,1420,,0.0,0,價金含地上物,RPTNMLTLNHNFFEQ87CA
水上鄉,房地(土地+建物),嘉義縣水上鄉寬士村崎子頭31~60號,100.24,,鄉村區,乙種建築用地,1070401,土地1建物1車位0,全,四層,透天厝,住家用,鋼筋混凝土造,0831123,149.61,5,2,2,有,無,4170000,27872,,0.0,0,,RPRNMLKMNHNFFDQ76CA
竹崎鄉,土地,山子門段121~150地號,476.5,,鄉村區,乙種建築用地,1070501,土地3建物0車位0,,,其他,,,,0.0,0,0,0,有,無,1600000,3358,,0.0,0,,RPPNMLOJOHNFFEQ86CA
番路鄉,土地,內甕段631~660地號,126.5,住,,,1070501,土地1建物0車位0,,,其他,,,,0.0,0,0,0,有,無,1900000,15020,,0.0,0,,RPQNMLLKOHNFFEQ76CA
太保市,土地,嘉新段781~810地號,141.8,住,,,1070301,土地2建物0車位0,,,其他,,,,0.0,0,0,0,有,無,2160000,15233,,0.0,0,,RPUNMLOJOHNFFDQ27CA
太保市,房地(土地+建物),嘉義縣太保市東勢里健康路183巷10弄1~30號,116.7,住,,,1070501,土地9建物4車位0,全,四層,透天厝,集合住宅,鋼筋混凝土造,1010829,198.42,4,2,4,有,有,7000000,35279,,0.0,0,,RPXOMLOJOHNFFDQ67CA
水上鄉,房地(土地+建物),嘉義縣水上鄉柳林村柳子林1~30號,116.85,,鄉村區,乙種建築用地,1070501,土地2建物1車位0,全,三層,透天厝,見其他登記事項,鋼筋混凝土造,1061222,166.87,4,1,5,有,無,6100000,36555,,0.0,0,,RPXNMLRJOHNFFDQ87CA
水上鄉,土地,三界埔段601~630地號,370.5,,山坡地保育區,丙種建築用地,1070501,土地3建物0車位0,,,其他,,,,0.0,0,0,0,有,無,1880000,5074,,0.0,0,,RPQNMLOLNHNFFDQ96CA
水上鄉,房地(土地+建物),嘉義縣水上鄉內溪村內溪洲1~30號,66.38,,鄉村區,乙種建築用地,1070501,土地1建物1車位0,全,三層,透天厝,住家用,鋼筋混凝土造,0811126,145.45,3,2,2,有,無,4100000,28188,,0.0,0,,RPUNMLPLNHNFFDQ47CA
太保市,房地(土地+建物),嘉義縣太保市麻寮里三合路313巷1弄1~30號,98.01,住,,,1070501,土地3建物1車位0,全,三層,透天厝,住家用,鋼筋混凝土造,1050819,150.94,3,3,3,有,無,5500000,36438,,0.0,0,,RPXNMLPLNHNFFDQ77CA
水上鄉,房地(土地+建物),嘉義縣水上鄉柳鄉村柳子林151~180號,117.42,,特定農業區,甲種建築用地,1070501,土地3建物1車位0,全,四層,透天厝,住家用,鋼筋混凝土造,1061227,179.06,5,3,4,有,無,6200000,34625,,0.0,0,,RPRPMLRLNHNFFDQ57CA
民雄鄉,房地(土地+建物),嘉義縣民雄鄉文隆村7鄰鴨母?61~90號,9.03,住,,,1070501,土地1建物1車位0,三層,五層,套房(1房1廳1衛),見其他登記事項,鋼筋混凝土造,0940120,22.34,1,0,1,有,有,580000,25962,,0.0,0,,RPTNMLPLNHNFFCQ27CA
東石鄉,土地,頂揖子寮段頂揖小段241~270地號,3910.0,,一般農業區,農牧用地,1070501,土地1建物0車位0,,,其他,,,,0.0,0,0,0,有,無,2150500,550,,0.0,0,,RPTNMLSJOHNFFBQ37CA
義竹鄉,土地,頭竹圍段竹圍小段751~780地號,450.0,,鄉村區,乙種建築用地,1070501,土地1建物0車位0,,,其他,,,,0.0,0,0,0,有,無,1230000,2733,,0.0,0,,RPVNMLTLNHNFFBQ77CA
民雄鄉,房地(土地+建物),嘉義縣民雄鄉北斗村北勢子31~60號,426.35,商,,,1070401,土地1建物1車位0,一層，二層,二層,工廠,住商用,鋼造,0820308,533.58,2,2,2,有,無,11300000,,,0.0,0,權利人2人,RPWNMLLMNHNFFCQ27CA
新港鄉,土地,大潭段北潭小段241~270地號,4386.0,,特定農業區,農牧用地,1070501,土地1建物0車位0,,,其他,,,,0.0,0,0,0,有,無,11700000,2668,,0.0,0,,RPPOMLLJOHNFFCQ09CA
大林鎮,土地,中坑段61~90地號,38658.0,,一般農業區,農牧用地,1070501,土地6建物0車位0,,,其他,,,,0.0,0,0,0,有,無,36000000,931,,0.0,0,,RPRNMLPKOHNFFCQ07CA
大林鎮,房地(土地+建物),嘉義縣大林鎮三和里13鄰中興路二段797巷31~60號,77.0,,特定農業區,甲種建築用地,1070401,土地1建物1車位0,全,三層,透天厝,住家用,鋼筋混凝土造,0840217,162.12,4,1,3,有,無,3500000,21589,,0.0,0,,RPPNMLQKOHNFFCQ96CA
民雄鄉,房地(土地+建物),嘉義縣民雄鄉北斗村北勢子31~60號,94.19,住,,,1061201,土地1建物1車位0,全,三層,透天厝,住家用,鋼筋混凝土造,0811118,162.22,4,2,3,有,無,4500000,27740,,0.0,0,,RPQNMLQKOHNFFCQ07CA
民雄鄉,房地(土地+建物),嘉義縣民雄鄉西安村20鄰西安路31~60號,45.0,住,,,1070501,土地1建物1車位0,全,二層,透天厝,商業用,鋼筋混凝土加強磚造,0680323,57.4,3,2,2,有,無,1380000,24042,,0.0,0,,RPTNMLTLNHNFFCQ87EA
中埔鄉,土地,柚子宅段1~30地號,136.0,,山坡地保育區,農牧用地,1070401,土地1建物0車位0,,,其他,,,,0.0,0,0,0,有,無,44557,328,,0.0,0,,RPWNMLOJOHNFFDQ57DA
中埔鄉,土地,柚子宅段1~30地號,238.0,,山坡地保育區,農牧用地,1070401,土地1建物0車位0,,,其他,,,,0.0,0,0,0,有,無,71974,302,,0.0,0,,RPXNMLOJOHNFFDQ67DA
太保市,土地,南新段331~360地號,703.74,工,,,1070301,土地2建物0車位0,,,其他,,,,0.0,0,0,0,有,無,10000000,14210,,0.0,0,含增建或未登記建物。,RPPNMLOLNHNFFDQ96DA
水上鄉,土地,新大崙段631~660地號,224.72,,鄉村區,乙種建築用地,1070501,土地3建物0車位0,,,其他,,,,0.0,0,0,0,有,無,649044,2888,,0.0,0,,RPQNMLSLNHNFFDQ47DA
民雄鄉,房地(土地+建物),嘉義縣民雄鄉?福村11鄰?福61~90號,10.72,住,,,1070401,土地1建物1車位0,二層,五層,公寓(5樓含以下無電梯),見其他登記事項,鋼筋混凝土造,0960623,28.18,1,0,1,有,無,850000,30163,,0.0,0,五樓有電梯,RPQNMLSLNHNFFCQ37DA
溪口鄉,土地,坪頂段31~60地號,2976.72,,特定農業區,農牧用地,1070501,土地1建物0車位0,,,其他,,,,0.0,0,0,0,有,無,3000000,1008,,0.0,0,,RPPNMLTLNHNFFCQ37DA
水上鄉,土地,溪安段211~240地號,49.58,,鄉村區,乙種建築用地,1070401,土地1建物0車位0,,,其他,,,,0.0,0,0,0,有,無,163614,3300,,0.0,0,,RPSNMLMLOHNFFDQ17DA
水上鄉,土地,溪安段211~240地號,99.17,,一般農業區,農牧用地,1070401,土地1建物0車位0,,,其他,,,,0.0,0,0,0,有,無,89253,900,,0.0,0,,RPTNMLMLOHNFFDQ27DA
民雄鄉,土地,豐收段661~690地號,21.83,,鄉村區,乙種建築用地,1070401,土地1建物0車位0,,,其他,,,,0.0,0,0,0,有,無,237600,10884,,0.0,0,,RPPNMLSKOHNFFCQ17CA
民雄鄉,房地(土地+建物)+車位,嘉義縣民雄鄉北斗村新正五街31~60號,30.17,,鄉村區,乙種建築用地,1070501,土地1建物1車位1,三層,五層,華廈(10層含以下有電梯),見其他登記事項,鋼筋混凝土造,0910725,111.91,2,1,1,有,有,1950000,17425,坡道平面,0.0,0,,RPPNMLOJOHNFFCQ66CA
義竹鄉,土地,頭竹圍段竹圍小段1171~1200地號,5630.0,,特定農業區,農牧用地,1070401,土地1建物0車位0,,,其他,,,,0.0,0,0,0,有,無,3828400,680,,0.0,0,,RPQNMLSLNHNFFBQ17CA
東石鄉,土地,東石段1591~1620地號,46.7,,鄉村區,乙種建築用地,1070501,土地1建物0車位0,,,其他,,,,0.0,0,0,0,有,無,377243,8078,,0.0,0,,RPRNMLPLNHNFFBQ96CA
中埔鄉,土地,大義段1411~1440地號,4879.37,農,,,1070401,土地1建物0車位0,,,其他,,,,0.0,0,0,0,有,無,17710000,3630,,0.0,0,,RPPNMLSLNHNFFDQ27CA
中埔鄉,房地(土地+建物),嘉義縣中埔鄉和興村17鄰後庄39巷271~300號,112.34,住,,,1070501,土地1建物1車位0,全,二層,透天厝,住家用,加強磚造,0780819,98.52,3,3,2,有,無,4200000,42631,,0.0,0,,RPPNMLTLNHNFFDQ37CA
鹿草鄉,房地(土地+建物),嘉義縣鹿草鄉竹山村竹子?211~240號,10528.0,,特定農業區,農牧用地,1070401,土地3建物1車位0,一層,一層,其他,見其他登記事項,見其他登記事項,0890824,1135.89,0,0,0,無,無,12107200,10659,,0.0,0,包含地上全部畜牧設施,RPOOMLMJOHNFFDQ56CA
竹崎鄉,土地,內埔子段1621~1650地號,5392.0,,山坡地保育區,農牧用地,1070101,土地6建物0車位0,,,其他,,,,0.0,0,0,0,有,無,4200000,779,,0.0,0,,RPQNMLTLNHNFFEQ57CA
太保市,房地(土地+建物),嘉義縣太保市東勢里信義二路151~180號,189.72,住,,,1070401,土地8建物3車位0,全,四層,透天厝,見其他登記事項,鋼筋混凝土造,0960929,272.32,6,2,4,有,有,11680000,42891,,0.0,0,,RPOPMLOJOHNFFDQ86CA
梅山鄉,土地,龍眼林段241~270地號,1050.0,,山坡地保育區,農牧用地,1070501,土地1建物0車位0,,,其他,,,,0.0,0,0,0,有,無,150000,143,,0.0,0,,RPQNMLLMNHNFFEQ86CA
東石鄉,土地,網寮段631~660地號,130.16,,鄉村區,乙種建築用地,1070501,土地1建物0車位0,,,其他,,,,0.0,0,0,0,有,無,315000,2420,,0.0,0,,RPRNMLTLNHNFFBQ47DA
朴子市,土地,德安段1951~1980地號,108.84,住,,,1070401,土地1建物0車位0,,,其他,,,,0.0,0,0,0,有,無,3500000,32157,,0.0,0,,RPRNMLKMNHNFFBQ66DA
水上鄉,房地(土地+建物),嘉義縣水上鄉水上村華林街1~30號,107.06,住,,,1050401,土地1建物1車位0,全,三層,透天厝,住家用,鋼筋混凝土造,1061018,189.94,4,2,3,有,無,8250000,43435,,0.0,0,,RPRPMLOJOHNFFDQ17CA
中埔鄉,土地,埔東段1051~1080地號,70.54,其他,,,1070501,土地2建物0車位0,,,其他,,,,0.0,0,0,0,有,無,3000000,42529,,0.0,0,上有未登記建物1幢。未臨道路。土地價款貳佰玖拾捌萬元，建物價款貳萬元,RPPOMLLJOHNFFDQ56CA
太保市,土地,麻寮段571~600地號,22.23,住,,,1070501,土地1建物0車位0,,,其他,,,,0.0,0,0,0,有,無,662000,29780,,0.0,0,,RPPNMLKMNHNFFDQ56CA
水上鄉,房地(土地+建物),嘉義縣水上鄉忠和村檳榔樹角31~60號,43.1,,鄉村區,乙種建築用地,1070401,土地1建物1車位0,全,三層,透天厝,住家用,見其他登記事項,0670225,46.59,5,2,2,有,無,2150000,46147,,0.0,0,,RPPNMLLMNHNFFDQ66CA
朴子市,土地,中正段601~630地號,76.0,住,,,1070501,土地2建物0車位0,,,其他,,,,0.0,0,0,0,有,無,2380000,31316,,0.0,0,,RPPNMLKMNHNFFBQ98CA
朴子市,房地(土地+建物),嘉義縣朴子市開元路474巷31~60號,101.0,住,,,1070501,土地1建物1車位0,全,二層,透天厝,住商用,鋼筋混凝土加強磚造,0701215,115.88,3,2,2,有,無,3800000,32793,,0.0,0,,RPUNMLLJOHNFFBQ76CA
民雄鄉,土地,番子段番子小段901~930地號,1201.0,,特定農業區,農牧用地,1070401,土地1建物0車位0,,,其他,,,,0.0,0,0,0,有,無,2400000,1998,,0.0,0,,RPRNMLOJOHNFFCQ86CA
民雄鄉,土地,菁埔段菁埔小段481~510地號,1303.0,,特定農業區,甲種建築用地,1070501,土地1建物0車位0,,,其他,,,,0.0,0,0,0,有,無,16000000,12279,,0.0,0,,RPSNMLTLNHNFFCQ57CA
民雄鄉,房地(土地+建物),嘉義縣民雄鄉福興村牛稠溪1~30號,113.8,,鄉村區,乙種建築用地,1070501,土地2建物1車位0,全,三層,透天厝,住家用,鋼筋混凝土造,0830120,195.9,3,2,2,有,無,3250000,16590,,0.0,0,,RPUNMLTLNHNFFCQ77CA
新港鄉,土地,中工段61~90地號,231.1,,工業區,丁種建築用地,1070501,土地1建物0車位0,,,其他,,,,0.0,0,0,0,有,無,2036000,8810,,0.0,0,,RPPNMLKMNHNFFCQ09CA
民雄鄉,房地(土地+建物),嘉義縣民雄鄉北斗村35鄰新正五街151~180號,44.61,,鄉村區,乙種建築用地,1070401,土地1建物1車位0,五層,五層,華廈(10層含以下有電梯),見其他登記事項,鋼筋混凝土造,0910725,115.39,3,2,2,有,有,2800000,24266,,0.0,0,,RPUNMLLKOHNFFCQ96CA
民雄鄉,房地(土地+建物),嘉義縣民雄鄉興南村12鄰建國路三段31~60號,92.78,住,,,1070401,土地1建物1車位0,全,二層,透天厝,住商用,鋼筋混凝土加強磚造,0710227,92.72,2,1,1,有,無,3280000,35375,,0.0,0,,RPTNMLSJOHNFFCQ67EA
番路鄉,土地,內甕段631~660地號,126.5,住,,,1070401,土地1建物0車位0,,,其他,,,,0.0,0,0,0,有,無,1900000,15020,,0.0,0,,RPPNMLLKOHNFFEQ66CA
番路鄉,土地,大湖段91~120地號,262.0,,森林區,丙種建築用地,1070401,土地1建物0車位0,,,其他,,,,0.0,0,0,0,有,無,500000,1908,,0.0,0,,RPPOMLTKOHNFFEQ57CA
中埔鄉,房地(土地+建物),嘉義縣中埔鄉富收村庄內31~60號,99.38,,鄉村區,乙種建築用地,1070501,土地1建物1車位0,全,四層,透天厝,住家用,鋼筋混凝土造,1070221,204.32,5,2,3,有,無,7700000,37686,,0.0,0,,RPOOMLOJOHNFFDQ86DA
中埔鄉,房地(土地+建物),嘉義縣中埔鄉富收村庄內31~60號,96.88,,鄉村區,乙種建築用地,1070501,土地1建物1車位0,全,四層,透天厝,住家用,鋼筋混凝土造,1070221,201.3,5,2,3,有,無,7480000,37158,,0.0,0,,RPPOMLOJOHNFFDQ96DA
中埔鄉,房地(土地+建物),嘉義縣中埔鄉富收村庄內31~60號,98.25,,鄉村區,乙種建築用地,1070501,土地1建物1車位0,全,四層,透天厝,住家用,鋼筋混凝土造,1070221,201.3,5,2,3,有,無,7500000,37258,,0.0,0,,RPQOMLOJOHNFFDQ07DA
中埔鄉,房地(土地+建物),嘉義縣中埔鄉富收村庄內31~60號,99.62,,鄉村區,乙種建築用地,1070501,土地1建物1車位0,全,四層,透天厝,住家用,鋼筋混凝土造,1070221,201.3,5,2,3,有,無,7560000,37556,,0.0,0,,RPSOMLOJOHNFFDQ27DA
中埔鄉,房地(土地+建物),嘉義縣中埔鄉富收村庄內31~60號,100.92,,鄉村區,乙種建築用地,1070501,土地1建物1車位0,全,四層,透天厝,住家用,鋼筋混凝土造,1070221,201.3,5,2,3,有,無,7520000,37357,,0.0,0,,RPTOMLOJOHNFFDQ37DA
中埔鄉,房地(土地+建物),嘉義縣中埔鄉富收村庄內31~60號,98.63,,鄉村區,乙種建築用地,1070501,土地1建物1車位0,全,四層,透天厝,住家用,鋼筋混凝土造,1070221,201.3,5,2,3,有,無,7560000,37556,,0.0,0,,RPUOMLOJOHNFFDQ47DA
中埔鄉,房地(土地+建物),嘉義縣中埔鄉富收村庄內31~60號,94.93,,鄉村區,乙種建築用地,1070501,土地1建物1車位0,全,四層,透天厝,住家用,鋼筋混凝土造,1070221,201.17,5,2,3,有,無,7500000,37282,,0.0,0,,RPVOMLOJOHNFFDQ57DA
中埔鄉,房地(土地+建物),嘉義縣中埔鄉富收村庄內31~60號,102.96,,鄉村區,乙種建築用地,1070501,土地1建物1車位0,全,四層,透天厝,住家用,鋼筋混凝土造,1070221,203.44,5,2,3,有,無,7500000,36866,,0.0,0,,RPWOMLOJOHNFFDQ67DA
竹崎鄉,土地,樟樹坪段151~180地號,1461.0,,山坡地保育區,農牧用地,1070501,土地1建物0車位0,,,其他,,,,0.0,0,0,0,有,無,850000,582,,0.0,0,,RPSNMLLMNHNFFEQ27EA
朴子市,房地(土地+建物),嘉義縣朴子市博愛街91~120號,160.5,住,,,1070501,土地2建物1車位0,全,四層,透天厝,住家用,鋼筋混凝土造,1070213,251.34,5,3,5,有,無,9500000,37797,,0.0,0,,RPVNMLMLOHNFFBQ17CA
民雄鄉,房地(土地+建物),嘉義縣民雄鄉金興村集福街19巷1~30號,84.78,住,,,1070501,土地1建物1車位0,全,二層,透天厝,住家用,鋼筋混凝土加強磚造,0700109,92.95,4,2,2,有,無,2300000,24744,,0.0,0,,RPRNMLLKOHNFFCQ66CA
民雄鄉,土地,秀林段1591~1620地號,13.91,,一般農業區,農牧用地,1060801,土地1建物0車位0,,,其他,,,,0.0,0,0,0,有,無,50480,3629,,0.0,0,,RPXNMLLKOHNFFCQ27CA
民雄鄉,土地,秀林段1591~1620地號,13.91,,一般農業區,農牧用地,1060801,土地1建物0車位0,,,其他,,,,0.0,0,0,0,有,無,50480,3629,,0.0,0,,RPOOMLLKOHNFFCQ09CA
民雄鄉,土地,秀林段1591~1620地號,166.88,,一般農業區,農牧用地,1060801,土地1建物0車位0,,,其他,,,,0.0,0,0,0,有,無,605760,3630,,0.0,0,,RPPOMLLKOHNFFCQ56CA
民雄鄉,房地(土地+建物),嘉義縣民雄鄉北斗村7鄰覆鼎金路1~30號,76.66,住,,,1070401,土地3建物1車位0,全,二層,透天厝,住家用,鋼筋混凝土加強磚造,0710501,92.44,3,2,2,有,無,2580000,27910,,0.0,0,,RPXNMLLMNHNFFCQ37CA
新港鄉,土地,公園段61~90地號,0.1,其他,,,1070501,土地1建物0車位0,,,其他,,,,0.0,0,0,0,有,無,5000,0,,0.0,0,,RPQNMLLMNHNFFCQ66CA
民雄鄉,土地,新庄段211~240地號,2969.1,,一般農業區,農牧用地,1070501,土地1建物0車位0,,,其他,,,,0.0,0,0,0,有,無,3820000,1287,,0.0,0,,RPUNMLLMNHNFFCQ07CA
朴子市,土地,吳竹子腳段德家小段541~570地號,4143.0,,特定農業區,農牧用地,1070501,土地1建物0車位0,,,其他,,,,0.0,0,0,0,有,無,6000000,1448,,0.0,0,,RPRNMLLJOHNFFBQ09CA
朴子市,土地,內厝段691~720地號,24.97,住,,,1070501,土地2建物0車位0,,,其他,,,,0.0,0,0,0,有,無,830500,33260,,0.0,0,,RPUNMLLKOHNFFBQ86CA
朴子市,土地,大德興段811~840地號,3392.42,,特定農業區,農牧用地,1070501,土地1建物0車位0,,,其他,,,,0.0,0,0,0,有,無,6784840,2000,,0.0,0,,RPVNMLLKOHNFFBQ96CA
朴子市,土地,下竹圍段佳禾小段451~480地號,1839.0,農,,,1070501,土地1建物0車位0,,,其他,,,,0.0,0,0,0,有,無,3769950,2050,,0.0,0,,RPXNMLLKOHNFFBQ17CA
朴子市,房地(土地+建物),嘉義縣朴子市明智路57巷1~30號,96.0,住,,,1070501,土地1建物1車位0,全,二層,透天厝,住家用,鋼筋混凝土加強磚造,0650831,101.85,4,2,2,有,無,2000000,19637,,0.0,0,,RPOOMLLKOHNFFBQ98CA
中埔鄉,房地(土地+建物),嘉義縣中埔鄉和睦村中華路241~270號,119.39,,特定農業區,甲種建築用地,1070501,土地2建物1車位0,全,四層,透天厝,住家用,見其他登記事項,1070330,209.32,4,2,4,有,無,8000000,38219,,0.0,0,,RPVNMLTLNHNFFDQ97CA
太保市,房地(土地+建物),嘉義縣太保市中山路一段228巷19弄1~30號,10.63,住,,,1070501,土地1建物1車位0,七層,九層,華廈(10層含以下有電梯),見其他登記事項,鋼筋混凝土造,0821006,33.0,1,1,1,有,無,500000,15152,,0.0,0,,RPRNMLLMNHNFFDQ86CA
太保市,房地(土地+建物),嘉義縣太保市安仁里頂港子墘31~60號,8.07,,鄉村區,乙種建築用地,1070501,土地2建物1車位0,一層,五層,套房(1房1廳1衛),見其他登記事項,鋼筋混凝土造,0940815,23.34,1,0,1,有,有,480000,20566,,0.0,0,,RPTNMLLMNHNFFDQ07CA
太保市,房地(土地+建物),嘉義縣太保市安仁里頂港子墘31~60號,8.07,,鄉村區,乙種建築用地,1070501,土地2建物1車位0,一層,五層,套房(1房1廳1衛),見其他登記事項,鋼筋混凝土造,0940815,23.34,1,0,1,有,有,480000,20566,,0.0,0,,SPTNMLLMNHNFFDQ17CA
太保市,房地(土地+建物),嘉義縣太保市安仁里頂港子墘31~60號,8.07,,鄉村區,乙種建築用地,1070501,土地2建物1車位0,一層,五層,套房(1房1廳1衛),見其他登記事項,鋼筋混凝土造,0940815,23.34,1,0,1,有,有,480000,20566,,0.0,0,,TPTNMLLMNHNFFDQ27CA
太保市,房地(土地+建物),嘉義縣太保市安仁里頂港子墘31~60號,8.07,,鄉村區,乙種建築用地,1070501,土地2建物1車位0,一層,五層,套房(1房1廳1衛),見其他登記事項,鋼筋混凝土造,0940815,23.34,1,0,1,有,有,480000,20566,,0.0,0,,UPTNMLLMNHNFFDQ37CA
水上鄉,土地,柳新段31~60地號,210.51,,鄉村區,乙種建築用地,1070401,土地1建物0車位0,,,其他,,,,0.0,0,0,0,有,無,1598988,7596,,0.0,0,,RPROMLMJOHNFFDQ86CA
六腳鄉,房地(土地+建物),嘉義縣六腳鄉六斗村六斗尾1~30號,139.84,,鄉村區,乙種建築用地,1070501,土地1建物1車位0,全,三層,透天厝,住家用,鋼筋混凝土造,1061002,165.54,7,3,5,有,無,1620000,9786,,0.0,0,,RPSNMLKMNHNFFBQ76DA
梅山鄉,土地,大坪段211~240地號,4266.0,,森林區,農牧用地,1070401,土地1建物0車位0,,,其他,,,,0.0,0,0,0,有,無,200000,47,,0.0,0,價金含地上物,RPPNMLLMNHNFFEQ76CA
番路鄉,土地,番路段451~480地號,2573.98,,一般農業區,農牧用地,1070401,土地3建物0車位0,,,其他,,,,0.0,0,0,0,有,無,7360000,2859,,0.0,0,,RPRNMLLKOHNFFEQ86CA
竹崎鄉,房地(土地+建物),嘉義縣竹崎鄉灣橋村1~30號,143.24,,鄉村區,乙種建築用地,1070401,土地2建物1車位0,全,四層,透天厝,住家用,鋼筋混凝土造,0791212,223.89,4,2,3,有,無,5150000,23002,,0.0,0,,RPQNMLOJOHNFFEQ96CA
朴子市,土地,大榔段大鄉小段301~330地號,666.0,,鄉村區,乙種建築用地,1070401,土地2建物0車位0,,,其他,,,,0.0,0,0,0,有,無,12500000,18769,,0.0,0,,RPPNMLLJOHNFFBQ98DA
水上鄉,房地(土地+建物),嘉義縣水上鄉柳新村柳子林1291~1320號,136.13,,鄉村區,乙種建築用地,1070501,土地2建物1車位0,全,三層,透天厝,住家用,鋼筋混凝土造,0841108,207.43,4,1,3,有,無,1860000,8967,,0.0,0,,RPPNMLOJOHNFFDQ76CA
水上鄉,房地(土地+建物),嘉義縣水上鄉水上村華林街18巷1~30號,95.8,住,,,1050401,土地1建物1車位0,全,三層,透天厝,住家用,鋼筋混凝土造,1061018,178.55,4,2,3,有,無,7300000,40885,,0.0,0,,RPSPMLOJOHNFFDQ27CA
水上鄉,房地(土地+建物),嘉義縣水上鄉水上村16鄰進學街56巷1~30號,79.36,住,,,1070501,土地2建物1車位0,全,四層,透天厝,見其他登記事項,鋼筋混凝土造,0870105,192.68,4,3,4,有,無,5350000,27766,,0.0,0,,RPQNMLLMNHNFFDQ76CA
朴子市,房地(土地+建物),嘉義縣朴子市光復路62巷1~30號,43.0,住,,,1070401,土地1建物1車位0,全,一層,透天厝,住家用,木造,0010101,26.61,1,1,1,有,無,600000,22548,,0.0,0,,RPPNMLKKOHNFFBQ88CA
東石鄉,土地,頂揖子寮段181~210地號,277.62,,一般農業區,甲種建築用地,1070501,土地1建物0車位0,,,其他,,,,0.0,0,0,0,有,無,500000,1801,,0.0,0,,RPSNMLSJOHNFFBQ27CA
東石鄉,土地,頂揖子寮段181~210地號,1945.5,,一般農業區,農牧用地,1070501,土地1建物0車位0,,,其他,,,,0.0,0,0,0,有,無,2000000,1028,,0.0,0,,SPSNMLSJOHNFFBQ37CA
六腳鄉,土地,港尾寮段豐美小段781~810地號,942.0,,特定農業區,農牧用地,1070501,土地1建物0車位0,,,其他,,,,0.0,0,0,0,有,無,1100000,1168,,0.0,0,,RPRNMLTKOHNFFBQ37CA
六腳鄉,土地,雙涵段241~270地號,894.76,,鄉村區,乙種建築用地,1070501,土地2建物0車位0,,,其他,,,,0.0,0,0,0,有,無,3000000,3353,,0.0,0,,RPPNMLLMNHNFFBQ09CA
朴子市,房地(土地+建物),嘉義縣朴子市?菜埔151~180號,67.0,,特定農業區,甲種建築用地,1070501,土地1建物1車位0,全,二層,透天厝,住家用,鋼筋混凝土加強磚造,0660104,84.8,3,2,1,有,無,1350000,15920,,0.0,0,,RPVNMLLJOHNFFBQ86CA
民雄鄉,房地(土地+建物),嘉義縣民雄鄉文隆村鴨母?1~30號,93.08,住,,,1070501,土地2建物1車位0,全,四層,透天厝,見其他登記事項,鋼筋混凝土造,1061124,208.05,3,2,2,有,無,10200000,49027,,0.0,0,,RPPOMLLMNHNFFCQ66CA
大林鎮,房地(土地+建物),嘉義縣大林鎮明和里忠孝路569巷13弄1~30號,120.0,住,,,1070401,土地1建物1車位0,全,三層,透天厝,住商用,鋼筋混凝土造,0810630,181.68,4,2,3,有,無,5000000,27521,,0.0,0,,RPPNMLLMNHNFFCQ56CA
大林鎮,房地(土地+建物),嘉義縣大林鎮大糖里20鄰中學路91~120號,93.0,住,,,1070501,土地1建物1車位0,全,二層,透天厝,住家用,鋼筋混凝土加強磚造,0660309,107.3,3,1,2,有,無,1850000,17241,,0.0,0,,RPTNMLOJOHNFFCQ07CA
民雄鄉,房地(土地+建物),嘉義縣民雄鄉福樂村埤角1~30號,121.96,住,,,1070401,土地4建物1車位0,全,四層,透天厝,見其他登記事項,鋼筋混凝土造,1021104,211.68,4,3,4,有,無,11380000,53760,,0.0,0,權利人2人,RPQOMLLJOHNFFCQ56CA
新港鄉,房地(土地+建物),嘉義縣新港鄉中洋村後厝子1~30號,3591.0,,特定農業區,農牧用地,1070301,土地1建物1車位0,一層,一層,其他,見其他登記事項,見其他登記事項,0900717,1167.11,0,0,0,無,無,6200000,5312,,0.0,0,,RPQNMLMJOHNFFCQ56CA
民雄鄉,房地(土地+建物)+車位,嘉義縣民雄鄉北斗村新正五街91~120號,44.61,,鄉村區,乙種建築用地,1070501,土地1建物1車位1,一層,五層,華廈(10層含以下有電梯),見其他登記事項,鋼筋混凝土造,0910725,144.78,3,2,2,有,有,3700000,25556,坡道平面,0.0,0,,RPVNMLLKOHNFFCQ07CA
大林鎮,土地,水頭段1021~1050地號,42.98,,鄉村區,乙種建築用地,1070401,土地2建物0車位0,,,其他,,,,0.0,0,0,0,有,無,288254,6707,,0.0,0,親友、員工或其他特殊關係間之交易。,RPRNMLSJOHNFFCQ27CA
民雄鄉,土地,鴨母段文隆小段31~60地號,3271.0,,特定農業區,農牧用地,1070501,土地4建物0車位0,,,其他,,,,0.0,0,0,0,有,無,5930000,1813,,0.0,0,,RPQNMLPJOHNFFCQ86CA
六腳鄉,土地,竹子腳段竹嘉小段1321~1350地號,1653.0,,特定農業區,農牧用地,1070401,土地1建物0車位0,,,其他,,,,0.0,0,0,0,有,無,700000,423,,0.0,0,,RPTNMLNKOHNFFBQ07DA
竹崎鄉,土地,樟樹坪段271~300地號,291.0,,山坡地保育區,農牧用地,1070501,土地1建物0車位0,,,其他,,,,0.0,0,0,0,有,無,80000,275,,0.0,0,,RPQNMLNKOHNFFEQ17EA
朴子市,土地,文化段31~60地號,5.1,住,,,1070501,土地1建物0車位0,,,其他,,,,0.0,0,0,0,有,無,164373,32230,,0.0,0,,RPQNMLOJOHNFFBQ76DA
朴子市,房地(土地+建物),嘉義縣朴子市仁和二路1~30號,133.57,住,,,1070501,土地5建物1車位0,全,四層,透天厝,見其他登記事項,鋼筋混凝土造,0930326,238.17,4,2,3,有,無,7860000,33002,,0.0,0,,RPTNMLQJOHNFFBQ27DA
民雄鄉,房地(土地+建物),嘉義縣民雄鄉北斗村8鄰覆鼎金31~60號,72.51,住,,,1070501,土地3建物1車位0,全,三層,透天厝,見其他登記事項,鋼筋混凝土造,0840724,135.23,3,1,2,有,無,2800000,20705,,0.0,0,,RPPNMLSJOHNFFCQ17DA
水上鄉,土地,北回段331~360地號,95.09,住,,,1070501,土地1建物0車位0,,,其他,,,,0.0,0,0,0,有,無,1658370,17440,,0.0,0,,RPQNMLLJOHNFFDQ66DA
中埔鄉,土地,忠義段1231~1260地號,375.05,農,,,1070501,土地2建物0車位0,,,其他,,,,0.0,0,0,0,有,無,4414338,11770,,0.0,0,,RPTNMLRJOHNFFDQ57DA
竹崎鄉,房地(土地+建物),嘉義縣竹崎鄉鹿滿村麻箕埔61~90號,93.88,,一般農業區,甲種建築用地,1070501,土地1建物1車位0,全,四層,透天厝,見其他登記事項,鋼筋混凝土造,1070222,191.42,4,1,3,有,無,6800000,35524,,0.0,0,,RPTNMLSJOHNFFEQ87EA
民雄鄉,土地,豐收段661~690地號,81.86,,鄉村區,乙種建築用地,1070501,土地1建物0車位0,,,其他,,,,0.0,0,0,0,有,無,891360,10889,,0.0,0,,RPRNMLLJOHNFFCQ76EA
民雄鄉,土地,菁埔段菁埔小段991~1020地號,2305.0,,特定農業區,農牧用地,1061201,土地1建物0車位0,,,其他,,,,0.0,0,0,0,有,無,3918500,1700,,0.0,0,,RPUNMLPJOHNFFCQ27CA
民雄鄉,土地,菁埔段菁埔小段991~1020地號,2375.0,,特定農業區,農牧用地,1061201,土地1建物0車位0,,,其他,,,,0.0,0,0,0,有,無,4037500,1700,,0.0,0,,RPVNMLPJOHNFFCQ37CA
民雄鄉,房地(土地+建物),嘉義縣大林鎮北斗村北勢子91~120號,81.17,住,,,1070401,土地2建物1車位0,全,三層,透天厝,住家用,鋼筋混凝土造,1000315,154.59,4,1,3,有,無,6700000,43340,,0.0,0,,RPRNMLNKOHNFFCQ86CA
大林鎮,房地(土地+建物)+車位,嘉義縣大林鎮西林里18鄰祥和路241~270號,101.06,住,,,1070401,土地1建物2車位1,全,三層,透天厝,住商用,鋼筋混凝土造,0830630,286.97,5,2,3,有,無,8250000,28749,坡道平面,16.4,0,,RPPNMLPKOHNFFCQ86CA
民雄鄉,土地,東湖段1441~1470地號,109.56,,鄉村區,乙種建築用地,1070501,土地4建物0車位0,,,其他,,,,0.0,0,0,0,有,無,1300000,11866,,0.0,0,未保存建物二棟買賣價格62000元整,RPPNMLQLOHNFFCQ07CA
民雄鄉,土地,竹子段61~90地號,13.22,,鄉村區,交通用地,1070501,土地1建物0車位0,,,其他,,,,0.0,0,0,0,有,無,104000,7867,,0.0,0,,RPOOMLLJOHNFFCQ98CA
民雄鄉,房地(土地+建物),嘉義縣民雄鄉?福村建國路二段121~150號,299.6,農,,,1070501,土地4建物1車位0,全,三層,透天厝,住家用,鋼筋混凝土造,1000322,125.79,3,1,3,有,無,12000000,95397,,0.0,0,,RPPNMLPJOHNFFCQ76CA
義竹鄉,土地,溪洲段溪洲小段121~150地號,2272.0,,特定農業區,農牧用地,1070501,土地1建物0車位0,,,其他,,,,0.0,0,0,0,有,無,1840320,810,,0.0,0,,RPPNMLMJOHNFFBQ98CA
朴子市,土地,鴨母寮段竹村小段1291~1320地號,1020.0,,特定農業區,農牧用地,1070501,土地1建物0車位0,,,其他,,,,0.0,0,0,0,有,無,3000000,2941,,0.0,0,,RPRNMLOJOHNFFBQ76CA
朴子市,土地,大德興段1141~1170地號,1842.23,,特定農業區,農牧用地,1070501,土地1建物0車位0,,,其他,,,,0.0,0,0,0,有,無,15000000,8142,,0.0,0,,RPTNMLLJOHNFFBQ66CA
布袋鎮,房地(土地+建物),嘉義縣布袋鎮中山路301~330號,90.74,商,,,1070501,土地1建物1車位0,一層，二層，三層，騎樓,三層,店面(店鋪),住商用,鋼筋混凝土造,0820603,152.99,4,2,3,有,無,2960000,19348,,0.0,0,,RPRNMLQKOHNFFBQ07CA
水上鄉,房地(土地+建物),嘉義縣水上鄉水上村華林街18巷1~30號,100.7,住,,,1050501,土地1建物1車位0,全,三層,透天厝,住家用,鋼筋混凝土造,1061018,183.54,4,2,3,有,無,7750000,42225,,0.0,0,,RPTPMLOJOHNFFDQ37CA
水上鄉,房地(土地+建物),嘉義縣水上鄉柳林村柳子林1~30號,83.2,,鄉村區,乙種建築用地,1070501,土地1建物1車位0,全,三層,透天厝,見其他登記事項,鋼筋混凝土造,1061222,158.62,4,1,3,有,無,6020000,37952,,0.0,0,,RPOOMLRJOHNFFDQ07CA
太保市,房地(土地+建物),嘉義縣太保市崙頂里橋子頭61~90號,97.5,住,,,1070401,土地3建物1車位0,全,四層,透天厝,見其他登記事項,鋼筋混凝土造,0900502,161.75,4,3,3,有,無,3800000,23493,,0.0,0,,RPXNMLKLOHNFFDQ37CA
義竹鄉,土地,六桂段511~540地號,83.22,住,,,1070501,土地1建物0車位0,,,其他,,,,0.0,0,0,0,有,無,720001,8652,,0.0,0,,RPQNMLMJOHNFFBQ56DA
