﻿編號,土地區段位置,土地移轉面積(平方公尺),使用分區或編定
The serial number,land sector position,land shifting area (square meter),the use zoning or compiles and checks
RPUNMLLLNHNFFBQ86CA,灣北段,222.34,非都市：鄉村區 ; 非都市編定：乙種建築用地
RPQNMLNLNHNFFCQ76CA,潭大段,177.04,非都市：特定農業區 ; 非都市編定：甲種建築用地
RPVNMLOLNHNFFCQ37CA,水頭段,77.83,非都市：鄉村區 ; 非都市編定：乙種建築用地
RPSNMLOLNHNFFBQ96CA,下竹圍段佳禾小段,161.00,非都市：特定農業區 ; 非都市編定：甲種建築用地
RPQNMLOLNHNFFBQ76CA,溪口段,1401.06,非都市：特定農業區 ; 非都市編定：農牧用地
RPPNMLQLNHNFFBQ86CA,中興段,83.51,都市：住
RPQNMLPLNHNFFCQ96CA,大埔美段大美小段,14263.00,非都市：工業區 ; 非都市編定：丁種建築用地
RPQNMLPLNHNFFCQ96CA,大埔美段大美小段,15961.00,非都市：工業區 ; 非都市編定：丁種建築用地
RPVNMLMLNHNFFDQ27CA,中興段,355.31,都市：農
RPVNMLMLNHNFFDQ27CA,中興段,1074.60,都市：農
RPVNMLMLNHNFFDQ27CA,中興段,1073.35,都市：農
RPVNMLMLNHNFFDQ27CA,中興段,1073.93,都市：農
RPVNMLMLNHNFFDQ27CA,中興段,1073.72,都市：農
RPRNMLPLNHNFFDQ17CA,段,595.00,非都市：特定農業區 ; 非都市編定：農牧用地
RPQNMLOLNHNFFCQ86CA,東榮段,33.21,都市：住
RPSPMLRLNHNFFDQ67CA,柳鄉段,78.34,非都市：特定農業區 ; 非都市編定：甲種建築用地
RPSPMLRLNHNFFDQ67CA,柳鄉段,.29,非都市：特定農業區 ; 非都市編定：甲種建築用地
RPSPMLRLNHNFFDQ67CA,柳鄉段,33.73,非都市：特定農業區 ; 非都市編定：甲種建築用地
RPUPMLRLNHNFFDQ87CA,柳鄉段,72.13,非都市：特定農業區 ; 非都市編定：甲種建築用地
RPUPMLRLNHNFFDQ87CA,柳鄉段,.29,非都市：特定農業區 ; 非都市編定：甲種建築用地
RPUPMLRLNHNFFDQ87CA,柳鄉段,33.73,非都市：特定農業區 ; 非都市編定：甲種建築用地
RPTPMLRLNHNFFDQ77CA,柳鄉段,73.27,非都市：特定農業區 ; 非都市編定：甲種建築用地
RPTPMLRLNHNFFDQ77CA,柳鄉段,.29,非都市：特定農業區 ; 非都市編定：甲種建築用地
RPTPMLRLNHNFFDQ77CA,柳鄉段,33.73,非都市：特定農業區 ; 非都市編定：甲種建築用地
RPVPMLRLNHNFFDQ97CA,柳鄉段,66.43,非都市：特定農業區 ; 非都市編定：甲種建築用地
RPVPMLRLNHNFFDQ97CA,柳鄉段,.29,非都市：特定農業區 ; 非都市編定：甲種建築用地
RPVPMLRLNHNFFDQ97CA,柳鄉段,33.73,非都市：特定農業區 ; 非都市編定：甲種建築用地
RPPNMLNLNHNFFEQ86CA,真武段,83.21,都市：住
RPPNMLNLNHNFFEQ86CA,真武段,945.11,都市：住
RPPNMLNLNHNFFEQ86CA,真武段,559.05,都市：住
RPPNMLNLNHNFFEQ86CA,真武段,68.01,都市：農
RPRNMLMKOHNFFDQ86CA,柳林段,62.83,非都市：鄉村區 ; 非都市編定：乙種建築用地
RPQNMLMLNHNFFDQ76CA,南靖段南和小段,67.00,非都市：鄉村區 ; 非都市編定：乙種建築用地
RPQNMLMLNHNFFBQ66DA,新庄段農牧小段,1463.00,非都市：特定農業區 ; 非都市編定：農牧用地
RPTNMLSLNHNFFEQ77CA,緞厝寮段,897.00,非都市：一般農業區 ; 非都市編定：農牧用地
RPTNMLSLNHNFFEQ77CA,緞厝寮段,5645.00,非都市：一般農業區 ; 非都市編定：農牧用地
RPTNMLSLNHNFFEQ77CA,緞厝寮段,533.00,非都市：一般農業區 ; 非都市編定：農牧用地
RPTNMLSLNHNFFEQ77CA,緞厝寮段,1743.00,非都市：山坡地保育區 ; 非都市編定：農牧用地
RPTNMLSLNHNFFEQ77CA,緞厝寮段,871.00,非都市：山坡地保育區 ; 非都市編定：農牧用地
RPTNMLSLNHNFFEQ77CA,緞厝寮段,2580.00,非都市：一般農業區 ; 非都市編定：農牧用地
RPPNMLNLNHNFFBQ66DA,六興段,34.80,都市：住
RPTNMLLJOHNFFDQ96DA,祥和段,103.80,都市：住
RPTNMLLJOHNFFDQ96DA,祥和段,24.87,都市：住
RPTNMLLJOHNFFDQ96DA,祥和段,20.48,都市：住
RPQNMLNLNHNFFBQ76DA,埤子頭段埤前小段,2060.00,非都市：特定農業區 ; 非都市編定：農牧用地
RPRNMLOLNHNFFBQ96DA,雙連潭段連潭小段,235.17,非都市：鄉村區 ; 非都市編定：乙種建築用地
RPOQMLRLNHNFFDQ37CA,柳鄉段,66.90,非都市：特定農業區 ; 非都市編定：甲種建築用地
RPOQMLRLNHNFFDQ37CA,柳鄉段,.29,非都市：特定農業區 ; 非都市編定：甲種建築用地
RPOQMLRLNHNFFDQ37CA,柳鄉段,33.73,非都市：特定農業區 ; 非都市編定：甲種建築用地
RPPNMLKLOHNFFCQ66EA,本廳段,717.50,非都市：鄉村區 ; 非都市編定：乙種建築用地
RPPNMLKLOHNFFCQ66EA,本廳段,168.34,非都市：鄉村區 ; 非都市編定：乙種建築用地
RPUNMLOLNHNFFEQ47CA,圳頭段,3264.00,都市：農
RPTNMLTLNHNFFDQ77CA,灣潭子段,3037.00,非都市：山坡地保育區 ; 非都市編定：農牧用地
RPTNMLTLNHNFFDQ77CA,灣潭子段,3037.00,非都市：山坡地保育區 ; 非都市編定：農牧用地
RPTNMLTLNHNFFDQ77CA,灣潭子段,3037.00,非都市：山坡地保育區 ; 非都市編定：農牧用地
RPUNMLMLNHNFFDQ17CA,隆恩段,108.14,非都市：特定農業區 ; 非都市編定：甲種建築用地
RPOOMLLJOHNFFDQ09CA,水南段,36.69,都市：住
RPOOMLLJOHNFFDQ09CA,水南段,91.77,都市：住
RPOOMLLJOHNFFDQ09CA,水南段,.76,都市：住
RPOOMLLJOHNFFDQ09CA,水南段,.75,都市：住
RPOOMLLJOHNFFDQ09CA,水南段,5.61,都市：住
RPUNMLTLNHNFFDQ87CA,灣潭子段,3126.00,非都市：山坡地保育區 ; 非都市編定：農牧用地
RPQNMLQKOHNFFDQ17CA,新舊埤段,35.99,非都市：鄉村區 ; 非都市編定：乙種建築用地
RPQNMLQKOHNFFDQ17CA,新舊埤段,10.80,非都市：鄉村區 ; 非都市編定：乙種建築用地
RPWNMLKMNHNFFDQ27CA,後庄段,78.85,非都市：鄉村區 ; 非都市編定：乙種建築用地
RPVNMLMJOHNFFDQ17CA,嘉新段,17.99,都市：住
RPWPMLRLNHNFFDQ08CA,柳鄉段,77.26,非都市：特定農業區 ; 非都市編定：甲種建築用地
RPWPMLRLNHNFFDQ08CA,柳鄉段,.29,非都市：特定農業區 ; 非都市編定：甲種建築用地
RPWPMLRLNHNFFDQ08CA,柳鄉段,33.73,非都市：特定農業區 ; 非都市編定：甲種建築用地
RPWPMLRLNHNFFDQ08CA,柳鄉段,22.50,非都市：特定農業區 ; 非都市編定：甲種建築用地
RPPQMLRLNHNFFDQ47CA,柳鄉段,.29,非都市：特定農業區 ; 非都市編定：甲種建築用地
RPPQMLRLNHNFFDQ47CA,柳鄉段,33.73,非都市：特定農業區 ; 非都市編定：甲種建築用地
RPPQMLRLNHNFFDQ47CA,柳鄉段,91.60,非都市：特定農業區 ; 非都市編定：甲種建築用地
RPXPMLRLNHNFFDQ18CA,柳鄉段,69.83,非都市：特定農業區 ; 非都市編定：甲種建築用地
RPXPMLRLNHNFFDQ18CA,柳鄉段,.29,非都市：特定農業區 ; 非都市編定：甲種建築用地
RPXPMLRLNHNFFDQ18CA,柳鄉段,33.73,非都市：特定農業區 ; 非都市編定：甲種建築用地
RPXPMLRLNHNFFDQ18CA,柳鄉段,13.50,非都市：特定農業區 ; 非都市編定：甲種建築用地
RPUOMLNLNHNFFDQ37CA,過溝段過溝小段,3624.00,都市：農
RPVOMLNLNHNFFDQ47CA,過溝段過溝小段,2546.00,非都市：特定農業區 ; 非都市編定：農牧用地
RPQNMLLKOHNFFBQ09CA,義竹段義竹小段,3960.00,非都市：特定農業區 ; 非都市編定：農牧用地
RPQNMLLKOHNFFBQ09CA,義竹段義竹小段,3952.00,非都市：特定農業區 ; 非都市編定：農牧用地
RPTNMLLKOHNFFBQ76CA,新寮段,143.55,都市：農
RPPNMLSKOHNFFBQ07CA,嘉朴段,5.36,都市：商
RPSOMLPJOHNFFBQ07CA,考試潭段鹿安小段,983.68,非都市：一般農業區 ; 非都市編定：農牧用地
RPSOMLPJOHNFFBQ07CA,考試潭段鹿安小段,983.68,非都市：一般農業區 ; 非都市編定：農牧用地
RPSOMLPJOHNFFBQ07CA,考試潭段鹿安小段,983.68,非都市：一般農業區 ; 非都市編定：農牧用地
RPSOMLPJOHNFFBQ07CA,考試潭段鹿安小段,983.68,非都市：一般農業區 ; 非都市編定：農牧用地
RPUNMLOLNHNFFCQ27CA,菁埔段中和小段,511.00,非都市：特定農業區 ; 非都市編定：農牧用地
RPTNMLOLNHNFFCQ17CA,菁埔段菁埔小段,1943.00,非都市：特定農業區 ; 非都市編定：農牧用地
RPRNMLNLNHNFFBQ76CA,竹子腳段竹嘉小段,2331.00,非都市：特定農業區 ; 非都市編定：農牧用地
RPRNMLNLNHNFFBQ76CA,竹子腳段竹嘉小段,2331.00,非都市：特定農業區 ; 非都市編定：農牧用地
RPVNMLNLNHNFFBQ17CA,牛稠底段新富小段,4290.00,非都市：特定農業區 ; 非都市編定：農牧用地
RPVNMLNLNHNFFBQ17CA,過路子段,832.00,非都市：一般農業區 ; 非都市編定：水利用地
RPVNMLNLNHNFFBQ17CA,過路子段,2481.00,非都市：一般農業區 ; 非都市編定：水利用地
RPVNMLNLNHNFFBQ17CA,過路子段,694.00,非都市：一般農業區 ; 非都市編定：水利用地
RPVNMLNLNHNFFBQ17CA,過路子段,1338.00,非都市：一般農業區 ; 非都市編定：水利用地
RPVNMLNLNHNFFBQ17CA,過路子段,2487.00,非都市：一般農業區 ; 非都市編定：水利用地
RPVNMLNLNHNFFBQ17CA,過路子段,534.11,非都市：一般農業區 ; 非都市編定：水利用地
RPUNMLNLNHNFFBQ07CA,溪洲段溪洲小段,3109.00,非都市：特定農業區 ; 非都市編定：農牧用地
RPSNMLQJOHNFFCQ17CA,三間厝段,75.08,非都市：一般農業區 ; 非都市編定：農牧用地
RPQOMLLMNHNFFCQ76CA,溪東段,87.36,都市：住
RPROMLLMNHNFFCQ86CA,頭橋段工業小段,19.77,都市：住
RPROMLLMNHNFFCQ86CA,世興段,.01,都市：住
RPROMLLMNHNFFCQ86CA,世興段,2.57,都市：住
RPUNMLPLNHNFFCQ37CA,厝子段厝子小段,3509.00,非都市：特定農業區 ; 非都市編定：農牧用地
RPQNMLSJOHNFFCQ17CA,中林段中林小段,2700.00,非都市：特定農業區 ; 非都市編定：農牧用地
RPQNMLLJOHNFFBQ98CA,新寮段,720.25,都市：農
RPPNMLOLNHNFFBQ66CA,景山段,80.46,都市：住
RPQNMLSKOHNFFBQ17CA,嘉朴段,5.36,都市：商
RPQNMLNLNHNFFEQ96CA,內甕段,15.00,都市：住
RPQOMLMJOHNFFDQ76CA,新番子寮段,4091.58,非都市：一般農業區 ; 非都市編定：農牧用地
RPRNMLNLNHNFFEQ07CA,大湖段,87.33,非都市：森林區 ; 非都市編定：丙種建築用地
RPWNMLMJOHNFFDQ27CA,王爺段,75.67,非都市：鄉村區 ; 非都市編定：乙種建築用地
RPPNMLPLNHNFFDQ96CA,金蘭段,665.04,非都市：特定農業區 ; 非都市編定：甲種建築用地
RPTNMLNLNHNFFBQ07DA,港墘厝段龍港小段,3302.00,非都市：一般農業區 ; 非都市編定：農牧用地
RPUNMLOJOHNFFDQ27CA,嘉新段,119.18,都市：住
RPUNMLOJOHNFFDQ27CA,嘉新段,22.62,都市：住
RPQNMLLKOHNFFEQ76CA,內甕段,126.50,都市：住
RPQPMLOJOHNFFDQ07CA,嘉保段,.58,都市：住
RPQPMLOJOHNFFDQ07CA,嘉保段,114.48,都市：住
RPQPMLOJOHNFFDQ07CA,嘉保段,.24,都市：住
RPQPMLOJOHNFFDQ07CA,嘉保段,.42,都市：住
RPQPMLOJOHNFFDQ07CA,嘉保段,.03,都市：住
RPQPMLOJOHNFFDQ07CA,嘉保段,.29,都市：住
RPQPMLOJOHNFFDQ07CA,嘉保段,.46,都市：住
RPQPMLOJOHNFFDQ07CA,嘉保段,.17,都市：住
RPQPMLOJOHNFFDQ07CA,嘉保段,.03,都市：住
RPTNMLTLNHNFFEQ87CA,大草埔段,1028.00,非都市：山坡地保育區 ; 非都市編定：農牧用地
RPRNMLKMNHNFFDQ76CA,和雲段,100.24,非都市：鄉村區 ; 非都市編定：乙種建築用地
RPPNMLOJOHNFFEQ86CA,山子門段,4.50,非都市：鄉村區 ; 非都市編定：乙種建築用地
RPPNMLOJOHNFFEQ86CA,山子門段,448.00,非都市：鄉村區 ; 非都市編定：乙種建築用地
RPPNMLOJOHNFFEQ86CA,山子門段,24.00,非都市：鄉村區 ; 非都市編定：乙種建築用地
RPXNMLRJOHNFFDQ87CA,柳新段,27.40,非都市：鄉村區 ; 非都市編定：乙種建築用地
RPXNMLRJOHNFFDQ87CA,柳新段,89.45,非都市：鄉村區 ; 非都市編定：乙種建築用地
RPXOMLOJOHNFFDQ67CA,嘉保段,114.48,都市：住
RPXOMLOJOHNFFDQ67CA,嘉保段,.58,都市：住
RPXOMLOJOHNFFDQ67CA,嘉保段,.24,都市：住
RPXOMLOJOHNFFDQ67CA,嘉保段,.42,都市：住
RPXOMLOJOHNFFDQ67CA,嘉保段,.03,都市：住
RPXOMLOJOHNFFDQ67CA,嘉保段,.29,都市：住
RPXOMLOJOHNFFDQ67CA,嘉保段,.46,都市：住
RPXOMLOJOHNFFDQ67CA,嘉保段,.17,都市：住
RPXOMLOJOHNFFDQ67CA,嘉保段,.03,都市：住
RPQNMLOLNHNFFDQ96CA,三界埔段,286.00,非都市：山坡地保育區 ; 非都市編定：丙種建築用地
RPQNMLOLNHNFFDQ96CA,三界埔段,71.00,非都市：山坡地保育區 ; 非都市編定：丙種建築用地
RPQNMLOLNHNFFDQ96CA,三界埔段,13.50,非都市：山坡地保育區 ; 非都市編定：丙種建築用地
RPXNMLPLNHNFFDQ77CA,過溝段過溝小段,21.76,都市：住
RPXNMLPLNHNFFDQ77CA,過溝段過溝小段,.25,都市：住
RPXNMLPLNHNFFDQ77CA,過溝段過溝小段,76.00,都市：住
RPUNMLPLNHNFFDQ47CA,柳鄉段,66.38,非都市：鄉村區 ; 非都市編定：乙種建築用地
RPVNMLTLNHNFFBQ77CA,頭竹圍段竹圍小段,450.00,非都市：鄉村區 ; 非都市編定：乙種建築用地
RPRPMLRLNHNFFDQ57CA,柳鄉段,83.41,非都市：特定農業區 ; 非都市編定：甲種建築用地
RPTNMLSJOHNFFBQ37CA,頂揖子寮段頂揖小段,3910.00,非都市：一般農業區 ; 非都市編定：農牧用地
RPRPMLRLNHNFFDQ57CA,柳鄉段,.29,非都市：特定農業區 ; 非都市編定：甲種建築用地
RPRPMLRLNHNFFDQ57CA,柳鄉段,33.73,非都市：特定農業區 ; 非都市編定：甲種建築用地
RPTNMLPLNHNFFCQ27CA,民農段,9.03,都市：住
RPRNMLPKOHNFFCQ07CA,中坑段,9350.00,非都市：一般農業區 ; 非都市編定：農牧用地
RPRNMLPKOHNFFCQ07CA,中坑段,9340.00,非都市：一般農業區 ; 非都市編定：農牧用地
RPRNMLPKOHNFFCQ07CA,中坑段,803.00,非都市：一般農業區 ; 非都市編定：農牧用地
RPRNMLPKOHNFFCQ07CA,中坑段,9180.00,非都市：一般農業區 ; 非都市編定：農牧用地
RPRNMLPKOHNFFCQ07CA,中坑段,6018.00,非都市：一般農業區 ; 非都市編定：農牧用地
RPRNMLPKOHNFFCQ07CA,中坑段,3967.00,非都市：一般農業區 ; 非都市編定：農牧用地
RPWNMLLMNHNFFCQ27CA,北斗段,426.35,都市：商
RPPOMLLJOHNFFCQ09CA,大潭段北潭小段,4386.00,非都市：特定農業區 ; 非都市編定：農牧用地
RPPNMLQKOHNFFCQ96CA,林子前段三和小段,77.00,非都市：特定農業區 ; 非都市編定：甲種建築用地
RPWNMLOJOHNFFDQ57DA,柚子宅段,136.00,非都市：山坡地保育區 ; 非都市編定：農牧用地
RPPNMLOLNHNFFDQ96DA,南新段,663.32,都市：工
RPPNMLOLNHNFFDQ96DA,南新段,40.42,都市：工
RPQNMLQKOHNFFCQ07CA,北斗段,94.19,都市：住
RPTNMLTLNHNFFCQ87EA,中樂段,45.00,都市：住
RPQNMLSLNHNFFDQ47DA,新大崙段,178.80,非都市：鄉村區 ; 非都市編定：乙種建築用地
RPQNMLSLNHNFFDQ47DA,新大崙段,26.84,非都市：鄉村區 ; 非都市編定：乙種建築用地
RPQNMLSLNHNFFDQ47DA,新大崙段,19.08,非都市：鄉村區 ; 非都市編定：乙種建築用地
RPQNMLSLNHNFFCQ37DA,義興段,10.72,都市：住
RPXNMLOJOHNFFDQ67DA,柚子宅段,238.00,非都市：山坡地保育區 ; 非都市編定：農牧用地
RPQNMLSLNHNFFBQ17CA,頭竹圍段竹圍小段,5630.00,非都市：特定農業區 ; 非都市編定：農牧用地
RPSNMLMLOHNFFDQ17DA,溪安段,49.58,非都市：鄉村區 ; 非都市編定：乙種建築用地
RPPNMLSKOHNFFCQ17CA,豐收段,21.83,非都市：鄉村區 ; 非都市編定：乙種建築用地
RPPNMLTLNHNFFCQ37DA,坪頂段,2976.72,非都市：特定農業區 ; 非都市編定：農牧用地
RPPNMLOJOHNFFCQ66CA,新庄段,30.17,非都市：鄉村區 ; 非都市編定：乙種建築用地
RPRNMLPLNHNFFBQ96CA,東石段,46.70,非都市：鄉村區 ; 非都市編定：乙種建築用地
RPTNMLMLOHNFFDQ27DA,溪安段,99.17,非都市：一般農業區 ; 非都市編定：農牧用地
RPPNMLSLNHNFFDQ27CA,大義段,4879.37,都市：農
RPPNMLTLNHNFFDQ37CA,中興段,112.34,都市：住
RPOOMLMJOHNFFDQ56CA,頂潭段頂潭小段,3164.00,非都市：特定農業區 ; 非都市編定：農牧用地
RPOOMLMJOHNFFDQ56CA,頂潭段頂潭小段,2981.00,非都市：特定農業區 ; 非都市編定：農牧用地
RPOOMLMJOHNFFDQ56CA,頂潭段頂潭小段,4383.00,非都市：特定農業區 ; 非都市編定：農牧用地
RPQNMLTLNHNFFEQ57CA,內埔子段,1731.00,非都市：山坡地保育區 ; 非都市編定：農牧用地
RPQNMLTLNHNFFEQ57CA,內埔子段,279.00,非都市：山坡地保育區 ; 非都市編定：丙種建築用地
RPQNMLTLNHNFFEQ57CA,內埔子段,1137.00,非都市：山坡地保育區 ; 非都市編定：農牧用地
RPQNMLTLNHNFFEQ57CA,內埔子段,1169.00,非都市：山坡地保育區 ; 非都市編定：農牧用地
RPQNMLTLNHNFFEQ57CA,內埔子段,630.00,非都市：山坡地保育區 ; 非都市編定：農牧用地
RPQNMLTLNHNFFEQ57CA,內埔子段,446.00,非都市：山坡地保育區 ; 非都市編定：農牧用地
RPQNMLLMNHNFFEQ86CA,龍眼林段,1050.00,非都市：山坡地保育區 ; 非都市編定：農牧用地
RPRNMLKMNHNFFBQ66DA,德安段,108.84,都市：住
RPRNMLTLNHNFFBQ47DA,網寮段,130.16,非都市：鄉村區 ; 非都市編定：乙種建築用地
RPPOMLLJOHNFFDQ56CA,埔東段,25.09,都市：商
RPPOMLLJOHNFFDQ56CA,埔東段,45.45,都市：其他
RPOPMLOJOHNFFDQ86CA,嘉保段,1.27,都市：住
RPOPMLOJOHNFFDQ86CA,嘉保段,176.61,都市：住
RPOPMLOJOHNFFDQ86CA,嘉保段,8.73,都市：住
RPOPMLOJOHNFFDQ86CA,嘉保段,.32,都市：住
RPOPMLOJOHNFFDQ86CA,嘉保段,.97,都市：住
RPOPMLOJOHNFFDQ86CA,嘉保段,.97,都市：住
RPOPMLOJOHNFFDQ86CA,嘉保段,.09,都市：住
RPOPMLOJOHNFFDQ86CA,嘉保段,.76,都市：住
RPPNMLKMNHNFFDQ56CA,麻寮段,22.23,都市：住
RPRPMLOJOHNFFDQ17CA,水南段,107.06,都市：住
RPUNMLLJOHNFFBQ76CA,德安段,101.00,都市：住
RPPNMLKMNHNFFBQ98CA,中正段,4.00,都市：其他
RPPNMLKMNHNFFBQ98CA,中正段,72.00,都市：住
RPPNMLLMNHNFFDQ66CA,中庄段,43.10,非都市：鄉村區 ; 非都市編定：乙種建築用地
RPRNMLOJOHNFFCQ86CA,番子段番子小段,1201.00,非都市：特定農業區 ; 非都市編定：農牧用地
RPSNMLTLNHNFFCQ57CA,菁埔段菁埔小段,1303.00,非都市：特定農業區 ; 非都市編定：甲種建築用地
RPUNMLTLNHNFFCQ77CA,福興段,96.67,非都市：鄉村區 ; 非都市編定：乙種建築用地
RPUNMLTLNHNFFCQ77CA,福興段,17.13,非都市：鄉村區 ; 非都市編定：乙種建築用地
RPPNMLKMNHNFFCQ09CA,中工段,231.10,非都市：工業區 ; 非都市編定：丁種建築用地
RPUNMLLKOHNFFCQ96CA,新庄段,44.61,非都市：鄉村區 ; 非都市編定：乙種建築用地
RPPOMLTKOHNFFEQ57CA,大湖段,262.00,非都市：森林區 ; 非都市編定：丙種建築用地
RPPNMLLKOHNFFEQ66CA,內甕段,126.50,都市：住
RPOOMLOJOHNFFDQ86DA,護生段,99.38,非都市：鄉村區 ; 非都市編定：乙種建築用地
RPTNMLSJOHNFFCQ67EA,金興段,92.78,都市：住
RPPOMLOJOHNFFDQ96DA,護生段,96.88,非都市：鄉村區 ; 非都市編定：乙種建築用地
RPSOMLOJOHNFFDQ27DA,護生段,99.62,非都市：鄉村區 ; 非都市編定：乙種建築用地
RPQOMLOJOHNFFDQ07DA,護生段,98.25,非都市：鄉村區 ; 非都市編定：乙種建築用地
RPWOMLOJOHNFFDQ67DA,護生段,102.96,非都市：鄉村區 ; 非都市編定：乙種建築用地
RPVOMLOJOHNFFDQ57DA,護生段,94.93,非都市：鄉村區 ; 非都市編定：乙種建築用地
RPSNMLLMNHNFFEQ27EA,樟樹坪段,1461.00,非都市：山坡地保育區 ; 非都市編定：農牧用地
RPOOMLLKOHNFFCQ09CA,秀林段,13.91,非都市：一般農業區 ; 非都市編定：農牧用地
RPRNMLLKOHNFFCQ66CA,金興段,84.78,都市：住
RPXNMLLKOHNFFCQ27CA,秀林段,13.91,非都市：一般農業區 ; 非都市編定：農牧用地
RPUOMLOJOHNFFDQ47DA,護生段,98.63,非都市：鄉村區 ; 非都市編定：乙種建築用地
RPQNMLLMNHNFFCQ66CA,公園段,.10,都市：其他
RPPOMLLKOHNFFCQ56CA,秀林段,166.88,非都市：一般農業區 ; 非都市編定：農牧用地
RPTOMLOJOHNFFDQ37DA,護生段,100.92,非都市：鄉村區 ; 非都市編定：乙種建築用地
RPVNMLMLOHNFFBQ17CA,德安段,29.50,都市：住
RPVNMLMLOHNFFBQ17CA,德安段,131.00,都市：住
RPUNMLLMNHNFFCQ07CA,新庄段,2969.10,非都市：一般農業區 ; 非都市編定：農牧用地
RPXNMLLMNHNFFCQ37CA,大崎段,1.60,都市：住
RPXNMLLMNHNFFCQ37CA,大崎段,62.17,都市：住
RPXNMLLMNHNFFCQ37CA,大崎段,12.89,都市：住
RPRNMLLJOHNFFBQ09CA,吳竹子腳段德家小段,4143.00,非都市：特定農業區 ; 非都市編定：農牧用地
RPUNMLLKOHNFFBQ86CA,內厝段,13.83,都市：住
RPUNMLLKOHNFFBQ86CA,內厝段,11.13,都市：住
RPVNMLLKOHNFFBQ96CA,大德興段,3392.42,非都市：特定農業區 ; 非都市編定：農牧用地
RPXNMLLKOHNFFBQ17CA,下竹圍段佳禾小段,1839.00,都市：農
RPOOMLLKOHNFFBQ98CA,永和段,96.00,都市：住
RPTNMLLMNHNFFDQ07CA,頂港子墘段,6.20,非都市：鄉村區 ; 非都市編定：乙種建築用地
RPTNMLLMNHNFFDQ07CA,頂港子墘段,1.87,非都市：鄉村區 ; 非都市編定：乙種建築用地
RPRNMLLMNHNFFDQ86CA,嘉新段,10.63,都市：住
TPTNMLLMNHNFFDQ27CA,頂港子墘段,6.20,非都市：鄉村區 ; 非都市編定：乙種建築用地
TPTNMLLMNHNFFDQ27CA,頂港子墘段,1.87,非都市：鄉村區 ; 非都市編定：乙種建築用地
RPVNMLTLNHNFFDQ97CA,和溪段,100.71,非都市：特定農業區 ; 非都市編定：甲種建築用地
RPVNMLTLNHNFFDQ97CA,和溪段,18.68,非都市：特定農業區 ; 非都市編定：甲種建築用地
UPTNMLLMNHNFFDQ37CA,頂港子墘段,6.20,非都市：鄉村區 ; 非都市編定：乙種建築用地
UPTNMLLMNHNFFDQ37CA,頂港子墘段,1.87,非都市：鄉村區 ; 非都市編定：乙種建築用地
SPTNMLLMNHNFFDQ17CA,頂港子墘段,6.20,非都市：鄉村區 ; 非都市編定：乙種建築用地
SPTNMLLMNHNFFDQ17CA,頂港子墘段,1.87,非都市：鄉村區 ; 非都市編定：乙種建築用地
RPROMLMJOHNFFDQ86CA,柳新段,210.51,非都市：鄉村區 ; 非都市編定：乙種建築用地
RPSNMLKMNHNFFBQ76DA,六斗段,139.84,非都市：鄉村區 ; 非都市編定：乙種建築用地
RPQNMLOJOHNFFEQ96CA,五間厝段,129.89,非都市：鄉村區 ; 非都市編定：乙種建築用地
RPQNMLLMNHNFFDQ76CA,水南段,17.77,都市：住
RPQNMLLMNHNFFDQ76CA,水南段,61.59,都市：住
RPQNMLOJOHNFFEQ96CA,五間厝段,13.35,非都市：鄉村區 ; 非都市編定：乙種建築用地
RPRNMLLKOHNFFEQ86CA,番路段,6.06,非都市：一般農業區 ; 非都市編定：交通用地
RPRNMLLKOHNFFEQ86CA,番路段,7.91,非都市：一般農業區 ; 非都市編定：農牧用地
RPRNMLLKOHNFFEQ86CA,番路段,2560.00,非都市：一般農業區 ; 非都市編定：農牧用地
RPPNMLOJOHNFFDQ76CA,柳新段,101.40,非都市：鄉村區 ; 非都市編定：乙種建築用地
RPPNMLOJOHNFFDQ76CA,柳新段,34.73,非都市：鄉村區 ; 非都市編定：乙種建築用地
RPSNMLSJOHNFFBQ27CA,頂揖子寮段,277.62,非都市：一般農業區 ; 非都市編定：甲種建築用地
RPPNMLLMNHNFFEQ76CA,大坪段,4266.00,非都市：森林區 ; 非都市編定：農牧用地
RPPNMLKKOHNFFBQ88CA,安福段,43.00,都市：住
RPSPMLOJOHNFFDQ27CA,水南段,95.80,都市：住
RPRNMLTKOHNFFBQ37CA,港尾寮段豐美小段,942.00,非都市：特定農業區 ; 非都市編定：農牧用地
RPPNMLLJOHNFFBQ98DA,大榔段大鄉小段,120.00,非都市：鄉村區 ; 非都市編定：乙種建築用地
RPPNMLLJOHNFFBQ98DA,大榔段大鄉小段,546.00,非都市：鄉村區 ; 非都市編定：乙種建築用地
RPPOMLLMNHNFFCQ66CA,民農段,4.26,都市：住
RPPOMLLMNHNFFCQ66CA,民農段,88.82,都市：住
RPPNMLLMNHNFFBQ09CA,雙涵段,569.25,非都市：鄉村區 ; 非都市編定：乙種建築用地
RPPNMLLMNHNFFBQ09CA,雙涵段,325.51,非都市：鄉村區 ; 非都市編定：乙種建築用地
RPVNMLLJOHNFFBQ86CA,菜埔段永和小段,67.00,非都市：特定農業區 ; 非都市編定：甲種建築用地
SPSNMLSJOHNFFBQ37CA,頂揖子寮段,1945.50,非都市：一般農業區 ; 非都市編定：農牧用地
RPPNMLLMNHNFFCQ56CA,甘蔗崙段甘蔗崙小段,120.00,都市：住
RPTNMLOJOHNFFCQ07CA,甘蔗崙段甘蔗崙小段,93.00,都市：住
RPQNMLMJOHNFFCQ56CA,中洋子段,3591.00,非都市：特定農業區 ; 非都市編定：農牧用地
RPRNMLSJOHNFFCQ27CA,水頭段,12.68,非都市：鄉村區 ; 非都市編定：乙種建築用地
RPRNMLSJOHNFFCQ27CA,水頭段,30.30,非都市：鄉村區 ; 非都市編定：乙種建築用地
RPVNMLLKOHNFFCQ07CA,新庄段,44.61,非都市：鄉村區 ; 非都市編定：乙種建築用地
RPQOMLLJOHNFFCQ56CA,福南段,22.70,都市：住
RPQOMLLJOHNFFCQ56CA,福南段,95.56,都市：住
RPQOMLLJOHNFFCQ56CA,福南段,1.72,都市：住
RPQOMLLJOHNFFCQ56CA,福南段,1.72,都市：住
RPQOMLLJOHNFFCQ56CA,福南段,.25,都市：住
RPQNMLPJOHNFFCQ86CA,鴨母段文隆小段,1072.00,非都市：特定農業區 ; 非都市編定：農牧用地
RPQNMLPJOHNFFCQ86CA,鴨母段文隆小段,146.00,都市：農
RPQNMLPJOHNFFCQ86CA,鴨母段文隆小段,1817.00,非都市：特定農業區 ; 非都市編定：農牧用地
RPQNMLPJOHNFFCQ86CA,鴨母段文隆小段,236.00,都市：農
RPQNMLNKOHNFFEQ17EA,樟樹坪段,291.00,非都市：山坡地保育區 ; 非都市編定：農牧用地
RPTNMLNKOHNFFBQ07DA,竹子腳段竹嘉小段,1653.00,非都市：特定農業區 ; 非都市編定：農牧用地
RPTNMLQJOHNFFBQ27DA,嘉朴段,117.60,都市：住
RPTNMLSJOHNFFEQ87EA,溪心段,93.88,非都市：一般農業區 ; 非都市編定：甲種建築用地
RPTNMLQJOHNFFBQ27DA,嘉朴段,.42,都市：住
RPTNMLQJOHNFFBQ27DA,嘉朴段,.43,都市：住
RPTNMLQJOHNFFBQ27DA,嘉朴段,.45,都市：住
RPTNMLQJOHNFFBQ27DA,嘉朴段,14.67,都市：住
RPRNMLLJOHNFFCQ76EA,豐收段,81.86,非都市：鄉村區 ; 非都市編定：乙種建築用地
RPUNMLPJOHNFFCQ27CA,菁埔段菁埔小段,2305.00,非都市：特定農業區 ; 非都市編定：農牧用地
RPQNMLLJOHNFFDQ66DA,北回段,95.09,都市：住
RPQNMLOJOHNFFBQ76DA,文化段,5.10,都市：住
RPTNMLRJOHNFFDQ57DA,忠義段,308.53,都市：農
RPTNMLRJOHNFFDQ57DA,忠義段,66.52,都市：農
RPVNMLPJOHNFFCQ37CA,菁埔段菁埔小段,2375.00,非都市：特定農業區 ; 非都市編定：農牧用地
RPPNMLSJOHNFFCQ17DA,大崎段,42.67,都市：住
RPPNMLSJOHNFFCQ17DA,大崎段,1.67,都市：其他
RPPNMLSJOHNFFCQ17DA,大崎段,28.17,都市：住
RPPNMLPJOHNFFCQ76CA,福安段,21.82,都市：農
RPPNMLPJOHNFFCQ76CA,福安段,187.01,都市：農
RPPNMLPJOHNFFCQ76CA,福安段,4.27,都市：農
RPPNMLPJOHNFFCQ76CA,福安段,86.50,都市：農
RPRNMLNKOHNFFCQ86CA,北斗段,1.52,都市：住
RPRNMLNKOHNFFCQ86CA,北斗段,79.65,都市：住
RPPNMLPKOHNFFCQ86CA,西林段,101.06,都市：住
RPOOMLLJOHNFFCQ98CA,竹子段,13.22,非都市：鄉村區 ; 非都市編定：交通用地
RPRNMLOJOHNFFBQ76CA,鴨母寮段竹村小段,1020.00,非都市：特定農業區 ; 非都市編定：農牧用地
RPPNMLQLOHNFFCQ07CA,東湖段,31.79,非都市：鄉村區 ; 非都市編定：乙種建築用地
RPPNMLQLOHNFFCQ07CA,東湖段,33.54,非都市：鄉村區 ; 非都市編定：乙種建築用地
RPPNMLQLOHNFFCQ07CA,東湖段,17.16,非都市：鄉村區 ; 非都市編定：乙種建築用地
RPPNMLQLOHNFFCQ07CA,東湖段,27.06,非都市：鄉村區 ; 非都市編定：乙種建築用地
RPPNMLMJOHNFFBQ98CA,溪洲段溪洲小段,2272.00,非都市：特定農業區 ; 非都市編定：農牧用地
RPOOMLRJOHNFFDQ07CA,柳新段,83.20,非都市：鄉村區 ; 非都市編定：乙種建築用地
RPTNMLLJOHNFFBQ66CA,大德興段,1842.23,非都市：特定農業區 ; 非都市編定：農牧用地
RPQNMLMJOHNFFBQ56DA,六桂段,83.22,都市：住
RPRNMLQKOHNFFBQ07CA,新生段,90.74,都市：商
RPTPMLOJOHNFFDQ37CA,水南段,100.70,都市：住
RPXNMLKLOHNFFDQ37CA,崙子頂段,21.00,都市：住
RPXNMLKLOHNFFDQ37CA,崙子頂段,29.50,都市：住
RPXNMLKLOHNFFDQ37CA,崙子頂段,47.00,都市：住
