﻿name,title
鄉鎮市區,鄉鎮市區
交易標的,交易標的
土地區段位置或建物區門牌,土地區段位置或建物區門牌
土地移轉總面積(平方公尺),土地移轉總面積(平方公尺)
都市土地使用分區,都市土地使用分區
非都市土地使用分區,非都市土地使用分區
非都市土地使用編定,非都市土地使用編定
交易年月日,交易年月日
交易筆棟數,交易筆棟數
移轉層次,移轉層次
總樓層數,總樓層數
建物型態,建物型態
主要用途,主要用途
主要建材,主要建材
建築完成年月,建築完成年月
建物移轉總面積(平方公尺),建物移轉總面積(平方公尺)
建物現況格局-房,建物現況格局-房
建物現況格局-廳,建物現況格局-廳
建物現況格局-衛,建物現況格局-衛
建物現況格局-隔間,建物現況格局-隔間
有無管理組織,有無管理組織
總價元,總價(元)
單價(元/平方公尺),單價(元/平方公尺)
車位類別,車位類別
車位移轉總面積(平方公尺),車位移轉總面積(平方公尺)
車位總價(元),車位總價(元)
備註,備註
編號,編號