﻿編號,土地區段位置,土地移轉面積(平方公尺),使用分區或編定
The serial number,land sector position,land shifting area (square meter),the use zoning or compiles and checks
RPUNMLNLNHNFFAT27CA,竹林段,2010.63,非都市：特定農業區 ; 非都市編定：農牧用地
RPQOMLNLNHNFFAT96CA,田厝段,1007.00,非都市：特定農業區 ; 非都市編定：農牧用地
RPQOMLNLNHNFFAT96CA,田厝段,1658.00,非都市：特定農業區 ; 非都市編定：農牧用地
RPWNMLOLNHNFFAT57CA,香潭段,97.77,都市：農
RPWNMLOLNHNFFAT57CA,香潭段,2810.84,非都市：一般農業區 ; 非都市編定：農牧用地
RPSNMLNLNHNFFAT07CA,萬年段,11.84,都市：住
RPTNMLNLNHNFFAT17CA,檳榔腳段一小段,66.00,都市：住
RPUNMLSLNHNFFAT77CA,九平段,231.88,都市：住
RPUNMLSLNHNFFAT77CA,九平段,29.79,都市：住
RPQNMLPLNHNFFAT07CA,萬年段,22.00,都市：商
RPQNMLPLNHNFFAT07CA,萬年段,22.00,都市：商
RPQNMLPLNHNFFAT07CA,萬年段,48.87,都市：商
RPSNMLMLNHNFFBT07CA,大港洋段,70.00,都市：農
RPSNMLMLNHNFFBT07CA,大港洋段,70.00,都市：農
RPXOMLNLNHNFFAT67CA,舊街段三小段,75.00,都市：商
RPXOMLNLNHNFFAT67CA,舊街段三小段,121.00,都市：商
RPXOMLNLNHNFFAT67CA,舊街段三小段,10.00,都市：商
RPPNMLMLNHNFFBT76CA,新泰山段,3708.48,非都市：一般農業區 ; 非都市編定：特定目的事業用地
RPPNMLMLNHNFFBT76CA,新泰山段,145.59,非都市：一般農業區 ; 非都市編定：交通用地
RPQNMLMLNHNFFAT76CA,大同段,129.00,都市：住
RPPNMLMLNHNFFAT66CA,勝興段,12.08,都市：住
RPPNMLMLNHNFFAT66CA,勝興段,54.00,都市：住
RPPNMLMLNHNFFAT66CA,勝興段,3.38,都市：住
RPPNMLOLNHNFFBT96CA,大港洋段,114.50,都市：農
RPPNMLOLNHNFFBT96CA,大港洋段,114.50,都市：農
RPPNMLOLNHNFFBT96CA,大港洋段,49.50,都市：農
RPPNMLOLNHNFFBT96CA,大港洋段,49.50,都市：農
RPPNMLOLNHNFFBT96CA,大港洋段,99.00,都市：農
RPPNMLOLNHNFFBT96CA,大港洋段,99.00,都市：農
RPPNMLOLNHNFFBT96CA,大港洋段,78.00,都市：農
RPPNMLOLNHNFFBT96CA,大港洋段,78.00,都市：農
RPPNMLOLNHNFFBT96CA,大港洋段,94.50,都市：農
RPPNMLOLNHNFFBT96CA,大港洋段,94.50,都市：農
RPPNMLOLNHNFFBT96CA,大港洋段,88.50,都市：農
RPPNMLOLNHNFFBT96CA,大港洋段,88.50,都市：農
RPPNMLOLNHNFFBT96CA,大港洋段,41.50,都市：農
RPPNMLOLNHNFFBT96CA,大港洋段,41.50,都市：農
RPPNMLOLNHNFFBT96CA,大港洋段,129.00,都市：農
RPPNMLOLNHNFFBT96CA,大港洋段,129.00,都市：農
RPRNMLNLNHNFFBT07CA,洛陽段,111.13,非都市：鄉村區 ; 非都市編定：乙種建築用地
RPQNMLMLNHNFFCT96CA,新埔段,167.00,都市：農
RPQNMLMLNHNFFCT96CA,新埔段,62.00,都市：農
RPQNMLMLNHNFFCT96CA,新埔段,167.00,都市：農
RPVNMLNLNHNFFCT57CA,四春段,98.07,非都市：鄉村區 ; 非都市編定：乙種建築用地
RPPNMLNLNHNFFBT86CA,高朗段,27767.10,非都市：一般農業區 ; 非都市編定：農牧用地
RPPNMLKMNHNFFBT66CA,大路關段舊大路關小段,3944.00,非都市：一般農業區 ; 非都市編定：農牧用地
RPPNMLNLNHNFFCT96CA,潮中段,75.71,都市：住
RPOOMLOLNHNFFCT07CA,永春段,14.48,都市：住
RPWNMLLJOHNFFAT17CA,九如段,665.33,非都市：鄉村區 ; 非都市編定：乙種建築用地
RPPNMLRLNHNFFBT27CA,里平段,86.00,都市：住
RPPNMLRLNHNFFBT27CA,里平段,7.00,都市：住
RPRNMLOLNHNFFDT37CA,同安段,5765.89,非都市：一般農業區 ; 非都市編定：農牧用地
RPQPMLLMNHNFFAT96CA,新街段三小段,10.71,都市：住
RPQPMLLMNHNFFAT96CA,新街段三小段,.85,都市：住
RPQPMLLMNHNFFAT96CA,灰段,7.28,都市：住
RPQPMLLMNHNFFAT96CA,灰段,.54,都市：住
RPORMLSLNHNFFDT87CA,白沙段,54.21,都市：商
RPPNMLMLNHNFFET07CA,機場段,3307.16,非都市：一般農業區 ; 非都市編定：農牧用地
RPPNMLMLNHNFFET07CA,機場段,325.19,非都市：一般農業區 ; 非都市編定：農牧用地
RPPNMLMLNHNFFET07CA,機場段,377.48,非都市：一般農業區 ; 非都市編定：農牧用地
RPRNMLOJOHNFFAT96CA,長春段,20.29,都市：住
RPROMLMLNHNFFAT07DA,勝興段,25.13,都市：住
RPRNMLNLNHNFFDT37DA,富田段,70.74,非都市：鄉村區 ; 非都市編定：乙種建築用地
RPROMLLMNHNFFAT96CA,溝美段,53.00,都市：住
RPROMLLMNHNFFAT96CA,溝美段,17.00,都市：住
RPXNMLTKOHNFFCT38CA,上萬安段,192.17,非都市：鄉村區 ; 非都市編定：乙種建築用地
RPPNMLOJOHNFFDT07CA,同安段,451.21,非都市：一般農業區 ; 非都市編定：農牧用地
RPTNMLMKOHNFFDT37CA,豐海段,3.94,都市：住
RPTNMLMKOHNFFDT37CA,豐海段,63.83,都市：住
RPQNMLMKOHNFFCT96CA,溝子墘段,68.00,非都市：鄉村區 ; 非都市編定：乙種建築用地
RPTOMLLJOHNFFAT96CA,九清段,67.00,非都市：鄉村區 ; 非都市編定：乙種建築用地
RPQNMLOKOHNFFFT47CA,佳興段,81.18,都市：商
RPUNMLOLNHNFFCT57CA,打鐵段,318.67,非都市：一般農業區 ; 非都市編定：甲種建築用地
RPPNMLKLOHNFFDT96DA,新洋段,149.00,非都市：特定農業區 ; 非都市編定：農牧用地
RPPNMLKLOHNFFDT96DA,新洋段,547.00,非都市：特定農業區 ; 非都市編定：甲種建築用地
RPRNMLLKOHNFFCT96CA,神農段,383.36,都市：其他
RPRNMLLKOHNFFCT96CA,神農段,4850.26,都市：工
RPRNMLLKOHNFFCT96CA,水源段,3916.86,非都市：特定農業區 ; 非都市編定：丁種建築用地
RPROMLOLNHNFFCT37CA,上東勢段,600.62,非都市：特定農業區 ; 非都市編定：農牧用地
RPSNMLOLNHNFFDT47CA,五龍段,1444.05,非都市：一般農業區 ; 非都市編定：農牧用地
RPTNMLMLNHNFFCT27CA,永春段,30.60,都市：住
RPWNMLTLNHNFFDT38CA,關帝段,220.02,都市：住
RPWNMLTLNHNFFDT38CA,關帝段,721.42,都市：住
RPVOMLLMNHNFFAT37CA,農場段,3136.90,非都市：一般農業區 ; 非都市編定：農牧用地
RPRNMLOLNHNFFCT27CA,明德段,100.28,都市：住
RPRNMLPLNHNFFCT47DA,延平段,81.88,都市：住
RPQOMLPJOHNFFAT07CA,前進段,95.00,都市：農
RPQOMLPJOHNFFAT07CA,前進段,10.00,都市：農
RPQOMLPJOHNFFAT07CA,頭前溪段,458.00,非都市：一般農業區 ; 非都市編定：農牧用地
RPQOMLPJOHNFFAT07CA,頭前溪段,378.00,非都市：一般農業區 ; 非都市編定：農牧用地
RPWNMLPLNHNFFAT67CA,萬生段,15.00,都市：農
RPWNMLPLNHNFFAT67CA,萬生段,95.00,都市：住
RPWNMLPLNHNFFAT67CA,萬生段,15.80,都市：其他
RPWNMLPLNHNFFAT67CA,萬生段,.60,都市：住
RPTNMLKMNHNFFCT17CA,大同段,129.22,都市：住
RPRNMLOLNHNFFAT07CA,萬年段,64.00,都市：住
RPRNMLOLNHNFFAT07CA,萬年段,12.00,都市：住
RPRNMLNLNHNFFAT96CA,檳榔腳段二小段,180.00,都市：住
RPPNMLOJOHNFFCT96CA,學人段,147.17,都市：住
RPVNMLPLNHNFFAT57CA,明正段,54.81,都市：住
RPSOMLNLNHNFFAT17CA,溝美段,8.89,都市：住
RPSOMLNLNHNFFAT17CA,溝美段,1.63,都市：住
RPSOMLNLNHNFFAT17CA,溝美段,1.17,都市：住
RPSOMLNLNHNFFAT17CA,溝美段,1.68,都市：住
RPSOMLNLNHNFFAT17CA,溝美段,1.54,都市：住
RPSOMLNLNHNFFAT17CA,溝美段,5.49,都市：住
RPSOMLNLNHNFFAT17CA,溝美段,.59,都市：住
RPSOMLNLNHNFFAT17CA,溝美段,1.10,都市：住
RPQOMLTLNHNFFAT57CA,公園段二小段,51.00,都市：住
RPQOMLTLNHNFFAT57CA,公園段二小段,11.00,都市：住
RPXNMLOKOHNFFAT67CA,香揚段,2.12,都市：住
RPXNMLOKOHNFFAT67CA,香揚段,60.56,都市：住
RPXNMLOKOHNFFAT67CA,長春段,1.76,都市：住
RPXNMLOKOHNFFAT67CA,長春段,8.05,都市：住
RPRPMLOLNHNFFAT27CA,麟孝段,300.90,都市：農
RPRPMLOLNHNFFAT27CA,麟孝段,61.78,都市：農
RPOPMLOLNHNFFAT96CA,麟孝段,287.20,都市：農
RPOPMLOLNHNFFAT96CA,麟孝段,291.73,都市：農
RPOPMLOLNHNFFAT96CA,麟孝段,118.81,都市：農
RPPOMLNLNHNFFAT86CA,和興段,199.38,非都市：一般農業區 ; 非都市編定：農牧用地
RPPOMLNLNHNFFAT86CA,和興段,199.38,非都市：一般農業區 ; 非都市編定：農牧用地
RPPOMLNLNHNFFAT86CA,和興段,199.38,非都市：一般農業區 ; 非都市編定：農牧用地
RPVOMLOLNHNFFAT57CA,萬年段,1188.00,都市：住
RPUOMLOLNHNFFAT47CA,前進段,866.00,都市：工
RPWOMLOLNHNFFAT67CA,麟孝段,281.72,都市：農
RPWOMLOLNHNFFAT67CA,麟孝段,57.46,都市：農
RPQPMLOLNHNFFAT17CA,麟孝段,305.48,都市：農
RPPPMLOLNHNFFAT07CA,麟孝段,296.31,都市：農
RPQPMLOLNHNFFAT17CA,麟孝段,343.24,都市：農
RPPPMLOLNHNFFAT07CA,麟孝段,60.92,都市：農
RPQPMLOLNHNFFAT17CA,麟孝段,133.07,都市：農
RPQQMLOLNHNFFAT27CA,新社皮段,19.90,非都市：鄉村區 ; 非都市編定：乙種建築用地
RPQQMLOLNHNFFAT27CA,新社皮段,112.84,非都市：鄉村區 ; 非都市編定：乙種建築用地
RPQQMLOLNHNFFAT27CA,新社皮段,5.75,非都市：鄉村區 ; 非都市編定：乙種建築用地
RPRQMLOLNHNFFAT37CA,水源段二小段,38.10,都市：住
RPXNMLPLNHNFFAT77CA,萬生段,45.00,都市：農
RPXNMLPLNHNFFAT77CA,萬生段,285.00,都市：住
RPXNMLPLNHNFFAT77CA,萬生段,47.40,都市：其他
RPXNMLPLNHNFFAT77CA,萬生段,1.80,都市：住
RPTOMLNLNHNFFAT27CA,勝興段,98.00,都市：住
RPTOMLNLNHNFFAT27CA,勝興段,25.25,都市：住
RPSNMLPLNHNFFAT27CA,北勢段,5.92,都市：住
RPTOMLPLNHNFFAT47CA,溝美段,30.63,都市：住
RPUOMLNLNHNFFAT37CA,新海豐段,4.47,非都市：一般農業區 ; 非都市編定：甲種建築用地
RPUOMLNLNHNFFAT37CA,新海豐段,75.23,非都市：一般農業區 ; 非都市編定：甲種建築用地
RPRNMLRLNHNFFAT37CA,新社皮段,258.27,非都市：鄉村區 ; 非都市編定：乙種建築用地
RPUOMLPLNHNFFAT57CA,水源段一小段,12.08,都市：住
RPUOMLPLNHNFFAT57CA,水源段一小段,11.20,都市：住
RPROMLOLNHNFFAT17CA,惠農段,1707.92,非都市：一般農業區 ; 非都市編定：農牧用地
RPTOMLPJOHNFFAT37CA,萬後段,46.08,都市：住
RPPNMLPLNHNFFAT96CA,萬年段,59.80,都市：住
RPTNMLOLNHNFFAT27CA,街頭段四小段,76.00,都市：住
RPTNMLSLNHNFFAT67CA,玉泉段,129.06,非都市：鄉村區 ; 非都市編定：乙種建築用地
RPOOMLSLNHNFFAT27CA,瑞光段,8.97,都市：住
RPPNMLMJOHNFFAT56CA,繁興段,3262.16,非都市：一般農業區 ; 非都市編定：農牧用地
RPOOMLLJOHNFFAT09CA,繁興段,1340.43,非都市：一般農業區 ; 非都市編定：農牧用地
RPOOMLLJOHNFFAT09CA,繁興段,1340.43,非都市：一般農業區 ; 非都市編定：農牧用地
RPRNMLKMNHNFFAT76CA,文明段三小段,2013.00,都市：住
RPUOMLLJOHNFFAT07CA,長春段,59.00,都市：住
RPQNMLKMNHNFFAT66CA,北勢段一小段,810.47,都市：住
RPXNMLLJOHNFFAT27CA,麟愛段,143.58,都市：住
RPPPMLLMNHNFFAT86CA,萬年段,152.88,都市：住
RPOPMLLMNHNFFAT76CA,萬年段,152.85,都市：住
RPTOMLLMNHNFFAT17CA,九勇段,126.90,都市：住
RPSOMLOLNHNFFAT27CA,新社皮段,13.66,非都市：鄉村區 ; 非都市編定：乙種建築用地
RPSOMLOLNHNFFAT27CA,新社皮段,54.74,非都市：鄉村區 ; 非都市編定：乙種建築用地
RPSOMLOLNHNFFAT27CA,新社皮段,3.67,非都市：鄉村區 ; 非都市編定：乙種建築用地
RPUNMLPLNHNFFCT67CA,蓬萊段,6961.95,非都市：一般農業區 ; 非都市編定：農牧用地
RPVNMLPLNHNFFCT77CA,早角段,2882.26,非都市：一般農業區 ; 非都市編定：農牧用地
RPTNMLPLNHNFFBT47CA,彭新段,42.50,非都市：一般農業區 ; 非都市編定：甲種建築用地
RPTNMLPLNHNFFBT47CA,彭新段,42.50,非都市：一般農業區 ; 非都市編定：甲種建築用地
RPPOMLOLNHNFFCT17CA,大興段,9760.53,非都市：一般農業區 ; 非都市編定：農牧用地
RPRNMLMKOHNFFAT86CA,斯文段,83.00,都市：住
RPQNMLPLNHNFFCT27CA,美和段,8.06,非都市：鄉村區 ; 非都市編定：乙種建築用地
RPQNMLTKOHNFFAT47CA,德榮段,5176.08,非都市：一般農業區 ; 非都市編定：農牧用地
RPPNMLPLNHNFFCT17CA,美和段,8.06,非都市：鄉村區 ; 非都市編定：乙種建築用地
RPPNMLSLNHNFFBT37CA,春林段,146.42,都市：住
RPPNMLSLNHNFFBT37CA,大港洋段,8.00,都市：住
RPPNMLSLNHNFFBT37CA,大港洋段,6.00,都市：住
RPPNMLSLNHNFFBT37CA,大港洋段,3.00,都市：住
RPPNMLSLNHNFFBT37CA,大港洋段,1.00,都市：住
RPPNMLSLNHNFFBT37CA,春林段,132.00,都市：住
RPPNMLSLNHNFFBT37CA,春林段,113.45,都市：住
RPPNMLSLNHNFFBT37CA,春林段,115.00,都市：住
RPPNMLSLNHNFFBT37CA,春林段,117.64,都市：住
RPPNMLSLNHNFFBT37CA,春林段,119.08,都市：住
RPPNMLSLNHNFFBT37CA,春林段,118.76,都市：住
RPPNMLSLNHNFFBT37CA,春林段,118.54,都市：住
RPPNMLSLNHNFFBT37CA,春林段,116.65,都市：住
RPPNMLSLNHNFFBT37CA,春林段,118.46,都市：住
RPWOMLTKOHNFFAT18CA,洛陽段,85.00,都市：住
RPRNMLKMNHNFFCT96CA,劉厝庄段,46.67,非都市：鄉村區 ; 非都市編定：乙種建築用地
RPPNMLTLNHNFFCT57CA,建基段,21.97,都市：住
RPPNMLTLNHNFFCT57CA,建基段,126.99,都市：住
RPPNMLTLNHNFFCT57CA,建基段,35.67,都市：住
RPSNMLSLNHNFFCT77CA,頭鏢段,96.05,非都市：一般農業區 ; 非都市編定：農牧用地
RPSNMLTLNHNFFDT97CA,嘉南段,19.26,都市：其他
RPSNMLTLNHNFFDT97CA,嘉南段,46.84,都市：住
RPUNMLLKOHNFFCT27CA,新北勢段,341.00,非都市：鄉村區 ; 非都市編定：乙種建築用地
RPUNMLLKOHNFFCT27CA,新北勢段,2.00,非都市：鄉村區 ; 非都市編定：乙種建築用地
RPPNMLNLNHNFFET17CA,城西段,97.42,都市：住
RPPNMLKLOHNFFBT66CA,潮北段,158.00,都市：住
RPPNMLKLOHNFFBT66CA,潮北段,67.10,都市：住
RPUNMLOLNHNFFDT67CA,東新段,27.88,都市：住
RPUNMLOLNHNFFDT67CA,東新段,79.92,都市：住
RPUNMLOLNHNFFDT67CA,東新段,.16,都市：住
RPPRMLSLNHNFFDT97CA,白沙段,11.95,都市：商
RPRNMLLJOHNFFFT17CA,塭仔段,121.64,非都市：一般農業區 ; 非都市編定：養殖用地
RPRNMLLJOHNFFFT17CA,塭仔段,173.48,非都市：一般農業區 ; 非都市編定：養殖用地
RPRNMLLJOHNFFFT17CA,塭仔段,22.86,非都市：一般農業區 ; 非都市編定：養殖用地
RPRNMLLJOHNFFFT17CA,塭仔段,171.50,非都市：一般農業區 ; 非都市編定：養殖用地
RPVNMLOLNHNFFDT77CA,東新段,27.88,都市：住
RPVNMLOLNHNFFDT77CA,東新段,84.13,都市：住
RPVNMLOLNHNFFDT77CA,東新段,.16,都市：住
RPXNMLPJOHNFFFT18CA,加祿段,1571.34,非都市：一般農業區 ; 非都市編定：農牧用地
RPXNMLPJOHNFFFT18CA,加祿段,2435.18,非都市：一般農業區 ; 非都市編定：農牧用地
RPQNMLSLNHNFFBT57DA,久愛段,32.31,非都市：一般農業區 ; 非都市編定：水利用地
RPWNMLPLNHNFFDT97CA,東港段,28.17,都市：商
RPWNMLPLNHNFFDT97CA,東港段,2.25,都市：商
RPWNMLPLNHNFFDT97CA,東港段,2.83,都市：其他
RPXOMLPLNHNFFAT97DA,勝興段,16.03,都市：住
RPQNMLPLNHNFFET47CA,射麻裡段,3200.00,非都市：國家公園區 ; 非都市編定：
RPQNMLPLNHNFFET47CA,射麻裡段,2867.00,非都市：國家公園區 ; 非都市編定：
RPPNMLPKOHNFFET37CA,城西段,194.57,都市：商
RPPNMLPKOHNFFET37CA,城西段,17.28,都市：商
RPPNMLPKOHNFFET37CA,城西段,149.42,都市：商
RPPNMLPKOHNFFET37CA,城西段,26.04,都市：商
RPSNMLPLNHNFFET67CA,牡丹灣段,11352.00,非都市：山坡地保育區 ; 非都市編定：農牧用地
RPPNMLPLNHNFFBT17DA,石獅公段,2.90,非都市：鄉村區 ; 非都市編定：交通用地
RPQNMLOLNHNFFET47DA,草埔段,173.10,非都市：一般農業區 ; 非都市編定：農牧用地
RPTNMLPJOHNFFCT47CA,南寧段,60.34,都市：住
RPTNMLPJOHNFFCT47CA,南寧段,5.01,都市：住
RPVNMLPLNHNFFBT77DA,長榮段,1310.00,都市：農
RPQNMLOKOHNFFET47DA,草埔段,20.74,非都市：一般農業區 ; 非都市編定：農牧用地
RPQNMLOLNHNFFDT37DA,竹林段,107.06,非都市：一般農業區 ; 非都市編定：農牧用地
RPTOMLTLNHNFFAT97DA,信和段,11.78,非都市：一般農業區 ; 非都市編定：農牧用地
RPSOMLTLNHNFFAT87DA,信和段,1056.11,非都市：一般農業區 ; 非都市編定：農牧用地
RPRNMLRJOHNFFBT47DA,阿拔泉段,62.00,非都市：一般農業區 ; 非都市編定：農牧用地
RPOPMLTLNHNFFAT57DA,信和段,1056.11,非都市：一般農業區 ; 非都市編定：農牧用地
RPOPMLTLNHNFFAT57DA,信和段,15.98,非都市：一般農業區 ; 非都市編定：甲種建築用地
RPOPMLTLNHNFFAT57DA,信和段,4.68,非都市：一般農業區 ; 非都市編定：交通用地
RPOPMLTLNHNFFAT57DA,信和段,8.17,非都市：一般農業區 ; 非都市編定：交通用地
RPQNMLLJOHNFFCT76CA,新榮段,25.35,都市：住
RPQNMLLJOHNFFCT76CA,新榮段,44.56,都市：住
RPQPMLTLNHNFFAT77DA,信和段,2372.00,非都市：一般農業區 ; 非都市編定：農牧用地
RPVOMLTLNHNFFAT18DA,信和段,11.78,非都市：一般農業區 ; 非都市編定：農牧用地
RPVOMLTLNHNFFAT18DA,信和段,2372.00,非都市：一般農業區 ; 非都市編定：農牧用地
RPOOMLKMNHNFFDT86CA,三隆段,1658.74,非都市：一般農業區 ; 非都市編定：農牧用地
RPOOMLKMNHNFFDT86CA,三隆段,1658.74,非都市：一般農業區 ; 非都市編定：農牧用地
RPTNMLLJOHNFFFT37CA,塭仔段,364.91,非都市：一般農業區 ; 非都市編定：養殖用地
RPTNMLLJOHNFFFT37CA,塭仔段,520.44,非都市：一般農業區 ; 非都市編定：養殖用地
RPTNMLLJOHNFFFT37CA,塭仔段,68.58,非都市：一般農業區 ; 非都市編定：養殖用地
RPTNMLLJOHNFFFT37CA,塭仔段,514.51,非都市：一般農業區 ; 非都市編定：養殖用地
RPSNMLPLNHNFFFT77CA,內寮村段,2403.85,非都市：一般農業區 ; 非都市編定：農牧用地
RPVNMLLJOHNFFFT57CA,塭仔段,121.64,非都市：一般農業區 ; 非都市編定：養殖用地
RPVNMLLJOHNFFFT57CA,塭仔段,173.48,非都市：一般農業區 ; 非都市編定：養殖用地
RPVNMLLJOHNFFFT57CA,塭仔段,22.86,非都市：一般農業區 ; 非都市編定：養殖用地
RPVNMLLJOHNFFFT57CA,塭仔段,171.50,非都市：一般農業區 ; 非都市編定：養殖用地
RPWOMLTLNHNFFAT28DA,信和段,1056.11,非都市：一般農業區 ; 非都市編定：農牧用地
RPWOMLTLNHNFFAT28DA,信和段,15.98,非都市：一般農業區 ; 非都市編定：甲種建築用地
RPWOMLTLNHNFFAT28DA,信和段,4.68,非都市：一般農業區 ; 非都市編定：交通用地
RPWOMLTLNHNFFAT28DA,信和段,8.17,非都市：一般農業區 ; 非都市編定：交通用地
RPRNMLTKOHNFFET97CA,九個厝段,5000.00,非都市：國家公園區 ; 非都市編定：
RPROMLTLNHNFFAT77DA,信和段,1056.11,非都市：一般農業區 ; 非都市編定：農牧用地
RPROMLTLNHNFFAT77DA,信和段,15.98,非都市：一般農業區 ; 非都市編定：甲種建築用地
RPROMLTLNHNFFAT77DA,信和段,8.17,非都市：一般農業區 ; 非都市編定：交通用地
RPROMLTLNHNFFAT77DA,信和段,4.68,非都市：一般農業區 ; 非都市編定：交通用地
RPTNMLTLNHNFFDT08CA,上烏龍段,194.94,非都市：鄉村區 ; 非都市編定：乙種建築用地
RPPNMLOLNHNFFFT37CA,獅子段,334.00,非都市：鄉村區 ; 非都市編定：乙種建築用地
RPUNMLOJOHNFFDT57CA,光林段,37.43,都市：農
RPUNMLOJOHNFFDT57CA,光林段,194.15,都市：農
RPUNMLOJOHNFFDT57CA,光林段,86.67,都市：農
RPRNMLPLNHNFFDT47CA,龍帝段,153.43,都市：其他
RPPNMLQKNHNFFDT57CD,鹽洲段,102.91,都市：住
RPSNMLPLNHNFFDT57CA,龍帝段,905.91,都市：住
RPOOMLPLNHNFFDT27CA,同安段,1134.72,非都市：一般農業區 ; 非都市編定：農牧用地
RPPOMLPJOHNFFCT17CA,餉潭段,357.00,非都市：一般農業區 ; 非都市編定：農牧用地
RPPOMLPJOHNFFCT17CA,餉潭段,9982.00,非都市：一般農業區 ; 非都市編定：農牧用地
RPSNMLRJOHNFFDT67CA,米崙段,485.31,非都市：一般農業區 ; 非都市編定：農牧用地
RPPNMLKMNHNFFDT86CA,東新段,43.65,都市：住
RPUNMLKMNHNFFDT37CA,興厝段,110.79,都市：住
RPPOMLSLNHNFFBT47CA,阿拔泉段,300.50,非都市：一般農業區 ; 非都市編定：農牧用地
RPQNMLTLNHNFFBT57CA,新德段,2150.39,非都市：一般農業區 ; 非都市編定：農牧用地
RPSNMLQJOHNFFCT47CA,檨興段,128.34,非都市：鄉村區 ; 非都市編定：乙種建築用地
RPVNMLSLNHNFFCT08CA,愛國段,32.60,都市：住
RPRNMLLMNHNFFET27CA,恆西段,115.18,都市：住
RPSOMLKMNHNFFAT96CA,水源段二小段,33.00,都市：住
RPRNMLMLOHNFFAT96CA,興華段,533.06,非都市：一般農業區 ; 非都市編定：農牧用地
RPSOMLLKOHNFFAT96CA,九如段,165.00,非都市：鄉村區 ; 非都市編定：乙種建築用地
RPSOMLLKOHNFFAT96CA,九如段,165.00,非都市：鄉村區 ; 非都市編定：乙種建築用地
RPSOMLLKOHNFFAT96CA,九如段,30.58,非都市：鄉村區 ; 非都市編定：交通用地
RPSNMLLKOHNFFBT96CA,過江段,145.77,都市：住
RPUNMLSLNHNFFCT97CA,五魁寮段一小段,40.58,都市：住
RPWNMLSLNHNFFCT18CA,五福段,89.70,都市：住
RPXNMLLMNHNFFAT47CA,萬年段,59.80,都市：住
RPVNMLOKOHNFFCT67CA,壽比段,11.31,非都市：鄉村區 ; 非都市編定：乙種建築用地
RPVNMLOKOHNFFCT67CA,壽比段,11.31,非都市：鄉村區 ; 非都市編定：乙種建築用地
RPVNMLOKOHNFFCT67CA,壽比段,11.31,非都市：鄉村區 ; 非都市編定：乙種建築用地
RPVNMLOKOHNFFCT67CA,壽比段,11.31,非都市：鄉村區 ; 非都市編定：乙種建築用地
RPVNMLOKOHNFFCT67CA,壽比段,11.31,非都市：鄉村區 ; 非都市編定：乙種建築用地
RPQNMLSLNHNFFCT57CA,新豐段,82.00,非都市：工業區 ; 非都市編定：丁種建築用地
RPOPMLSLNHNFFAT37CA,大埔段三小段,60.00,都市：住
RPWNMLSLNHNFFAT97CA,耆老段,782.00,非都市：特定農業區 ; 非都市編定：農牧用地
RPRNMLPJOHNFFAT07CA,繁昌段,117.60,非都市：鄉村區 ; 非都市編定：乙種建築用地
RPXOMLQJOHNFFAT87CA,復興段,91.25,非都市：鄉村區 ; 非都市編定：乙種建築用地
RPXOMLQJOHNFFAT87CA,復興段,10.49,非都市：鄉村區 ; 非都市編定：乙種建築用地
RPXOMLQJOHNFFAT87CA,復興段,27.64,非都市：鄉村區 ; 非都市編定：乙種建築用地
RPQNMLSLNHNFFAT37CA,水源段二小段,40.32,都市：住
RPWNMLPKOHNFFDT97CA,東新段,74.92,都市：住
RPROMLPLNHNFFAT27CA,九仁段,133.45,都市：其他
RPROMLPLNHNFFAT27CA,九仁段,359.57,都市：住
RPROMLPLNHNFFAT27CA,九仁段,217.71,都市：住
RPROMLPLNHNFFAT27CA,九仁段,229.84,都市：住
RPSOMLPLNHNFFAT37CA,九仁段,202.23,都市：住
RPSNMLQJOHNFFAT27CA,水源段二小段,86.00,都市：住
RPUPMLTLNHNFFAT08CA,勝興段,86.00,都市：住
RPWPMLTLNHNFFAT28CA,斯文段,5.00,都市：住
RPWPMLTLNHNFFAT28CA,斯文段,88.00,都市：住
RPSQMLOLNHNFFAT47CA,萬年段,19.12,都市：住
RPSNMLTLNHNFFAT67CA,斯文段,61.00,都市：住
RPPNMLSLNHNFFAT27CA,金城段,90.53,非都市：鄉村區 ; 非都市編定：乙種建築用地
RPWNMLTLNHNFFAT08CA,勝興段,17.40,都市：住
RPTOMLSLNHNFFAT77CA,清溪段,8.00,非都市：鄉村區 ; 非都市編定：乙種建築用地
RPUOMLSLNHNFFAT87CA,清溪段,4.00,非都市：鄉村區 ; 非都市編定：乙種建築用地
RPUOMLSLNHNFFAT87CA,清溪段,4.00,非都市：鄉村區 ; 非都市編定：乙種建築用地
RPPOMLSLNHNFFAT37CA,溝美段,120.77,都市：住
RPPNMLLJOHNFFAT09CA,繁華段,57.98,非都市：鄉村區 ; 非都市編定：乙種建築用地
RPSOMLPJOHNFFAT27CA,長治段,13.26,都市：商
RPSOMLPJOHNFFAT27CA,長治段,.95,都市：商
RPSOMLPJOHNFFAT27CA,長治段,.02,都市：商
RPSOMLPJOHNFFAT27CA,長治段,.02,都市：商
RPUNMLKMNHNFFAT07CA,新歸來段,7.74,非都市：一般農業區 ; 非都市編定：甲種建築用地
RPUNMLKMNHNFFAT07CA,新歸來段,133.75,非都市：一般農業區 ; 非都市編定：甲種建築用地
RPPNMLPJOHNFFAT86CA,香社段,2130.00,非都市：特定農業區 ; 非都市編定：農牧用地
RPRPMLQJOHNFFAT37CA,崑崙段,35.59,都市：住
RPQNMLKMNHNFFBT76CA,磚仔地段,3129.09,非都市：一般農業區 ; 非都市編定：農牧用地
RPPOMLLKOHNFFAT66CA,九如段,24.03,非都市：特定農業區 ; 非都市編定：甲種建築用地
RPPNMLSJOHNFFAT17CA,萬年段,6.00,都市：住
RPPNMLRJOHNFFBT17CA,三張段,595.00,非都市：一般農業區 ; 非都市編定：農牧用地
RPPNMLRJOHNFFBT17CA,三張段,2563.00,非都市：一般農業區 ; 非都市編定：農牧用地
RPPNMLRJOHNFFBT17CA,三張段,4004.00,非都市：一般農業區 ; 非都市編定：農牧用地
RPSPMLTKOHNFFAT87CA,新安段,4900.00,非都市：特定農業區 ; 非都市編定：農牧用地
RPRNMLTKOHNFFBT67CA,武洛段,92.00,非都市：鄉村區 ; 非都市編定：水利用地
RPTNMLTLNHNFFCT97CA,南岸段,38.00,非都市：鄉村區 ; 非都市編定：乙種建築用地
RPTNMLTLNHNFFCT97CA,南岸段,24.50,非都市：鄉村區 ; 非都市編定：乙種建築用地
RPTNMLTLNHNFFCT97CA,南岸段,61.50,非都市：鄉村區 ; 非都市編定：乙種建築用地
RPXNMLPJOHNFFAT67CA,豐田段,88.00,都市：住
RPQNMLTLNHNFFCT67CA,新埔段,2176.00,都市：農
RPQNMLTLNHNFFCT67CA,新埔段,232.00,都市：農
RPPOMLLJOHNFFAT56CA,水源段二小段,10.90,都市：住
RPPNMLOKOHNFFCT07CA,東勢段,3157.36,非都市：一般農業區 ; 非都市編定：農牧用地
RPQNMLTKOHNFFBT57CA,武洛段,103.00,非都市：鄉村區 ; 非都市編定：水利用地
RPWNMLOKOHNFFAT57CA,社上段,76.72,非都市：鄉村區 ; 非都市編定：乙種建築用地
RPVNMLKMNHNFFDT47CA,關帝段,104.12,都市：住
RPSNMLLJOHNFFCT96CA,光華段,19.20,都市：住
RPPNMLPLNHNFFFT47CA,士文段一小段,1310.00,非都市：山坡地保育區 ; 非都市編定：農牧用地
RPQNMLPLNHNFFFT57CA,北玄段,94.60,非都市：鄉村區 ; 非都市編定：乙種建築用地
RPQNMLPLNHNFFFT57CA,北玄段,80.06,非都市：鄉村區 ; 非都市編定：乙種建築用地
RPQNMLPLNHNFFFT57CA,北玄段,9.79,非都市：鄉村區 ; 非都市編定：乙種建築用地
RPSNMLTKOHNFFET08CA,九個厝段,5860.00,非都市：國家公園區 ; 非都市編定：
RPUNMLPJOHNFFFT87CA,古道段,3121.00,非都市：山坡地保育區 ; 非都市編定：交通用地
RPTNMLPJOHNFFFT77CA,古道段,41254.00,非都市：山坡地保育區 ; 非都市編定：林業用地
RPTNMLPJOHNFFFT77CA,古道段,1000.00,非都市：山坡地保育區 ; 非都市編定：林業用地
RPTNMLSLNHNFFCT87CA,萬安段,207.00,非都市：鄉村區 ; 非都市編定：乙種建築用地
RPTNMLSLNHNFFCT87CA,萬安段,7.00,非都市：鄉村區 ; 非都市編定：乙種建築用地
RPWNMLLJOHNFFFT67CA,中寮段,100.56,都市：住
RPWNMLLJOHNFFFT67CA,中寮段,61.14,都市：住
RPVNMLPJOHNFFFT97CA,古道段,981.00,非都市：山坡地保育區 ; 非都市編定：林業用地
RPVNMLPJOHNFFFT97CA,古道段,2860.00,非都市：山坡地保育區 ; 非都市編定：林業用地
RPVNMLPJOHNFFFT97CA,古道段,55349.00,非都市：山坡地保育區 ; 非都市編定：林業用地
RPRNMLPLNHNFFFT67CA,高田段,58.75,都市：住
RPPNMLTLNHNFFFT08EA,草埔段,26520.00,非都市：山坡地保育區 ; 非都市編定：林業用地
RPVNMLTLNHNFFET38CA,鵝鑾鼻段,363.00,非都市：國家公園區 ; 非都市編定：
RPSNMLTLNHNFFET18DA,高士段,112.00,非都市：鄉村區 ; 非都市編定：乙種建築用地
RPVOMLSLNHNFFAT08DA,萬年段,63.00,都市：住
RPROMLLJOHNFFAT76CA,九和段,196.46,都市：住
RPVOMLSLNHNFFAT08DA,萬年段,6.00,都市：住
RPROMLLJOHNFFAT76CA,九和段,3.60,都市：住
RPROMLLJOHNFFAT76CA,九和段,8.88,都市：住
RPPNMLPLNHNFFET37CA,城北段,3.99,都市：住
RPPNMLPLNHNFFET37CA,城北段,3.94,都市：住
RPPNMLPLNHNFFET37CA,城北段,124.21,都市：住
RPQNMLRJNHNFFDT67CD,鹽洲段,134.29,都市：住
RPQNMLMLOHNFFET27CA,港口段,1441.00,非都市：國家公園區 ; 非都市編定：
RPQNMLMLOHNFFET27CA,港口段,3.00,非都市：國家公園區 ; 非都市編定：
RPPNMLLJNHNFFDT96CD,鹽洲段,105.19,都市：住
RPQNMLQJOHNFFDT37CA,新忠段,3.48,都市：住
RPPNMLRJNHNFFDT57CD,鹽洲段,105.19,都市：住
RPQNMLNKOHNFFAT86CA,豐年段,4.76,都市：住
RPQNMLNKOHNFFAT86CA,豐年段,4.76,都市：住
RPQNMLNKOHNFFAT86CA,豐年段,33.56,都市：住
RPQNMLNKOHNFFAT86CA,豐年段,33.56,都市：住
RPTNMLOJOHNFFDT47CA,內庄段,1096.19,非都市：一般農業區 ; 非都市編定：農牧用地
RPTNMLKMNHNFFDT27CA,新堤段,1381.35,非都市：一般農業區 ; 非都市編定：農牧用地
RPTNMLKMNHNFFDT27CA,新堤段,434.84,非都市：一般農業區 ; 非都市編定：農牧用地
RPXNMLOJOHNFFDT87CA,關帝段,822.96,都市：住
RPPNMLQJOHNFFDT27CA,南糖段,63.77,都市：住
RPPNMLQJOHNFFDT27CA,南糖段,8.28,都市：其他
RPVNMLPJOHNFFDT77CA,相埔段,11.92,都市：其他
RPVNMLPJOHNFFDT77CA,相埔段,.55,都市：其他
RPXNMLTLNHNFFDT48CA,新孝段,262.03,都市：住
RPRNMLSKOHNFFFT97CA,佳興段,1.06,都市：住
RPRNMLSKOHNFFFT97CA,佳興段,25.68,都市：住
RPRNMLSKOHNFFFT97CA,佳興段,129.93,都市：住
RPRNMLSKOHNFFFT97CA,佳興段,.41,都市：住
RPVNMLTLNHNFFDT28CA,新帝段,171.30,都市：住
RPPNMLSKOHNFFFT77CA,佳興段,1.06,都市：住
RPPNMLSKOHNFFFT77CA,佳興段,25.68,都市：住
RPPNMLSKOHNFFFT77CA,佳興段,.41,都市：住
RPPNMLSKOHNFFFT77CA,佳興段,244.17,都市：住
RPRNMLTLNHNFFCT77CA,三共段,106.65,都市：住
RPRNMLTLNHNFFCT77CA,三共段,182.93,都市：住
RPUNMLTLNHNFFCT08CA,西勢段,505.00,非都市：一般農業區 ; 非都市編定：農牧用地
RPUNMLTLNHNFFCT08CA,西勢段,784.00,非都市：一般農業區 ; 非都市編定：農牧用地
RPXNMLKLOHNFFCT57CA,頭溝水段,64.18,非都市：一般農業區 ; 非都市編定：甲種建築用地
RPQNMLKMNHNFFCT86CA,崙東段,1259.86,非都市：一般農業區 ; 非都市編定：農牧用地
RPQNMLKMNHNFFCT86CA,崙東段,296.82,非都市：一般農業區 ; 非都市編定：農牧用地
RPQNMLSKOHNFFFT87CA,佳興段,1.06,都市：住
RPQNMLSKOHNFFFT87CA,佳興段,25.68,都市：住
RPQNMLSKOHNFFFT87CA,佳興段,173.04,都市：住
RPQNMLSKOHNFFFT87CA,佳興段,.41,都市：住
RPXNMLPJOHNFFCT87CA,頓物段,2500.00,都市：農
RPXNMLSLNHNFFCT28CA,華興段,64.90,都市：住
RPXNMLSLNHNFFCT28CA,華興段,94.04,都市：住
RPQOMLKMNHNFFAT76CA,勝興段,17.79,都市：住
RPTOMLTKOHNFFAT87CA,萬年段,25.42,都市：住
RPPOMLOKOHNFFCT17CA,三共段,36.99,都市：住
RPPOMLOKOHNFFCT17CA,三共段,73.53,都市：住
RPVNMLOKOHNFFAT47CA,北勢段,433.50,非都市：一般農業區 ; 非都市編定：農牧用地
RPVNMLOKOHNFFAT47CA,北勢段,433.50,非都市：一般農業區 ; 非都市編定：農牧用地
RPVNMLOKOHNFFAT47CA,北勢段,116.50,都市：其他
RPVNMLOKOHNFFAT47CA,北勢段,116.50,都市：其他
RPVNMLOKOHNFFAT47CA,北勢段,182.00,都市：其他
RPVNMLOKOHNFFAT47CA,北勢段,182.00,都市：其他
RPPNMLRJOHNFFCT27CA,三共段,47.83,都市：住
RPWNMLLMNHNFFAT37CA,新勝興段,118.89,都市：住
RPXNMLPKOHNFFAT77CA,豐年段,82.33,都市：住
RPQNMLNKOHNFFCT07CA,榮田段,12.94,都市：住
RPQNMLNKOHNFFCT07CA,榮田段,74.76,都市：住
RPPNMLNKOHNFFCT96CA,榮田段,82.37,都市：住
RPPNMLNKOHNFFCT96CA,榮田段,12.94,都市：住
RPTNMLPJOHNFFAT27CA,福正段,119.23,非都市：鄉村區 ; 非都市編定：乙種建築用地
RPQPMLTKOHNFFAT67CA,復興段,130.29,非都市：鄉村區 ; 非都市編定：乙種建築用地
RPWOMLSLNHNFFAT08CA,新興段,2194.00,非都市：特定農業區 ; 非都市編定：農牧用地
RPOOMLTLNHNFFAT37CA,歸義段,14.59,非都市：鄉村區 ; 非都市編定：乙種建築用地
RPOOMLTLNHNFFAT37CA,歸義段,58.89,非都市：鄉村區 ; 非都市編定：乙種建築用地
RPOOMLTLNHNFFAT37CA,歸義段,96.87,非都市：鄉村區 ; 非都市編定：乙種建築用地
RPTOMLRJOHNFFAT57CA,清溪段,40.00,非都市：鄉村區 ; 非都市編定：乙種建築用地
RPTOMLRJOHNFFAT57CA,清溪段,37.00,非都市：鄉村區 ; 非都市編定：乙種建築用地
RPXNMLTLNHNFFAT18CA,林內段,42.79,都市：住
RPTNMLTLNHNFFAT77CA,勝興段,74.00,都市：住
RPVNMLTLNHNFFAT97CA,溝美段,68.00,都市：住
RPPPMLTLNHNFFAT57CA,勝興段,95.00,都市：住
RPRNMLNKOHNFFAT96CA,洛陽段,31.00,都市：住
RPRNMLNKOHNFFAT96CA,洛陽段,31.00,都市：住
RPRNMLNKOHNFFAT96CA,洛陽段,.60,都市：住
RPRNMLNKOHNFFAT96CA,洛陽段,.60,都市：住
RPRNMLNKOHNFFAT96CA,洛陽段,.07,都市：住
RPRNMLNKOHNFFAT96CA,洛陽段,.07,都市：住
RPRNMLNKOHNFFAT96CA,洛陽段,3.45,都市：住
RPRNMLNKOHNFFAT96CA,洛陽段,3.45,都市：住
RPOOMLKMNHNFFAT56CA,新林段,3363.00,非都市：特定農業區 ; 非都市編定：農牧用地
RPPOMLTLNHNFFAT47CA,麟孝段,71.58,都市：住
RPTOMLQJOHNFFAT47CA,長治段,984.00,都市：住
RPTOMLQJOHNFFAT47CA,長治段,492.00,都市：住
RPWOMLQJOHNFFAT77CA,溝美段,30.87,都市：住
RPUOMLQJOHNFFAT57CA,長治段,242.00,都市：住
RPUOMLQJOHNFFAT57CA,長治段,242.00,都市：住
RPRNMLTLNHNFFAT57CA,麟信段,41.92,都市：住
RPRNMLTLNHNFFAT57CA,麟信段,.29,都市：住
RPRNMLTLNHNFFAT57CA,麟信段,.72,都市：其他
RPPOMLPJOHNFFAT96CA,勝興段,1.75,都市：住
RPPOMLPJOHNFFAT96CA,勝興段,65.00,都市：住
RPPOMLPJOHNFFAT96CA,勝興段,18.09,都市：住
RPPOMLPJOHNFFAT96CA,勝興段,1.05,都市：住
RPTOMLPJOHNFFCT57CA,新北勢段,1645.00,非都市：一般農業區 ; 非都市編定：甲種建築用地
RPTOMLPJOHNFFCT57CA,新北勢段,2327.00,非都市：一般農業區 ; 非都市編定：甲種建築用地
RPTOMLPJOHNFFCT57CA,新北勢段,808.00,非都市：一般農業區 ; 非都市編定：甲種建築用地
RPTOMLPJOHNFFCT57CA,新北勢段,967.00,非都市：一般農業區 ; 非都市編定：甲種建築用地
RPTOMLPJOHNFFCT57CA,新北勢段,1429.00,非都市：一般農業區 ; 非都市編定：甲種建築用地
RPTOMLPJOHNFFCT57CA,新北勢段,2969.00,非都市：一般農業區 ; 非都市編定：甲種建築用地
RPSNMLNKOHNFFAT07CA,香揚段,7.28,都市：住
RPSNMLNKOHNFFAT07CA,香揚段,47.70,都市：住
RPPOMLOKOHNFFAT96CA,清溪段,260.00,非都市：特定農業區 ; 非都市編定：農牧用地
RPPOMLOKOHNFFAT96CA,清溪段,1870.00,非都市：特定農業區 ; 非都市編定：農牧用地
RPPOMLOKOHNFFAT96CA,清溪段,125.00,非都市：特定農業區 ; 非都市編定：水利用地
RPRNMLKMNHNFFBT86CA,仕絨段,974.23,非都市：鄉村區 ; 非都市編定：乙種建築用地
RPQNMLTLNHNFFAT47CA,勝興段,20.45,都市：住
RPQNMLTLNHNFFAT47CA,勝興段,35.00,都市：住
RPQNMLLJOHNFFBT66CA,過江段,90.00,都市：住
RPSNMLTLNHNFFCT87CA,望嘉段,210.00,非都市：山坡地保育區 ; 非都市編定：農牧用地
RPVPMLTLNHNFFAT18CA,頂新段,2500.59,非都市：特定農業區 ; 非都市編定：農牧用地
RPPNMLTJOHNFFBT37CA,春林段,72.00,都市：住
RPPNMLTJOHNFFBT37CA,春林段,825.00,都市：住
RPPNMLTJOHNFFBT37CA,春林段,1373.00,都市：住
RPWOMLKMNHNFFAT37CA,斯文段,98.00,都市：住
RPTPMLQJOHNFFAT57CA,街頭段三小段,90.00,都市：住
RPTPMLQJOHNFFAT57CA,街頭段三小段,24.12,都市：住
RPVNMLQJOHNFFCT77CA,新田段,281.00,非都市：鄉村區 ; 非都市編定：乙種建築用地
RPVNMLQJOHNFFCT77CA,新田段,28.00,非都市：鄉村區 ; 非都市編定：乙種建築用地
RPWNMLLJOHNFFCT37CA,新北勢段,691.00,非都市：一般農業區 ; 非都市編定：農牧用地
RPQOMLOKOHNFFCT27CA,老埤段,433.00,非都市：一般農業區 ; 非都市編定：農牧用地
RPUNMLRJOHNFFAT57CA,萬年段,32.36,都市：住
RPROMLOKOHNFFCT37CA,老埤段,356.00,非都市：一般農業區 ; 非都市編定：農牧用地
RPVNMLPJOHNFFAT47CA,勝興段,95.00,都市：住
RPSOMLOKOHNFFCT47CA,老埤段,591.00,非都市：一般農業區 ; 非都市編定：農牧用地
RPUOMLOKOHNFFCT67CA,老埤段,75.00,非都市：一般農業區 ; 非都市編定：農牧用地
RPUOMLOKOHNFFCT67CA,老埤段,168.00,非都市：一般農業區 ; 非都市編定：農牧用地
RPVOMLOKOHNFFCT77CA,老埤段,610.00,非都市：一般農業區 ; 非都市編定：農牧用地
RPVOMLOKOHNFFCT77CA,老埤段,516.11,非都市：一般農業區 ; 非都市編定：農牧用地
RPVOMLOKOHNFFCT77CA,老埤段,591.92,非都市：一般農業區 ; 非都市編定：農牧用地
RPVOMLOKOHNFFCT77CA,老埤段,300.00,非都市：一般農業區 ; 非都市編定：農牧用地
RPVOMLOKOHNFFCT77CA,老埤段,1099.00,非都市：一般農業區 ; 非都市編定：農牧用地
RPPNMLQLOHNFFAT17CA,興華段,3000.00,非都市：一般農業區 ; 非都市編定：農牧用地
RPXNMLKMNHNFFCT57CA,崙潮段,356.57,非都市：一般農業區 ; 非都市編定：甲種建築用地
RPPPMLOKOHNFFCT27CA,老埤段,797.00,非都市：一般農業區 ; 非都市編定：農牧用地
RPSNMLMLOHNFFBT17CA,武洛段,100.00,非都市：鄉村區 ; 非都市編定：乙種建築用地
RPSNMLMLOHNFFBT17CA,茄苳腳段,109.17,非都市：鄉村區 ; 非都市編定：乙種建築用地
RPSNMLMLOHNFFBT17CA,茄苳腳段,383.13,非都市：一般農業區 ; 非都市編定：農牧用地
RPRPMLOKOHNFFCT47CA,老埤段,864.00,非都市：一般農業區 ; 非都市編定：農牧用地
RPWOMLOKOHNFFCT87CA,老埤段,858.00,非都市：一般農業區 ; 非都市編定：農牧用地
RPSPMLOKOHNFFCT57CA,老埤段,1741.00,非都市：一般農業區 ; 非都市編定：農牧用地
RPOPMLOKOHNFFCT17CA,老埤段,106.00,非都市：一般農業區 ; 非都市編定：農牧用地
RPPNMLLMNHNFFBT76CA,中萬甲段,81.08,非都市：鄉村區 ; 非都市編定：乙種建築用地
RPRNMLLJOHNFFCT86CA,三共段,97.44,都市：住
RPQPMLOKOHNFFCT37CA,老埤段,1376.00,非都市：一般農業區 ; 非都市編定：農牧用地
RPVPMLOKOHNFFCT87CA,老埤段,751.00,非都市：一般農業區 ; 非都市編定：農牧用地
RPUPMLOKOHNFFCT77CA,老埤段,937.00,非都市：一般農業區 ; 非都市編定：農牧用地
RPXPMLOKOHNFFCT08CA,老埤段,199.00,非都市：一般農業區 ; 非都市編定：甲種建築用地
RPTPMLOKOHNFFCT67CA,老埤段,1340.00,非都市：一般農業區 ; 非都市編定：農牧用地
RPWPMLOKOHNFFCT97CA,老埤段,2275.00,非都市：一般農業區 ; 非都市編定：農牧用地
RPSNMLKLOHNFFCT07CA,赤新段,1869.32,非都市：一般農業區 ; 非都市編定：農牧用地
RPVNMLKMNHNFFCT37CA,五福段,90.28,都市：住
RPVNMLKMNHNFFCT37CA,五福段,1.85,都市：住
RPPNMLKMNHNFFET96CA,後壁湖段,1875.00,非都市：國家公園區 ; 非都市編定：
RPUNMLTLNHNFFET28CA,鵝鑾鼻段,134.00,非都市：國家公園區 ; 非都市編定：
RPUNMLLJOHNFFAT07DA,新生段,20.00,都市：住
RPWNMLKMNHNFFDT57CA,頂愛段,100.07,非都市：鄉村區 ; 非都市編定：乙種建築用地
RPWNMLKMNHNFFDT57CA,頂愛段,27.62,非都市：鄉村區 ; 非都市編定：乙種建築用地
RPTNMLTLNHNFFET28DA,石門段,80.00,非都市：鄉村區 ; 非都市編定：乙種建築用地
RPWNMLTLNHNFFET58DA,僑勇段,252.91,都市：住
RPTNMLKMNHNFFBT17DA,永春段,91.00,都市：住
RPRNMLPJOHNFFET47CA,恆西段,140.23,都市：住
RPRNMLPJOHNFFET47CA,恆西段,136.77,都市：住
RPRNMLPJOHNFFET47CA,恆西段,136.78,都市：住
RPQNMLPJOHNFFFT47CA,昌東段,560.40,非都市：一般農業區 ; 非都市編定：養殖用地
RPQNMLPJOHNFFFT47CA,昌東段,560.40,非都市：一般農業區 ; 非都市編定：養殖用地
RPQNMLPJOHNFFFT47CA,昌東段,592.78,非都市：一般農業區 ; 非都市編定：養殖用地
RPQNMLPJOHNFFFT47CA,昌東段,592.78,非都市：一般農業區 ; 非都市編定：養殖用地
RPQNMLNKOHNFFFT37CA,玉光段,876.47,都市：其他
RPQNMLNKOHNFFFT37CA,玉光段,721.36,都市：其他
RPQNMLNKOHNFFFT37CA,玉光段,722.72,都市：其他
RPQNMLNKOHNFFFT37CA,玉光段,703.64,都市：其他
RPPNMLLJOHNFFET86CA,四重溪段,2270.00,非都市：一般農業區 ; 非都市編定：丙種建築用地
RPQNMLMLOHNFFDT17CA,頂忠段,57.62,非都市：一般農業區 ; 非都市編定：農牧用地
RPSNMLLMNHNFFET37CA,恆西段,115.19,都市：住
RPQNMLKLOHNFFET07CA,水泉段,444.00,非都市：國家公園區 ; 非都市編定：
RPQNMLKLOHNFFET07CA,水泉段,2242.00,非都市：國家公園區 ; 非都市編定：
RPPNMLLJOHNFFFT96CA,內寮村段,3842.46,非都市：一般農業區 ; 非都市編定：農牧用地
RPQNMLLJOHNFFFT07CA,佳和段,1523.00,非都市：一般農業區 ; 非都市編定：農牧用地
RPXNMLKMNHNFFDT67CA,新利段,2363.00,非都市：特定農業區 ; 非都市編定：農牧用地
RPUNMLPJOHNFFDT67CA,白沙段,83.75,都市：住
RPUNMLPJOHNFFDT67CA,白沙段,128.65,都市：商
RPRNMLLMNHNFFDT17CA,三千段,1966.69,非都市：一般農業區 ; 非都市編定：農牧用地
RPPNMLLMNHNFFDT96CA,頂信段,59.91,非都市：鄉村區 ; 非都市編定：乙種建築用地
RPPNMLLMNHNFFDT96CA,頂信段,33.26,非都市：鄉村區 ; 非都市編定：乙種建築用地
RPPNMLLMNHNFFDT96CA,頂信段,117.81,非都市：鄉村區 ; 非都市編定：乙種建築用地
RPPNMLLMNHNFFDT96CA,頂信段,23.50,非都市：鄉村區 ; 非都市編定：乙種建築用地
RPPNMLLMNHNFFDT96CA,頂信段,19.37,非都市：鄉村區 ; 非都市編定：乙種建築用地
RPPNMLLMNHNFFDT96CA,頂信段,83.07,非都市：鄉村區 ; 非都市編定：乙種建築用地
RPPNMLLMNHNFFDT96CA,頂信段,20.60,非都市：鄉村區 ; 非都市編定：乙種建築用地
RPVNMLMLOHNFFCT57CA,德勝段,1177.35,非都市：一般農業區 ; 非都市編定：農牧用地
RPXOMLOKOHNFFCT97CA,老埤段,600.00,非都市：一般農業區 ; 非都市編定：農牧用地
RPTNMLSJOHNFFAT67DA,萬年段,127.00,都市：住
RPVNMLPJOHNFFCT67CA,永慶段,611.51,非都市：一般農業區 ; 非都市編定：農牧用地
RPVNMLPJOHNFFCT67CA,永慶段,493.05,非都市：一般農業區 ; 非都市編定：農牧用地
RPSNMLLMNHNFFDT27CA,頂安段,20.58,都市：住
RPSNMLLMNHNFFDT27CA,頂安段,103.07,都市：住
RPROMLKLOHNFFCT07CA,東勢段,3949.82,非都市：一般農業區 ; 非都市編定：農牧用地
RPPNMLOLNHNFFBT27CD,土庫段,2031.00,非都市：一般農業區 ; 非都市編定：農牧用地
RPTNMLLMNHNFFDT37CA,壽元段,446.31,非都市：一般農業區 ; 非都市編定：農牧用地
RPTNMLLMNHNFFDT37CA,壽元段,100.98,非都市：一般農業區 ; 非都市編定：農牧用地
RPVNMLPKOHNFFAT57CA,勝興段,68.00,都市：住
RPTOMLOKOHNFFBT47CA,新泰山段,448.24,非都市：一般農業區 ; 非都市編定：農牧用地
RPOOMLKMNHNFFCT76CA,萬全段,65.50,都市：住
RPOOMLKMNHNFFCT76CA,萬全段,17.95,都市：住
RPRNMLLJOHNFFET07CA,恆西段,77.59,都市：住
RPUPMLQJOHNFFAT67CA,九勇段,111.50,都市：住
RPQNMLLJNHNFFDT07CD,鹽洲段,235.86,都市：住
RPQPMLQJOHNFFAT27CA,溝美段,70.00,都市：住
RPOOMLSJOHNFFAT17CA,北勢段,3.00,都市：住
RPOOMLSJOHNFFAT17CA,北勢段,2.00,都市：住
RPOOMLSJOHNFFAT17CA,北勢段,63.00,都市：住
RPVOMLKMNHNFFAT27CA,洛陽段,5.01,都市：商
RPVOMLKMNHNFFAT27CA,洛陽段,.56,都市：商
RPRNMLLJOHNFFAT66CA,灣內段,1725.00,非都市：特定農業區 ; 非都市編定：農牧用地
RPTNMLLJOHNFFAT86CA,新鐘段,319.00,非都市：鄉村區 ; 非都市編定：乙種建築用地
RPPOMLLMNHNFFAT76CA,公園段二小段,5.96,都市：住
RPSOMLLMNHNFFAT07CA,檳榔腳段一小段,23.70,都市：住
RPUOMLLMNHNFFAT27CA,檳榔腳段一小段,20.31,都市：住
RPSNMLSJOHNFFAT47CA,萬年段,32.78,都市：住
RPUOMLKMNHNFFAT17CA,社上段,85.80,非都市：鄉村區 ; 非都市編定：乙種建築用地
RPQNMLLMNHNFFAT76CA,麟信段,356.95,都市：農
RPRQMLQJOHNFFAT47CA,大埔段二小段,78.00,都市：住
RPQNMLLJOHNFFAT56CA,公園段二小段,5.96,都市：商
RPPNMLNJOHNFFAT66CA,萬年段,6.73,都市：住
RPSPMLLMNHNFFAT17CA,林內段,51.80,都市：住
RPXOMLOJOHNFFAT67CA,萬年段,252.00,都市：住
RPOPMLKMNHNFFAT66CA,社上段,85.80,非都市：鄉村區 ; 非都市編定：乙種建築用地
RPUOMLOJOHNFFAT37CA,麟愛段,24.99,都市：其他
RPRPMLLMNHNFFAT07CA,明正段,43.00,都市：住
RPSNMLPJOHNFFAT17CA,九仁段,35.67,都市：住
RPSNMLPJOHNFFAT17CA,九仁段,47.44,都市：住
RPSNMLLMNHNFFAT96CA,林內段,56.00,都市：住
RPRNMLOKOHNFFBT17CA,阿拔泉段,2622.00,非都市：一般農業區 ; 非都市編定：農牧用地
RPTNMLOJOHNFFAT17CA,檳榔腳段一小段,20.31,都市：住
RPUNMLQJOHNFFBT57CA,春林段,1547.00,都市：住
RPUNMLQJOHNFFBT57CA,春林段,69.00,都市：住
RPUNMLQJOHNFFBT57CA,春林段,177.00,都市：住
RPUNMLQJOHNFFBT57CA,春林段,4.00,都市：住
RPUNMLQJOHNFFBT57CA,春林段,14.00,都市：住
RPUNMLQJOHNFFBT57CA,春林段,214.00,都市：住
RPUNMLQJOHNFFBT57CA,春林段,99.00,都市：住
RPUNMLQJOHNFFBT57CA,春林段,202.00,都市：住
RPUNMLQJOHNFFBT57CA,春林段,1623.00,都市：住
RPUNMLQJOHNFFBT57CA,春林段,67.00,都市：其他
RPUNMLQJOHNFFBT57CA,春林段,10.75,都市：其他
RPUNMLQJOHNFFBT57CA,春林段,197.00,都市：其他
RPUNMLQJOHNFFBT57CA,春林段,19.12,都市：其他
RPUNMLQJOHNFFBT57CA,春林段,247.00,都市：其他
RPUNMLOKOHNFFBT47CA,塔樓段,34.00,非都市：一般農業區 ; 非都市編定：水利用地
RPUNMLOKOHNFFBT47CA,塔樓段,8.00,非都市：一般農業區 ; 非都市編定：水利用地
RPUNMLOKOHNFFBT47CA,塔樓段,11.00,非都市：一般農業區 ; 非都市編定：水利用地
RPUNMLOKOHNFFBT47CA,塔樓段,148.00,非都市：一般農業區 ; 非都市編定：水利用地
RPTNMLOKOHNFFBT37CA,塔樓段,239.00,非都市：一般農業區 ; 非都市編定：水利用地
RPTNMLOKOHNFFBT37CA,塔樓段,166.00,非都市：一般農業區 ; 非都市編定：水利用地
RPSNMLOKOHNFFBT27CA,塔樓段,2.00,非都市：一般農業區 ; 非都市編定：水利用地
RPSNMLOKOHNFFBT27CA,塔樓段,206.00,非都市：一般農業區 ; 非都市編定：水利用地
RPVOMLLJOHNFFAT17CA,豐田段,4.23,都市：住
RPVOMLLJOHNFFAT17CA,豐田段,11.83,都市：住
RPVNMLOKOHNFFBT57CA,塔樓段,104.00,非都市：一般農業區 ; 非都市編定：水利用地
RPXNMLOKOHNFFBT77CA,塔樓段,131.00,非都市：一般農業區 ; 非都市編定：水利用地
RPXNMLOKOHNFFBT77CA,塔樓段,38.00,非都市：一般農業區 ; 非都市編定：水利用地
RPWNMLOKOHNFFBT67CA,塔樓段,37.20,非都市：一般農業區 ; 非都市編定：水利用地
RPSNMLLJOHNFFAT76CA,洛陽段,14.68,都市：住
RPSNMLLJOHNFFAT76CA,洛陽段,69.00,都市：住
RPVNMLLJOHNFFAT07CA,建國段,201.00,都市：住
RPVNMLLJOHNFFAT07CA,建國段,37.00,都市：住
RPOOMLOKOHNFFBT96CA,塔樓段,173.00,非都市：一般農業區 ; 非都市編定：水利用地
RPPOMLOKOHNFFBT07CA,塔樓段,78.50,非都市：一般農業區 ; 非都市編定：水利用地
RPPOMLOKOHNFFBT07CA,塔樓段,30.50,非都市：一般農業區 ; 非都市編定：水利用地
RPPOMLOKOHNFFBT07CA,塔樓段,63.50,非都市：一般農業區 ; 非都市編定：水利用地
RPPNMLLKOHNFFAT56CA,萬年段,106.00,都市：住
RPQNMLRJOHNFFCT37CA,鹿寮段,1514.44,非都市：一般農業區 ; 非都市編定：農牧用地
RPTNMLMKOHNFFCT27CA,南寧段,99.68,都市：住
RPQOMLOKOHNFFBT17CA,塔樓段,45.00,非都市：一般農業區 ; 非都市編定：水利用地
RPSNMLLKOHNFFCT07CA,上東勢段,1197.34,非都市：特定農業區 ; 非都市編定：農牧用地
RPROMLOKOHNFFBT27CA,塔樓段,57.50,非都市：一般農業區 ; 非都市編定：水利用地
RPROMLOKOHNFFBT27CA,塔樓段,29.00,非都市：一般農業區 ; 非都市編定：水利用地
RPRNMLLMNHNFFCT07CA,上東勢段,1939.30,非都市：特定農業區 ; 非都市編定：農牧用地
RPTNMLLJOHNFFCT07CA,復興段,38.61,都市：其他
RPTNMLLJOHNFFCT07CA,復興段,559.41,都市：農
RPXNMLLJOHNFFCT47CA,永慶段,1359.75,非都市：一般農業區 ; 非都市編定：農牧用地
SPRNMLLMNHNFFCT17CA,上東勢段,1803.02,非都市：特定農業區 ; 非都市編定：農牧用地
RPPNMLLJOHNFFCT66CA,豐田段,25.95,都市：其他
RPXNMLQJOHNFFCT97CA,美和段,8.06,非都市：鄉村區 ; 非都市編定：乙種建築用地
RPPOMLLLOHNFFAT76CA,永興段,727.31,都市：農
RPPOMLLLOHNFFAT76CA,永興段,12.13,都市：農
RPQNMLLMNHNFFCT96CA,美和段,28.56,非都市：鄉村區 ; 非都市編定：乙種建築用地
RPRNMLOJOHNFFDT27CA,大南段,54.35,都市：住
RPTNMLOJOHNFFCT37CA,新榮段,108.33,都市：商
RPQOMLLLOHNFFCT07CA,中洲段,185.70,都市：住
RPSOMLLLOHNFFCT27CA,中山段,15.25,都市：住
RPSOMLLLOHNFFCT27CA,中山段,8.92,都市：住
RPSOMLLLOHNFFCT27CA,中山段,8.71,都市：其他
RPPNMLLLOHNFFCT86CA,建興段,300.00,非都市：一般農業區 ; 非都市編定：農牧用地
RPUNMLRJOHNFFDT87CA,大潭新庄段,1911.34,非都市：一般農業區 ; 非都市編定：農牧用地
RPPOMLRJOHNFFDT47CA,大潭新庄段,835.14,非都市：一般農業區 ; 非都市編定：農牧用地
RPOOMLRJOHNFFDT37CA,大潭新庄段,365.14,非都市：一般農業區 ; 非都市編定：農牧用地
RPQOMLRJOHNFFDT57CA,大潭新庄段,694.45,非都市：一般農業區 ; 非都市編定：農牧用地
RPWNMLTKOHNFFCT28CA,三星段,17.12,都市：住
RPRNMLLJOHNFFDT96CA,花矸段,194.05,都市：其他
RPRNMLLJOHNFFDT96CA,花矸段,27.84,都市：其他
RPUNMLLMNHNFFDT47CA,本漁段,775.77,都市：農
RPUNMLLMNHNFFDT47CA,花矸段,178.45,都市：其他
RPWNMLOJOHNFFDT77CA,新吉段,106.00,非都市：鄉村區 ; 非都市編定：乙種建築用地
RPWNMLOJOHNFFDT77CA,新吉段,33.17,非都市：鄉村區 ; 非都市編定：乙種建築用地
RPQNMLOJOHNFFDT17CA,新愛段,116.37,都市：住
RPQNMLLKOHNFFAT76DA,新生段,35.00,都市：住
RPPNMLMLOHNFFDT37CD,大鵬段,.70,都市：其他
RPWNMLMLOHNFFDT77CA,大鵬段,6.70,都市：其他
RPWNMLMLOHNFFDT77CA,大鵬段,.65,都市：其他
RPOOMLLLOHNFFAT66CA,萬年段,159.00,都市：住
RPQOMLKLOHNFFCT96CA,新田段,13.47,非都市：鄉村區 ; 非都市編定：乙種建築用地
RPQNMLLJOHNFFET07DA,墾丁段,6.49,非都市：國家公園區 ; 非都市編定：
RPQOMLKLOHNFFCT96CA,新田段,70.00,非都市：鄉村區 ; 非都市編定：乙種建築用地
RPQPMLOJOHNFFAT17DA,前進段,1298.00,都市：工
RPOOMLLLOHNFFCT86CA,明崙段,91.08,非都市：鄉村區 ; 非都市編定：乙種建築用地
RPSNMLLJOHNFFET27DA,大光段,1160.63,非都市：國家公園區 ; 非都市編定：
RPUNMLLJOHNFFET37CA,水泉段,157.06,非都市：國家公園區 ; 非都市編定：
RPPNMLQLOHNFFFT67CA,平埔厝段,286.43,非都市：一般農業區 ; 非都市編定：農牧用地
RPRNMLPJOHNFFDT47DA,南糖段,288.96,都市：住
RPTNMLQJOHNFFDT67CA,新仁段,34.34,都市：住
