﻿鄉鎮市區,交易標的,土地區段位置/建物區段門牌,土地移轉總面積(平方公尺),都市土地使用分區,非都市土地使用分區,非都市土地使用編定,交易年月日,交易筆棟數,移轉層次,總樓層數,建物型態,主要用途,主要建材,建築完成年月,建物移轉總面積(平方公尺),建物現況格局-房,建物現況格局-廳,建物現況格局-衛,建物現況格局-隔間,有無管理組織,總價(元),單價(元/平方公尺),車位類別,車位移轉總面積(平方公尺),車位總價(元),備註,編號
The villages and towns urban district,transaction sign,land sector position/building sector house number plate,land shifting total area (square meter),the use zoning or compiles and checks,the non-metropolis land use district,non-metropolis land use,transaction year, month and day,transaction pen number,shifting level,total floor number,building state,main use,main building materials,construction to complete the years,building shifting total area,Building present situation pattern - room,building present situation pattern - hall,building present situation pattern - health,building present situation pattern - compartmented,Whether there is manages the organization,total price (Yuan),the unit price (a Yuan/square meter),the berth category,berth shifting total area (square meter),the berth total price (Yuan),the note,serial number
花蓮市,房地(土地+建物),花蓮縣花蓮市國興五街61~90號,8.4,住,,,1070511,土地1建物1車位0,三層,七層,華廈(10層含以下有電梯),住家用,鋼筋混凝土造,0840114,45.21,1,1,1,有,有,1806000,39947,,0.0,0,,RPUNMLMLNHNFFAU27CA
花蓮市,土地,民心段361~390地號,99.0,工,,,1070514,土地1建物0車位0,,,其他,,,,0.0,0,0,0,有,無,3270000,33030,,0.0,0,,RPVNMLMLNHNFFAU37CA
花蓮市,房地(土地+建物)+車位,花蓮縣花蓮市中美路93巷1~30號,22.45,商,,,1070509,土地2建物2車位1,二層,七層,華廈(10層含以下有電梯),住家用,鋼筋混凝土造,0820109,237.86,3,2,2,有,有,5300000,22283,坡道平面,15.3,0,,RPXNMLMLNHNFFAU57CA
吉安鄉,房地(土地+建物),花蓮縣吉安鄉舊村六街121~150號,81.0,住,,,1070409,土地1建物1車位0,全,三層,透天厝,住家用,鋼筋混凝土造,0980213,167.49,4,2,5,有,無,7800000,46570,,0.0,0,,RPOOMLMLNHNFFAU76CA
壽豐鄉,土地,共和段241~270地號,3037.11,,一般農業區,農牧用地,1070420,土地1建物0車位0,,,其他,,,,0.0,0,0,0,有,無,4555658,1500,,0.0,0,,RPPNMLNLNHNFFAU86CA
花蓮市,房地(土地+建物),花蓮縣花蓮市華安街61~90號,72.47,住,,,1070417,土地1建物1車位0,二層,四層,其他,見其他登記事項,鋼筋混凝土造,1061229,207.84,4,2,3,有,無,11000000,52925,,0.0,0,,RPUNMLNLNHNFFAU37CA
花蓮市,房地(土地+建物),花蓮縣花蓮市中興路211~240號,22.0,住,,,1070114,土地1建物1車位0,四層,八層,華廈(10層含以下有電梯),住家用,鋼筋混凝土造,0821109,144.55,3,2,2,有,有,5080000,35144,,0.0,0,,RPPNMLOLNHNFFAU96CA
花蓮市,房地(土地+建物),花蓮縣花蓮市建國路二段751~780號,156.0,住,,,1070510,土地1建物1車位0,全,四層,透天厝,住家用,鋼筋混凝土造,1040831,362.65,5,3,6,有,無,25000000,68937,,0.0,0,,RPQNMLPLNHNFFAU17CA
吉安鄉,房地(土地+建物),花蓮縣吉安鄉舊村六街120巷1~30號,83.0,住,,,1070406,土地1建物1車位0,全,三層,透天厝,住家用,鋼筋混凝土造,0980213,169.7,4,2,5,有,無,8230000,48497,,0.0,0,,RPQNMLSLNHNFFAU47CA
秀林鄉,土地,佳民段1081~1110地號,2622.0,,一般農業區,農牧用地,1070402,土地1建物0車位0,,,其他,,,,0.0,0,0,0,有,無,2200000,839,,0.0,0,,RPROMLPLNHNFFAU37CA
壽豐鄉,土地,吳全段511~540地號,2862.45,農,,,1070508,土地1建物0車位0,,,其他,,,,0.0,0,0,0,有,無,5195340,1815,,0.0,0,,RPSPMLSJOHNFFAU77CA
花蓮市,房地(土地+建物)+車位,花蓮縣花蓮市國聯五路1~30號,77.74,商,,,1070501,土地3建物2車位1,全,四層,透天厝,住商用,鋼筋混凝土造,0841227,270.65,8,2,2,有,無,14300000,52836,坡道平面,75.6,0,,RPSNMLPKOHNFFAU37CA
富里鄉,土地,東里段961~990地號,2674.43,,特定農業區,農牧用地,1070510,土地1建物0車位0,,,其他,,,,0.0,0,0,0,有,無,1738000,650,,0.0,0,,RPRNMLMLNHNFFCU17CA
瑞穗鄉,房地(土地+建物),花蓮縣瑞穗鄉成功南路31~60號,680.0,住,,,1070503,土地3建物1車位0,全,一層,透天厝,住家用,鋼筋混凝土加強磚造,0640325,74.91,4,2,2,有,無,5980000,79829,,0.0,0,權利人等3人買賣總價含未辦保存登記房屋一棟,RPRNMLLJOHNFFCU96CA
吉安鄉,建物,花蓮縣吉安鄉吉安路一段31~60號,0.0,,,,1070516,土地0建物1車位0,全,四層,透天厝,見其他登記事項,鋼筋混凝土造,0810429,131.62,7,2,3,有,無,242900,1845,,0.0,0,親友、員工或其他特殊關係間之交易。,RPSNMLNLNHNFFAU37EA
富里鄉,土地,新莊段811~840地號,1269.73,,特定農業區,農牧用地,1070510,土地1建物0車位0,,,其他,,,,0.0,0,0,0,有,無,1000000,788,,0.0,0,買賣價金含地上未辦保存登記建物,RPPNMLOJOHNFFCU07CA
瑞穗鄉,房地(土地+建物),花蓮縣瑞穗鄉中興路31~60號,133.68,住,,,1070509,土地1建物1車位0,全,四層,透天厝,住家用,鋼筋混凝土造,1070329,290.09,5,2,6,有,無,9500000,32748,,0.0,0,申報金額、建物格局由出賣人提供，移轉土地增值稅及契稅合計﹕145977元及代辦費由出賣人支付。,RPQNMLOLNHNFFCU27CA
瑞穗鄉,房地(土地+建物),花蓮縣瑞穗鄉中興路31~60號,140.7,住,,,1070509,土地1建物1車位0,全,四層,透天厝,住家用,鋼筋混凝土造,1070409,279.83,5,2,6,有,無,11300000,40382,,0.0,0,申報金額、建物格局由出賣人提供，移轉土地增值稅及契稅合計﹕144993元及代辦費由出賣人支付另含分離式冷氣五台、熱水器四台，四樓家俱床組、燈具、後採光罩照(鋁製)、前1.5八半光罩玻璃製皆由賣方提供及負擔。。,RPRNMLOLNHNFFCU37CA
瑞穗鄉,房地(土地+建物),花蓮縣瑞穗鄉中興路31~60號,131.86,住,,,1070509,土地1建物1車位0,全,四層,透天厝,住家用,鋼筋混凝土造,1070329,280.83,5,2,6,有,無,9300000,33116,,0.0,0,申報金額、建物格局由出賣人提供，移轉土地增值稅及契稅合計﹕141665元及代辦費由出賣人支付。,RPSNMLOLNHNFFCU47CA
花蓮市,房地(土地+建物),花蓮縣花蓮市國聯五路121~150號,8.58,商,,,1070504,土地1建物1車位0,三層,五層,華廈(10層含以下有電梯),商業用,鋼筋混凝土造,0750712,48.6,2,0,2,有,無,1990000,40947,,0.0,0,,RPOOMLLLOHNFFAU76CA
花蓮市,房地(土地+建物),花蓮縣花蓮市尚志路31~60號,196.2,農,,,1070413,土地3建物1車位0,全,三層,透天厝,住家用,鋼筋混凝土造,1041015,214.68,5,2,5,有,無,15000000,69871,,0.0,0,,RPPNMLQJOHNFFAU07CA
花蓮市,房地(土地+建物),花蓮縣花蓮市建國路二段811~840號,229.94,住,,,1070413,土地1建物1車位0,全,四層,透天厝,住家用,鋼筋混凝土造,1050107,498.39,0,0,0,無,無,33000000,66213,,0.0,0,,RPRNMLSJOHNFFAU47CA
吉安鄉,土地,宜昌段181~210地號,111.0,其他,,,1070511,土地1建物0車位0,,,其他,,,,0.0,0,0,0,有,無,195000,1757,,0.0,0,公共設施保留地道路用地,RPPOMLKMNHNFFAU76CA
吉安鄉,房地(土地+建物),花蓮縣吉安鄉中正路二段300巷31~60號,114.26,,特定農業區,甲種建築用地,1070426,土地1建物1車位0,全,三層,透天厝,住家用,鋼筋混凝土造,0940218,176.36,4,2,3,有,無,9400000,53300,,0.0,0,,RPROMLLMNHNFFAU07CA
吉安鄉,土地,干城段331~360地號,50.6,,一般農業區,甲種建築用地,1070514,土地1建物0車位0,,,其他,,,,0.0,0,0,0,有,無,382500,7559,,0.0,0,,RPTNMLTLNHNFFAU87CA
新城鄉,土地,樹林段541~570地號,3263.64,,一般農業區,農牧用地,1070423,土地1建物0車位0,,,其他,,,,0.0,0,0,0,有,無,8885250,2722,,0.0,0,,RPPNMLPLNHNFFAU07CA
花蓮市,房地(土地+建物),花蓮縣花蓮市華安街61~90號,33.3,住,,,1070427,土地1建物1車位0,一層,四層,其他,見其他登記事項,鋼筋混凝土造,1061229,84.28,1,2,1,有,無,5500000,65259,,0.0,0,,RPVNMLNLNHNFFAU47CA
花蓮市,土地,德安段481~510地號,13.0,住,,,1070423,土地1建物0車位0,,,其他,,,,0.0,0,0,0,有,無,1572000,120923,,0.0,0,,RPWNMLTLNHNFFAU18CA
壽豐鄉,房地(土地+建物),花蓮縣壽豐鄉豐坪路三段18巷1~30號,1040.22,,一般農業區,養殖用地,1070412,土地1建物1車位0,一層，二層，三層，見其他登記事項,三層,農舍,農舍,鋼筋混凝土造,1050721,219.21,5,2,5,有,無,14500000,,,0.0,0,,RPOOMLLMNHNFFAU76CA
花蓮市,房地(土地+建物),花蓮縣花蓮市建和街25巷30弄1~30號,75.16,住,,,1070412,土地6建物1車位0,全,四層,透天厝,見其他登記事項,鋼筋混凝土造,0830929,163.45,4,3,3,有,無,5400000,33038,,0.0,0,,RPWOMLSJOHNFFAU08CA
新城鄉,土地,嘉南段61~90地號,136.0,住,,,1070328,土地1建物0車位0,,,其他,,,,0.0,0,0,0,有,無,2200000,16176,,0.0,0,,RPSOMLTKOHNFFAU87CA
花蓮市,房地(土地+建物),花蓮縣吉安鄉自強路594巷1~30號,9.52,住,,,1070515,土地2建物1車位0,二層,五層,華廈(10層含以下有電梯),住家用,鋼筋混凝土造,0831117,31.33,0,0,0,無,無,2150000,68624,,0.0,0,,RPQNMLKLOHNFFAU76CA
光復鄉,房地(土地+建物),花蓮縣光復鄉中華路232巷1~30號,89.0,住,,,1070504,土地1建物1車位0,全,二層,透天厝,住商用,鋼筋混凝土加強磚造,0710615,103.75,3,1,2,有,無,3350000,32289,,0.0,0,,RPPNMLOLNHNFFBU07CA
富里鄉,土地,埔頭段871~900地號,100.0,,,,1070510,土地1建物0車位0,,,其他,,,,0.0,0,0,0,有,無,150000,1500,,0.0,0,,RPTNMLLJOHNFFCU17CA
光復鄉,土地,管真段391~420地號,477.01,,山坡地保育區,丙種建築用地,1070403,土地1建物0車位0,,,其他,,,,0.0,0,0,0,有,無,486168,1019,,0.0,0,,RPRNMLOJOHNFFBU17CA
吉安鄉,土地,仁和段91~120地號,880.35,農,,,1070410,土地1建物0車位0,,,其他,,,,0.0,0,0,0,有,無,30600000,34759,,0.0,0,,RPSNMLPJOHNFFAU47EA
花蓮市,房地(土地+建物),花蓮縣花蓮市林森路361巷4弄1~30號,68.0,住,,,1070421,土地1建物1車位0,全,二層,透天厝,住家用,鋼筋混凝土加強磚造,0610913,92.28,2,2,2,有,無,5500000,59601,,0.0,0,,RPQOMLPLNHNFFAU47EA
萬榮鄉,土地,支亞干段1831~1860地號,1461.9,,一般農業區,農牧用地,1070418,土地2建物0車位0,,,其他,,,,0.0,0,0,0,有,無,2000000,1368,,0.0,0,,RPPNMLPLNHNFFBU17CA
光復鄉,土地,溪州段811~840地號,213.38,,特定農業區,甲種建築用地,1070514,土地1建物0車位0,,,其他,,,,0.0,0,0,0,有,無,280000,1312,,0.0,0,無聯外通路且連住宅後面全部是排油煙機出口,RPPNMLTLNHNFFBU57CA
鳳林鎮,土地,鳳凰段811~840地號,4097.74,,一般農業區,農牧用地,1070426,土地2建物0車位0,,,其他,,,,0.0,0,0,0,有,無,1800000,439,,0.0,0,無聯外道路,RPQNMLTLNHNFFBU67CA
花蓮市,房地(土地+建物),花蓮縣花蓮市鎮國街121~150號,86.0,住,,,1070517,土地1建物1車位0,全,三層,透天厝,住商用,鋼筋混凝土造,0660919,188.04,3,2,3,有,無,8000000,42544,,0.0,0,,RPRNMLKLOHNFFAU86CA
萬榮鄉,土地,悅付南段1021~1050地號,374.12,,一般農業區,農牧用地,1070517,土地2建物0車位0,,,其他,,,,0.0,0,0,0,有,無,600000,1604,,0.0,0,,RPQNMLLLOHNFFBU17EA
玉里鎮,房地(土地+建物),花蓮縣玉里鎮忠孝路31~60號,95.0,住,,,1070312,土地1建物1車位0,全,二層,透天厝,住家用,鋼筋混凝土加強磚造,,108.0,5,1,1,有,無,633655,5867,,0.0,0,,RPQNMLSLNHNFFCU87EA
新城鄉,房地(土地+建物),花蓮縣新城鄉康樂村23鄰大行街1~30號,88.59,,鄉村區,乙種建築用地,1070510,土地1建物1車位0,全,二層,透天厝,住家用,鋼筋混凝土加強磚造,0700409,95.0,3,2,2,有,無,3200000,33684,,0.0,0,,RPTNMLPKOHNFFAU47CA
吉安鄉,房地(土地+建物),花蓮縣吉安鄉東里三街1~30號,152.4,住,,,1070511,土地2建物1車位0,全,四層,透天厝,住家用,鋼筋混凝土造,1060203,231.89,5,2,5,有,無,13390000,57743,,0.0,0,,RPTOMLOKOHNFFAU47CA
花蓮市,房地(土地+建物),花蓮縣花蓮市德安一街201巷1~30號,98.0,住,,,1070423,土地3建物1車位0,全,二層,透天厝,住家用,鋼筋混凝土加強磚造,0621105,97.32,3,2,2,有,無,4000000,41102,,0.0,0,,RPUOMLOKOHNFFAU57CA
花蓮市,房地(土地+建物),花蓮縣花蓮市國民七街31~60號,2.5,商,,,1070510,土地1建物1車位0,十二層,十二層,住宅大樓(11層含以上有電梯),住家用,鋼筋混凝土造,0831115,26.54,1,0,1,有,有,1350000,50867,,0.0,0,,RPVOMLOKOHNFFAU67CA
花蓮市,房地(土地+建物),花蓮縣花蓮市國興五街61~90號,183.0,住,,,1070412,土地1建物1車位0,全,二層,透天厝,住家用,鋼筋混凝土造,0770414,219.03,4,2,3,有,無,12000000,54787,,0.0,0,,RPSNMLLKOHNFFAU96CA
秀林鄉,土地,上崇德段871~900地號,104.72,住,,,1070516,土地2建物0車位0,,,其他,,,,0.0,0,0,0,有,無,350000,3342,,0.0,0,1.親友間之交易。,RPPNMLNKOHNFFAU86CA
吉安鄉,土地,光英段781~810地號,1082.03,,一般農業區,農牧用地,1070301,土地1建物0車位0,,,其他,,,,0.0,0,0,0,有,無,2102819,1943,,0.0,0,,RPXNMLQJOHNFFAU87CA
秀林鄉,土地,銅門段181~210地號,3540.0,,山坡地保育區,農牧用地,1070508,土地1建物0車位0,,,其他,,,,0.0,0,0,0,有,無,100000,28,,0.0,0,親友間交易,RPSNMLRJOHNFFAU47CA
吉安鄉,房地(土地+建物),花蓮縣吉安鄉南海五街241~270號,101.0,,鄉村區,乙種建築用地,1070419,土地1建物1車位0,全,一層,透天厝,商業用,鋼筋混凝土加強磚造,0690211,48.49,2,2,1,有,無,3000000,61868,,0.0,0,,RPWNMLRJOHNFFAU87CA
吉安鄉,房地(土地+建物),花蓮縣吉安鄉東海十五街61~90號,84.0,住,,,1061206,土地1建物1車位0,全,四層,透天厝,住商用,鋼筋混凝土造,0900517,221.32,5,2,3,有,無,8500000,38406,,0.0,0,,RPWNMLLJOHNFFAU27CA
吉安鄉,土地,光學段181~210地號,1715.84,,一般農業區,農牧用地,1070418,土地1建物0車位0,,,其他,,,,0.0,0,0,0,有,無,4420000,2576,,0.0,0,,RPQNMLTLNHNFFAU57CA
花蓮市,房地(土地+建物),花蓮縣花蓮市中和街189巷1~30號,36.98,住,,,1070417,土地1建物1車位0,三層,五層,公寓(5樓含以下無電梯),住家用,鋼筋混凝土造,0750402,138.62,3,2,2,有,無,4800000,34627,,0.0,0,,RPSNMLKMNHNFFAU96CA
花蓮市,房地(土地+建物),花蓮縣花蓮市國富六街1~30號,106.0,住,,,1070503,土地1建物1車位0,全,三層,透天厝,住商用,鋼筋混凝土造,0740724,230.62,5,2,6,有,無,12000000,52034,,0.0,0,,RPUNMLSLNHNFFAU87CA
壽豐鄉,土地,豐山段961~990地號,73.63,,鄉村區,乙種建築用地,1070514,土地1建物0車位0,,,其他,,,,0.0,0,0,0,有,無,1113500,15123,,0.0,0,,RPRNMLPLNHNFFAU27CA
吉安鄉,土地,干城段661~690地號,982.84,,一般農業區,農牧用地,1070511,土地1建物0車位0,,,其他,,,,0.0,0,0,0,有,無,1410000,1435,,0.0,0,,RPTNMLPLNHNFFAU47CA
新城鄉,房地(土地+建物),花蓮縣新城鄉樹林街211~240號,91.06,,一般農業區,甲種建築用地,1070501,土地1建物1車位0,全,三層,透天厝,住家用,鋼筋混凝土造,0821229,136.73,4,2,3,有,無,3200000,23404,,0.0,0,,RPXNMLSLNHNFFAU18CA
花蓮市,房地(土地+建物),花蓮縣花蓮市成功街31~60號,27.46,住,,,1070514,土地1建物1車位0,二層,五層,華廈(10層含以下有電梯),見其他登記事項,鋼筋混凝土造,1070322,79.14,2,1,2,有,無,4000000,50543,,0.0,0,,RPQOMLSLNHNFFAU57CA
新城鄉,房地(土地+建物),花蓮縣新城鄉鄉根1巷31~60號,93.57,,鄉村區,乙種建築用地,1070517,土地2建物1車位0,全,二層,透天厝,住家用,鋼筋混凝土造,0750730,96.8,2,2,2,有,無,2700000,27893,,0.0,0,,RPVOMLPLNHNFFAU77CA
吉安鄉,土地,光學段211~240地號,942.0,,一般農業區,農牧用地,1070418,土地1建物0車位0,,,其他,,,,0.0,0,0,0,有,無,3120000,3312,,0.0,0,,RPPNMLKMNHNFFAU66CA
吉安鄉,房地(土地+建物),花蓮縣吉安鄉慈惠四街18巷8弄1~30號,126.0,住,,,1070509,土地1建物1車位0,全,四層,透天厝,住家用,鋼筋混凝土造,1060522,267.34,5,2,6,有,無,17800000,66582,,0.0,0,,RPQNMLKMNHNFFAU76CA
吉安鄉,房地(土地+建物),花蓮縣吉安鄉南海四街163巷1~30號,120.0,,特定農業區,甲種建築用地,1070513,土地1建物1車位0,全,四層,透天厝,住家用,鋼筋混凝土造,1050824,284.27,4,2,5,有,無,12300000,43269,,0.0,0,,RPPNMLLJOHNFFAU56CA
花蓮市,房地(土地+建物),花蓮縣花蓮市國盛五街31~60號,10.26,住,,,1070509,土地1建物1車位0,三層,五層,套房(1房1廳1衛),住家用,鋼筋混凝土造,0810303,34.61,0,0,1,無,無,500000,14447,,0.0,0,,RPQNMLPJOHNFFAU07CA
新城鄉,房地(土地+建物),花蓮縣新城鄉復興路187巷1~30號,89.0,住,,,1070516,土地1建物1車位0,全,四層,透天厝,住家用,鋼筋混凝土造,1050204,196.83,4,2,5,有,無,11600000,58934,,0.0,0,,RPOPMLSJOHNFFAU37CA
新城鄉,房地(土地+建物),花蓮縣新城鄉嘉里四路20巷74弄1~30號,91.0,住,,,1070502,土地1建物1車位0,全,二層,透天厝,住家用,鋼筋混凝土加強磚造,0691105,83.79,4,1,3,有,無,5500000,65640,,0.0,0,,RPROMLLKOHNFFAU96CA
吉安鄉,房地(土地+建物),花蓮縣吉安鄉明義七街145巷46弄1~30號,90.51,,鄉村區,乙種建築用地,1070509,土地1建物1車位0,全,一層,透天厝,住家用,鋼筋混凝土加強磚造,0680922,47.06,2,1,2,有,無,3350000,71186,,0.0,0,,RPPOMLLLOHNFFAU86CA
吉安鄉,房地(土地+建物),花蓮縣吉安鄉海岸路211~240號,108.0,,鄉村區,乙種建築用地,1070425,土地1建物1車位0,全,四層,透天厝,住家用,鋼筋混凝土造,1041007,231.06,5,2,6,有,無,16000000,69246,,0.0,0,,RPVNMLPLOHNFFAU77CA
鳳林鎮,房地(土地+建物),花蓮縣鳳林鎮中正路二段1~30號,32.03,住,,,1070509,土地1建物2車位0,一層，二層，騎樓,四層,公寓(5樓含以下無電梯),住商用,鋼筋混凝土造,0730114,98.00999999999999,1,1,1,有,無,2000000,20406,,0.0,0,,RPPNMLKMNHNFFBU76CA
瑞穗鄉,房地(土地+建物),花蓮縣瑞穗鄉中興路31~60號,132.57,住,,,1070509,土地1建物1車位0,全,四層,透天厝,住家用,鋼筋混凝土造,1070329,290.09,5,2,6,有,無,9300000,32059,,0.0,0,申報金額、建物格局由出賣人提供，移轉土地增值稅及契稅合計﹕145594元及代辦費由出賣人支付。,RPRNMLSLNHNFFCU77CA
富里鄉,土地,富豐段2101~2130地號,7422.0,,山坡地保育區,農牧用地,1070523,土地2建物0車位0,,,其他,,,,0.0,0,0,0,有,無,700000,94,,0.0,0,,RPPNMLKMNHNFFCU86CA
瑞穗鄉,房地(土地+建物),花蓮縣瑞穗鄉國光南路52巷1~30號,111.96,住,,,1070509,土地1建物1車位0,全,三層,透天厝,住家用,鋼筋混凝土造,1070327,214.43,4,2,5,有,無,7500000,34976,,0.0,0,申報金額、建物格局由出賣人提供，移轉土地增值稅及契稅合計﹕136511元及代辦費由出賣人支付另含冷氣五台、熱水器三台、電視四台，窗簾、電燈、傢俱一至三樓皆由賣方提供及負擔。,RPRNMLKMNHNFFCU07CA
瑞穗鄉,房地(土地+建物),花蓮縣瑞穗鄉市場一路1~30號,89.0,住,,,1070514,土地1建物1車位0,全,二層,透天厝,住商用,鋼筋混凝土造,0800429,125.31,6,2,2,有,無,3500000,27931,,0.0,0,建物格局由出賣人提供，移轉稅費計﹕30188元及代辦費由權利人負擔。另增建部份有佔用他人土地已告之權利人，亦一併交付權利人使用收益。,RPSNMLKMNHNFFCU17CA
瑞穗鄉,房地(土地+建物),花蓮縣瑞穗鄉國光南路52巷1~30號,106.53,住,,,1070509,土地1建物1車位0,全,三層,透天厝,住家用,鋼筋混凝土造,1070327,212.51,4,2,5,有,無,6550000,30822,,0.0,0,建物格局、申報金額及移轉稅費﹕132540元、代辨費，由出賣人負擔。,RPUNMLLMNHNFFCU47CA
吉安鄉,土地,東昌段91~120地號,231.22,其他,,,1070330,土地4建物0車位0,,,其他,,,,0.0,0,0,0,有,無,1942248,8400,,0.0,0,協議價購,RPQOMLLLOHNFFAU17EA
吉安鄉,房地(土地+建物),花蓮縣吉安鄉建國路350巷32弄1~30號,88.17,住,,,1070302,土地1建物1車位0,全,二層,透天厝,住家用,鋼筋混凝土加強磚造,0651023,103.18,5,2,2,有,無,5800000,56212,,0.0,0,,RPUOMLTKOHNFFAU08CA
吉安鄉,房地(土地+建物),花蓮縣吉安鄉仁里十二街31~60號,65.0,住,,,1070410,土地1建物1車位0,全,二層,透天厝,住商用,鋼筋混凝土加強磚造,,93.1,3,2,2,有,無,5500000,59076,,0.0,0,,RPSNMLLMNHNFFAU07CA
花蓮市,房地(土地+建物),花蓮縣花蓮市國盛四街31~60號,17.03,住,,,1070511,土地1建物2車位0,五層,八層,華廈(10層含以下有電梯),住家用,鋼筋混凝土造,0830811,85.8,2,1,1,有,有,3400000,39627,,0.0,0,,RPRNMLKMNHNFFAU86CA
吉安鄉,土地,慈勝段721~750地號,611.89,農,,,1070504,土地1建物0車位0,,,其他,,,,0.0,0,0,0,有,無,9250000,15117,,0.0,0,,RPXNMLTLNHNFFAU28CA
吉安鄉,土地,慈勝段721~750地號,520.88,農,,,1070504,土地2建物0車位0,,,其他,,,,0.0,0,0,0,有,無,7850000,15071,,0.0,0,,RPOOMLTLNHNFFAU47CA
吉安鄉,房地(土地+建物),花蓮縣吉安鄉海岸路103巷1~30號,135.0,住,,,1070417,土地1建物1車位0,全,二層,透天厝,住商用,鋼筋混凝土加強磚造,0661116,104.12,3,2,2,有,無,6200000,59547,,0.0,0,,RPPNMLLMNHNFFAU76CA
壽豐鄉,土地,政明段721~750地號,140.17,住,,,1070423,土地1建物0車位0,,,其他,,,,0.0,0,0,0,有,無,4000000,28537,,0.0,0,,RPUNMLLMNHNFFAU27CA
吉安鄉,房地(土地+建物),花蓮縣吉安鄉南埔十六街51巷1~30號,62.0,住,,,1070417,土地1建物1車位0,全,三層,透天厝,住家用,鋼筋混凝土造,1070103,136.72,4,1,3,有,無,8700000,63634,,0.0,0,,RPVNMLLJOHNFFAU17CA
花蓮市,房地(土地+建物),花蓮縣花蓮市長安街1~30號,13.2,住,,,1070416,土地1建物1車位0,八層,十六層,住宅大樓(11層含以上有電梯),住家用,鋼筋混凝土造,0851029,87.43,2,1,1,有,有,3050000,34885,,0.0,0,,RPWOMLOKOHNFFAU77CA
吉安鄉,房地(土地+建物),花蓮縣吉安鄉南海二街231巷3弄31~60號,69.0,,鄉村區,乙種建築用地,1070511,土地1建物1車位0,全,三層,透天厝,住家用,鋼筋混凝土造,0851002,128.43,3,3,2,有,無,6000000,46718,,0.0,0,,RPPOMLSJOHNFFAU37CA
花蓮市,土地,福德段451~480地號,545.0,農,,,1070510,土地1建物0車位0,,,其他,,,,0.0,0,0,0,有,無,7418700,13612,,0.0,0,,RPVNMLPJOHNFFAU57CA
光復鄉,土地,管真段361~390地號,21366.25,,山坡地保育區,暫未編定,1070427,土地10建物0車位0,,,其他,,,,0.0,0,0,0,有,無,4600000,215,,0.0,0,,RPVNMLOJOHNFFBU57CA
花蓮市,土地,林森段1441~1470地號,100.2,住,,,1070429,土地3建物0車位0,,,其他,,,,0.0,0,0,0,有,無,4200000,41916,,0.0,0,,RPTNMLKLOHNFFAU07CA
富里鄉,土地,新興段301~330地號,5428.33,,特定農業區,農牧用地,1070521,土地4建物0車位0,,,其他,,,,0.0,0,0,0,有,無,4071247,750,,0.0,0,,RPPNMLLMNHNFFCU17EA
瑞穗鄉,土地,鶴岡段271~300地號,1882.0,,山坡地保育區,農牧用地,1070521,土地1建物0車位0,,,其他,,,,0.0,0,0,0,有,無,1350000,717,,0.0,0,,RPQNMLLMNHNFFCU27EA
玉里鎮,土地,舊田段1231~1260地號,593.42,,山坡地保育區,暫未編定,1070306,土地3建物0車位0,,,其他,,,,0.0,0,0,0,有,無,5360000,9032,,0.0,0,含未辦登記建物2棟,RPRNMLTKOHNFFCU08EA
萬榮鄉,土地,新白陽段391~420地號,3437.08,,一般農業區,農牧用地,1070517,土地1建物0車位0,,,其他,,,,0.0,0,0,0,有,無,2000000,582,,0.0,0,,RPPNMLMKOHNFFBU86CA
玉里鎮,土地,玉城段1231~1260地號,191.0,住,,,1070524,土地1建物0車位0,,,其他,,,,0.0,0,0,0,有,無,3050000,15969,,0.0,0,不含代辦費及規費等共15萬元,RPRNMLLMNHNFFCU37EA
光復鄉,土地,阿托莫段631~660地號,1248.48,,山坡地保育區,農牧用地,1070508,土地1建物0車位0,,,其他,,,,0.0,0,0,0,有,無,200000,160,,0.0,0,1.本買賣係屬二親等以內親屬間之交易(買賣雙方無另訂私契)。,RPQNMLKMNHNFFBU86CA
花蓮市,房地(土地+建物),花蓮縣花蓮市國富十一街31~60號,13.01,住,,,1070423,土地1建物1車位0,一層,五層,華廈(10層含以下有電梯),住家用,鋼筋混凝土造,0851005,62.69,3,2,2,有,無,4800000,76567,,0.0,0,,RPSOMLKMNHNFFAU17DA
花蓮市,房地(土地+建物)+車位,花蓮縣花蓮市林森路271~300號,21.97,住,,,1070507,土地3建物1車位1,十一層,十二層,住宅大樓(11層含以上有電梯),見其他登記事項,鋼筋混凝土造,1000121,171.0,2,1,1,有,有,10280000,60117,坡道平面,14.03,0,,RPOOMLNJPHNFFAU07EA
光復鄉,房地(土地+建物),花蓮縣光復鄉中正路二段6巷22弄1~30號,92.56,,特定農業區,甲種建築用地,1070509,土地1建物1車位0,全,二層,透天厝,住家用,鋼筋混凝土加強磚造,0750915,120.12,3,1,2,有,無,1250000,10406,,0.0,0,,RPRNMLLJOHNFFBU07EA
花蓮市,房地(土地+建物),花蓮縣花蓮市富裕十七街1~30號,156.0,住,,,1070508,土地1建物1車位0,全,二層,透天厝,住家用,鋼筋混凝土造,0680730,126.28,4,2,3,有,無,7350000,58204,,0.0,0,,RPTNMLLMNHNFFAU37EA
花蓮市,房地(土地+建物),花蓮縣花蓮市成功街161巷1~30號,68.0,住,,,1070417,土地1建物1車位0,全,一層,透天厝,住家用,木造,,52.35,2,2,2,有,無,2250000,42980,,0.0,0,,RPXNMLLJOHNFFAU37CA
花蓮市,房地(土地+建物),花蓮縣花蓮市中興路43巷1~30號,13.86,住,,,1070504,土地1建物1車位0,一層,十二層,住宅大樓(11層含以上有電梯),住家用,鋼筋混凝土造,0850205,91.44,2,2,1,有,有,3650000,39917,,0.0,0,,RPPPMLSJOHNFFAU47CA
花蓮市,房地(土地+建物),花蓮縣花蓮市成功街31~60號,15.15,住,,,1070507,土地1建物1車位0,三層,五層,套房(1房1廳1衛),見其他登記事項,鋼筋混凝土造,1070322,44.96,1,1,1,有,無,2300000,51157,,0.0,0,,RPSNMLTKOHNFFAU77CA
花蓮市,房地(土地+建物),花蓮縣花蓮市國民七街31~60號,3.34,商,,,1070430,土地1建物1車位0,八層,十二層,住宅大樓(11層含以上有電梯),住家用,鋼筋混凝土造,0831115,84.88,2,1,1,有,有,3980000,46890,,0.0,0,,RPOOMLMKOHNFFAU76CA
壽豐鄉,土地,政明段211~240地號,168.2,住,,,1070502,土地1建物0車位0,,,其他,,,,0.0,0,0,0,有,無,3980000,23662,,0.0,0,,RPRNMLNKOHNFFAU07CA
吉安鄉,房地(土地+建物),花蓮縣吉安鄉文化八街91~120號,161.78,農,,,1070427,土地1建物1車位0,全,四層,透天厝,住家用,鋼筋混凝土造,1060822,283.25,5,2,6,有,無,15400000,54369,,0.0,0,,RPQOMLOKOHNFFAU17CA
花蓮市,房地(土地+建物),花蓮縣花蓮市富安路121~150號,24.04,住,,,1070504,土地3建物1車位0,五層,七層,華廈(10層含以下有電梯),住家用,鋼筋混凝土造,0850123,115.49,3,2,2,有,有,4580000,39657,,0.0,0,,RPTOMLLMNHNFFAU27CA
花蓮市,房地(土地+建物),花蓮縣花蓮市長春街11巷1~30號,16.45,住,,,1070422,土地1建物1車位0,五層,五層,公寓(5樓含以下無電梯),住家用,鋼筋混凝土造,0850726,64.56,2,2,1,有,無,3550000,54988,,0.0,0,,RPQNMLLJOHNFFAU66CA
吉安鄉,土地,慶豐段2011~2040地號,263.0,住,,,1070501,土地1建物0車位0,,,其他,,,,0.0,0,0,0,有,無,14000000,53232,,0.0,0,,RPOOMLLKOHNFFAU66CA
花蓮市,房地(土地+建物),花蓮縣花蓮市建德街1~30號,85.0,住,,,1070323,土地1建物1車位0,全,四層,透天厝,住家用,鋼筋混凝土造,0861017,203.58,5,2,3,有,無,9500000,46665,,0.0,0,,RPPNMLLKOHNFFAU66CA
花蓮市,房地(土地+建物),花蓮縣吉安鄉自強路594巷1~30號,17.36,住,,,1070505,土地1建物1車位0,四層,五層,華廈(10層含以下有電梯),住家用,鋼筋混凝土造,0831117,59.14,2,1,1,有,無,3200000,54109,,0.0,0,,RPXOMLTKOHNFFAU38CA
花蓮市,房地(土地+建物),花蓮縣花蓮市富裕十六街1~30號,18.52,住,,,1070520,土地1建物1車位0,四層,五層,華廈(10層含以下有電梯),住家用,鋼筋混凝土造,0881229,62.82,1,2,1,有,有,2900000,46164,,0.0,0,,RPOOMLRJOHNFFAU17CA
花蓮市,房地(土地+建物),花蓮縣花蓮市介仁街91~120號,794.52,農,,,1070503,土地1建物1車位0,一層，二層，三層，四層,四層,農舍,農舍,鋼筋混凝土造,1020830,282.02,6,2,8,有,無,35000000,,,0.0,0,,RPQNMLRJOHNFFAU27CA
花蓮市,房地(土地+建物),花蓮縣花蓮市中美十三街61~90號,11.49,住,,,1070503,土地1建物1車位0,五層,五層,華廈(10層含以下有電梯),住家用,鋼筋混凝土造,0830722,43.900000000000006,1,1,1,有,無,2470000,56264,,0.0,0,,RPSNMLOJOHNFFAU17CA
新城鄉,房地(土地+建物),花蓮縣新城鄉樹林街233巷2弄1~30號,84.47,,一般農業區,甲種建築用地,1070423,土地1建物1車位0,全,三層,透天厝,住家用,鋼筋混凝土造,0821029,136.73,4,2,3,有,無,4200000,30717,,0.0,0,,RPUNMLOJOHNFFAU37CA
吉安鄉,房地(土地+建物),花蓮縣吉安鄉慶北一街151~180號,105.0,住,,,1070410,土地2建物1車位0,全,四層,透天厝,住家用,鋼筋混凝土造,1061012,203.38,4,2,5,有,無,12800000,62936,,0.0,0,,RPVNMLOJOHNFFAU47CA
花蓮市,房地(土地+建物),花蓮縣花蓮市中美路151~180號,16.41,商,,,1070501,土地1建物1車位0,七層,八層,華廈(10層含以下有電梯),住家用,鋼筋混凝土造,0820720,138.86,3,2,2,有,有,5800000,41769,,0.0,0,,RPOOMLOJOHNFFAU86CA
壽豐鄉,土地,萬壽段一小段151~180地號,396.0,,鄉村區,乙種建築用地,1070510,土地2建物0車位0,,,其他,,,,0.0,0,0,0,有,無,6700000,16919,,0.0,0,,RPTNMLQJOHNFFAU47CA
花蓮市,房地(土地+建物),花蓮縣花蓮市榮正街125巷1~30號,22.34,住,,,1070425,土地3建物1車位0,一層,七層,華廈(10層含以下有電梯),住家用,鋼筋混凝土造,0701124,113.48,3,2,1,有,有,4500000,39655,,0.0,0,,RPSNMLLJOHNFFAU07EA
壽豐鄉,土地,北坑段691~720地號,1859.26,,風景區,農牧用地,1070509,土地1建物0車位0,,,其他,,,,0.0,0,0,0,有,無,350000,188,,0.0,0,,RPUNMLLJOHNFFAU27EA
鳳林鎮,土地,中興段511~540地號,5057.24,,山坡地保育區,農牧用地,1070501,土地1建物0車位0,,,其他,,,,0.0,0,0,0,有,無,1300000,257,,0.0,0,無聯外道路,RPPNMLQJOHNFFBU17CA
鳳林鎮,土地,中興段481~510地號,4864.91,,山坡地保育區,農牧用地,1070502,土地1建物0車位0,,,其他,,,,0.0,0,0,0,有,無,1750000,360,,0.0,0,無聯外道路,RPSNMLOJOHNFFBU27CA
