﻿編號,屋齡,建物移轉面積(平方公尺),主要用途,主要建材,建築完成日期,總層數,建物分層
The serial number,room age,building shifting area (square meter),the main use,main building materials,construction completes the date,total layer,building lamination
RPQNMLSLNHNFFAU47CA,9,169.70,住家用,鋼筋混凝土造,98年2月13日,三層,一層 二層 三層
RPUNMLNLNHNFFAU37CA,,167.38,見其他登記事項,鋼筋混凝土造,106年12月29日,四層,二層
RPUNMLNLNHNFFAU37CA,,40.46,共有部份,鋼筋混凝土造,106年12月29日,四層,
RPQNMLPLNHNFFAU17CA,3,362.65,住家用,鋼筋混凝土造,104年8月31日,四層,一層 二層 三層 四層 屋頂突出物 見其他登記事項
RPUNMLMLNHNFFAU27CA,23,35.43,住家用,鋼筋混凝土造,84年1月14日,七層,三層
RPUNMLMLNHNFFAU27CA,23,9.78,共有部份,鋼筋混凝土造,84年1月14日,七層,
RPXNMLMLNHNFFAU57CA,25,100.70,住家用,鋼筋混凝土造,82年1月9日,七層,二層
RPXNMLMLNHNFFAU57CA,25,100.70,住家用,鋼筋混凝土造,82年1月9日,七層,二層
RPXNMLMLNHNFFAU57CA,25,10.21,共有部份,鋼筋混凝土造,82年1月9日,七層,
RPXNMLMLNHNFFAU57CA,25,10.94,共有部份,鋼筋混凝土造,82年1月9日,七層,
RPXNMLMLNHNFFAU57CA,25,.28,商業用,鋼筋混凝土造,82年1月9日,七層,
RPXNMLMLNHNFFAU57CA,25,15.02,共有部份,鋼筋混凝土造,82年1月9日,七層,
RPSNMLNLNHNFFAU37EA,26,131.62,見其他登記事項,鋼筋混凝土造,81年4月29日,四層,一層 二層 三層 四層 騎樓
RPPNMLOLNHNFFAU96CA,24,103.37,住家用,鋼筋混凝土造,82年11月9日,八層,四層
RPPNMLOLNHNFFAU96CA,24,41.18,共有部份,鋼筋混凝土造,82年11月9日,八層,
RPRNMLLJOHNFFCU96CA,43,24.97,住家用,鋼筋混凝土加強磚造,64年3月25日,一層,一層 騎樓
RPRNMLLJOHNFFCU96CA,43,24.97,住家用,鋼筋混凝土加強磚造,64年3月25日,一層,一層 騎樓
RPRNMLLJOHNFFCU96CA,43,24.97,住家用,鋼筋混凝土加強磚造,64年3月25日,一層,一層 騎樓
RPOOMLMLNHNFFAU76CA,9,167.49,住家用,鋼筋混凝土造,98年2月13日,三層,一層 二層 三層 屋頂突出物
RPSNMLOLNHNFFCU47CA,,280.83,住家用,鋼筋混凝土造,107年3月29日,四層,一層 二層 三層 四層
RPOOMLLLOHNFFAU76CA,32,39.35,商業用,鋼筋混凝土造,75年7月12日,五層,三層
RPOOMLLLOHNFFAU76CA,32,9.25,共有部份,鋼筋混凝土造,75年7月12日,五層,
RPSNMLPKOHNFFAU37CA,22,195.05,住商用,鋼筋混凝土造,84年12月27日,四層,一層 二層 三層 四層
RPSNMLPKOHNFFAU37CA,22,75.60,見其他登記事項,鋼筋混凝土造,84年12月27日,四層,
RPQNMLOLNHNFFCU27CA,,290.09,住家用,鋼筋混凝土造,107年3月29日,四層,一層 二層 三層 四層
RPRNMLOLNHNFFCU37CA,,279.83,住家用,鋼筋混凝土造,107年4月9日,四層,一層 二層 三層 四層
RPRNMLSJOHNFFAU47CA,2,498.39,住家用,鋼筋混凝土造,105年1月7日,四層,一層 二層 三層 四層 騎樓
RPVNMLNLNHNFFAU47CA,,65.69,見其他登記事項,鋼筋混凝土造,106年12月29日,四層,一層
RPVNMLNLNHNFFAU47CA,,18.59,共有部份,鋼筋混凝土造,106年12月29日,四層,
RPPNMLQJOHNFFAU07CA,2,214.68,住家用,鋼筋混凝土造,104年10月15日,三層,一層 二層 三層 屋頂突出物
RPROMLLMNHNFFAU07CA,13,176.36,住家用,鋼筋混凝土造,94年2月18日,三層,一層 二層 三層
RPQOMLPLNHNFFAU47EA,46,92.28,住家用,鋼筋混凝土加強磚造,61年9月13日,二層,一層 二層
RPPNMLOLNHNFFBU07CA,36,103.75,住商用,鋼筋混凝土加強磚造,71年6月15日,二層,一層 二層 騎樓
RPOOMLLMNHNFFAU76CA,2,219.21,農舍,鋼筋混凝土造,105年7月21日,三層,一層 二層 三層 見其他登記事項
RPWOMLSJOHNFFAU08CA,24,163.45,見其他登記事項,鋼筋混凝土造,83年9月29日,四層,一層 二層 三層 四層 屋頂突出物
RPTNMLPKOHNFFAU47CA,37,95.00,住家用,鋼筋混凝土加強磚造,70年4月9日,二層,一層 二層
RPQNMLKLOHNFFAU76CA,23,25.56,住家用,鋼筋混凝土造,83年11月17日,五層,二層
RPQNMLKLOHNFFAU76CA,23,5.77,共有部份,鋼筋混凝土造,83年11月17日,五層,
RPRNMLKLOHNFFAU86CA,41,188.04,住商用,鋼筋混凝土造,66年9月19日,三層,一層 二層 三層 騎樓 地下層
RPTOMLOKOHNFFAU47CA,1,231.89,住家用,鋼筋混凝土造,106年2月3日,四層,一層 二層 三層 四層
RPSNMLLKOHNFFAU96CA,30,219.03,住家用,鋼筋混凝土造,77年4月14日,二層,一層 二層 屋頂突出物 見其他登記事項
RPVOMLOKOHNFFAU67CA,23,17.97,住家用,鋼筋混凝土造,83年11月15日,十二層,十二層
RPVOMLOKOHNFFAU67CA,23,5.58,共有部份,鋼筋混凝土造,83年11月15日,十二層,
RPVOMLOKOHNFFAU67CA,23,2.98,共有部份,鋼筋混凝土造,83年11月15日,十二層,
RPUOMLOKOHNFFAU57CA,44,97.32,住家用,鋼筋混凝土加強磚造,62年11月5日,二層,一層 二層
RPSNMLKMNHNFFAU96CA,32,113.17,住家用,鋼筋混凝土造,75年4月2日,五層,三層
RPSNMLKMNHNFFAU96CA,32,18.06,共有部份,鋼筋混凝土造,75年4月2日,五層,
RPSNMLKMNHNFFAU96CA,32,7.38,共有部份,鋼筋混凝土造,75年4月2日,五層,
RPWNMLRJOHNFFAU87CA,38,48.49,商業用,鋼筋混凝土加強磚造,69年2月11日,一層,一層 屋頂突出物 騎樓
RPQNMLSLNHNFFCU87EA,,108.00,住家用,鋼筋混凝土加強磚造,,二層,一層 二層 騎樓
RPQOMLSLNHNFFAU57CA,,60.52,見其他登記事項,鋼筋混凝土造,107年3月22日,五層,二層
RPQOMLSLNHNFFAU57CA,,18.62,共有部份,鋼筋混凝土造,107年3月22日,五層,
RPXNMLSLNHNFFAU18CA,24,136.73,住家用,鋼筋混凝土造,82年12月29日,三層,一層 二層 三層
RPVOMLPLNHNFFAU77CA,32,96.80,住家用,鋼筋混凝土造,75年7月30日,二層,一層 二層
RPPNMLLJOHNFFAU56CA,2,284.27,住家用,鋼筋混凝土造,105年8月24日,四層,一層 二層 三層 四層 屋頂突出物 見其他登記事項
RPQNMLKMNHNFFAU76CA,1,267.34,住家用,鋼筋混凝土造,106年5月22日,四層,一層 二層 三層 四層 見其他登記事項
RPWNMLLJOHNFFAU27CA,17,221.32,住商用,鋼筋混凝土造,90年5月17日,四層,一層 二層 三層 四層 騎樓
RPUNMLSLNHNFFAU87CA,33,230.62,住商用,鋼筋混凝土造,74年7月24日,三層,一層 二層 三層 屋頂突出物 騎樓 地下層
RPPOMLLLOHNFFAU86CA,39,47.06,住家用,鋼筋混凝土加強磚造,68年9月22日,一層,一層
RPROMLLKOHNFFAU96CA,37,83.79,住家用,鋼筋混凝土加強磚造,69年11月5日,二層,一層 二層
RPPNMLKMNHNFFBU76CA,34,91.21,住商用,鋼筋混凝土造,73年1月14日,四層,一層 二層 騎樓
RPPNMLKMNHNFFBU76CA,34,6.80,見其他登記事項,鋼筋混凝土造,73年1月14日,四層,
RPOPMLSJOHNFFAU37CA,2,196.83,住家用,鋼筋混凝土造,105年2月4日,四層,一層 二層 三層 四層
RPQNMLPJOHNFFAU07CA,26,29.60,住家用,鋼筋混凝土造,81年3月3日,五層,三層
RPQNMLPJOHNFFAU07CA,26,5.01,共有部份,鋼筋混凝土造,81年3月3日,五層,
RPUOMLTKOHNFFAU08CA,41,103.18,住家用,鋼筋混凝土加強磚造,65年10月23日,二層,一層 二層
RPRNMLSLNHNFFCU77CA,,290.09,住家用,鋼筋混凝土造,107年3月29日,四層,一層 二層 三層 四層
RPVNMLPLOHNFFAU77CA,3,231.06,住家用,鋼筋混凝土造,104年10月7日,四層,一層 二層 三層 四層
RPSNMLLMNHNFFAU07CA,,93.10,住商用,鋼筋混凝土加強磚造,,二層,一層 二層 騎樓
RPRNMLKMNHNFFCU07CA,,214.43,住家用,鋼筋混凝土造,107年3月27日,三層,一層 二層 三層 屋頂突出物
RPRNMLKMNHNFFAU86CA,24,22.99,住家用,鋼筋混凝土造,83年8月11日,八層,五層
RPRNMLKMNHNFFAU86CA,24,35.30,住家用,鋼筋混凝土造,83年8月11日,八層,五層
RPRNMLKMNHNFFAU86CA,24,27.51,共有部份,鋼筋混凝土造,83年8月11日,八層,
RPSNMLKMNHNFFCU17CA,27,125.31,住商用,鋼筋混凝土造,80年4月29日,二層,一層 二層 屋頂突出物 騎樓
RPPNMLLMNHNFFAU76CA,40,104.12,住商用,鋼筋混凝土加強磚造,66年11月16日,二層,一層 二層 騎樓
RPVNMLLJOHNFFAU17CA,,136.72,住家用,鋼筋混凝土造,107年1月3日,三層,一層 二層 三層 屋頂突出物
RPUNMLLMNHNFFCU47CA,,212.51,住家用,鋼筋混凝土造,107年3月27日,三層,一層 二層 三層 屋頂突出物
RPWOMLOKOHNFFAU77CA,21,59.13,住家用,鋼筋混凝土造,85年10月29日,十六層,八層
RPWOMLOKOHNFFAU77CA,21,10.93,共有部份,鋼筋混凝土造,85年10月29日,十六層,
RPWOMLOKOHNFFAU77CA,21,17.36,共有部份,鋼筋混凝土造,85年10月29日,十六層,
RPSOMLKMNHNFFAU17DA,22,54.82,住家用,鋼筋混凝土造,85年10月5日,五層,一層
RPSOMLKMNHNFFAU17DA,22,7.87,共有部份,鋼筋混凝土造,85年10月5日,五層,
RPPOMLSJOHNFFAU37CA,22,128.43,住家用,鋼筋混凝土造,85年10月2日,三層,一層 二層 三層
RPTNMLLMNHNFFAU37EA,39,126.28,住家用,鋼筋混凝土造,68年7月30日,二層,一層 二層
RPPPMLSJOHNFFAU47CA,22,72.04,住家用,鋼筋混凝土造,85年2月5日,十二層,一層
RPPPMLSJOHNFFAU47CA,22,9.27,共有部份,鋼筋混凝土造,85年2月5日,十二層,
RPPPMLSJOHNFFAU47CA,22,10.13,共有部份,鋼筋混凝土造,85年2月5日,十二層,
RPXNMLLJOHNFFAU37CA,,52.35,住家用,木造,,一層,一層
RPTOMLLMNHNFFAU27CA,22,77.44,住家用,鋼筋混凝土造,85年1月23日,七層,五層
RPTOMLLMNHNFFAU27CA,22,38.05,共有部份,鋼筋混凝土造,85年1月23日,七層,
RPOOMLRJOHNFFAU17CA,18,48.67,住家用,鋼筋混凝土造,88年12月29日,五層,四層
RPOOMLRJOHNFFAU17CA,18,14.15,共有部份,鋼筋混凝土造,88年12月29日,五層,
RPOOMLNJPHNFFAU07EA,7,14.03,見其他登記事項,鋼筋混凝土造,100年1月21日,十二層,
RPOOMLNJPHNFFAU07EA,7,108.27,見其他登記事項,鋼筋混凝土造,100年1月21日,十二層,十一層
RPOOMLNJPHNFFAU07EA,7,48.55,共有部份,鋼筋混凝土造,100年1月21日,十二層,
RPOOMLNJPHNFFAU07EA,7,.15,共有部份,鋼筋混凝土造,100年1月21日,十二層,
RPOOMLMKOHNFFAU76CA,23,75.10,住家用,鋼筋混凝土造,83年11月15日,十二層,八層
RPOOMLMKOHNFFAU76CA,23,6.40,共有部份,鋼筋混凝土造,83年11月15日,十二層,
RPOOMLMKOHNFFAU76CA,23,3.38,共有部份,鋼筋混凝土造,83年11月15日,十二層,
RPXOMLTKOHNFFAU38CA,23,48.33,住家用,鋼筋混凝土造,83年11月17日,五層,四層
RPXOMLTKOHNFFAU38CA,23,10.81,共有部份,鋼筋混凝土造,83年11月17日,五層,
RPQOMLOKOHNFFAU17CA,1,283.25,住家用,鋼筋混凝土造,106年8月22日,四層,一層 二層 三層 四層
RPQNMLLJOHNFFAU66CA,22,55.22,住家用,鋼筋混凝土造,85年7月26日,五層,五層
RPQNMLLJOHNFFAU66CA,22,9.34,共有部份,鋼筋混凝土造,85年7月26日,五層,
RPSNMLTKOHNFFAU77CA,,26.34,見其他登記事項,鋼筋混凝土造,107年3月22日,五層,三層
RPSNMLTKOHNFFAU77CA,,18.62,共有部份,鋼筋混凝土造,107年3月22日,五層,
RPRNMLLJOHNFFBU07EA,32,120.12,住家用,鋼筋混凝土加強磚造,75年9月15日,二層,一層 二層
RPOOMLOJOHNFFAU86CA,25,102.43,住家用,鋼筋混凝土造,82年7月20日,八層,七層
RPOOMLOJOHNFFAU86CA,25,36.43,共有部份,鋼筋混凝土造,82年7月20日,八層,
RPSNMLLJOHNFFAU07EA,36,93.87,住家用,鋼筋混凝土造,70年11月24日,七層,一層
RPSNMLLJOHNFFAU07EA,36,19.61,共有部份,鋼筋混凝土造,70年11月24日,七層,
RPSNMLOJOHNFFAU17CA,24,33.56,住家用,鋼筋混凝土造,83年7月22日,五層,五層
RPSNMLOJOHNFFAU17CA,24,10.34,共有部份,鋼筋混凝土造,83年7月22日,五層,
RPUNMLOJOHNFFAU37CA,24,136.73,住家用,鋼筋混凝土造,82年10月29日,三層,一層 二層 三層
RPQNMLRJOHNFFAU27CA,5,282.02,農舍,鋼筋混凝土造,102年8月30日,四層,一層 二層 三層 四層
RPPNMLLKOHNFFAU66CA,20,203.58,住家用,鋼筋混凝土造,86年10月17日,四層,一層 二層 三層 四層
RPVNMLOJOHNFFAU47CA,,203.38,住家用,鋼筋混凝土造,106年10月12日,四層,一層 二層 三層 四層
