﻿編號,屋齡,建物移轉面積(平方公尺),主要用途,主要建材,建築完成日期,總層數,建物分層
The serial number,room age,building shifting area (square meter),the main use,main building materials,construction completes the date,total layer,building lamination
RPQNMLNLNHNFFBV17CA,,408.81,農舍,見其他登記事項,107年3月19日,三層,一層 二層 三層
RPSNMLSLNHNFFAV87DA,24,83.53,見其他登記事項,鋼筋混凝土造,83年5月16日,十三層,十層
RPSNMLSLNHNFFAV87DA,24,11.13,見其他登記事項,鋼筋混凝土造,83年5月16日,十三層,
RPSNMLSLNHNFFAV87DA,24,1.13,見其他登記事項,鋼筋混凝土造,83年5月16日,十三層,
RPSNMLSLNHNFFAV87DA,24,.75,見其他登記事項,鋼筋混凝土造,83年5月16日,十三層,
RPSNMLSLNHNFFAV87DA,24,.14,見其他登記事項,鋼筋混凝土造,83年5月16日,十三層,
RPSNMLSLNHNFFAV87DA,24,.53,見其他登記事項,鋼筋混凝土造,83年5月16日,十三層,
RPSNMLSLNHNFFAV87DA,24,.56,見其他登記事項,鋼筋混凝土造,83年5月16日,十三層,
RPSNMLSLNHNFFAV87DA,24,.14,見其他登記事項,鋼筋混凝土造,83年5月16日,十三層,
RPSNMLSLNHNFFAV87DA,24,.37,見其他登記事項,鋼筋混凝土造,83年5月16日,十三層,
RPSNMLSLNHNFFAV87DA,24,.30,見其他登記事項,鋼筋混凝土造,83年5月16日,十三層,
RPSNMLSLNHNFFAV87DA,24,.37,見其他登記事項,鋼筋混凝土造,83年5月16日,十三層,
RPSNMLSLNHNFFAV87DA,24,.30,見其他登記事項,鋼筋混凝土造,83年5月16日,十三層,
RPSNMLSLNHNFFAV87DA,24,.30,見其他登記事項,鋼筋混凝土造,83年5月16日,十三層,
RPSNMLSLNHNFFAV87DA,24,.37,見其他登記事項,鋼筋混凝土造,83年5月16日,十三層,
RPSNMLSLNHNFFAV87DA,24,.37,見其他登記事項,鋼筋混凝土造,83年5月16日,十三層,
RPSNMLSLNHNFFAV87DA,24,.30,見其他登記事項,鋼筋混凝土造,83年5月16日,十三層,
RPSNMLSLNHNFFAV87DA,24,.30,見其他登記事項,鋼筋混凝土造,83年5月16日,十三層,
RPSNMLSLNHNFFAV87DA,24,.37,見其他登記事項,鋼筋混凝土造,83年5月16日,十三層,
RPSNMLSLNHNFFAV87DA,24,.37,見其他登記事項,鋼筋混凝土造,83年5月16日,十三層,
RPSNMLSLNHNFFAV87DA,24,.30,見其他登記事項,鋼筋混凝土造,83年5月16日,十三層,
RPSNMLSLNHNFFAV87DA,24,.37,見其他登記事項,鋼筋混凝土造,83年5月16日,十三層,
RPSNMLSLNHNFFAV87DA,24,.30,見其他登記事項,鋼筋混凝土造,83年5月16日,十三層,
RPSNMLSLNHNFFAV87DA,24,.30,見其他登記事項,鋼筋混凝土造,83年5月16日,十三層,
RPSNMLSLNHNFFAV87DA,24,.37,見其他登記事項,鋼筋混凝土造,83年5月16日,十三層,
RPSNMLSLNHNFFAV87DA,24,.30,見其他登記事項,鋼筋混凝土造,83年5月16日,十三層,
RPSNMLSLNHNFFAV87DA,24,.37,見其他登記事項,鋼筋混凝土造,83年5月16日,十三層,
RPSNMLSLNHNFFAV87DA,24,.30,見其他登記事項,鋼筋混凝土造,83年5月16日,十三層,
RPSNMLSLNHNFFAV87DA,24,.37,見其他登記事項,鋼筋混凝土造,83年5月16日,十三層,
RPSNMLSLNHNFFAV87DA,24,.27,見其他登記事項,鋼筋混凝土造,83年5月16日,十三層,
RPSNMLSLNHNFFAV87DA,24,.27,見其他登記事項,鋼筋混凝土造,83年5月16日,十三層,
RPSNMLSLNHNFFAV87DA,24,.28,見其他登記事項,鋼筋混凝土造,83年5月16日,十三層,
RPSNMLSLNHNFFAV87DA,24,.34,見其他登記事項,鋼筋混凝土造,83年5月16日,十三層,
RPSNMLSLNHNFFAV87DA,24,.30,見其他登記事項,鋼筋混凝土造,83年5月16日,十三層,
RPOOMLTLNHNFFAV67DA,24,87.17,見其他登記事項,鋼筋混凝土造,83年4月19日,十四層,十四層
RPOOMLTLNHNFFAV67DA,24,24.52,見其他登記事項,鋼筋混凝土造,83年4月19日,十四層,
RPVOMLOLNHNFFAV87DA,33,14.32,住家用,加強磚造,74年9月11日,二層,
RPPNMLKMNHNFFBV96DA,11,134.40,住家用,見其他登記事項,96年5月4日,二層,一層 二層
RPQNMLOLNHNFFBV27CA,37,78.18,住家用,鋼筋混凝土加強磚造,70年7月14日,二層,一層 二層
RPRNMLNLNHNFFAV17CA,35,91.70,見其他登記事項,見其他登記事項,72年10月4日,四層,三層
RPRNMLNLNHNFFAV17CA,,4.54,見其他登記事項,鋼筋混凝土造,,四層,
RPSNMLPLNHNFFAV47CA,,123.30,住家用,加強磚造,,二層,一層 二層
RPTNMLKMNHNFFAV17CA,24,87.03,見其他登記事項,鋼筋混凝土造,83年4月19日,十四層,十三層
RPTNMLKMNHNFFAV17CA,24,28.98,見其他登記事項,鋼筋混凝土造,83年4月19日,十四層,
RPXNMLKMNHNFFAV57CA,1,200.02,見其他登記事項,見其他登記事項,106年7月24日,三層,一層 二層 三層 屋頂突出物
RPRNMLKMNHNFFAV96CA,12,449.04,住家用,見其他登記事項,95年8月15日,三層,一層 二層 三層
RPWOMLOLNHNFFAV87CA,36,153.62,住家用,加強磚造,71年2月21日,二層,一層 二層
RPSNMLTLNHNFFAV87CA,53,22.46,住商用,見其他登記事項,54年5月12日,三層,一層 二層 三層 騎樓
RPRNMLPLNHNFFAV37CA,46,93.28,住家用,見其他登記事項,61年4月4日,二層,一層 二層
RPUNMLNLNHNFFAV47CA,20,182.57,住家用,鋼筋混凝土造,87年5月26日,三層,一層 二層 三層
RPXOMLOLNHNFFAV97CA,,111.68,見其他登記事項,見其他登記事項,107年2月1日,三層,一層 二層 三層
RPXOMLOLNHNFFAV97CA,,111.68,見其他登記事項,見其他登記事項,107年2月1日,三層,一層 二層 三層
RPVNMLPLNHNFFAV77CA,23,198.08,住家用,鋼筋混凝土造,84年6月30日,四層,一層 二層 三層 四層
RPQNMLPLNHNFFAV27CA,1,235.17,見其他登記事項,見其他登記事項,106年3月24日,三層,一層 二層 三層 屋頂突出物
RPPNMLLLOHNFFCV17DA,22,29.25,住家用,鋼筋混凝土造,85年6月19日,一層,一層 屋頂突出物
RPTNMLSLNHNFFAV87CA,22,185.82,住家用,鋼筋混凝土造,85年1月13日,四層,一層 二層 三層 四層
RPWNMLTLNHNFFAV28CA,1,479.17,見其他登記事項,見其他登記事項,106年9月22日,三層,一層 二層 三層 屋頂突出物
RPQNMLKMNHNFFBV96CA,19,100.95,住家用,鋼筋混凝土造,87年12月17日,五層,三層
RPQNMLKMNHNFFBV96CA,19,47.05,共有部分,鋼筋混凝土造,87年12月17日,五層,
RPPOMLTLNHNFFAV67CA,41,37.38,住家用,見其他登記事項,66年6月12日,一層,一層
RPROMLTLNHNFFAV87CA,25,60.14,住家用,鋼筋混凝土造,82年5月19日,五層,二層
RPROMLTLNHNFFAV87CA,25,6.27,見其他登記事項,鋼筋混凝土造,82年5月19日,五層,
RPROMLTLNHNFFAV87CA,25,2.44,見其他登記事項,鋼筋混凝土造,82年5月19日,五層,
RPROMLTLNHNFFAV87CA,25,3.12,見其他登記事項,鋼筋混凝土造,82年5月19日,五層,
RPROMLTLNHNFFAV87CA,25,.52,見其他登記事項,鋼筋混凝土造,82年5月19日,五層,
RPQOMLKMNHNFFAV96CA,42,47.60,住家用,見其他登記事項,65年3月1日,一層,一層
RPQNMLPJOHNFFAV17CA,23,92.38,住家用,鋼筋混凝土造,84年1月14日,三層,一層 二層 三層
RPQNMLPJOHNFFAV17CA,23,92.38,住家用,鋼筋混凝土造,84年1月14日,三層,一層 二層 三層
RPSOMLTLNHNFFAV97CA,34,117.06,住家用,加強磚造,73年10月17日,二層,一層 二層
RPSNMLKMNHNFFAV17DA,,71.62,住商用,見其他登記事項,,二層,一層 二層
RPUNMLTLNHNFFAV08CA,1,479.16,見其他登記事項,見其他登記事項,106年9月22日,三層,一層 二層 三層 屋頂突出物
RPRNMLLMNHNFFAV07CA,11,200.49,住家用,見其他登記事項,96年2月14日,三層,一層 二層 三層
RPSNMLLMNHNFFAV17CA,42,80.47,住家用,見其他登記事項,65年8月2日,二層,一層 二層
RPPNMLQJOHNFFCV37CA,12,160.87,住家用,鋼筋混凝土造,95年7月21日,三層,一層 二層 三層 見其他登記事項
RPSNMLPJOHNFFAV37CA,41,82.02,住家用,鋼筋混凝土造,66年1月6日,二層,一層 二層 騎樓
RPQNMLTLNHNFFAV67CA,22,172.30,住家用,鋼筋混凝土造,85年1月13日,四層,一層 二層 三層 四層
RPPNMLLJOHNFFAV66CA,34,88.82,見其他登記事項,鋼筋混凝土造,72年10月19日,四層,三層
RPPNMLLJOHNFFAV66CA,,4.63,見其他登記事項,鋼筋混凝土造,,四層,
RPUNMLLJOHNFFAV17CA,37,243.49,住家用,見其他登記事項,70年6月16日,三層,一層 二層 三層 騎樓 地下層
RPPNMLLJOHNFFDV96CA,24,6.07,見其他登記事項,鋼筋混凝土造,83年9月30日,八層,
RPPNMLLJOHNFFDV96CA,24,31.54,見其他登記事項,鋼筋混凝土造,83年9月30日,八層,四層
RPPNMLPLOHNFFAV27CA,13,105.58,見其他登記事項,見其他登記事項,94年8月15日,一層,一層 騎樓
RPVNMLRLOHNFFAV08CA,5,304.13,住家用,見其他登記事項,102年8月22日,三層,一層 二層 三層
RPTNMLOJOHNFFAV37CA,,4.96,見其他登記事項,鋼筋混凝土造,,四層,
RPTNMLOJOHNFFAV37CA,35,87.10,見其他登記事項,鋼筋混凝土造,72年9月23日,四層,一層
RPPNMLOJOHNFFAV96CA,22,63.01,見其他登記事項,鋼筋混凝土造,85年6月21日,七層,七層
RPPNMLOJOHNFFAV96CA,22,7.68,見其他登記事項,鋼筋混凝土造,85年6月21日,七層,
RPPNMLOJOHNFFAV96CA,22,4.40,見其他登記事項,鋼筋混凝土造,85年6月21日,七層,
RPPNMLOJOHNFFAV96CA,22,4.47,見其他登記事項,鋼筋混凝土造,85年6月21日,七層,
RPPNMLOJOHNFFAV96CA,22,16.82,見其他登記事項,鋼筋混凝土造,85年6月21日,七層,
RPQNMLPLOHNFFAV37CA,3,204.82,住家用,見其他登記事項,104年5月4日,三層,一層 二層 三層
RPSNMLOJOHNFFAV27CA,38,88.20,住家用,加強磚造,69年2月2日,二層,一層 二層
RPPNMLPJOHNFFBV17CA,23,162.85,住商用,鋼筋混凝土造,84年8月22日,四層,一層 二層 三層 四層
RPQNMLPJOHNFFBV27CA,23,162.85,住商用,鋼筋混凝土造,84年8月22日,四層,一層 二層 三層 四層
SPPNMLPJOHNFFBV27CA,23,162.85,住商用,鋼筋混凝土造,84年8月22日,四層,一層 二層 三層 四層
