﻿鄉鎮市區,交易標的,土地區段位置/建物區段門牌,土地移轉總面積(平方公尺),都市土地使用分區,非都市土地使用分區,非都市土地使用編定,交易年月日,交易筆棟數,移轉層次,總樓層數,建物型態,主要用途,主要建材,建築完成年月,建物移轉總面積(平方公尺),建物現況格局-房,建物現況格局-廳,建物現況格局-衛,建物現況格局-隔間,有無管理組織,總價(元),單價(元/平方公尺),車位類別,車位移轉總面積(平方公尺),車位總價(元),備註,編號
The villages and towns urban district,transaction sign,land sector position/building sector house number plate,land shifting total area (square meter),the use zoning or compiles and checks,the non-metropolis land use district,non-metropolis land use,transaction year, month and day,transaction pen number,shifting level,total floor number,building state,main use,main building materials,construction to complete the years,building shifting total area,Building present situation pattern - room,building present situation pattern - hall,building present situation pattern - health,building present situation pattern - compartmented,Whether there is manages the organization,total price (Yuan),the unit price (a Yuan/square meter),the berth category,berth shifting total area (square meter),the berth total price (Yuan),the note,serial number
台東市,土地,豐源段781~810地號,5000.0,,特定農業區,農牧用地,1070312,土地1建物0車位0,,,其他,,,,0.0,0,0,0,有,無,6000000,1200,,0.0,0,,RPRNMLMLNHNFFAV07CA
台東市,土地,合江段271~300地號,5069.56,,風景區,農牧用地,1070509,土地3建物0車位0,,,其他,,,,0.0,0,0,0,有,無,1580000,312,,0.0,0,親友、員工或其他特殊關係間之交易。急買急賣。,RPVNMLMLNHNFFAV47CA
成功鎮,土地,忠智段661~690地號,156.34,住,,,1070504,土地1建物0車位0,,,其他,,,,0.0,0,0,0,有,無,1500000,9594,,0.0,0,1.含未辦保存建物2.親友間特殊買賣,RPPNMLNLNHNFFBV07CA
太麻里鄉,土地,荒野段181~210地號,228.53,,特定農業區,農牧用地,1070511,土地1建物0車位0,,,其他,,,,0.0,0,0,0,有,無,150000,656,,0.0,0,,RPQNMLTLNHNFFDV97CA
台東市,房地(土地+建物),臺東縣臺東市四維路三段59巷1~30號,14.64,住,,,1070503,土地1建物1車位0,十四層,十四層,住宅大樓(11層含以上有電梯),見其他登記事項,鋼筋混凝土造,0830419,111.69,2,2,2,有,無,3350000,29994,,0.0,0,,RPOOMLTLNHNFFAV67DA
成功鎮,房地(土地+建物),臺東縣成功鎮濱路301~330號,1444.72,,風景區,農牧用地,1070508,土地1建物1車位0,全,三層,透天厝,農舍,見其他登記事項,1070319,408.81,10,1,10,有,無,15000000,36692,,0.0,0,,RPQNMLNLNHNFFBV17CA
關山鎮,土地,水井段811~840地號,1290.86,,鄉村區,乙種建築用地,1061229,土地6建物0車位0,,,其他,,,,0.0,0,0,0,有,無,5821500,4510,,0.0,0,,RPPNMLPLNHNFFCV37CA
關山鎮,土地,豐泉段901~930地號,165.3,住,,,1070515,土地1建物0車位0,,,其他,,,,0.0,0,0,0,有,無,4500000,27223,,0.0,0,,RPQNMLLMNHNFFCV17CA
鹿野鄉,土地,鹿野段1141~1170地號,3880.0,,特定農業區,農牧用地,1070326,土地2建物0車位0,,,其他,,,,0.0,0,0,0,有,無,8300000,2139,,0.0,0,,RPQNMLTLNHNFFCV87CA
台東市,土地,合江段271~300地號,6759.42,,風景區,農牧用地,1070514,土地3建物0車位0,,,其他,,,,0.0,0,0,0,有,無,2144000,317,,0.0,0,親友、員工或其他特殊關係間之交易。,RPWNMLMLNHNFFAV57CA
卑南鄉,土地,下賓朗段691~720地號,7.17,,鄉村區,乙種建築用地,1070508,土地1建物0車位0,,,其他,,,,0.0,0,0,0,有,無,54000,7531,,0.0,0,,RPPNMLNLNHNFFAV96CA
卑南鄉,土地,利家段6631~6660地號,3200.0,,特定農業區,農牧用地,1070420,土地1建物0車位0,,,其他,,,,0.0,0,0,0,有,無,5300000,1656,,0.0,0,,RPSNMLMLNHNFFAV17CA
台東市,土地,中正段1051~1080地號,224.0,住,,,1070320,土地1建物0車位0,,,其他,,,,0.0,0,0,0,有,無,8200000,36607,,0.0,0,,RPTNMLMLNHNFFAV27CA
台東市,土地,建成段91~120地號,135.42,其他,,,1070507,土地2建物0車位0,,,其他,,,,0.0,0,0,0,有,無,3700000,27322,,0.0,0,,RPUNMLMLNHNFFAV37CA
台東市,房地(土地+建物),臺東縣臺東市更生北路405巷20弄1~30號,239.59,住,,,1070411,土地5建物1車位0,全,三層,透天厝,住家用,鋼筋混凝土造,0870526,182.57,0,0,3,無,無,6500000,35603,,0.0,0,,RPUNMLNLNHNFFAV47CA
台東市,土地,台東段2191~2220地號,307.0,住,,,1070331,土地1建物0車位0,,,其他,,,,0.0,0,0,0,有,無,14850000,48371,,0.0,0,,RPPNMLKMNHNFFAV76CA
台東市,土地,中清段151~180地號,1211.4,住,,,1070413,土地6建物0車位0,,,其他,,,,0.0,0,0,0,有,無,24017000,19826,,0.0,0,(包含)公共設施保留地之交易。,RPWNMLOLNHNFFAV77CA
台東市,房地(土地+建物),臺東縣臺東市中興路五段25巷1~30號,99.27,住,,,1070502,土地0建物1車位0,全,二層,透天厝,住家用,加強磚造,,123.3,3,2,3,有,無,1900000,15410,,0.0,0,,RPSNMLPLNHNFFAV47CA
卑南鄉,房地(土地+建物),臺東縣卑南鄉美濃村煙草間路1~30號,87.85,,特定農業區,甲種建築用地,1070423,土地1建物1車位0,全,四層,透天厝,住家用,鋼筋混凝土造,0840630,198.08,3,1,2,有,無,3750000,18932,,0.0,0,,RPVNMLPLNHNFFAV77CA
台東市,房地(土地+建物),臺東縣臺東市仁五街1~30號,45.6,住,,,1070429,土地1建物1車位0,三層,四層,公寓(5樓含以下無電梯),見其他登記事項,見其他登記事項,0721004,96.24000000000001,2,1,2,有,無,2900000,30133,,0.0,0,,RPRNMLNLNHNFFAV17CA
太麻里鄉,土地,北橋段481~510地號,110.6,住,,,1070506,土地1建物0車位0,,,其他,,,,0.0,0,0,0,有,無,2800000,25316,,0.0,0,,RPPNMLOLNHNFFDV37CA
大武鄉,土地,尚武段901~930地號,67.23,商,,,1070425,土地1建物0車位0,,,其他,,,,0.0,0,0,0,有,無,750000,11156,,0.0,0,,RPPNMLTLNHNFFDV87CA
池上鄉,土地,水墜段481~510地號,468.54,,特定農業區,農牧用地,1070428,土地1建物0車位0,,,其他,,,,0.0,0,0,0,有,無,850000,1814,,0.0,0,,RPPNMLLJOHNFFCV86CA
成功鎮,房地(土地+建物),臺東縣成功鎮富榮路31~60號,82.0,,風景區,丙種建築用地,1070411,土地1建物1車位0,全,二層,透天厝,住家用,鋼筋混凝土加強磚造,0700714,78.18,2,1,2,有,無,600000,7675,,0.0,0,,RPQNMLOLNHNFFBV27CA
東河鄉,房地(土地+建物),臺東縣東河鄉東河村19鄰北東河91~120號,375.22,住,,,1070423,土地1建物1車位0,全,二層,透天厝,住家用,見其他登記事項,0960504,134.4,4,1,2,有,無,1597792,11888,,0.0,0,,RPPNMLKMNHNFFBV96DA
台東市,房地(土地+建物),臺東縣臺東市仁昌街91~120號,12.91,商,,,1070502,土地1建物1車位0,十層,十三層,住宅大樓(11層含以上有電梯),見其他登記事項,鋼筋混凝土造,0830516,106.08,3,2,2,有,有,3750000,35351,,0.0,0,,RPSNMLSLNHNFFAV87DA
卑南鄉,房地(土地+建物),臺東縣卑南鄉利民路187巷1~30號,69.35,,鄉村區,乙種建築用地,1070430,土地1建物1車位0,全,二層,透天厝,住家用,加強磚造,0740911,14.32,6,1,2,有,無,200000,13966,,0.0,0,,RPVOMLOLNHNFFAV87DA
台東市,土地,光明段301~330地號,2.24,其他,,,1070503,土地1建物0車位0,,,其他,,,,0.0,0,0,0,有,無,5134,2292,,0.0,0,協議價購,RPQNMLSLNHNFFAV67DA
台東市,土地,光明段301~330地號,2.89,其他,,,1070503,土地1建物0車位0,,,其他,,,,0.0,0,0,0,有,無,7284,2520,,0.0,0,協議價購,SPQNMLSLNHNFFAV77DA
台東市,土地,光明段301~330地號,3.89,其他,,,1070503,土地1建物0車位0,,,其他,,,,0.0,0,0,0,有,無,9799,2519,,0.0,0,協議價購,TPQNMLSLNHNFFAV87DA
台東市,土地,光明段301~330地號,6.03,其他,,,1070503,土地1建物0車位0,,,其他,,,,0.0,0,0,0,有,無,15188,2519,,0.0,0,協議價購,UPQNMLSLNHNFFAV97DA
台東市,土地,光明段301~330地號,27.86,其他,,,1070503,土地1建物0車位0,,,其他,,,,0.0,0,0,0,有,無,70206,2520,,0.0,0,協議價購,VPQNMLSLNHNFFAV08DA
延平鄉,房地(土地+建物),臺東縣延平鄉桃源村6鄰昇平路91~120號,75.5,,鄉村區,乙種建築用地,1070424,土地1建物1車位0,全,一層,透天厝,住家用,鋼筋混凝土造,0850619,29.25,3,2,1,有,無,127500,4359,,0.0,0,,RPPNMLLLOHNFFCV17DA
長濱鄉,土地,田組段121~150地號,207.56,,鄉村區,乙種建築用地,1070515,土地2建物0車位0,,,其他,,,,0.0,0,0,0,有,無,850000,4095,,0.0,0,,RPRNMLOLNHNFFBV37CA
關山鎮,房地(土地+建物),臺東縣關山鎮民族路181~210號,73.27,住,,,1070417,土地1建物1車位0,全,三層,透天厝,住家用,鋼筋混凝土造,0950721,160.87,4,2,3,有,無,5300000,32946,,0.0,0,,RPPNMLQJOHNFFCV37CA
台東市,房地(土地+建物),臺東縣臺東市正氣北路76巷1~30號,80.0,住,,,1070424,土地1建物1車位0,全,二層,透天厝,住家用,見其他登記事項,0610404,93.28,3,2,1,有,無,3900000,41810,,0.0,0,,RPRNMLPLNHNFFAV37CA
卑南鄉,房地(土地+建物),臺東縣卑南鄉賓朗路133巷1~30號,183.77,,一般農業區,甲種建築用地,1070507,土地3建物1車位0,全,二層,透天厝,住家用,加強磚造,0710221,153.62,4,1,3,有,無,2500000,16274,,0.0,0,,RPWOMLOLNHNFFAV87CA
台東市,房地(土地+建物),臺東縣臺東市綏遠路二段131巷1~30號,137.45,住,,,1070504,土地1建物1車位0,全,三層,透天厝,見其他登記事項,見其他登記事項,1070201,223.35,4,2,4,有,無,8700000,38952,,0.0,0,,RPXOMLOLNHNFFAV97CA
台東市,土地,建本段1081~1110地號,3153.49,農,,,1070511,土地1建物0車位0,,,其他,,,,0.0,0,0,0,有,無,3000000,951,,0.0,0,,RPPNMLTLNHNFFAV57CA
台東市,房地(土地+建物),臺東縣臺東市四維路三段59巷1~30號,15.13,住,,,1070502,土地1建物1車位0,十三層,十四層,住宅大樓(11層含以上有電梯),見其他登記事項,鋼筋混凝土造,0830419,116.01,3,1,2,有,無,3850000,33187,,0.0,0,,RPTNMLKMNHNFFAV17CA
台東市,房地(土地+建物),臺東縣臺東市更生北路653巷31~60號,98.1,住,,,1070331,土地1建物1車位0,全,三層,透天厝,見其他登記事項,見其他登記事項,1060724,200.02,3,2,2,有,無,8300000,41496,,0.0,0,,RPXNMLKMNHNFFAV57CA
台東市,土地,梧州段541~570地號,180.66,住,,,1070322,土地1建物0車位0,,,其他,,,,0.0,0,0,0,有,無,4500000,24909,,0.0,0,,RPWNMLKMNHNFFAV47CA
台東市,房地(土地+建物),臺東縣臺東市蘭州街121~150號,232.18,住,,,1070420,土地2建物1車位0,全,三層,透天厝,住家用,見其他登記事項,0950815,449.04,8,2,7,有,無,19000000,42312,,0.0,0,,RPRNMLKMNHNFFAV96CA
台東市,房地(土地+建物),臺東縣臺東市安慶街31~60號,8.7,商,,,1070507,土地1建物1車位0,全,三層,透天厝,住商用,見其他登記事項,0540512,22.46,3,2,2,有,無,1283700,57155,,0.0,0,,RPSNMLTLNHNFFAV87CA
台東市,房地(土地+建物),臺東縣臺東市文山路121~150號,118.17,住,,,1070313,土地4建物1車位0,全,三層,透天厝,見其他登記事項,見其他登記事項,1060324,235.17,5,2,5,有,無,11300000,48050,,0.0,0,,RPQNMLPLNHNFFAV27CA
台東市,土地,石壁段1051~1080地號,3017.81,農,,,1070320,土地4建物0車位0,,,其他,,,,0.0,0,0,0,有,無,7800000,2585,,0.0,0,,RPPNMLQLNHNFFAV27CA
台東市,土地,台東段1471~1500地號,6.0,住,,,1070508,土地1建物0車位0,,,其他,,,,0.0,0,0,0,有,無,302352,50392,,0.0,0,,RPRNMLSLNHNFFAV67CA
台東市,房地(土地+建物),臺東縣臺東市蘭州街9巷1~30號,182.12,住,,,1070504,土地2建物1車位0,全,四層,透天厝,住家用,鋼筋混凝土造,0850113,185.82,4,2,3,有,無,7500000,40362,,0.0,0,,RPTNMLSLNHNFFAV87CA
卑南鄉,房地(土地+建物),臺東縣卑南鄉賓朗路537巷2弄1~30號,120.75,,鄉村區,乙種建築用地,1070511,土地2建物1車位0,全,三層,透天厝,住家用,鋼筋混凝土造,0840114,184.76,4,2,3,有,無,4680000,25330,,0.0,0,,RPQNMLPJOHNFFAV17CA
關山鎮,土地,水井段781~810地號,731.62,,鄉村區,乙種建築用地,1070511,土地3建物0車位0,,,其他,,,,0.0,0,0,0,有,無,7737730,10576,,0.0,0,,RPQNMLSLNHNFFCV77CA
關山鎮,土地,水井段781~810地號,74.91,,鄉村區,乙種建築用地,1070511,土地1建物0車位0,,,其他,,,,0.0,0,0,0,有,無,792270,10576,,0.0,0,,RPRNMLSLNHNFFCV87CA
鹿野鄉,土地,鹿寮段121~150地號,5648.46,,山坡地保育區,農牧用地,1070410,土地2建物0車位0,,,其他,,,,0.0,0,0,0,有,無,4400000,779,,0.0,0,,RPPNMLRJOHNFFCV47CA
海端鄉,土地,加拿段361~390地號,9305.0,,山坡地保育區,農牧用地,1070419,土地10建物0車位0,,,其他,,,,0.0,0,0,0,有,無,1500000,161,,0.0,0,,RPQNMLMKOHNFFCV17CA
鹿野鄉,土地,中華段571~600地號,120.76,住,,,1070525,土地1建物0車位0,,,其他,,,,0.0,0,0,0,有,無,631144,5226,,0.0,0,,RPPNMLKMNHNFFCV96CA
綠島鄉,土地,新中寮段691~720地號,206.93,住,,,1070501,土地4建物0車位0,,,其他,,,,0.0,0,0,0,有,無,3500000,16914,,0.0,0,建物未辨保存登記,RPTNMLLMNHNFFAV27CA
成功鎮,房地(土地+建物),臺東縣成功鎮三民路1~30號,53.63,住,,,1070510,土地1建物1車位0,三層,五層,公寓(5樓含以下無電梯),住家用,鋼筋混凝土造,0871217,148.0,3,1,1,有,無,1800000,12162,,0.0,0,,RPQNMLKMNHNFFBV96CA
長濱鄉,土地,八仙洞段1231~1260地號,141.31,,鄉村區,乙種建築用地,1070516,土地1建物0車位0,,,其他,,,,0.0,0,0,0,有,無,950000,6723,,0.0,0,,RPPNMLOJOHNFFBV07CA
台東市,房地(土地+建物),臺東縣臺東市豐榮路145巷61~90號,282.74,住,,,1070514,土地1建物1車位0,全,三層,透天厝,見其他登記事項,見其他登記事項,1060922,479.16,11,1,11,有,無,18500000,38609,,0.0,0,,RPUNMLTLNHNFFAV08CA
台東市,房地(土地+建物),臺東縣臺東市豐榮路145巷61~90號,248.86,住,,,1070514,土地1建物1車位0,全,三層,透天厝,見其他登記事項,見其他登記事項,1060922,479.17,11,1,11,有,無,18500000,38608,,0.0,0,,RPWNMLTLNHNFFAV28CA
台東市,房地(土地+建物),臺東縣臺東市蘭州街85巷1~30號,83.08,住,,,1070419,土地2建物1車位0,全,四層,透天厝,住家用,鋼筋混凝土造,0850113,172.3,3,2,4,有,無,5780000,33546,,0.0,0,,RPQNMLTLNHNFFAV67CA
台東市,房地(土地+建物),臺東縣臺東市中興路四段763巷40弄1~30號,46.51,住,,,1070515,土地1建物1車位0,全,一層,透天厝,住家用,見其他登記事項,0660612,37.38,1,1,1,有,無,2000000,53505,,0.0,0,,RPPOMLTLNHNFFAV67CA
台東市,土地,建成段241~270地號,188.87,住,,,1070505,土地1建物0車位0,,,其他,,,,0.0,0,0,0,有,無,3380000,17896,,0.0,0,,RPQOMLTLNHNFFAV77CA
台東市,房地(土地+建物),臺東縣臺東市民生里徐州街301~330號,30.33,住,,,1070514,土地1建物1車位0,二層,五層,公寓(5樓含以下無電梯),住家用,鋼筋混凝土造,0820519,72.49,2,2,1,有,無,2350000,32418,,0.0,0,,RPROMLTLNHNFFAV87CA
台東市,房地(土地+建物),臺東縣臺東市中華里四維路一段558巷25弄1~30號,102.0,住,,,1070425,土地1建物1車位0,全,二層,透天厝,住家用,加強磚造,0731017,117.06,5,1,5,有,無,4850000,41432,,0.0,0,,RPSOMLTLNHNFFAV97CA
台東市,房地(土地+建物),臺東縣臺東市中興路三段579巷106弄1~30號,73.57,住,,,1070505,土地1建物1車位0,全,一層,透天厝,住家用,見其他登記事項,0650301,47.6,2,1,1,有,無,1350000,28361,,0.0,0,,RPQOMLKMNHNFFAV96CA
台東市,土地,東農段691~720地號,3094.0,,特定農業區,農牧用地,1070514,土地1建物0車位0,,,其他,,,,0.0,0,0,0,有,無,3000000,970,,0.0,0,,RPROMLKMNHNFFAV07CA
台東市,土地,東農段691~720地號,3094.0,,特定農業區,農牧用地,1070514,土地1建物0車位0,,,其他,,,,0.0,0,0,0,有,無,3300000,1067,,0.0,0,,RPSOMLKMNHNFFAV17CA
台東市,土地,岩灣段31~60地號,302.74,住,,,1070423,土地2建物0車位0,,,其他,,,,0.0,0,0,0,有,無,7690000,25401,,0.0,0,,RPVNMLLJOHNFFAV27CA
台東市,土地,永豐段541~570地號,130.53,其他,,,1070426,土地1建物0車位0,,,其他,,,,0.0,0,0,0,有,無,1696890,13000,,0.0,0,,RPXNMLKLOHNFFAV57CA
台東市,房地(土地+建物),臺東縣臺東市正氣路361~390號,71.0,住,,,1070321,土地1建物1車位0,全,二層,透天厝,住家用,鋼筋混凝土造,0660106,82.02,0,0,0,無,無,4497100,54829,,0.0,0,,RPSNMLPJOHNFFAV37CA
台東市,房地(土地+建物),臺東縣臺東市仁三街91~120號,34.29,住,,,1070504,土地1建物1車位0,一層,四層,公寓(5樓含以下無電梯),見其他登記事項,鋼筋混凝土造,0720923,92.05999999999999,3,2,1,有,無,3000000,32587,,0.0,0,,RPTNMLOJOHNFFAV37CA
鹿野鄉,土地,坪頂段481~510地號,5049.87,,山坡地保育區,農牧用地,1070501,土地1建物0車位0,,,其他,,,,0.0,0,0,0,有,無,6300000,1248,,0.0,0,,RPRNMLTLNHNFFCV08DA
台東市,房地(土地+建物),臺東縣臺東市中正里11鄰中正路181~210號,66.0,住,,,1070514,土地1建物1車位0,全,二層,透天厝,住商用,見其他登記事項,,71.62,2,3,3,有,無,5200000,72605,,0.0,0,,RPSNMLKMNHNFFAV17DA
台東市,房地(土地+建物),臺東縣臺東市樂利路61~90號,223.8,住,,,1070423,土地1建物1車位0,全,三層,透天厝,住家用,見其他登記事項,1020822,304.13,10,2,10,有,無,14500000,47677,,0.0,0,,RPVNMLRLOHNFFAV08CA
金fa4b鄉,土地,介達段151~180地號,2500.0,,山坡地保育區,農牧用地,1070518,土地1建物0車位0,,,其他,,,,0.0,0,0,0,有,無,250000,100,,0.0,0,,RPPNMLNJOHNFFDV17CA
卑南鄉,土地,利吉段481~510地號,4822.24,,山坡地保育區,農牧用地,1070322,土地2建物0車位0,,,其他,,,,0.0,0,0,0,有,無,10000000,2074,,0.0,0,,RPXNMLTKOHNFFAV38CA
台東市,房地(土地+建物),臺東縣臺東市更生路631~660號,189.0,住,,,1070507,土地1建物1車位0,全,一層,透天厝,見其他登記事項,見其他登記事項,0940815,105.58,3,2,2,有,無,12570000,119057,,0.0,0,,RPPNMLPLOHNFFAV27CA
台東市,房地(土地+建物),臺東縣臺東市更生北路82巷31~60號,128.91,住,,,1070402,土地1建物1車位0,全,三層,透天厝,住家用,見其他登記事項,0960214,200.49,4,2,4,有,無,8450000,42147,,0.0,0,,RPRNMLLMNHNFFAV07CA
台東市,房地(土地+建物),臺東縣臺東市中興路一段618巷5弄1~30號,71.0,住,,,1070419,土地1建物1車位0,全,二層,透天厝,住家用,見其他登記事項,0650802,80.47,0,1,2,有,無,3000000,37281,,0.0,0,,RPSNMLLMNHNFFAV17CA
成功鎮,房地(土地+建物),臺東縣成功鎮公民路1~30號,73.86,住,,,1070512,土地2建物1車位0,全,四層,透天厝,住商用,鋼筋混凝土造,0840822,162.85,7,1,3,有,無,3033500,18628,,0.0,0,,RPPNMLPJOHNFFBV17CA
成功鎮,房地(土地+建物),臺東縣成功鎮公民路1~30號,72.55,住,,,1070512,土地2建物1車位0,全,四層,透天厝,住商用,鋼筋混凝土造,0840822,162.85,7,1,3,有,無,3033500,18628,,0.0,0,,SPPNMLPJOHNFFBV27CA
成功鎮,房地(土地+建物),臺東縣成功鎮公民路1~30號,74.62,住,,,1070512,土地1建物1車位0,全,四層,透天厝,住商用,鋼筋混凝土造,0840822,162.85,7,1,3,有,無,3033000,18625,,0.0,0,,RPQNMLPJOHNFFBV27CA
台東市,土地,永和段361~390地號,191.06,其他,,,1070409,土地1建物0車位0,,,其他,,,,0.0,0,0,0,有,無,1350000,7066,,0.0,0,,RPPOMLKMNHNFFAV86CA
台東市,土地,豐利段121~150地號,912.25,住,,,1070525,土地4建物0車位0,,,其他,,,,0.0,0,0,0,有,無,12418200,13613,,0.0,0,,RPQNMLLMNHNFFAV96CA
台東市,房地(土地+建物)+車位,臺東縣臺東市新展街23巷2弄1~30號,16.64,住,,,1070418,土地1建物1車位1,七層,七層,華廈(10層含以下有電梯),見其他登記事項,鋼筋混凝土造,0850621,96.39,2,2,2,有,無,3200000,33198,升降機械,0.0,0,,RPPNMLOJOHNFFAV96CA
台東市,房地(土地+建物),臺東縣臺東市臨海路一段66巷1~30號,99.0,住,,,1070513,土地1建物1車位0,全,二層,透天厝,住家用,加強磚造,0690202,88.2,4,2,2,有,無,4350000,49320,,0.0,0,,RPSNMLOJOHNFFAV27CA
台東市,房地(土地+建物),臺東縣臺東市仁八街91~120號,39.38,住,,,1070122,土地1建物1車位0,三層,四層,公寓(5樓含以下無電梯),見其他登記事項,鋼筋混凝土造,0721019,93.44999999999999,3,2,2,有,無,3700000,39593,,0.0,0,,RPPNMLLJOHNFFAV66CA
台東市,土地,石壁段1201~1230地號,653.4,農,,,1070209,土地1建物0車位0,,,其他,,,,0.0,0,0,0,有,無,950000,1454,,0.0,0,,RPRNMLLJOHNFFAV86CA
台東市,房地(土地+建物),臺東縣臺東市正氣路451~480號,112.0,住,,,1070511,土地1建物1車位0,全,三層,透天厝,住家用,見其他登記事項,0700616,243.49,4,2,3,有,無,17500000,71872,,0.0,0,,RPUNMLLJOHNFFAV17CA
台東市,房地(土地+建物),臺東縣臺東市常德路151~180號,119.54,住,,,1070420,土地2建物1車位0,全,三層,透天厝,住家用,見其他登記事項,1040504,204.82,3,2,2,有,無,11180000,54585,,0.0,0,,RPQNMLPLOHNFFAV37CA
太麻里鄉,房地(土地+建物),臺東縣卑南鄉龍泉路53巷1~30號,8.08,商,,,1070522,土地2建物1車位0,四層,八層,套房(1房1廳1衛),見其他登記事項,鋼筋混凝土造,0830930,37.61,0,0,1,無,無,585000,15554,,0.0,0,,RPPNMLLJOHNFFDV96CA
成功鎮,土地,仙民段601~630地號,63.16,,風景區,農牧用地,1070508,土地1建物0車位0,,,其他,,,,0.0,0,0,0,有,無,13500,214,,0.0,0,,RPRNMLQJOHNFFBV57DA
